epoch,batch,global_step,d_loss,d_acc,g_loss,g_adv,g_recon,g_id
0,0,0,2.9348726,287.74585,18.907091,1.2957759,0.6612698,0.6612698
0,1,1,2.1684742,208.26251,17.564,1.0788981,0.6305299,0.6305299
0,2,2,1.7831826,174.3616,16.571096,1.0919855,0.61175346,0.61175346
0,3,3,1.5634669,159.03221,15.560375,1.0797801,0.58447456,0.58447456
0,4,4,1.3757496,142.54369,14.888924,1.0177667,0.5636459,0.5636459
0,5,5,1.2289741,126.574936,14.398848,0.96818924,0.5454035,0.5454035
0,6,6,1.1339339,114.33237,13.995975,0.9243256,0.52860665,0.52860665
0,7,7,1.046496,105.2686,13.631803,0.867541,0.5118747,0.5118747
0,8,8,0.98009455,97.49735,13.272225,0.826163,0.50033027,0.50033027
0,9,9,0.93947953,92.000984,12.981409,0.791784,0.48964116,0.48964116
0,10,10,0.891268,86.95256,12.776998,0.76751995,0.48182115,0.48182115
0,11,11,0.8556611,83.460106,12.515559,0.73748565,0.47335023,0.47335023
0,12,12,0.8223423,80.324646,12.335505,0.7240521,0.46730402,0.46730402
0,13,13,0.79456884,78.01819,12.124467,0.7087032,0.4591538,0.4591538
0,14,14,0.7732817,76.067245,11.974749,0.69975114,0.4520878,0.4520878
0,15,15,0.7479833,73.51042,11.815845,0.68216985,0.44638222,0.44638222
0,16,16,0.73065543,71.4585,11.67607,0.67484134,0.44078326,0.44078326
0,17,17,0.7108902,69.49302,11.5817995,0.66400474,0.4373482,0.4373482
0,18,18,0.69799817,68.61307,11.458337,0.65042245,0.43067822,0.43067822
0,19,19,0.6849836,67.39587,11.355328,0.6494457,0.42568967,0.42568967
0,20,20,0.6726354,65.92654,11.229549,0.6384584,0.41993514,0.41993514
0,21,21,0.6586503,64.51605,11.12908,0.6271051,0.4147688,0.4147688
0,22,22,0.6443932,62.897015,11.036895,0.62172216,0.40923533,0.40923533
0,23,23,0.6363816,62.113728,10.93125,0.6108711,0.40470403,0.40470403
0,24,24,0.6248194,60.821007,10.829891,0.6003398,0.40081638,0.40081638
0,25,25,0.6146378,59.858643,10.737391,0.59263074,0.39702237,0.39702237
0,26,26,0.6046351,58.9275,10.639544,0.58623564,0.3921415,0.3921415
0,27,27,0.597144,57.985516,10.587017,0.57970744,0.38945955,0.38945955
0,28,28,0.5915706,57.52526,10.497794,0.5725488,0.38585734,0.38585734
0,29,29,0.58552945,56.973934,10.4260435,0.5618195,0.38354346,0.38354346
0,30,30,0.5805272,56.522285,10.354129,0.56028545,0.38052562,0.38052562
0,31,31,0.5746543,55.84495,10.28767,0.558777,0.37790763,0.37790763
0,32,32,0.5681716,55.294342,10.202123,0.55701995,0.37470564,0.37470564
0,33,33,0.5632211,54.864166,10.122618,0.55222315,0.37123227,0.37123227
0,34,34,0.5584871,54.48935,10.063059,0.5520328,0.3688043,0.3688043
0,35,35,0.5529393,54.002823,10.030678,0.5531123,0.3670903,0.3670903
0,36,36,0.5477811,53.42291,9.984179,0.5491018,0.3642595,0.3642595
0,37,37,0.54348457,52.887188,9.926164,0.54672194,0.3616022,0.3616022
0,38,38,0.53887916,52.404774,9.874422,0.5439796,0.3593124,0.3593124
0,39,39,0.5349512,52.010345,9.81523,0.53740394,0.35690385,0.35690385
0,40,40,0.5328567,51.755352,9.763432,0.53725964,0.35451058,0.35451058
0,41,41,0.52846426,51.28391,9.709954,0.5336343,0.35254472,0.35254472
0,42,42,0.5254253,51.016235,9.668866,0.52877367,0.3509416,0.3509416
0,43,43,0.52192485,50.819443,9.620806,0.528738,0.34869698,0.34869698
0,44,44,0.51821923,50.52616,9.57835,0.5264496,0.347263,0.347263
0,45,45,0.5153847,50.287575,9.52249,0.52371794,0.34472147,0.34472147
0,46,46,0.5113055,49.908684,9.472559,0.519033,0.34270674,0.34270674
0,47,47,0.5076424,49.551712,9.426322,0.51817405,0.34081352,0.34081352
0,48,48,0.5042453,49.188225,9.381053,0.5126762,0.33872518,0.33872518
0,49,49,0.5004071,48.79766,9.334261,0.5091171,0.33693585,0.33693585
0,50,50,0.49700236,48.394222,9.296495,0.5058846,0.33548397,0.33548397
0,51,51,0.49383023,48.134846,9.262657,0.5044734,0.3335639,0.3335639
0,52,52,0.49142465,47.85208,9.237056,0.5044486,0.33235583,0.33235583
0,53,53,0.48852518,47.51267,9.207693,0.50506574,0.33114332,0.33114332
0,54,54,0.4855342,47.255875,9.167737,0.50191706,0.3294242,0.3294242
0,55,55,0.4824447,46.971428,9.125519,0.49942768,0.32828042,0.32828042
0,56,56,0.4787132,46.59724,9.097401,0.4982789,0.32740396,0.32740396
0,57,57,0.4754397,46.313023,9.063279,0.4948516,0.32567325,0.32567325
0,58,58,0.47216624,46.059536,9.020017,0.49225286,0.32406235,0.32406235
0,59,59,0.4700785,45.907616,8.993785,0.49420553,0.3225513,0.3225513
0,60,60,0.467013,45.628765,8.966514,0.49442655,0.32181898,0.32181898
0,61,61,0.4641794,45.331238,8.933482,0.49175385,0.32021943,0.32021943
1,0,62,0.46110308,45.005608,8.9026375,0.48900035,0.31926495,0.31926495
1,1,63,0.4576444,44.649815,8.867441,0.4846094,0.31781602,0.31781602
1,2,64,0.45460993,44.349133,8.844298,0.48189968,0.31692553,0.31692553
1,3,65,0.45175847,44.11013,8.816731,0.48042017,0.31593525,0.31593525
1,4,66,0.44883865,43.781643,8.795397,0.4784767,0.3152984,0.3152984
1,5,67,0.44600335,43.506477,8.770989,0.4740907,0.31425467,0.31425467
1,6,68,0.4427008,43.204826,8.739325,0.4726166,0.3132433,0.3132433
1,7,69,0.4397636,42.9316,8.709417,0.47105393,0.3118691,0.3118691
1,8,70,0.4371914,42.69762,8.690791,0.4713456,0.31092948,0.31092948
1,9,71,0.43467546,42.47677,8.665284,0.46904245,0.3101125,0.3101125
1,10,72,0.43246174,42.31211,8.638698,0.47111186,0.30872604,0.30872604
1,11,73,0.42986482,42.070076,8.612138,0.46921894,0.3080299,0.3080299
1,12,74,0.4275564,41.85402,8.594442,0.46842527,0.3069087,0.3069087
1,13,75,0.4248823,41.58666,8.583003,0.46836594,0.30647653,0.30647653
1,14,76,0.42289174,41.410778,8.566791,0.4669286,0.30570388,0.30570388
1,15,77,0.42059058,41.212513,8.535109,0.4627259,0.3046259,0.3046259
1,16,78,0.41784334,40.989235,8.511697,0.4627313,0.3034636,0.3034636
1,17,79,0.4157919,40.79062,8.495101,0.46364212,0.3026379,0.3026379
1,18,80,0.41340506,40.53897,8.46807,0.46186772,0.3017329,0.3017329
1,19,81,0.4112866,40.377743,8.453231,0.46244395,0.30105183,0.30105183
1,20,82,0.4095414,40.218513,8.438771,0.4617045,0.3003004,0.3003004
1,21,83,0.40733808,40.00544,8.422354,0.4607768,0.29964575,0.29964575
1,22,84,0.40537387,39.81584,8.403203,0.45868307,0.29884487,0.29884487
1,23,85,0.40393394,39.671314,8.375307,0.45674857,0.2977523,0.2977523
1,24,86,0.40205473,39.498253,8.358355,0.4555997,0.29658642,0.29658642
1,25,87,0.40033755,39.33096,8.347829,0.45583987,0.29597154,0.29597154
1,26,88,0.39785862,39.109234,8.328507,0.455344,0.29516664,0.29516664
1,27,89,0.39547968,38.898396,8.305388,0.45371756,0.29443726,0.29443726
1,28,90,0.3938424,38.75845,8.281336,0.45353615,0.29333863,0.29333863
1,29,91,0.39144707,38.53367,8.272007,0.45147723,0.29280123,0.29280123
1,30,92,0.3895151,38.35013,8.260784,0.45024967,0.29223606,0.29223606
1,31,93,0.3875065,38.174267,8.249861,0.45252678,0.2915826,0.2915826
1,32,94,0.3857482,38.003723,8.235135,0.45223394,0.29107147,0.29107147
1,33,95,0.38427252,37.872444,8.221701,0.451789,0.2904577,0.2904577
1,34,96,0.38296762,37.76783,8.206332,0.45030662,0.28985593,0.28985593
1,35,97,0.38164786,37.64285,8.184176,0.45010656,0.28898835,0.28898835
1,36,98,0.38014424,37.47723,8.167317,0.44980252,0.28820285,0.28820285
1,37,99,0.37894255,37.36544,8.161646,0.4500984,0.28779376,0.28779376
1,38,100,0.37735304,37.208046,8.151667,0.449225,0.28729954,0.28729954
1,39,101,0.37585866,37.085217,8.136532,0.44967106,0.2867546,0.2867546
1,40,102,0.37417275,36.891495,8.126585,0.44822675,0.28620905,0.28620905
1,41,103,0.3729201,36.78036,8.109152,0.4463763,0.28546396,0.28546396
1,42,104,0.37195623,36.711292,8.097017,0.44663417,0.28513667,0.28513667
1,43,105,0.37075227,36.61457,8.081051,0.4456636,0.2845357,0.2845357
1,44,106,0.36932874,36.4467,8.069109,0.44688538,0.28404137,0.28404137
1,45,107,0.36779124,36.322254,8.060376,0.44650307,0.28358614,0.28358614
1,46,108,0.36660868,36.185795,8.042795,0.4468519,0.28293693,0.28293693
1,47,109,0.365253,36.04497,8.029429,0.44524047,0.2825386,0.2825386
1,48,110,0.36373246,35.867836,8.013182,0.44494188,0.28186113,0.28186113
1,49,111,0.36225653,35.71419,7.9994087,0.44376716,0.28134292,0.28134292
1,50,112,0.36099732,35.603745,7.983699,0.4429105,0.28090242,0.28090242
1,51,113,0.35975748,35.484726,7.97125,0.4421176,0.2803228,0.2803228
1,52,114,0.35836872,35.33977,7.955944,0.44009295,0.27980044,0.27980044
1,53,115,0.3571459,35.21297,7.942251,0.43948424,0.27912438,0.27912438
1,54,116,0.35574514,35.100014,7.932374,0.44036192,0.27841803,0.27841803
1,55,117,0.35431468,34.953136,7.9172816,0.4403479,0.27789807,0.27789807
1,56,118,0.35301808,34.85142,7.902015,0.43806037,0.27741873,0.27741873
1,57,119,0.35167664,34.74049,7.89021,0.43738332,0.27699205,0.27699205
1,58,120,0.35012814,34.607864,7.883633,0.43853477,0.27632487,0.27632487
1,59,121,0.34893674,34.53238,7.869003,0.43786123,0.27564657,0.27564657
1,60,122,0.3474195,34.403603,7.8605394,0.4378622,0.2754114,0.2754114
1,61,123,0.34596765,34.269073,7.849476,0.4389471,0.27494892,0.27494892
2,0,124,0.3443068,34.107006,7.8286767,0.4369741,0.27439427,0.27439427
2,1,125,0.34276474,33.98611,7.8137875,0.43564567,0.27391523,0.27391523
2,2,126,0.34174874,33.899284,7.805785,0.435735,0.27351522,0.27351522
2,3,127,0.34064546,33.79802,7.796756,0.43585512,0.27312776,0.27312776
2,4,128,0.33962354,33.72136,7.7859173,0.43662715,0.27268663,0.27268663
2,5,129,0.33827516,33.6053,7.774977,0.43701762,0.27226007,0.27226007
2,6,130,0.33687615,33.490395,7.762126,0.43692178,0.27168727,0.27168727
2,7,131,0.33574647,33.374477,7.748428,0.43653643,0.2713484,0.2713484
2,8,132,0.33452654,33.273773,7.743505,0.438375,0.27113408,0.27113408
2,9,133,0.3330019,33.143745,7.732689,0.43839625,0.27071843,0.27071843
2,10,134,0.33180004,33.044033,7.721573,0.4378956,0.27029806,0.27029806
2,11,135,0.33042544,32.908237,7.711782,0.43612513,0.269978,0.269978
2,12,136,0.32914805,32.7826,7.70109,0.4352456,0.26956213,0.26956213
2,13,137,0.3281325,32.67998,7.6913533,0.435477,0.26915076,0.26915076
2,14,138,0.32701755,32.590897,7.679301,0.43488425,0.26867038,0.26867038
2,15,139,0.3258714,32.475067,7.6669965,0.43346143,0.26830715,0.26830715
2,16,140,0.32498765,32.393795,7.6579723,0.43469512,0.2677525,0.2677525
2,17,141,0.32410777,32.31978,7.648203,0.43558863,0.26720208,0.26720208
2,18,142,0.32321674,32.234573,7.6370287,0.43515152,0.26671708,0.26671708
2,19,143,0.32230693,32.156784,7.629049,0.43491027,0.26648176,0.26648176
2,20,144,0.3213628,32.065823,7.6212974,0.43479082,0.26621822,0.26621822
2,21,145,0.32013407,31.942219,7.6101995,0.43364173,0.2658619,0.2658619
2,22,146,0.31919873,31.860048,7.6014786,0.4340305,0.2654835,0.2654835
2,23,147,0.31817034,31.77479,7.589981,0.43288833,0.26514837,0.26514837
2,24,148,0.31733093,31.715466,7.583316,0.43369704,0.2648433,0.2648433
2,25,149,0.31643194,31.6449,7.5758176,0.43410343,0.26454246,0.26454246
2,26,150,0.3156844,31.58422,7.5675783,0.43378574,0.2641518,0.2641518
2,27,151,0.31492454,31.528288,7.558719,0.43349332,0.2636828,0.2636828
2,28,152,0.3138738,31.437016,7.549378,0.43342376,0.26330236,0.26330236
2,29,153,0.31310722,31.367142,7.541855,0.43434063,0.26291656,0.26291656
2,30,154,0.31220204,31.267994,7.533522,0.43455565,0.26250315,0.26250315
2,31,155,0.31130415,31.185364,7.5261374,0.43512726,0.26210418,0.26210418
2,32,156,0.3104759,31.09225,7.5177603,0.4337195,0.26176244,0.26176244
2,33,157,0.30946738,31.00403,7.50543,0.43313676,0.26131535,0.26131535
2,34,158,0.30841154,30.908358,7.4950495,0.43323,0.2609445,0.2609445
2,35,159,0.30750346,30.82014,7.485963,0.43315077,0.26057896,0.26057896
2,36,160,0.3065942,30.746761,7.482977,0.4342178,0.26031005,0.26031005
2,37,161,0.30577466,30.678019,7.47326,0.4337298,0.25994578,0.25994578
2,38,162,0.30476534,30.59332,7.4651237,0.43436337,0.25954834,0.25954834
2,39,163,0.30400652,30.514404,7.458105,0.43455708,0.25925028,0.25925028
2,40,164,0.30317798,30.433167,7.4536853,0.43498093,0.25910842,0.25910842
2,41,165,0.30222005,30.34299,7.444309,0.43505788,0.2587619,0.2587619
2,42,166,0.3013619,30.260092,7.4420295,0.43468097,0.2587526,0.2587526
2,43,167,0.3006048,30.198944,7.4379177,0.4357544,0.25849968,0.25849968
2,44,168,0.29975927,30.100548,7.434228,0.43527105,0.25812554,0.25812554
2,45,169,0.29908568,30.053448,7.4263086,0.43539524,0.2577658,0.2577658
2,46,170,0.29823136,29.965464,7.418464,0.4341744,0.25754252,0.25754252
2,47,171,0.2975484,29.916924,7.4099655,0.43398675,0.25713146,0.25713146
2,48,172,0.29684192,29.852354,7.4043865,0.43487296,0.2567581,0.2567581
2,49,173,0.2960849,29.778893,7.3964095,0.43452922,0.2564253,0.2564253
2,50,174,0.29547626,29.71627,7.389674,0.43485725,0.25624192,0.25624192
2,51,175,0.29470086,29.645752,7.3842154,0.4340493,0.25594255,0.25594255
2,52,176,0.2939038,29.562395,7.381932,0.43323302,0.25580072,0.25580072
2,53,177,0.29318988,29.490726,7.379326,0.43329176,0.25560924,0.25560924
2,54,178,0.29252544,29.434591,7.372012,0.4330162,0.25535697,0.25535697
2,55,179,0.29171735,29.332935,7.3629103,0.43289587,0.255045,0.255045
2,56,180,0.29097828,29.270279,7.353821,0.432422,0.25452402,0.25452402
2,57,181,0.29035157,29.211702,7.347011,0.43148947,0.25418907,0.25418907
2,58,182,0.2897823,29.162363,7.3389435,0.4319885,0.25382996,0.25382996
2,59,183,0.28899097,29.077274,7.330629,0.4325538,0.25352132,0.25352132
2,60,184,0.28830424,28.994518,7.327183,0.43336868,0.25337467,0.25337467
2,61,185,0.28765833,28.937346,7.32395,0.43442863,0.25325444,0.25325444
3,0,186,0.2869122,28.86625,7.3197584,0.43472034,0.25304464,0.25304464
3,1,187,0.28619012,28.799984,7.3111324,0.43476942,0.25278535,0.25278535
3,2,188,0.2854373,28.714228,7.306337,0.43473807,0.25252652,0.25252652
3,3,189,0.28471184,28.633934,7.29989,0.4338559,0.25230077,0.25230077
3,4,190,0.28407544,28.579882,7.2960787,0.4336328,0.25212628,0.25212628
3,5,191,0.28345847,28.535372,7.28972,0.43339714,0.2518398,0.2518398
3,6,192,0.28273532,28.46232,7.283384,0.43281272,0.25157878,0.25157878
3,7,193,0.28213602,28.38659,7.275232,0.43250233,0.25129336,0.25129336
3,8,194,0.281614,28.345177,7.2691,0.43150422,0.25109383,0.25109383
3,9,195,0.2810642,28.298334,7.262735,0.43081436,0.25082645,0.25082645
3,10,196,0.28039294,28.230194,7.2550793,0.43013254,0.25051478,0.25051478
3,11,197,0.27971774,28.174246,7.2505426,0.431636,0.25034577,0.25034577
3,12,198,0.27905327,28.119772,7.246221,0.43201366,0.2501342,0.2501342
3,13,199,0.27849305,28.072906,7.2377586,0.4323289,0.24980728,0.24980728
3,14,200,0.27781457,28.016376,7.2318115,0.43175495,0.24958777,0.24958777
3,15,201,0.27709126,27.949821,7.2265463,0.43079183,0.24938586,0.24938586
3,16,202,0.27662846,27.89758,7.220672,0.43117362,0.24915177,0.24915177
3,17,203,0.2762131,27.85466,7.2171535,0.43110698,0.24909663,0.24909663
3,18,204,0.27558172,27.79541,7.211383,0.43146008,0.24881017,0.24881017
3,19,205,0.2751193,27.749699,7.2051454,0.4315851,0.24864152,0.24864152
3,20,206,0.2746063,27.704233,7.1994414,0.4309256,0.24850202,0.24850202
3,21,207,0.27401322,27.64938,7.1942897,0.43142107,0.24843195,0.24843195
3,22,208,0.27338827,27.589888,7.1879926,0.43042105,0.24821134,0.24821134
3,23,209,0.2728894,27.557564,7.18269,0.431044,0.2479517,0.2479517
3,24,210,0.27218896,27.492554,7.179152,0.4315255,0.24766949,0.24766949
3,25,211,0.27159208,27.443527,7.1706166,0.4312131,0.24742861,0.24742861
3,26,212,0.27105886,27.399529,7.1677303,0.4317903,0.2473019,0.2473019
3,27,213,0.2706496,27.35793,7.1641364,0.43230304,0.24717192,0.24717192
3,28,214,0.27021396,27.320751,7.1631746,0.43344578,0.24698846,0.24698846
3,29,215,0.26980373,27.292936,7.1622734,0.43500322,0.24696371,0.24696371
3,30,216,0.26932085,27.254026,7.1572227,0.43601146,0.24671683,0.24671683
3,31,217,0.2689228,27.21672,7.153778,0.43740317,0.24652453,0.24652453
3,32,218,0.2685262,27.173054,7.149963,0.43749285,0.2463083,0.2463083
3,33,219,0.2680269,27.12825,7.144027,0.43765837,0.24603517,0.24603517
3,34,220,0.2675348,27.080368,7.140739,0.43919644,0.24583285,0.24583285
3,35,221,0.26698834,27.04163,7.1330876,0.43935204,0.24559884,0.24559884
3,36,222,0.26649004,27.007675,7.1249123,0.4390213,0.24531122,0.24531122
3,37,223,0.26598376,26.962072,7.1214414,0.4394864,0.24507241,0.24507241
3,38,224,0.2655907,26.923191,7.1158123,0.43976986,0.24478811,0.24478811
3,39,225,0.2650504,26.875057,7.112346,0.44080257,0.24461256,0.24461256
3,40,226,0.26464403,26.825024,7.1073008,0.44050217,0.24444018,0.24444018
3,41,227,0.264063,26.7728,7.098756,0.43974563,0.24416634,0.24416634
3,42,228,0.2635777,26.7305,7.0932326,0.43989027,0.24391085,0.24391085
3,43,229,0.26297992,26.675135,7.0872216,0.4392796,0.24364798,0.24364798
3,44,230,0.2624184,26.620686,7.0832005,0.43852276,0.2435338,0.2435338
3,45,231,0.26179835,26.558876,7.077264,0.43816432,0.2433878,0.2433878
3,46,232,0.2613183,26.500624,7.0702586,0.43739626,0.24311781,0.24311781
3,47,233,0.2607383,26.442486,7.063075,0.43714428,0.2428128,0.2428128
3,48,234,0.26020014,26.400106,7.0580115,0.43756527,0.2426217,0.2426217
3,49,235,0.25960517,26.33995,7.0514216,0.437326,0.2423986,0.2423986
3,50,236,0.25908107,26.284588,7.046962,0.436942,0.24221212,0.24221212
3,51,237,0.258544,26.22695,7.0447116,0.43653068,0.24210773,0.24210773
3,52,238,0.25808066,26.177406,7.045271,0.43785343,0.2420006,0.2420006
3,53,239,0.25750276,26.122189,7.0458,0.4374229,0.24196796,0.24196796
3,54,240,0.25698954,26.080477,7.041246,0.43770707,0.24177404,0.24177404
3,55,241,0.2564369,26.02185,7.040157,0.4381889,0.241754,0.241754
3,56,242,0.25590134,25.963312,7.0355425,0.43808508,0.24149245,0.24149245
3,57,243,0.25549293,25.933378,7.0324106,0.43805662,0.24130106,0.24130106
3,58,244,0.25496385,25.889795,7.0281634,0.43806976,0.24113001,0.24113001
3,59,245,0.25451714,25.845087,7.023105,0.43828905,0.24087648,0.24087648
3,60,246,0.25411624,25.803324,7.016433,0.4384602,0.24064758,0.24064758
3,61,247,0.2538145,25.781595,7.010784,0.43861642,0.24038965,0.24038965
4,0,248,0.25334322,25.748127,7.005869,0.4385986,0.24003758,0.24003758
4,1,249,0.2528586,25.708776,7.0017,0.43881288,0.23986904,0.23986904
4,2,250,0.25242352,25.65874,6.999567,0.43901765,0.23967926,0.23967926
4,3,251,0.25198483,25.62508,6.9954805,0.4388487,0.2395124,0.2395124
4,4,252,0.25155362,25.579601,6.9907994,0.43860024,0.23937017,0.23937017
4,5,253,0.25112474,25.534254,6.985448,0.43835643,0.23918003,0.23918003
4,6,254,0.25070345,25.491762,6.988241,0.43949717,0.23918429,0.23918429
4,7,255,0.250264,25.458368,6.983571,0.4397608,0.23903243,0.23903243
4,8,256,0.24980845,25.428564,6.9790583,0.4403556,0.23883235,0.23883235
4,9,257,0.24933413,25.37943,6.974293,0.44014493,0.23875284,0.23875284
4,10,258,0.24895668,25.347822,6.969654,0.4410587,0.2385264,0.2385264
4,11,259,0.24854235,25.313335,6.9635773,0.44142917,0.23824708,0.23824708
4,12,260,0.24805562,25.261683,6.9591093,0.44115877,0.23806663,0.23806663
4,13,261,0.24761069,25.212585,6.9544206,0.44038102,0.23790468,0.23790468
4,14,262,0.24730887,25.172537,6.9489374,0.4400492,0.23772562,0.23772562
4,15,263,0.24706207,25.134298,6.944007,0.44076386,0.23748232,0.23748232
4,16,264,0.24662766,25.081694,6.9400706,0.4407894,0.23731507,0.23731507
4,17,265,0.24621114,25.034023,6.9356513,0.4398837,0.23718153,0.23718153
4,18,266,0.24573609,24.990168,6.9311094,0.439543,0.23704092,0.23704092
4,19,267,0.24522266,24.944347,6.925574,0.43949786,0.23684011,0.23684011
4,20,268,0.24476898,24.908638,6.92065,0.4393099,0.2366979,0.2366979
4,21,269,0.24431525,24.873646,6.9173894,0.43943444,0.23657352,0.23657352
4,22,270,0.24401245,24.852581,6.912634,0.43974978,0.23629677,0.23629677
4,23,271,0.24372303,24.826378,6.909849,0.44062358,0.23612124,0.23612124
4,24,272,0.24328002,24.781353,6.904568,0.44081232,0.23598114,0.23598114
4,25,273,0.24293293,24.750423,6.89916,0.4405341,0.23575506,0.23575506
4,26,274,0.24250937,24.710876,6.8951426,0.44048095,0.23568323,0.23568323
4,27,275,0.24216864,24.66741,6.890693,0.44065478,0.23551178,0.23551178
4,28,276,0.24178804,24.622545,6.8856745,0.44035426,0.23530576,0.23530576
4,29,277,0.24138832,24.579987,6.8799863,0.4397489,0.23514254,0.23514254
4,30,278,0.24092329,24.538061,6.8745165,0.43933183,0.23499243,0.23499243
4,31,279,0.24059865,24.504698,6.869348,0.43933615,0.2347195,0.2347195
4,32,280,0.24029645,24.477365,6.8667336,0.43977508,0.23456788,0.23456788
4,33,281,0.23991834,24.446913,6.864557,0.44040933,0.23447125,0.23447125
4,34,282,0.23950544,24.412191,6.862592,0.44047254,0.23439445,0.23439445
4,35,283,0.23911025,24.376245,6.8611927,0.44154513,0.23428199,0.23428199
4,36,284,0.23874952,24.336348,6.861384,0.4421173,0.23421615,0.23421615
4,37,285,0.23840784,24.30615,6.858546,0.4419952,0.2341127,0.2341127
4,38,286,0.23812436,24.288242,6.8549438,0.44216236,0.23392968,0.23392968
4,39,287,0.23772973,24.252844,6.850704,0.44250575,0.23380025,0.23380025
4,40,288,0.23733291,24.209045,6.8499155,0.44278598,0.2337812,0.2337812
4,41,289,0.23688105,24.164503,6.8478775,0.44369474,0.23382111,0.23382111
4,42,290,0.23646091,24.118233,6.844204,0.44344774,0.23376517,0.23376517
4,43,291,0.23612681,24.088165,6.839858,0.44337133,0.23362087,0.23362087
4,44,292,0.23576526,24.055954,6.836639,0.44418234,0.23339045,0.23339045
4,45,293,0.2354173,24.03092,6.83127,0.44392362,0.23323354,0.23323354
4,46,294,0.2350017,23.991076,6.8301487,0.4444296,0.23315817,0.23315817
4,47,295,0.23461461,23.96387,6.8278403,0.44490182,0.23306997,0.23306997
4,48,296,0.234268,23.925755,6.8249965,0.4443194,0.23296143,0.23296143
4,49,297,0.23391654,23.88583,6.824754,0.44355458,0.23294052,0.23294052
4,50,298,0.23365328,23.87549,6.823064,0.44374517,0.23278368,0.23278368
4,51,299,0.23331562,23.836815,6.819932,0.44349545,0.23267058,0.23267058
4,52,300,0.23291552,23.797337,6.8184094,0.4437612,0.23257717,0.23257717
4,53,301,0.23257925,23.758486,6.8150144,0.44346067,0.23239161,0.23239161
4,54,302,0.23234463,23.735529,6.811178,0.44420546,0.23222148,0.23222148
4,55,303,0.23202235,23.708149,6.809379,0.44415992,0.23206528,0.23206528
4,56,304,0.23160692,23.668343,6.806504,0.44425073,0.23189297,0.23189297
4,57,305,0.2312189,23.628891,6.801772,0.44444555,0.23172738,0.23172738
4,58,306,0.23087661,23.596033,6.7970405,0.44456917,0.23152238,0.23152238
4,59,307,0.23046403,23.558792,6.7929807,0.44468084,0.23133536,0.23133536
4,60,308,0.2300565,23.518017,6.7889385,0.4449256,0.23117219,0.23117219
4,61,309,0.22974944,23.488918,6.7845244,0.44530442,0.23100773,0.23100773
5,0,310,0.22936381,23.459137,6.783941,0.44576535,0.23090436,0.23090436
5,1,311,0.22907954,23.434687,6.783517,0.44711763,0.2307841,0.2307841
5,2,312,0.22868589,23.392464,6.7825527,0.4479737,0.2306494,0.2306494
5,3,313,0.22836919,23.367496,6.781173,0.44833088,0.23048423,0.23048423
5,4,314,0.22808251,23.341457,6.777874,0.44794205,0.23036419,0.23036419
5,5,315,0.22778201,23.307474,6.775231,0.44760457,0.23030569,0.23030569
5,6,316,0.22753268,23.289972,6.771514,0.44804755,0.23015504,0.23015504
5,7,317,0.2271752,23.252333,6.77204,0.4489918,0.23022412,0.23022412
5,8,318,0.22688408,23.226452,6.7701035,0.44977832,0.230119,0.230119
5,9,319,0.22658387,23.198092,6.7672586,0.4504846,0.2299587,0.2299587
5,10,320,0.22624913,23.166122,6.7658625,0.45225012,0.22978647,0.22978647
5,11,321,0.2259773,23.152317,6.7631807,0.45280978,0.22963774,0.22963774
5,12,322,0.22564974,23.121473,6.7619576,0.45334896,0.22950113,0.22950113
5,13,323,0.22528799,23.090303,6.757527,0.45280862,0.22942714,0.22942714
5,14,324,0.22500634,23.065557,6.7539687,0.452981,0.22928472,0.22928472
5,15,325,0.22463655,23.032185,6.7508993,0.45355424,0.22914167,0.22914167
5,16,326,0.22437501,23.00696,6.748407,0.45354807,0.22902983,0.22902983
5,17,327,0.22413802,22.985357,6.746366,0.45426372,0.22895007,0.22895007
5,18,328,0.22406569,22.993515,6.7421823,0.4543542,0.22874883,0.22874883
5,19,329,0.22387686,22.980867,6.738968,0.45458034,0.22863194,0.22863194
5,20,330,0.22364177,22.95734,6.7370973,0.45500073,0.22849813,0.22849813
5,21,331,0.22339997,22.941118,6.733323,0.45529562,0.22836217,0.22836217
5,22,332,0.22314236,22.917822,6.730838,0.45520553,0.22814085,0.22814085
5,23,333,0.22285372,22.890577,6.732985,0.45646185,0.22817795,0.22817795
5,24,334,0.2226499,22.870615,6.7327323,0.45680934,0.22808382,0.22808382
5,25,335,0.22236115,22.840425,6.731827,0.45729065,0.22795945,0.22795945
5,26,336,0.22204149,22.812159,6.730189,0.45717496,0.22793986,0.22793986
5,27,337,0.22172031,22.786867,6.729852,0.45810872,0.22783108,0.22783108
5,28,338,0.22138894,22.757956,6.729334,0.4582597,0.22781153,0.22781153
5,29,339,0.22104302,22.72487,6.729133,0.45869654,0.22779787,0.22779787
5,30,340,0.22071981,22.694088,6.7270236,0.4584913,0.22770432,0.22770432
5,31,341,0.22050004,22.675615,6.7239046,0.45914045,0.22756469,0.22756469
5,32,342,0.22020125,22.641314,6.7218018,0.45900214,0.22747336,0.22747336
5,33,343,0.21993092,22.616138,6.7198286,0.45927367,0.22746822,0.22746822
5,34,344,0.21965858,22.58864,6.716997,0.45970628,0.22737202,0.22737202
5,35,345,0.21937922,22.55716,6.7145643,0.4597264,0.22730115,0.22730115
5,36,346,0.21913782,22.542711,6.713539,0.4602312,0.22720903,0.22720903
5,37,347,0.21890782,22.52492,6.711204,0.46103266,0.22714509,0.22714509
5,38,348,0.21859153,22.49651,6.707522,0.46110192,0.22702295,0.22702295
5,39,349,0.21843122,22.489452,6.7050104,0.4619221,0.2268635,0.2268635
5,40,350,0.21812874,22.460764,6.7004623,0.46190888,0.2267359,0.2267359
5,41,351,0.21786787,22.447092,6.6976547,0.46309516,0.22658728,0.22658728
5,42,352,0.21758771,22.424458,6.694921,0.46323287,0.22641477,0.22641477
5,43,353,0.21727653,22.394827,6.6941833,0.46381858,0.22637644,0.22637644
5,44,354,0.2169951,22.36841,6.6926665,0.46456906,0.22625962,0.22625962
5,45,355,0.21669336,22.344383,6.6906343,0.46518412,0.22615634,0.22615634
5,46,356,0.21643807,22.31849,6.689187,0.46610463,0.22607766,0.22607766
5,47,357,0.21615626,22.294939,6.6867557,0.46651193,0.22601396,0.22601396
5,48,358,0.21583776,22.263325,6.683889,0.46670455,0.22588527,0.22588527
5,49,359,0.21557108,22.234753,6.680233,0.4663885,0.22576405,0.22576405
5,50,360,0.21533708,22.214785,6.6770997,0.4665547,0.2256344,0.2256344
5,51,361,0.21502596,22.185797,6.673907,0.46660802,0.22551914,0.22551914
5,52,362,0.21474832,22.159803,6.67159,0.4672885,0.22538576,0.22538576
5,53,363,0.21448655,22.143522,6.6738787,0.46768683,0.22537576,0.22537576
5,54,364,0.21415989,22.118387,6.676616,0.4689423,0.22533676,0.22533676
5,55,365,0.21390532,22.089209,6.6781125,0.46942374,0.22527288,0.22527288
5,56,366,0.21361497,22.062216,6.6785626,0.46980742,0.22526623,0.22526623
5,57,367,0.21337608,22.042837,6.6763,0.4694971,0.22509833,0.22509833
5,58,368,0.21309404,22.020664,6.674378,0.4704121,0.22495969,0.22495969
5,59,369,0.21292354,21.999062,6.672886,0.47010008,0.22485103,0.22485103
5,60,370,0.21273544,21.98616,6.6714983,0.47050205,0.22474654,0.22474654
5,61,371,0.21245009,21.961182,6.6695275,0.47051436,0.22468476,0.22468476
6,0,372,0.21218106,21.93176,6.6680064,0.47071913,0.22461842,0.22461842
6,1,373,0.21189553,21.905329,6.6656876,0.47069103,0.22451594,0.22451594
6,2,374,0.2116329,21.87984,6.66242,0.47042266,0.22440563,0.22440563
6,3,375,0.21135911,21.848328,6.657956,0.47034752,0.22426882,0.22426882
6,4,376,0.21103476,21.814308,6.6556478,0.47011718,0.22420107,0.22420107
6,5,377,0.21080962,21.791231,6.6524744,0.47078595,0.22403525,0.22403525
6,6,378,0.21052022,21.760065,6.6482553,0.47055477,0.22385207,0.22385207
6,7,379,0.2103742,21.756605,6.645198,0.47099683,0.22374065,0.22374065
6,8,380,0.2101134,21.730928,6.6422544,0.47107318,0.22364858,0.22364858
6,9,381,0.20987679,21.70164,6.6404576,0.47136667,0.22360031,0.22360031
6,10,382,0.209571,21.670242,6.6381836,0.4712978,0.22354007,0.22354007
6,11,383,0.20927991,21.64367,6.6349945,0.47067314,0.22342257,0.22342257
6,12,384,0.20913252,21.630383,6.6329365,0.47243553,0.22326122,0.22326122
6,13,385,0.20889613,21.604288,6.628955,0.47254297,0.22312541,0.22312541
6,14,386,0.20868005,21.588146,6.6260266,0.4731187,0.22297835,0.22297835
6,15,387,0.20846233,21.571987,6.6240916,0.47331324,0.22283256,0.22283256
6,16,388,0.20819685,21.550114,6.622062,0.47372353,0.22270654,0.22270654
6,17,389,0.20799933,21.531889,6.6210876,0.474211,0.22260737,0.22260737
6,18,390,0.20773043,21.50748,6.6184025,0.4742432,0.22244325,0.22244325
6,19,391,0.20750463,21.486568,6.6159816,0.47461057,0.22225119,0.22225119
6,20,392,0.20723644,21.459326,6.614269,0.47449884,0.22216092,0.22216092
6,21,393,0.20695296,21.433416,6.6115475,0.4748109,0.2220308,0.2220308
6,22,394,0.20673269,21.411526,6.6084185,0.47526655,0.22189137,0.22189137
6,23,395,0.2064729,21.383339,6.6084027,0.47590795,0.22185391,0.22185391
6,24,396,0.20624457,21.357882,6.606843,0.47652206,0.22177845,0.22177845
6,25,397,0.20596862,21.33395,6.6055765,0.47676837,0.22166844,0.22166844
6,26,398,0.2057435,21.315762,6.6054864,0.47774887,0.22168258,0.22168258
6,27,399,0.20549572,21.295042,6.6033506,0.4780791,0.22158867,0.22158867
6,28,400,0.20528156,21.270624,6.601986,0.47832087,0.2215448,0.2215448
6,29,401,0.20509061,21.246477,6.601682,0.47888786,0.2215175,0.2215175
6,30,402,0.20491025,21.229298,6.601567,0.47970322,0.22142868,0.22142868
6,31,403,0.20470259,21.207294,6.6008105,0.4797219,0.22136913,0.22136913
6,32,404,0.20452246,21.18488,6.599439,0.48012397,0.22132212,0.22132212
6,33,405,0.20432143,21.166807,6.598106,0.48079738,0.22122127,0.22122127
6,34,406,0.20410976,21.140694,6.595536,0.48021096,0.22115083,0.22115083
6,35,407,0.20392013,21.129221,6.5948625,0.4805503,0.22114787,0.22114787
6,36,408,0.20382473,21.134043,6.5934887,0.48107275,0.22105685,0.22105685
6,37,409,0.20363107,21.11429,6.593145,0.4823949,0.22100271,0.22100271
6,38,410,0.20343238,21.097675,6.591614,0.4831312,0.22091395,0.22091395
6,39,411,0.20323083,21.080753,6.5884123,0.48278895,0.22079581,0.22079581
6,40,412,0.20298181,21.060736,6.5855646,0.48278695,0.22069699,0.22069699
6,41,413,0.20277023,21.044224,6.5839853,0.48283374,0.22061758,0.22061758
6,42,414,0.20252603,21.02166,6.581323,0.48326722,0.22050199,0.22050199
6,43,415,0.20229766,21.001488,6.580605,0.48388103,0.22039324,0.22039324
6,44,416,0.20205039,20.982317,6.5785837,0.48431924,0.22028008,0.22028008
6,45,417,0.20184231,20.957596,6.5773373,0.4841767,0.22023124,0.22023124
6,46,418,0.20173146,20.953121,6.5760345,0.48456722,0.22008216,0.22008216
6,47,419,0.20152956,20.928558,6.574097,0.48447776,0.21997486,0.21997486
6,48,420,0.20138392,20.913303,6.5722594,0.48465034,0.21987729,0.21987729
6,49,421,0.2012363,20.89962,6.5694623,0.48425373,0.21972401,0.21972401
6,50,422,0.20095454,20.869455,6.5677752,0.48370826,0.21968731,0.21968731
6,51,423,0.20071459,20.848639,6.5655127,0.48381686,0.21964505,0.21964505
6,52,424,0.20049259,20.82974,6.5634346,0.48378852,0.21962741,0.21962741
6,53,425,0.20027097,20.802074,6.5616813,0.48449433,0.21959403,0.21959403
6,54,426,0.20010218,20.792562,6.5608706,0.48488155,0.2194705,0.2194705
6,55,427,0.199912,20.76939,6.56044,0.48483932,0.2194177,0.2194177
6,56,428,0.19965139,20.74578,6.5575995,0.48490423,0.2192688,0.2192688
6,57,429,0.19946304,20.730742,6.555983,0.48529202,0.21915299,0.21915299
6,58,430,0.19926,20.706863,6.553512,0.48546693,0.219055,0.219055
6,59,431,0.19916674,20.696089,6.551841,0.48517448,0.21900222,0.21900222
6,60,432,0.19899395,20.680956,6.5496006,0.484772,0.21887785,0.21887785
6,61,433,0.19876608,20.660429,6.5480213,0.4845884,0.2187783,0.2187783
7,0,434,0.19855875,20.641562,6.545655,0.48495522,0.21867858,0.21867858
7,1,435,0.19837344,20.623013,6.544066,0.48508534,0.21858561,0.21858561
7,2,436,0.19817314,20.605713,6.5420284,0.4848581,0.21851563,0.21851563
7,3,437,0.19806193,20.602581,6.53969,0.48582587,0.21838626,0.21838626
7,4,438,0.19787355,20.58364,6.538599,0.4862827,0.21830171,0.21830171
7,5,439,0.19760762,20.558924,6.536984,0.48614085,0.21826755,0.21826755
7,6,440,0.19742113,20.54391,6.5339046,0.4861278,0.21816792,0.21816792
7,7,441,0.19723316,20.527843,6.532737,0.48685372,0.21809761,0.21809761
7,8,442,0.19704652,20.512087,6.531197,0.48722658,0.21803434,0.21803434
7,9,443,0.19684327,20.494669,6.5292773,0.48711482,0.21791969,0.21791969
7,10,444,0.19667822,20.478424,6.52884,0.4878818,0.21789664,0.21789664
7,11,445,0.19648992,20.462946,6.5264845,0.48806286,0.2177687,0.2177687
7,12,446,0.19629593,20.446194,6.524803,0.48823988,0.21768533,0.21768533
7,13,447,0.19611108,20.425842,6.522729,0.48873952,0.21758084,0.21758084
7,14,448,0.1959281,20.40505,6.520504,0.48894826,0.21750379,0.21750379
7,15,449,0.1957264,20.387735,6.5182953,0.48858437,0.21743655,0.21743655
7,16,450,0.19553438,20.373892,6.5153804,0.48861265,0.21735406,0.21735406
7,17,451,0.19533308,20.348558,6.513934,0.4889247,0.2172764,0.2172764
7,18,452,0.19511405,20.327654,6.5124073,0.48894265,0.21718225,0.21718225
7,19,453,0.19492988,20.308193,6.5108666,0.489184,0.21708466,0.21708466
7,20,454,0.1948246,20.29591,6.508307,0.48938692,0.21696435,0.21696435
7,21,455,0.1947178,20.283043,6.5074143,0.4901128,0.21683322,0.21683322
7,22,456,0.19455586,20.26916,6.5059996,0.49099886,0.21670654,0.21670654
7,23,457,0.19441338,20.255419,6.504647,0.4912544,0.21663342,0.21663342
7,24,458,0.19421905,20.23471,6.5013404,0.4911095,0.21654373,0.21654373
7,25,459,0.19403857,20.211706,6.500716,0.49186882,0.21653908,0.21653908
7,26,460,0.19384348,20.191256,6.4985995,0.49217755,0.21643324,0.21643324
7,27,461,0.19376755,20.179384,6.496894,0.49274182,0.21637061,0.21637061
7,28,462,0.1936031,20.166615,6.49553,0.49298847,0.21624665,0.21624665
7,29,463,0.19347955,20.154882,6.494862,0.49360576,0.21620469,0.21620469
7,30,464,0.19332604,20.13858,6.493022,0.4943117,0.21610874,0.21610874
7,31,465,0.19317324,20.128191,6.4919662,0.49456763,0.21605015,0.21605015
7,32,466,0.19302692,20.120743,6.4898133,0.49497816,0.21597955,0.21597955
7,33,467,0.19288969,20.108622,6.4890766,0.49492767,0.21597858,0.21597858
7,34,468,0.19270356,20.090105,6.4873233,0.49497506,0.21594876,0.21594876
7,35,469,0.19260286,20.079905,6.485879,0.49562764,0.21588933,0.21588933
7,36,470,0.19248796,20.067097,6.4847445,0.4963527,0.21581598,0.21581598
7,37,471,0.1923074,20.050154,6.483645,0.49637341,0.21574445,0.21574445
7,38,472,0.19217584,20.032244,6.482553,0.49653074,0.2156801,0.2156801
7,39,473,0.19196792,20.012415,6.4808536,0.49660584,0.21563469,0.21563469
7,40,474,0.19179894,19.992117,6.4789577,0.49688992,0.2155806,0.2155806
7,41,475,0.19164136,19.97313,6.478926,0.49737248,0.21557902,0.21557902
7,42,476,0.19151762,19.965958,6.4799786,0.49740326,0.21554852,0.21554852
7,43,477,0.1913799,19.957151,6.47922,0.49775347,0.21545327,0.21545327
7,44,478,0.19120821,19.939297,6.4770026,0.497722,0.2153098,0.2153098
7,45,479,0.1910626,19.932348,6.474793,0.49831465,0.21518101,0.21518101
7,46,480,0.19089617,19.919437,6.472287,0.49838293,0.21505876,0.21505876
7,47,481,0.19074954,19.905598,6.4700785,0.49797168,0.21498457,0.21498457
7,48,482,0.19063091,19.890265,6.469506,0.49856523,0.2149432,0.2149432
7,49,483,0.19045737,19.872612,6.4685564,0.49918038,0.21488999,0.21488999
7,50,484,0.19030394,19.865528,6.466084,0.49926007,0.21479192,0.21479192
7,51,485,0.19023049,19.855377,6.4640093,0.49902782,0.21472733,0.21472733
7,52,486,0.19008435,19.837719,6.4625897,0.49960795,0.2146232,0.2146232
7,53,487,0.18992251,19.820435,6.461416,0.5002832,0.21454488,0.21454488
7,54,488,0.18978706,19.802185,6.45995,0.5005561,0.21445101,0.21445101
7,55,489,0.18959618,19.783428,6.4570503,0.5002013,0.21436322,0.21436322
7,56,490,0.18941426,19.76519,6.4562116,0.5010308,0.21432622,0.21432622
7,57,491,0.1892586,19.755981,6.453887,0.50108147,0.21424727,0.21424727
7,58,492,0.18909743,19.743774,6.453226,0.50167745,0.21422057,0.21422057
7,59,493,0.18891442,19.729372,6.451067,0.50157297,0.21413939,0.21413939
7,60,494,0.18880503,19.720736,6.451045,0.50217295,0.21406507,0.21406507
7,61,495,0.18863873,19.703308,6.451261,0.50328046,0.21400444,0.21400444
8,0,496,0.18848655,19.687109,6.449861,0.5035561,0.2139425,0.2139425
8,1,497,0.1883508,19.673485,6.449841,0.5038619,0.21379836,0.21379836
8,2,498,0.18819863,19.664291,6.450071,0.50399643,0.21379153,0.21379153
8,3,499,0.18808566,19.650879,6.448342,0.50418705,0.21366203,0.21366203
8,4,500,0.18795052,19.637253,6.446791,0.50442016,0.21364512,0.21364512
8,5,501,0.18776736,19.618286,6.444798,0.5038375,0.21358539,0.21358539
8,6,502,0.1876257,19.604273,6.4434447,0.5039033,0.21349958,0.21349958
8,7,503,0.1874961,19.588856,6.444016,0.5040743,0.2134998,0.2134998
8,8,504,0.18731683,19.574093,6.442997,0.50461185,0.21344158,0.21344158
8,9,505,0.1871635,19.56143,6.441682,0.50492936,0.213361,0.213361
8,10,506,0.18704863,19.554625,6.439975,0.5053541,0.21327262,0.21327262
8,11,507,0.18693963,19.545885,6.4396834,0.50607157,0.21322586,0.21322586
8,12,508,0.18680972,19.52724,6.4380317,0.50644815,0.21316157,0.21316157
8,13,509,0.18667637,19.51473,6.4367886,0.50625855,0.2131125,0.2131125
8,14,510,0.1865299,19.50102,6.4361806,0.5061811,0.2130436,0.2130436
8,15,511,0.1863991,19.489332,6.435128,0.5065799,0.2130059,0.2130059
8,16,512,0.1862962,19.474617,6.434411,0.5068747,0.21293402,0.21293402
8,17,513,0.18612954,19.460236,6.432951,0.507236,0.21287428,0.21287428
8,18,514,0.18600364,19.447872,6.4311066,0.5073102,0.21279174,0.21279174
8,19,515,0.18582968,19.43155,6.4309154,0.5079118,0.21274483,0.21274483
8,20,516,0.1857718,19.425735,6.4300838,0.50823164,0.21269077,0.21269077
8,21,517,0.18562259,19.412064,6.429311,0.5082311,0.21262902,0.21262902
8,22,518,0.1855439,19.41397,6.4276257,0.508575,0.21256122,0.21256122
8,23,519,0.18538971,19.402376,6.4256096,0.5092359,0.21243957,0.21243957
8,24,520,0.18524213,19.39162,6.4239597,0.5092461,0.21240832,0.21240832
8,25,521,0.18508513,19.378149,6.423253,0.50959533,0.212293,0.212293
8,26,522,0.18495622,19.369968,6.4225154,0.50968826,0.21228127,0.21228127
8,27,523,0.18486989,19.359577,6.4218435,0.51012254,0.21221632,0.21221632
8,28,524,0.18479358,19.345154,6.4198813,0.5100313,0.21213159,0.21213159
8,29,525,0.18465936,19.330444,6.4186893,0.51069176,0.21204704,0.21204704
8,30,526,0.1845552,19.323189,6.4169145,0.51076823,0.21196012,0.21196012
8,31,527,0.18439333,19.306774,6.415652,0.5109167,0.21188308,0.21188308
8,32,528,0.1842533,19.297031,6.4139967,0.51171315,0.21175805,0.21175805
8,33,529,0.18415612,19.28886,6.4121842,0.5114471,0.21165399,0.21165399
8,34,530,0.18402323,19.278542,6.4112163,0.5118217,0.21156864,0.21156864
8,35,531,0.18392804,19.268692,6.410636,0.5122976,0.21146265,0.21146265
8,36,532,0.18385532,19.26437,6.408747,0.5124333,0.21133389,0.21133389
8,37,533,0.18379623,19.26502,6.4078326,0.5126399,0.21125354,0.21125354
8,38,534,0.183657,19.25453,6.4057956,0.5125351,0.21119402,0.21119402
8,39,535,0.18353695,19.241472,6.4041,0.5125388,0.21116717,0.21116717
8,40,536,0.18340269,19.23096,6.403055,0.5129988,0.2110946,0.2110946
8,41,537,0.18322763,19.215244,6.4011292,0.5135152,0.21102078,0.21102078
8,42,538,0.1831018,19.203836,6.4004617,0.5142968,0.21098125,0.21098125
8,43,539,0.18293948,19.18925,6.3996286,0.51493686,0.21092235,0.21092235
8,44,540,0.18288827,19.196468,6.3988996,0.51558864,0.21082586,0.21082586
8,45,541,0.18287894,19.189003,6.398459,0.51566726,0.21080536,0.21080536
8,46,542,0.1827608,19.174776,6.3967743,0.51566356,0.21078509,0.21078509
8,47,543,0.18267746,19.171438,6.3955045,0.51618505,0.21067512,0.21067512
8,48,544,0.18254218,19.157335,6.3937917,0.5160307,0.21060634,0.21060634
8,49,545,0.18238062,19.141174,6.393396,0.5165213,0.21060814,0.21060814
8,50,546,0.18226643,19.13251,6.3911896,0.5165323,0.21051764,0.21051764
8,51,547,0.18218976,19.123728,6.3895383,0.51659375,0.21045281,0.21045281
8,52,548,0.18205275,19.11316,6.3879113,0.5165318,0.210363,0.210363
8,53,549,0.18196508,19.10592,6.3869033,0.5164782,0.2103145,0.2103145
8,54,550,0.18184921,19.089285,6.38402,0.5161552,0.21024291,0.21024291
8,55,551,0.18178774,19.083038,6.3833447,0.5162668,0.21019484,0.21019484
8,56,552,0.18166381,19.069092,6.3810983,0.51670843,0.2100804,0.2100804
8,57,553,0.1815485,19.055212,6.3804126,0.5167233,0.21002848,0.21002848
8,58,554,0.18142766,19.039762,6.380237,0.5167954,0.21000302,0.21000302
8,59,555,0.18132943,19.031324,6.3795104,0.51732904,0.20993075,0.20993075
8,60,556,0.1812068,19.014366,6.377508,0.5172456,0.20984341,0.20984341
8,61,557,0.18106902,18.999866,6.376009,0.5173297,0.20980321,0.20980321
9,0,558,0.18093047,18.989323,6.3734965,0.5176173,0.20968965,0.20968965
9,1,559,0.1807661,18.971216,6.371963,0.5174536,0.2096423,0.2096423
9,2,560,0.18063621,18.959808,6.3702035,0.51785326,0.20955946,0.20955946
9,3,561,0.18049876,18.949001,6.367729,0.5178113,0.20947966,0.20947966
9,4,562,0.18037215,18.937094,6.3657675,0.5179888,0.20938867,0.20938867
9,5,563,0.18023142,18.924225,6.364932,0.51800877,0.20932242,0.20932242
9,6,564,0.18009025,18.910324,6.3643794,0.51800424,0.20924927,0.20924927
9,7,565,0.18000016,18.90285,6.3628507,0.5178843,0.20918752,0.20918752
9,8,566,0.17990504,18.893108,6.3612084,0.51818955,0.20910853,0.20910853
9,9,567,0.17979038,18.878252,6.3618555,0.5189533,0.20909518,0.20909518
9,10,568,0.17968902,18.86954,6.3609467,0.51971465,0.20902555,0.20902555
9,11,569,0.17962232,18.861666,6.360102,0.5200209,0.20898715,0.20898715
9,12,570,0.17949978,18.84925,6.359174,0.5207027,0.20894429,0.20894429
9,13,571,0.179443,18.837967,6.357785,0.52064383,0.20890315,0.20890315
9,14,572,0.17929108,18.825277,6.3556957,0.5206673,0.20879734,0.20879734
9,15,573,0.17918108,18.815989,6.3556323,0.5207183,0.20879279,0.20879279
9,16,574,0.17906703,18.809593,6.3556166,0.52101946,0.20876212,0.20876212
9,17,575,0.17895684,18.793825,6.354956,0.5212514,0.2087504,0.2087504
9,18,576,0.17886756,18.785545,6.353234,0.5212912,0.20866318,0.20866318
9,19,577,0.17877726,18.77765,6.3520737,0.5216494,0.20859942,0.20859942
9,20,578,0.17871341,18.772858,6.350376,0.5219574,0.20855533,0.20855533
9,21,579,0.17858976,18.761591,6.3490605,0.5222089,0.20848505,0.20848505
9,22,580,0.17846583,18.755154,6.346544,0.52227086,0.20836805,0.20836805
9,23,581,0.17831573,18.740557,6.343497,0.5220328,0.2082737,0.2082737
9,24,582,0.17817494,18.726816,6.3438144,0.522578,0.20824024,0.20824024
9,25,583,0.1780618,18.718138,6.3423605,0.5227732,0.20815027,0.20815027
9,26,584,0.17795637,18.711237,6.3410735,0.5228001,0.20811361,0.20811361
9,27,585,0.1778351,18.698193,6.3399234,0.5227523,0.20805614,0.20805614
9,28,586,0.17769796,18.68245,6.338923,0.5227133,0.20803806,0.20803806
9,29,587,0.17756645,18.666544,6.3382144,0.5235356,0.20797996,0.20797996
9,30,588,0.17743903,18.653498,6.3370814,0.5234013,0.2079047,0.2079047
9,31,589,0.17736776,18.648567,6.335924,0.52320796,0.20786697,0.20786697
9,32,590,0.17725638,18.635853,6.3339844,0.5231315,0.207787,0.207787
9,33,591,0.17718536,18.627163,6.332574,0.52304435,0.20774035,0.20774035
9,34,592,0.17707597,18.614653,6.331365,0.5233271,0.20766762,0.20766762
9,35,593,0.17704755,18.618729,6.3299026,0.5238002,0.2075781,0.2075781
9,36,594,0.1769111,18.610495,6.3295546,0.52373064,0.2075759,0.2075759
9,37,595,0.17680934,18.60385,6.3299255,0.5239844,0.20755671,0.20755671
9,38,596,0.17672953,18.59564,6.3289533,0.5239269,0.20747775,0.20747775
9,39,597,0.17664233,18.581577,6.3281455,0.5242205,0.20742163,0.20742163
9,40,598,0.1765701,18.573215,6.328017,0.52477837,0.20738633,0.20738633
9,41,599,0.17645043,18.560732,6.327886,0.5250833,0.20734629,0.20734629
9,42,600,0.176332,18.550879,6.3269653,0.5253288,0.20732637,0.20732637
9,43,601,0.176287,18.548187,6.325068,0.52563095,0.207256,0.207256
9,44,602,0.17620307,18.535065,6.323767,0.52561533,0.2072139,0.2072139
9,45,603,0.17610854,18.52899,6.323395,0.52549297,0.2071741,0.2071741
9,46,604,0.17603147,18.523159,6.324376,0.52560246,0.20716682,0.20716682
9,47,605,0.1759674,18.516953,6.3236995,0.52595097,0.20711832,0.20711832
9,48,606,0.17587906,18.508036,6.3225813,0.52597314,0.20705104,0.20705104
9,49,607,0.17580703,18.502098,6.32247,0.526461,0.20702763,0.20702763
9,50,608,0.17565696,18.48794,6.322946,0.52693945,0.20702589,0.20702589
9,51,609,0.1755487,18.475199,6.3215036,0.5268986,0.20699042,0.20699042
9,52,610,0.17545816,18.4641,6.32118,0.52697605,0.20697302,0.20697302
9,53,611,0.175356,18.456213,6.321237,0.5272259,0.20700422,0.20700422
9,54,612,0.17525491,18.448751,6.3202724,0.5273893,0.20697835,0.20697835
9,55,613,0.17520365,18.451262,6.319123,0.52773845,0.20685562,0.20685562
9,56,614,0.17512031,18.448984,6.317735,0.527713,0.20676824,0.20676824
9,57,615,0.17499359,18.436714,6.316749,0.5276947,0.2066775,0.2066775
9,58,616,0.17495194,18.431326,6.3161016,0.52779907,0.20662801,0.20662801
9,59,617,0.17486124,18.423357,6.315096,0.52795756,0.20655312,0.20655312
9,60,618,0.17473307,18.411404,6.3147955,0.5279576,0.20647943,0.20647943
9,61,619,0.17463076,18.398088,6.314625,0.52756613,0.20642437,0.20642437
10,0,620,0.17453519,18.393744,6.313735,0.52754676,0.20637515,0.20637515
10,1,621,0.17443866,18.381804,6.3117924,0.5273955,0.20630918,0.20630918
10,2,622,0.17432508,18.366137,6.3106565,0.5274231,0.20625815,0.20625815
10,3,623,0.17420818,18.353945,6.309633,0.5272685,0.20619956,0.20619956
10,4,624,0.17409657,18.340626,6.309078,0.52751714,0.20614207,0.20614207
10,5,625,0.17396253,18.324991,6.307409,0.52767175,0.2060854,0.2060854
10,6,626,0.17388165,18.317295,6.305893,0.5280866,0.2060341,0.2060341
10,7,627,0.17383248,18.31097,6.305174,0.5287414,0.20596097,0.20596097
10,8,628,0.17374101,18.30307,6.304616,0.52946794,0.20588745,0.20588745
10,9,629,0.17370266,18.294846,6.303512,0.52967596,0.20583145,0.20583145
10,10,630,0.17361885,18.288698,6.3025355,0.5296071,0.20579377,0.20579377
10,11,631,0.17350039,18.276714,6.300491,0.52953994,0.20570023,0.20570023
10,12,632,0.17342359,18.26712,6.2985744,0.5293738,0.20562729,0.20562729
10,13,633,0.17332245,18.261396,6.2969484,0.52944225,0.20557979,0.20557979
10,14,634,0.17321336,18.25054,6.295533,0.52987915,0.20550945,0.20550945
10,15,635,0.17310303,18.240705,6.293269,0.52979696,0.20548111,0.20548111
10,16,636,0.17302403,18.233652,6.2921205,0.5299785,0.20543237,0.20543237
10,17,637,0.17292774,18.222221,6.291092,0.52991825,0.20539822,0.20539822
10,18,638,0.17283492,18.213623,6.2907662,0.5302371,0.20536666,0.20536666
10,19,639,0.17272222,18.201628,6.290523,0.5306999,0.2053161,0.2053161
10,20,640,0.17262787,18.195644,6.289115,0.5308286,0.20526499,0.20526499
10,21,641,0.172539,18.188335,6.288535,0.5310374,0.20524783,0.20524783
10,22,642,0.17242652,18.179432,6.2875457,0.53127325,0.20518441,0.20518441
10,23,643,0.17231785,18.168598,6.287062,0.5316487,0.20514421,0.20514421
10,24,644,0.17219971,18.15665,6.286623,0.53181386,0.20515989,0.20515989
10,25,645,0.17209841,18.146856,6.284981,0.53174794,0.20505852,0.20505852
10,26,646,0.17205015,18.135822,6.283151,0.53149986,0.20498991,0.20498991
10,27,647,0.171946,18.122467,6.281899,0.5315311,0.20491445,0.20491445
10,28,648,0.17182216,18.1097,6.280843,0.5321478,0.20483656,0.20483656
10,29,649,0.17170267,18.09669,6.279388,0.53207165,0.20479783,0.20479783
10,30,650,0.17161071,18.089457,6.2791576,0.5320577,0.2047124,0.2047124
10,31,651,0.17156667,18.091251,6.2796702,0.5324478,0.2047344,0.2047344
10,32,652,0.17147142,18.081417,6.279813,0.53273475,0.20469142,0.20469142
10,33,653,0.1714283,18.07696,6.279105,0.5329955,0.20463586,0.20463586
10,34,654,0.1714082,18.077438,6.278733,0.53310144,0.20457079,0.20457079
10,35,655,0.1712805,18.06363,6.2770905,0.5329808,0.20453203,0.20453203
10,36,656,0.17118311,18.05589,6.275831,0.53309745,0.20448087,0.20448087
10,37,657,0.17105445,18.040424,6.2749715,0.5332455,0.20438893,0.20438893
10,38,658,0.17095907,18.033419,6.273245,0.53332555,0.20434931,0.20434931
10,39,659,0.17089331,18.024866,6.2719707,0.5335722,0.20427103,0.20427103
10,40,660,0.17081028,18.017742,6.26984,0.53363997,0.20419613,0.20419613
10,41,661,0.17071295,18.007261,6.2687354,0.5339141,0.20412104,0.20412104
10,42,662,0.1705918,17.995373,6.267159,0.53367656,0.2040619,0.2040619
10,43,663,0.1705086,17.986763,6.2652974,0.5335997,0.2039783,0.2039783
10,44,664,0.17039473,17.974346,6.2651925,0.5340237,0.20392245,0.20392245
10,45,665,0.17028512,17.962923,6.2640986,0.53429586,0.20385207,0.20385207
10,46,666,0.17019175,17.952484,6.263825,0.53461266,0.20382538,0.20382538
10,47,667,0.17008029,17.939524,6.263191,0.53459966,0.20378353,0.20378353
10,48,668,0.16999564,17.933912,6.262072,0.5346008,0.20374507,0.20374507
10,49,669,0.16988868,17.92203,6.2613597,0.53453094,0.20368458,0.20368458
10,50,670,0.16979268,17.911125,6.261236,0.5347432,0.2036329,0.2036329
10,51,671,0.16968885,17.900028,6.260444,0.5351929,0.20358472,0.20358472
10,52,672,0.16960755,17.896982,6.2591248,0.53536475,0.2035336,0.2035336
10,53,673,0.16955659,17.897112,6.258351,0.5354223,0.20346685,0.20346685
10,54,674,0.16945495,17.890993,6.257361,0.53546554,0.20341115,0.20341115
10,55,675,0.16935578,17.882624,6.2559304,0.535506,0.20333442,0.20333442
10,56,676,0.16927934,17.878489,6.2544374,0.53555495,0.20331351,0.20331351
10,57,677,0.16916175,17.867529,6.253261,0.5356344,0.20331551,0.20331551
10,58,678,0.16908032,17.861935,6.2522917,0.5357546,0.20327237,0.20327237
10,59,679,0.16903016,17.860514,6.250553,0.5354338,0.20319915,0.20319915
10,60,680,0.16898236,17.86113,6.2497015,0.5357733,0.20314753,0.20314753
10,61,681,0.16887054,17.851955,6.2484436,0.53553104,0.20309374,0.20309374
11,0,682,0.16880038,17.844316,6.247832,0.53613627,0.2030484,0.2030484
11,1,683,0.1687174,17.832582,6.2485137,0.5362945,0.20303856,0.20303856
11,2,684,0.16861138,17.823359,6.2488756,0.5367398,0.202983,0.202983
11,3,685,0.16852865,17.817589,6.247729,0.5367941,0.20293722,0.20293722
11,4,686,0.16842982,17.80931,6.246971,0.5369806,0.20286731,0.20286731
11,5,687,0.1683578,17.801956,6.245783,0.53691673,0.2028449,0.2028449
11,6,688,0.16823491,17.7898,6.2454987,0.53720087,0.20281471,0.20281471
11,7,689,0.16813317,17.779127,6.244581,0.5372238,0.2027872,0.2027872
11,8,690,0.16802967,17.767542,6.2439713,0.5373305,0.20275143,0.20275143
11,9,691,0.1679143,17.756945,6.2437716,0.53774315,0.20273112,0.20273112
11,10,692,0.16782601,17.745188,6.243462,0.5378803,0.2027478,0.2027478
11,11,693,0.1677121,17.735535,6.242392,0.5377687,0.20267695,0.20267695
11,12,694,0.16762856,17.728243,6.2414575,0.5378921,0.2026147,0.2026147
11,13,695,0.16751295,17.71526,6.239829,0.5378863,0.20257163,0.20257163
11,14,696,0.16748576,17.711824,6.2389026,0.53824276,0.202516,0.202516
11,15,697,0.16742101,17.70584,6.2378154,0.53798246,0.20247059,0.20247059
11,16,698,0.16734987,17.700354,6.2373424,0.5382848,0.20241092,0.20241092
11,17,699,0.16726199,17.687527,6.2368417,0.53822666,0.20236292,0.20236292
11,18,700,0.1671593,17.674974,6.236072,0.5384186,0.20231742,0.20231742
11,19,701,0.16709596,17.667425,6.2353187,0.53857076,0.20225081,0.20225081
11,20,702,0.16699468,17.65702,6.2344546,0.5385225,0.20221505,0.20221505
11,21,703,0.16688965,17.643738,6.233432,0.53858274,0.20217608,0.20217608
11,22,704,0.16683719,17.635696,6.2330546,0.5387573,0.20213348,0.20213348
11,23,705,0.16673116,17.62584,6.231628,0.5387704,0.20207262,0.20207262
11,24,706,0.1666362,17.615156,6.231393,0.5387534,0.2020658,0.2020658
11,25,707,0.16652796,17.603388,6.230611,0.53876984,0.20202693,0.20202693
11,26,708,0.16644876,17.593193,6.229186,0.5391141,0.2019351,0.2019351
11,27,709,0.16637406,17.583809,6.2283792,0.5389857,0.20190059,0.20190059
11,28,710,0.16629162,17.574238,6.2280917,0.5389091,0.20191446,0.20191446
11,29,711,0.16621,17.568066,6.22778,0.53913754,0.20189841,0.20189841
11,30,712,0.1661286,17.560541,6.2269735,0.5393292,0.20182304,0.20182304
11,31,713,0.16605808,17.55447,6.2269344,0.5396284,0.201765,0.201765
11,32,714,0.16598168,17.551226,6.2253795,0.53938323,0.20170364,0.20170364
11,33,715,0.16588807,17.543867,6.2239666,0.5394184,0.2016503,0.2016503
11,34,716,0.16581026,17.53582,6.223178,0.53927875,0.20160052,0.20160052
11,35,717,0.16575089,17.52699,6.221745,0.5393555,0.20153196,0.20153196
11,36,718,0.1656749,17.519054,6.219986,0.5395315,0.20145468,0.20145468
11,37,719,0.16561517,17.511747,6.2190247,0.54013604,0.20139544,0.20139544
11,38,720,0.16553432,17.505253,6.218782,0.5404149,0.20136163,0.20136163
11,39,721,0.16549799,17.4993,6.2186804,0.5408302,0.20132852,0.20132852
11,40,722,0.16541296,17.491495,6.2186575,0.5404154,0.201304,0.201304
11,41,723,0.16536605,17.491917,6.218538,0.5410033,0.20127785,0.20127785
11,42,724,0.1652951,17.481989,6.218225,0.54134005,0.2012554,0.2012554
11,43,725,0.16522172,17.478634,6.2166095,0.54146045,0.20118542,0.20118542
11,44,726,0.16517982,17.477537,6.215606,0.5415988,0.20111789,0.20111789
11,45,727,0.16510355,17.470522,6.2145877,0.5416647,0.2010788,0.2010788
11,46,728,0.1650493,17.46347,6.213435,0.5416241,0.20104472,0.20104472
11,47,729,0.16495992,17.456673,6.212781,0.542007,0.2010061,0.2010061
11,48,730,0.16489807,17.450527,6.2125597,0.5425285,0.20096523,0.20096523
11,49,731,0.16481063,17.444721,6.2109833,0.5425166,0.20092018,0.20092018
11,50,732,0.16475111,17.444235,6.2096825,0.542608,0.20084535,0.20084535
11,51,733,0.16470315,17.443436,6.2085514,0.54257214,0.20081037,0.20081037
11,52,734,0.16461644,17.435318,6.2069197,0.5428045,0.20075287,0.20075287
11,53,735,0.16458443,17.43004,6.2058325,0.5430577,0.2006967,0.2006967
11,54,736,0.16453095,17.420202,6.204595,0.5431198,0.20063987,0.20063987
11,55,737,0.16448203,17.416052,6.2044473,0.5438643,0.20058292,0.20058292
11,56,738,0.16442275,17.409885,6.2044883,0.54396373,0.20057863,0.20057863
11,57,739,0.16439758,17.408928,6.2045517,0.5442374,0.20052655,0.20052655
11,58,740,0.16436091,17.410206,6.203026,0.5442403,0.2004425,0.2004425
11,59,741,0.16429609,17.406588,6.2029676,0.54429716,0.20038584,0.20038584
11,60,742,0.16422053,17.400063,6.2025065,0.54436815,0.20035276,0.20035276
11,61,743,0.16415542,17.396791,6.201369,0.5446415,0.20030753,0.20030753
12,0,744,0.16407263,17.390612,6.2001963,0.5445919,0.20031005,0.20031005
12,1,745,0.16400431,17.38523,6.1995077,0.54491484,0.20025529,0.20025529
12,2,746,0.16394693,17.381304,6.198662,0.5453311,0.20018665,0.20018665
12,3,747,0.163896,17.377953,6.198042,0.5455389,0.20015334,0.20015334
12,4,748,0.16388065,17.37399,6.1971917,0.5461091,0.20009232,0.20009232
12,5,749,0.16449268,17.495558,6.1983476,0.54840094,0.1999993,0.1999993
12,6,750,0.16466433,17.540722,6.1977887,0.5482075,0.19998005,0.19998005
12,7,751,0.16474427,17.562794,6.197054,0.5480082,0.19996628,0.19996628
12,8,752,0.16479708,17.58381,6.195826,0.5478109,0.1999283,0.1999283
12,9,753,0.16482379,17.598804,6.1939383,0.54770344,0.19986844,0.19986844
12,10,754,0.16486607,17.617725,6.19306,0.54765636,0.19980389,0.19980389
12,11,755,0.16490322,17.631254,6.191968,0.54755074,0.19973722,0.19973722
12,12,756,0.16496606,17.644321,6.1912265,0.5473999,0.19969833,0.19969833
12,13,757,0.16499695,17.660654,6.189585,0.5472552,0.19961907,0.19961907
12,14,758,0.16499647,17.668066,6.1887894,0.54717517,0.1995789,0.1995789
12,15,759,0.16496974,17.672205,6.187512,0.5471876,0.19951993,0.19951993
12,16,760,0.16496357,17.681164,6.1868896,0.5471999,0.19945742,0.19945742
12,17,761,0.16495968,17.687544,6.185625,0.547288,0.19939663,0.19939663
12,18,762,0.16492906,17.691782,6.1836996,0.5472929,0.19931561,0.19931561
12,19,763,0.16492586,17.69817,6.182223,0.54765135,0.19927707,0.19927707
12,20,764,0.16494207,17.694712,6.180703,0.5474557,0.19924092,0.19924092
12,21,765,0.16491815,17.6966,6.17964,0.5473781,0.19919401,0.19919401
12,22,766,0.16489395,17.698372,6.178949,0.5474196,0.19915472,0.19915472
12,23,767,0.16487259,17.69948,6.1773586,0.54733884,0.19910596,0.19910596
12,24,768,0.1648594,17.702854,6.175945,0.54714376,0.19903995,0.19903995
12,25,769,0.1648409,17.709713,6.1739883,0.5469351,0.198971,0.198971
12,26,770,0.16480327,17.709282,6.1725874,0.54685587,0.19890098,0.19890098
12,27,771,0.16475423,17.707315,6.171695,0.5467639,0.19891122,0.19891122
12,28,772,0.16472614,17.710316,6.169574,0.54638046,0.19882686,0.19882686
12,29,773,0.16469747,17.707678,6.168389,0.5463137,0.19878227,0.19878227
12,30,774,0.16466984,17.70538,6.1670995,0.5458763,0.19872926,0.19872926
12,31,775,0.16461614,17.70602,6.165691,0.5454897,0.19868301,0.19868301
12,32,776,0.16455904,17.704647,6.1643147,0.5453019,0.19862719,0.19862719
12,33,777,0.16452676,17.706404,6.163086,0.54515517,0.1986146,0.1986146
12,34,778,0.16447787,17.704496,6.1622243,0.5452997,0.19854914,0.19854914
12,35,779,0.16445416,17.698723,6.160704,0.5451683,0.19848354,0.19848354
12,36,780,0.1643888,17.69833,6.1595087,0.5449892,0.19843343,0.19843343
12,37,781,0.16432643,17.694826,6.1588974,0.5448108,0.1984068,0.1984068
12,38,782,0.16423509,17.68658,6.157602,0.54470533,0.19834319,0.19834319
12,39,783,0.1641497,17.676428,6.156818,0.5445807,0.19832042,0.19832042
12,40,784,0.16407569,17.668644,6.155588,0.54451984,0.19829042,0.19829042
12,41,785,0.16405797,17.659563,6.1541486,0.54458535,0.19822307,0.19822307
12,42,786,0.16399276,17.649574,6.1533995,0.5444737,0.19818023,0.19818023
12,43,787,0.16393274,17.64309,6.152869,0.54448295,0.19813061,0.19813061
12,44,788,0.16388705,17.637966,6.1522875,0.5447412,0.19808993,0.19808993
12,45,789,0.16382582,17.632017,6.1520305,0.54482275,0.19807999,0.19807999
12,46,790,0.16381389,17.633429,6.1503963,0.5446429,0.19802617,0.19802617
12,47,791,0.16378304,17.63181,6.150009,0.5448291,0.19799878,0.19799878
12,48,792,0.1636984,17.62301,6.149159,0.5449333,0.1979501,0.1979501
12,49,793,0.16368388,17.616335,6.148504,0.54460657,0.1979241,0.1979241
12,50,794,0.1636223,17.611206,6.147292,0.5445633,0.1978959,0.1978959
12,51,795,0.16355199,17.600744,6.146622,0.54462904,0.19783324,0.19783324
12,52,796,0.16349679,17.596523,6.1455083,0.5447544,0.19777071,0.19777071
12,53,797,0.16348696,17.59714,6.1454244,0.54484105,0.19771872,0.19771872
12,54,798,0.16341898,17.593702,6.144722,0.5449681,0.19766636,0.19766636
12,55,799,0.16334108,17.587431,6.1437464,0.54494095,0.19763184,0.19763184
12,56,800,0.16329274,17.582972,6.1431427,0.544831,0.19765225,0.19765225
12,57,801,0.16324443,17.578772,6.142509,0.5448346,0.19762486,0.19762486
12,58,802,0.1631978,17.577522,6.1413093,0.5448297,0.19758683,0.19758683
12,59,803,0.1631295,17.569372,6.1399307,0.54479563,0.19752713,0.19752713
12,60,804,0.16304842,17.561554,6.1392612,0.5447645,0.19749181,0.19749181
12,61,805,0.16295177,17.554104,6.1376753,0.5448664,0.19744447,0.19744447
13,0,806,0.16286528,17.544662,6.13614,0.54501176,0.19742264,0.19742264
13,1,807,0.16279507,17.537823,6.1346717,0.5452082,0.19736211,0.19736211
13,2,808,0.16271412,17.530846,6.1336966,0.5454385,0.19730355,0.19730355
13,3,809,0.16266972,17.525063,6.1328564,0.5458277,0.1972271,0.1972271
13,4,810,0.16259035,17.51726,6.132497,0.5460921,0.1972149,0.1972149
13,5,811,0.16257572,17.513138,6.1309643,0.54582036,0.19716197,0.19716197
13,6,812,0.16253623,17.510166,6.1299133,0.54611546,0.19712074,0.19712074
13,7,813,0.16248168,17.505602,6.1292,0.5462851,0.1970904,0.1970904
13,8,814,0.16240609,17.498299,6.1286583,0.5465851,0.19707629,0.19707629
13,9,815,0.16235667,17.495949,6.1277947,0.54696196,0.1970533,0.1970533
13,10,816,0.16228084,17.486921,6.126365,0.5467664,0.1970208,0.1970208
13,11,817,0.16223115,17.484062,6.125181,0.5466332,0.19694324,0.19694324
13,12,818,0.16218448,17.480778,6.1244755,0.5466413,0.1968874,0.1968874
13,13,819,0.16213189,17.477703,6.12348,0.546632,0.19684087,0.19684087
13,14,820,0.16206005,17.471704,6.1232867,0.5470674,0.1968316,0.1968316
13,15,821,0.16198303,17.464642,6.1233726,0.54727376,0.19678614,0.19678614
13,16,822,0.16193117,17.458075,6.1224794,0.54732805,0.1967497,0.1967497
13,17,823,0.16187774,17.450758,6.121419,0.5473324,0.19668089,0.19668089
13,18,824,0.16179843,17.443386,6.119804,0.54721874,0.19660276,0.19660276
13,19,825,0.16174135,17.438457,6.1185827,0.54706734,0.1965451,0.1965451
13,20,826,0.16168453,17.431004,6.1182237,0.54713124,0.19654675,0.19654675
13,21,827,0.1616402,17.425756,6.117201,0.54695857,0.19651373,0.19651373
13,22,828,0.16159609,17.41963,6.1161227,0.5468636,0.19645244,0.19645244
13,23,829,0.16155311,17.418503,6.114499,0.546783,0.1964009,0.1964009
13,24,830,0.16152182,17.413536,6.1138215,0.54699266,0.19637974,0.19637974
13,25,831,0.16144955,17.406607,6.1131473,0.5470891,0.19633079,0.19633079
13,26,832,0.161367,17.39893,6.1121416,0.54720354,0.19630961,0.19630961
13,27,833,0.16128418,17.391338,6.11135,0.5473812,0.19628747,0.19628747
13,28,834,0.16123134,17.3844,6.1113234,0.5478033,0.19628413,0.19628413
13,29,835,0.16117549,17.379517,6.110431,0.5479209,0.19622289,0.19622289
13,30,836,0.1611478,17.374914,6.10967,0.54771656,0.19621113,0.19621113
13,31,837,0.16110842,17.37296,6.10872,0.54762197,0.19618443,0.19618443
13,32,838,0.16103439,17.36715,6.1074114,0.5475521,0.19614011,0.19614011
13,33,839,0.16101837,17.36272,6.107042,0.5476022,0.19611286,0.19611286
13,34,840,0.16096663,17.359108,6.10581,0.5475387,0.19608079,0.19608079
13,35,841,0.16089451,17.349817,6.104957,0.54760414,0.19602704,0.19602704
13,36,842,0.1608321,17.343805,6.1040134,0.54757226,0.19599059,0.19599059
13,37,843,0.16075611,17.335587,6.103296,0.54781705,0.19595385,0.19595385
13,38,844,0.16068323,17.329308,6.102221,0.54774904,0.19592258,0.19592258
13,39,845,0.1606417,17.325079,6.1014957,0.5477459,0.19589311,0.19589311
13,40,846,0.16058284,17.31987,6.100169,0.5477297,0.19582781,0.19582781
13,41,847,0.16050473,17.311415,6.0988817,0.54781145,0.19576967,0.19576967
13,42,848,0.16045183,17.306732,6.0980773,0.5476365,0.19575872,0.19575872
13,43,849,0.16041505,17.302408,6.0971785,0.5476147,0.19574527,0.19574527
13,44,850,0.16034998,17.294104,6.0967064,0.5475844,0.19574398,0.19574398
13,45,851,0.16029447,17.288229,6.0955205,0.5475942,0.19570841,0.19570841
13,46,852,0.16021653,17.279535,6.095256,0.547997,0.1956958,0.1956958
13,47,853,0.16018999,17.278597,6.0944567,0.5481642,0.19563685,0.19563685
13,48,854,0.16013893,17.277124,6.0938897,0.54842937,0.19558592,0.19558592
13,49,855,0.16006719,17.27076,6.0922427,0.54830116,0.19553337,0.19553337
13,50,856,0.16003941,17.266443,6.0912876,0.54818344,0.1955009,0.1955009
13,51,857,0.15999466,17.2595,6.0904274,0.5482031,0.19544688,0.19544688
13,52,858,0.15992478,17.250599,6.089786,0.5482808,0.19541366,0.19541366
13,53,859,0.15986556,17.242908,6.0885153,0.54836965,0.19534887,0.19534887
13,54,860,0.1597773,17.231956,6.0879216,0.5486948,0.19530955,0.19530955
13,55,861,0.15973394,17.22663,6.0866523,0.54907525,0.19523743,0.19523743
13,56,862,0.15967333,17.221508,6.085881,0.5491207,0.1952024,0.1952024
13,57,863,0.15961987,17.216005,6.0854244,0.54919577,0.1951628,0.1951628
13,58,864,0.15957242,17.208698,6.0851817,0.54904366,0.19515458,0.19515458
13,59,865,0.15954848,17.20928,6.0842977,0.5491201,0.19511504,0.19511504
13,60,866,0.15951067,17.202932,6.084492,0.54914606,0.1951232,0.1951232
13,61,867,0.159459,17.19698,6.0846124,0.5496262,0.19509928,0.19509928
14,0,868,0.15939558,17.188826,6.083962,0.54954094,0.19506599,0.19506599
14,1,869,0.15932968,17.182972,6.08359,0.5497678,0.19505545,0.19505545
14,2,870,0.15927619,17.178932,6.0821605,0.5495998,0.19501765,0.19501765
14,3,871,0.1592027,17.170706,6.081008,0.5496052,0.19497456,0.19497456
14,4,872,0.1591529,17.165705,6.079759,0.5494457,0.19492044,0.19492044
14,5,873,0.15911897,17.16352,6.078302,0.5495667,0.19485794,0.19485794
14,6,874,0.15904841,17.15706,6.0772657,0.54921436,0.19482167,0.19482167
14,7,875,0.15897387,17.149141,6.07618,0.54907054,0.19479448,0.19479448
14,8,876,0.15893552,17.144468,6.0748024,0.54889584,0.1947329,0.1947329
14,9,877,0.15892166,17.144194,6.0740695,0.5490206,0.19471768,0.19471768
14,10,878,0.15886426,17.135536,6.0734015,0.54911,0.19465163,0.19465163
14,11,879,0.15882593,17.133167,6.073091,0.5490352,0.19462475,0.19462475
14,12,880,0.15875396,17.12448,6.0719824,0.5489274,0.19456969,0.19456969
14,13,881,0.15870997,17.121931,6.07115,0.5490598,0.19452687,0.19452687
14,14,882,0.15863353,17.11315,6.070275,0.5492095,0.19449905,0.19449905
14,15,883,0.15857972,17.10496,6.069858,0.5493045,0.19446747,0.19446747
14,16,884,0.15853462,17.098904,6.069293,0.54949677,0.194449,0.194449
14,17,885,0.1585271,17.101866,6.0685024,0.54989755,0.19440027,0.19440027
14,18,886,0.15848315,17.100304,6.0679364,0.5499505,0.19437733,0.19437733
14,19,887,0.15844755,17.096714,6.0677156,0.55042565,0.19434153,0.19434153
14,20,888,0.15842973,17.091286,6.06773,0.5504964,0.19431476,0.19431476
14,21,889,0.15840039,17.08392,6.0671816,0.550513,0.19427823,0.19427823
14,22,890,0.15834275,17.079002,6.0666437,0.55101794,0.19424652,0.19424652
14,23,891,0.15829168,17.069647,6.0660315,0.5508719,0.19424653,0.19424653
14,24,892,0.15826124,17.06787,6.0653596,0.550883,0.19421856,0.19421856
14,25,893,0.15819348,17.061611,6.0643215,0.5509043,0.19418217,0.19418217
14,26,894,0.15817016,17.057238,6.063813,0.55113417,0.19411565,0.19411565
14,27,895,0.15811513,17.05285,6.062891,0.5510348,0.19406882,0.19406882
14,28,896,0.15809137,17.05493,6.062493,0.5511002,0.19404595,0.19404595
14,29,897,0.15803953,17.049023,6.061087,0.5509608,0.1939943,0.1939943
14,30,898,0.158018,17.045025,6.060513,0.55108196,0.19394854,0.19394854
14,31,899,0.15793645,17.034868,6.059666,0.55113643,0.19390438,0.19390438
14,32,900,0.15787728,17.029139,6.058141,0.55099654,0.19385873,0.19385873
14,33,901,0.1578434,17.028343,6.0580044,0.5511861,0.19380642,0.19380642
14,34,902,0.15777469,17.021149,6.057272,0.5510982,0.19376042,0.19376042
14,35,903,0.1577475,17.01638,6.0569954,0.5513655,0.19371845,0.19371845
14,36,904,0.15770856,17.010254,6.0569706,0.551686,0.19371524,0.19371524
14,37,905,0.15767774,17.005678,6.056545,0.5518854,0.19368571,0.19368571
14,38,906,0.15761891,17.000038,6.0568533,0.5521115,0.19369543,0.19369543
14,39,907,0.15756649,16.993576,6.056,0.5520317,0.19367282,0.19367282
14,40,908,0.15753567,16.99362,6.0556974,0.55212283,0.19362737,0.19362737
14,41,909,0.15749727,16.991285,6.0547395,0.5521844,0.1935816,0.1935816
14,42,910,0.15744619,16.985771,6.0543246,0.5523594,0.19355868,0.19355868
14,43,911,0.15740284,16.98431,6.0531216,0.5523072,0.19352451,0.19352451
14,44,912,0.1573367,16.980421,6.0520196,0.55235445,0.19348167,0.19348167
14,45,913,0.15726978,16.974121,6.0514536,0.55247426,0.19347937,0.19347937
14,46,914,0.15723667,16.974468,6.0505133,0.5524793,0.19343941,0.19343941
14,47,915,0.157188,16.97329,6.0502014,0.5527505,0.19341527,0.19341527
14,48,916,0.15715331,16.967562,6.0498753,0.5528004,0.19339666,0.19339666
14,49,917,0.15710074,16.96365,6.049644,0.55325335,0.19337352,0.19337352
14,50,918,0.15705256,16.959568,6.049149,0.55333334,0.19333538,0.19333538
14,51,919,0.15698528,16.95362,6.049274,0.5536935,0.19332834,0.19332834
14,52,920,0.15693164,16.948166,6.048462,0.55417883,0.19327293,0.19327293
14,53,921,0.15687262,16.942724,6.047789,0.55454737,0.19323848,0.19323848
14,54,922,0.1568391,16.936243,6.0468025,0.5544836,0.19320135,0.19320135
14,55,923,0.1567908,16.933922,6.046442,0.5546075,0.1931797,0.1931797
14,56,924,0.15671875,16.92743,6.0458183,0.5547396,0.19315702,0.19315702
14,57,925,0.1566555,16.920242,6.044935,0.55485785,0.19314688,0.19314688
14,58,926,0.15663573,16.915104,6.043675,0.55476713,0.1931173,0.1931173
14,59,927,0.15661272,16.912907,6.0426188,0.55494016,0.19308342,0.19308342
14,60,928,0.15658513,16.910246,6.0418053,0.5549917,0.19304073,0.19304073
14,61,929,0.15654899,16.9082,6.040782,0.5550945,0.19299741,0.19299741
15,0,930,0.15652367,16.906256,6.0392756,0.5550844,0.19291623,0.19291623
15,1,931,0.15646443,16.90012,6.038303,0.5554293,0.19286661,0.19286661
15,2,932,0.15641135,16.894283,6.037449,0.5555655,0.19284393,0.19284393
15,3,933,0.15634696,16.889196,6.03712,0.5556944,0.19282535,0.19282535
15,4,934,0.15630135,16.885244,6.0369835,0.5560331,0.19285518,0.19285518
15,5,935,0.15626219,16.881645,6.0370746,0.5564889,0.19281815,0.19281815
15,6,936,0.15621826,16.877016,6.0361557,0.5563901,0.19280542,0.19280542
15,7,937,0.15618217,16.87644,6.035311,0.55642056,0.1927958,0.1927958
15,8,938,0.15616378,16.87563,6.036168,0.55673575,0.19279541,0.19279541
15,9,939,0.15613127,16.875267,6.0360503,0.5568696,0.19275993,0.19275993
15,10,940,0.15612727,16.877491,6.0355372,0.5570019,0.19273841,0.19273841
15,11,941,0.15612122,16.872713,6.035803,0.5570931,0.19273314,0.19273314
15,12,942,0.15609613,16.866943,6.034715,0.5569062,0.19270352,0.19270352
15,13,943,0.15605232,16.860142,6.0341787,0.5571706,0.19269541,0.19269541
15,14,944,0.1560357,16.857914,6.0339355,0.5572184,0.19267371,0.19267371
15,15,945,0.15597595,16.854418,6.03307,0.55702424,0.19262628,0.19262628
15,16,946,0.15591937,16.846651,6.032064,0.55696046,0.19260454,0.19260454
15,17,947,0.15589572,16.847712,6.0313873,0.5569733,0.19256535,0.19256535
15,18,948,0.15585169,16.843763,6.030467,0.55715084,0.19253226,0.19253226
15,19,949,0.15581587,16.838213,6.029521,0.55695,0.1924999,0.1924999
15,20,950,0.15579905,16.836151,6.029383,0.55716014,0.19248451,0.19248451
15,21,951,0.1557187,16.827604,6.0284233,0.55708957,0.19246574,0.19246574
15,22,952,0.1556611,16.823463,6.027642,0.5573674,0.19241987,0.19241987
15,23,953,0.15560147,16.818178,6.026407,0.5574863,0.19235781,0.19235781
15,24,954,0.1555725,16.816374,6.025961,0.5577168,0.1923413,0.1923413
15,25,955,0.15551338,16.81027,6.025216,0.5576747,0.19231434,0.19231434
15,26,956,0.15545726,16.805025,6.0247755,0.5578025,0.19230771,0.19230771
15,27,957,0.15541361,16.802761,6.0236,0.55800647,0.1922633,0.1922633
15,28,958,0.15539318,16.797462,6.02227,0.5580666,0.1922131,0.1922131
15,29,959,0.15539506,16.799759,6.0209947,0.5581905,0.19217014,0.19217014
15,30,960,0.15534855,16.795965,6.0195913,0.5580359,0.19210991,0.19210991
15,31,961,0.15528731,16.79002,6.0190277,0.55795,0.19209045,0.19209045
15,32,962,0.15523872,16.785969,6.0179434,0.55792814,0.19205984,0.19205984
15,33,963,0.15519303,16.780886,6.016841,0.5578617,0.19200613,0.19200613
15,34,964,0.15514372,16.775312,6.0157485,0.5578672,0.19196965,0.19196965
15,35,965,0.15510517,16.771772,6.014848,0.5580066,0.19192795,0.19192795
15,36,966,0.15507299,16.769087,6.013982,0.5581593,0.19187105,0.19187105
15,37,967,0.15504834,16.766695,6.0126348,0.5582043,0.19182177,0.19182177
15,38,968,0.15502824,16.764774,6.011543,0.5583125,0.19181074,0.19181074
15,39,969,0.15500703,16.76067,6.011431,0.55869246,0.19180453,0.19180453
15,40,970,0.15495826,16.755724,6.0105367,0.558827,0.19175285,0.19175285
15,41,971,0.15491343,16.75086,6.0100913,0.5588805,0.1917244,0.1917244
15,42,972,0.15488213,16.750366,6.0097036,0.55904037,0.19169071,0.19169071
15,43,973,0.15483473,16.746775,6.008757,0.5590013,0.19164863,0.19164863
15,44,974,0.15482059,16.745378,6.0086436,0.55897164,0.19165643,0.19165643
15,45,975,0.15476678,16.741571,6.0080056,0.55897176,0.19162618,0.19162618
15,46,976,0.15473187,16.741184,6.0068793,0.5591833,0.19155854,0.19155854
15,47,977,0.15468934,16.737883,6.006655,0.5593713,0.19156867,0.19156867
15,48,978,0.154631,16.733494,6.005843,0.5594872,0.19154458,0.19154458
15,49,979,0.15462571,16.732553,6.0048156,0.55954856,0.19150816,0.19150816
15,50,980,0.15458682,16.728678,6.0037546,0.55949414,0.1914674,0.1914674
15,51,981,0.15451437,16.721798,6.002815,0.5593346,0.1914427,0.1914427
15,52,982,0.15443978,16.714453,6.0015316,0.55948544,0.19138797,0.19138797
15,53,983,0.15438348,16.709076,6.0009594,0.5595103,0.19137967,0.19137967
15,54,984,0.1543365,16.703978,6.000495,0.5595599,0.19133937,0.19133937
15,55,985,0.15428318,16.700914,6.000318,0.5599158,0.19128652,0.19128652
15,56,986,0.15426043,16.699753,6.0002627,0.56032205,0.19127323,0.19127323
15,57,987,0.1542458,16.70035,6.0000267,0.5603507,0.19125016,0.19125016
15,58,988,0.15420526,16.699396,5.999066,0.56042427,0.19122058,0.19122058
15,59,989,0.15420255,16.700277,5.998154,0.56036997,0.1911695,0.1911695
15,60,990,0.15417495,16.697865,5.997535,0.56051207,0.19112353,0.19112353
15,61,991,0.15413575,16.694456,5.997062,0.5605771,0.19109425,0.19109425
16,0,992,0.15408887,16.691013,5.9960876,0.560618,0.19106941,0.19106941
16,1,993,0.15403724,16.684187,5.9952517,0.560638,0.19101977,0.19101977
16,2,994,0.15400282,16.679264,5.9937916,0.56058097,0.19097537,0.19097537
16,3,995,0.15396959,16.674795,5.992737,0.56057984,0.1909294,0.1909294
16,4,996,0.15392399,16.668139,5.992164,0.56045717,0.19089833,0.19089833
16,5,997,0.15387076,16.663147,5.991317,0.5605552,0.19084458,0.19084458
16,6,998,0.15381786,16.65669,5.9902754,0.5605218,0.1908089,0.1908089
16,7,999,0.15378755,16.651247,5.9890947,0.5605609,0.19077067,0.19077067
16,8,1000,0.1537256,16.646708,5.9885845,0.5608386,0.19072437,0.19072437
16,9,1001,0.15367134,16.643654,5.988636,0.56124294,0.19074675,0.19074675
16,10,1002,0.15364139,16.642218,5.988196,0.561112,0.19071405,0.19071405
16,11,1003,0.15360531,16.641453,5.987468,0.56130654,0.19067694,0.19067694
16,12,1004,0.15356618,16.634495,5.986597,0.56123114,0.19064781,0.19064781
16,13,1005,0.15352266,16.629572,5.986219,0.5612274,0.1906543,0.1906543
16,14,1006,0.15347424,16.624996,5.985755,0.56137705,0.19060756,0.19060756
16,15,1007,0.15343234,16.619509,5.9856544,0.561476,0.1905875,0.1905875
16,16,1008,0.15339434,16.61404,5.985431,0.56166947,0.19056466,0.19056466
16,17,1009,0.15333444,16.606163,5.98477,0.5617796,0.19053102,0.19053102
16,18,1010,0.1532953,16.603586,5.9836407,0.5617988,0.19048533,0.19048533
16,19,1011,0.1532899,16.604753,5.9828963,0.56176674,0.1904391,0.1904391
16,20,1012,0.15325506,16.60108,5.981931,0.5617102,0.190402,0.190402
16,21,1013,0.15322082,16.597721,5.9813137,0.561623,0.1903725,0.1903725
16,22,1014,0.15319209,16.592316,5.9804425,0.5616269,0.19033873,0.19033873
16,23,1015,0.15317301,16.590115,5.979712,0.5615737,0.19030888,0.19030888
16,24,1016,0.15314314,16.58555,5.9790597,0.56187916,0.19027206,0.19027206
16,25,1017,0.15312997,16.583616,5.9783616,0.5622126,0.19022217,0.19022217
16,26,1018,0.15313712,16.580078,5.9770594,0.5620921,0.19016635,0.19016635
16,27,1019,0.15312392,16.580746,5.976172,0.56213385,0.19011642,0.19011642
16,28,1020,0.15308034,16.576307,5.975356,0.56220466,0.19009289,0.19009289
16,29,1021,0.1530409,16.573582,5.974486,0.5622401,0.19006091,0.19006091
16,30,1022,0.15301321,16.570612,5.973753,0.56249994,0.19001055,0.19001055
16,31,1023,0.15295109,16.564697,5.972894,0.56262565,0.18997192,0.18997192
16,32,1024,0.15292148,16.563494,5.9727035,0.56282115,0.18995158,0.18995158
16,33,1025,0.152902,16.563807,5.971475,0.5629752,0.18989047,0.18989047
16,34,1026,0.15287742,16.559559,5.9712176,0.56302637,0.189852,0.189852
16,35,1027,0.1528973,16.5675,5.9711742,0.5631772,0.18982947,0.18982947
16,36,1028,0.15285075,16.563433,5.971464,0.56313753,0.18982154,0.18982154
16,37,1029,0.15284084,16.56134,5.9709563,0.56331515,0.1897927,0.1897927
16,38,1030,0.15281132,16.556845,5.9703474,0.5632813,0.18977402,0.18977402
16,39,1031,0.15278636,16.553902,5.970201,0.5633172,0.18974364,0.18974364
16,40,1032,0.15275612,16.551123,5.9701223,0.56389725,0.18968447,0.18968447
16,41,1033,0.15274076,16.548738,5.969439,0.5638992,0.18965405,0.18965405
16,42,1034,0.15271664,16.547474,5.9688506,0.56412333,0.1896387,0.1896387
16,43,1035,0.15268546,16.542715,5.9685836,0.56393194,0.18965288,0.18965288
16,44,1036,0.15265602,16.542206,5.9683557,0.56403995,0.18962365,0.18962365
16,45,1037,0.15261534,16.539196,5.9678006,0.5640723,0.189597,0.189597
16,46,1038,0.15258211,16.535654,5.9671297,0.5641169,0.18957475,0.18957475
16,47,1039,0.15253948,16.53177,5.9662356,0.56407696,0.1895414,0.1895414
16,48,1040,0.152499,16.528864,5.9654875,0.56412995,0.18951322,0.18951322
16,49,1041,0.15243411,16.522816,5.965238,0.56429005,0.18950537,0.18950537
16,50,1042,0.15240987,16.523886,5.963664,0.56420135,0.1894628,0.1894628
16,51,1043,0.1523897,16.520926,5.962939,0.5642137,0.18943927,0.18943927
16,52,1044,0.15235591,16.517214,5.9620385,0.5640581,0.18941051,0.18941051
16,53,1045,0.15230897,16.51472,5.962346,0.5642597,0.18938239,0.18938239
16,54,1046,0.15228733,16.510721,5.962011,0.5644864,0.18936303,0.18936303
16,55,1047,0.15224078,16.505136,5.9619007,0.56476754,0.1893406,0.1893406
16,56,1048,0.15222847,16.50575,5.9614277,0.56491655,0.18933414,0.18933414
16,57,1049,0.15220772,16.504543,5.960866,0.5651496,0.18932955,0.18932955
16,58,1050,0.15217713,16.50181,5.96016,0.5652857,0.18929398,0.18929398
16,59,1051,0.15213822,16.497017,5.9597588,0.56556445,0.18926345,0.18926345
16,60,1052,0.15209728,16.493765,5.9589677,0.5656849,0.18922327,0.18922327
16,61,1053,0.15208414,16.494156,5.9585967,0.56567156,0.18921657,0.18921657
17,0,1054,0.15205804,16.494303,5.957778,0.565899,0.18916436,0.18916436
17,1,1055,0.152035,16.492334,5.957623,0.5660287,0.18916337,0.18916337
17,2,1056,0.15201679,16.488127,5.9567723,0.56612843,0.18912715,0.18912715
17,3,1057,0.15196916,16.48325,5.956255,0.56612766,0.18908344,0.18908344
17,4,1058,0.15190583,16.47599,5.9556613,0.56613153,0.18905143,0.18905143
17,5,1059,0.15186729,16.470823,5.955157,0.56623197,0.18901789,0.18901789
17,6,1060,0.15183005,16.46664,5.9544325,0.5663665,0.1889755,0.1889755
17,7,1061,0.1517734,16.459951,5.953847,0.56666344,0.18894185,0.18894185
17,8,1062,0.15173674,16.455732,5.9532847,0.56703275,0.18891384,0.18891384
17,9,1063,0.15169099,16.449677,5.9528956,0.5670918,0.18889165,0.18889165
17,10,1064,0.15167344,16.445618,5.952344,0.5672074,0.18887532,0.18887532
17,11,1065,0.15163817,16.440138,5.951569,0.567229,0.1888619,0.1888619
17,12,1066,0.15159723,16.433672,5.951263,0.56721884,0.18886204,0.18886204
17,13,1067,0.15155882,16.431051,5.9502053,0.56731385,0.18883838,0.18883838
17,14,1068,0.15151986,16.425997,5.9499435,0.5676767,0.18881406,0.18881406
17,15,1069,0.15147242,16.420183,5.9488626,0.56772673,0.18878382,0.18878382
17,16,1070,0.15143725,16.4138,5.947884,0.56763864,0.18873793,0.18873793
17,17,1071,0.1513855,16.407581,5.9476385,0.5684104,0.18869497,0.18869497
17,18,1072,0.15134591,16.403645,5.946861,0.5685236,0.1886596,0.1886596
17,19,1073,0.15133151,16.397411,5.946687,0.56892544,0.1886389,0.1886389
17,20,1074,0.15131223,16.394508,5.946702,0.56928355,0.18861163,0.18861163
17,21,1075,0.15128675,16.393032,5.9459853,0.56923324,0.18858601,0.18858601
17,22,1076,0.15125382,16.391123,5.9453564,0.5691411,0.18856812,0.18856812
17,23,1077,0.15121937,16.386599,5.9447694,0.5690165,0.18854652,0.18854652
17,24,1078,0.15116823,16.38045,5.9446387,0.56946814,0.18853319,0.18853319
17,25,1079,0.1511091,16.372894,5.9444175,0.56977355,0.18851842,0.18851842
17,26,1080,0.15107736,16.369545,5.9437346,0.56984514,0.18849015,0.18849015
17,27,1081,0.15103613,16.364367,5.9429345,0.5700818,0.1884477,0.1884477
17,28,1082,0.15102299,16.36281,5.9419875,0.5703484,0.18840723,0.18840723
17,29,1083,0.15099101,16.358953,5.941031,0.5702237,0.1883837,0.1883837
17,30,1084,0.15094051,16.354088,5.9398694,0.56999063,0.18834291,0.18834291
17,31,1085,0.15091953,16.351791,5.939823,0.570338,0.18832412,0.18832412
17,32,1086,0.15088959,16.346628,5.9393687,0.5704759,0.1883097,0.1883097
17,33,1087,0.15083686,16.341866,5.939063,0.5707517,0.18827532,0.18827532
17,34,1088,0.15078574,16.336912,5.93819,0.5707997,0.18825117,0.18825117
17,35,1089,0.15076506,16.334984,5.937483,0.57096004,0.18822376,0.18822376
17,36,1090,0.15071863,16.331057,5.93641,0.57087356,0.18818627,0.18818627
17,37,1091,0.15069576,16.328186,5.935642,0.57090527,0.18815972,0.18815972
17,38,1092,0.15068106,16.325075,5.9351325,0.57069504,0.18815069,0.18815069
17,39,1093,0.15064158,16.321772,5.934674,0.5707485,0.18811207,0.18811207
17,40,1094,0.15061527,16.317493,5.9339986,0.5708725,0.18808699,0.18808699
17,41,1095,0.15059996,16.317396,5.9336243,0.571193,0.18805581,0.18805581
17,42,1096,0.15055467,16.313225,5.9331417,0.5712794,0.18805236,0.18805236
17,43,1097,0.15051116,16.308434,5.93267,0.5714425,0.18803808,0.18803808
17,44,1098,0.15048274,16.303753,5.932249,0.57148,0.18802224,0.18802224
17,45,1099,0.15044907,16.300014,5.9320183,0.57171166,0.18801247,0.18801247
17,46,1100,0.15044928,16.298512,5.931643,0.57167935,0.18797798,0.18797798
17,47,1101,0.15041864,16.29529,5.930596,0.5714584,0.18796457,0.18796457
17,48,1102,0.15040398,16.292727,5.9302125,0.57162493,0.18794197,0.18794197
17,49,1103,0.15036815,16.288658,5.9292994,0.5715979,0.187886,0.187886
17,50,1104,0.15032393,16.283741,5.928384,0.57150936,0.18786474,0.18786474
17,51,1105,0.1503258,16.282194,5.927796,0.5716886,0.18782914,0.18782914
17,52,1106,0.15028739,16.27822,5.9275036,0.57197744,0.18779941,0.18779941
17,53,1107,0.15026817,16.277096,5.9267898,0.5721205,0.1877557,0.1877557
17,54,1108,0.15023363,16.273102,5.9265895,0.57231003,0.187729,0.187729
17,55,1109,0.15019965,16.27069,5.9257584,0.57245153,0.18769649,0.18769649
17,56,1110,0.15018067,16.269615,5.924731,0.57242924,0.18765998,0.18765998
17,57,1111,0.15014973,16.265223,5.9240975,0.5725737,0.18763855,0.18763855
17,58,1112,0.15015498,16.267437,5.9235106,0.5727514,0.1876085,0.1876085
17,59,1113,0.15012388,16.262833,5.922614,0.57278574,0.18756808,0.18756808
17,60,1114,0.15010843,16.260246,5.922685,0.57344735,0.18754047,0.18754047
17,61,1115,0.15007427,16.256454,5.922025,0.5735572,0.18752292,0.18752292
18,0,1116,0.15003692,16.251205,5.9209995,0.5736043,0.18748045,0.18748045
18,1,1117,0.1499996,16.246527,5.919839,0.5734228,0.18743627,0.18743627
18,2,1118,0.1500044,16.247385,5.919047,0.57358307,0.18739735,0.18739735
18,3,1119,0.14995709,16.24256,5.918552,0.5735808,0.18737146,0.18737146
18,4,1120,0.14990728,16.23676,5.9186735,0.57388955,0.18734081,0.18734081
18,5,1121,0.14986369,16.230341,5.9184093,0.5738893,0.18733029,0.18733029
18,6,1122,0.14983454,16.226547,5.9180455,0.57394046,0.18733309,0.18733309
18,7,1123,0.14978366,16.219965,5.917653,0.57412416,0.1873038,0.1873038
18,8,1124,0.14974245,16.215164,5.9173875,0.574238,0.18729478,0.18729478
18,9,1125,0.14971434,16.21328,5.9170628,0.5742714,0.18728112,0.18728112
18,10,1126,0.1497142,16.212616,5.9167066,0.57423884,0.1872581,0.1872581
18,11,1127,0.14968783,16.210724,5.9163365,0.5741934,0.1872697,0.1872697
18,12,1128,0.1496713,16.208982,5.916128,0.5742268,0.1872637,0.1872637
18,13,1129,0.14961843,16.203732,5.9153333,0.57411575,0.18721846,0.18721846
18,14,1130,0.14956668,16.199478,5.9146814,0.5742397,0.18719473,0.18719473
18,15,1131,0.1495252,16.195293,5.9146256,0.5744206,0.18720102,0.18720102
18,16,1132,0.14948495,16.192263,5.913924,0.57431877,0.18716629,0.18716629
18,17,1133,0.14948231,16.193892,5.9132094,0.57445997,0.1871406,0.1871406
18,18,1134,0.14947927,16.191212,5.9120107,0.5742975,0.18710187,0.18710187
18,19,1135,0.14945012,16.189999,5.911117,0.57415736,0.18707198,0.18707198
18,20,1136,0.14943007,16.188032,5.9107823,0.57396114,0.18704842,0.18704842
18,21,1137,0.14942423,16.189724,5.910117,0.57392794,0.18701407,0.18701407
18,22,1138,0.14939985,16.187454,5.9092946,0.5739015,0.18698998,0.18698998
18,23,1139,0.14935443,16.180788,5.9087124,0.57401013,0.18695727,0.18695727
18,24,1140,0.14932662,16.17571,5.908091,0.57409936,0.18692374,0.18692374
18,25,1141,0.14929284,16.169874,5.9071035,0.5741326,0.1868813,0.1868813
18,26,1142,0.14930642,16.17329,5.906102,0.57409585,0.18683995,0.18683995
18,27,1143,0.14927594,16.169952,5.9053855,0.5741439,0.18683085,0.18683085
18,28,1144,0.14925924,16.170132,5.904912,0.57425207,0.18680124,0.18680124
18,29,1145,0.14920491,16.164251,5.9043794,0.5744527,0.18677981,0.18677981
18,30,1146,0.14917615,16.159763,5.903385,0.5745465,0.18673986,0.18673986
18,31,1147,0.14915541,16.157944,5.9019876,0.57454294,0.18668911,0.18668911
18,32,1148,0.1491404,16.154367,5.9007463,0.57456493,0.18664594,0.18664594
18,33,1149,0.14911976,16.149403,5.9001303,0.57453954,0.18660632,0.18660632
18,34,1150,0.1490935,16.145197,5.9002204,0.5746557,0.18659025,0.18659025
18,35,1151,0.1490906,16.143051,5.899435,0.5746115,0.18656664,0.18656664
18,36,1152,0.1490651,16.138378,5.8990254,0.57480854,0.18655519,0.18655519
18,37,1153,0.14902666,16.136057,5.89873,0.57508254,0.18657829,0.18657829
18,38,1154,0.14900675,16.134857,5.8982415,0.5751583,0.1865455,0.1865455
18,39,1155,0.14901885,16.13691,5.8980002,0.57527226,0.18653041,0.18653041
18,40,1156,0.14898708,16.13236,5.897558,0.57526237,0.18650767,0.18650767
18,41,1157,0.1489721,16.132433,5.897365,0.5754241,0.18648447,0.18648447
18,42,1158,0.14894286,16.128994,5.897022,0.57544214,0.18646118,0.18646118
18,43,1159,0.14892438,16.128658,5.896699,0.57555777,0.1864392,0.1864392
18,44,1160,0.14889288,16.12437,5.8965387,0.57567006,0.18641959,0.18641959
18,45,1161,0.14885041,16.120495,5.895963,0.57581794,0.18639599,0.18639599
18,46,1162,0.14883418,16.119421,5.8953414,0.57590014,0.1863585,0.1863585
18,47,1163,0.1487979,16.116936,5.8952208,0.5761501,0.18634404,0.18634404
18,48,1164,0.14877339,16.115513,5.894626,0.5763055,0.18630913,0.18630913
18,49,1165,0.1487462,16.112408,5.8946567,0.5766036,0.18628795,0.18628795
18,50,1166,0.1487144,16.109402,5.894431,0.5767966,0.18626817,0.18626817
18,51,1167,0.14868823,16.106138,5.8938932,0.5769264,0.186225,0.186225
18,52,1168,0.14866634,16.104424,5.8931017,0.576961,0.18619634,0.18619634
18,53,1169,0.14862654,16.099857,5.8923025,0.5768368,0.18617798,0.18617798
18,54,1170,0.14859742,16.097328,5.8920355,0.577161,0.18616793,0.18616793
18,55,1171,0.14856778,16.09521,5.891452,0.5772593,0.1861414,0.1861414
18,56,1172,0.14855005,16.094774,5.8911777,0.5775117,0.18612026,0.18612026
18,57,1173,0.14852025,16.091108,5.890388,0.5774667,0.18609144,0.18609144
18,58,1174,0.14849147,16.08995,5.8898273,0.57751924,0.18607159,0.18607159
18,59,1175,0.14846754,16.086966,5.889367,0.5775113,0.18604045,0.18604045
18,60,1176,0.14841715,16.082167,5.8890104,0.5776278,0.18604784,0.18604784
18,61,1177,0.14837435,16.07671,5.88862,0.57764924,0.18604092,0.18604092
19,0,1178,0.14833768,16.073236,5.8879113,0.57769245,0.18601768,0.18601768
19,1,1179,0.14833072,16.07206,5.8875856,0.57772154,0.18598364,0.18598364
19,2,1180,0.14828314,16.068342,5.887024,0.57778513,0.18595879,0.18595879
19,3,1181,0.14825754,16.06507,5.886281,0.57772404,0.18594399,0.18594399
19,4,1182,0.14822613,16.05995,5.8859076,0.57776475,0.18591484,0.18591484
19,5,1183,0.14818741,16.055649,5.8858495,0.57782555,0.1859105,0.1859105
19,6,1184,0.14814569,16.052338,5.8852296,0.57793975,0.1858847,0.1858847
19,7,1185,0.14811695,16.049088,5.8848004,0.5780544,0.18585901,0.18585901
19,8,1186,0.14808577,16.045921,5.8838096,0.57801646,0.18582408,0.18582408
19,9,1187,0.14803997,16.041607,5.8832026,0.5778617,0.18582264,0.18582264
19,10,1188,0.14800867,16.038666,5.88271,0.5777942,0.18578771,0.18578771
19,11,1189,0.14798039,16.035965,5.8820047,0.5777898,0.18574472,0.18574472
19,12,1190,0.14796951,16.033422,5.8815002,0.577767,0.18573122,0.18573122
19,13,1191,0.14793412,16.030697,5.880605,0.5777358,0.18569706,0.18569706
19,14,1192,0.1479069,16.028193,5.879742,0.57759017,0.18568586,0.18568586
19,15,1193,0.14787516,16.026402,5.878821,0.57778656,0.1856541,0.1856541
19,16,1194,0.14783636,16.022964,5.878247,0.57794505,0.18560627,0.18560627
19,17,1195,0.14780024,16.019928,5.8777194,0.5780148,0.1855892,0.1855892
19,18,1196,0.14774542,16.014116,5.876563,0.5778081,0.1855699,0.1855699
19,19,1197,0.147723,16.00892,5.8759403,0.5780698,0.18553306,0.18553306
19,20,1198,0.14768177,16.003878,5.8754377,0.5781666,0.18552239,0.18552239
19,21,1199,0.14767009,16.002485,5.874737,0.5782505,0.18548013,0.18548013
19,22,1200,0.14767258,16.001282,5.8743176,0.57828057,0.18545662,0.18545662
19,23,1201,0.14764038,15.996769,5.8743157,0.5783462,0.18544216,0.18544216
19,24,1202,0.14760023,15.992212,5.8736463,0.5782702,0.18542399,0.18542399
19,25,1203,0.14757136,15.988955,5.8728333,0.5782302,0.1853986,0.1853986
19,26,1204,0.14754167,15.98524,5.8723817,0.5785095,0.18537481,0.18537481
19,27,1205,0.14753267,15.98281,5.871611,0.57856894,0.1853573,0.1853573
19,28,1206,0.14751357,15.980191,5.871288,0.5786679,0.18536149,0.18536149
19,29,1207,0.14747787,15.977502,5.8702946,0.57859874,0.18532787,0.18532787
19,30,1208,0.14746687,15.972701,5.869995,0.5787247,0.18532081,0.18532081
19,31,1209,0.14747083,15.96843,5.8693,0.5788609,0.18531218,0.18531218
19,32,1210,0.14745353,15.963825,5.868976,0.57888466,0.1852797,0.1852797
19,33,1211,0.14743651,15.9604225,5.868278,0.578884,0.185259,0.185259
19,34,1212,0.14743245,15.96093,5.86786,0.57892543,0.18522446,0.18522446
19,35,1213,0.1474081,15.957361,5.867171,0.57884175,0.18517976,0.18517976
19,36,1214,0.14737944,15.954349,5.8660407,0.57879823,0.18514895,0.18514895
19,37,1215,0.14738145,15.952942,5.865516,0.578986,0.18512754,0.18512754
19,38,1216,0.14738911,15.9577875,5.8651185,0.57932526,0.1850768,0.1850768
19,39,1217,0.1473622,15.955793,5.864439,0.5793212,0.18504936,0.18504936
19,40,1218,0.14732485,15.952977,5.8636994,0.5794211,0.18502839,0.18502839
19,41,1219,0.1472933,15.950173,5.8627534,0.5794894,0.18500827,0.18500827
19,42,1220,0.14725757,15.946889,5.862133,0.5795896,0.18499339,0.18499339
19,43,1221,0.14721155,15.942955,5.8615503,0.5796614,0.18496107,0.18496107
19,44,1222,0.14720121,15.940878,5.8613086,0.5798202,0.18494764,0.18494764
19,45,1223,0.14716214,15.9381075,5.860501,0.57993793,0.18491407,0.18491407
19,46,1224,0.14713112,15.9330635,5.8600006,0.57999974,0.18489325,0.18489325
19,47,1225,0.14709054,15.929151,5.859513,0.5801074,0.18488197,0.18488197
19,48,1226,0.14706941,15.925685,5.8593636,0.5802826,0.18487482,0.18487482
19,49,1227,0.14703813,15.919159,5.8587985,0.5803351,0.18484569,0.18484569
19,50,1228,0.14701432,15.914006,5.8582253,0.58036405,0.18482438,0.18482438
19,51,1229,0.14697547,15.908453,5.857791,0.58041936,0.1848202,0.1848202
19,52,1230,0.14694777,15.903744,5.857197,0.5803185,0.18479769,0.18479769
19,53,1231,0.14690441,15.899423,5.8568063,0.5802203,0.1847956,0.1847956
19,54,1232,0.14686936,15.897165,5.856469,0.58025277,0.18478249,0.18478249
19,55,1233,0.14684714,15.892321,5.8562174,0.58041793,0.18476057,0.18476057
19,56,1234,0.14683181,15.891147,5.855665,0.58057934,0.18470956,0.18470956
19,57,1235,0.14681204,15.888145,5.855158,0.5806168,0.18468702,0.18468702
19,58,1236,0.14678738,15.886919,5.8545794,0.58089197,0.18465064,0.18465064
19,59,1237,0.14677042,15.884444,5.8540215,0.58097315,0.1846428,0.1846428
19,60,1238,0.14674258,15.881458,5.853427,0.5812421,0.184612,0.184612
19,61,1239,0.14673235,15.878233,5.8528113,0.5813708,0.18459971,0.18459971
20,0,1240,0.14671735,15.877024,5.8520293,0.5813189,0.18457665,0.18457665
20,1,1241,0.14668843,15.873334,5.8510666,0.581133,0.18453816,0.18453816
20,2,1242,0.14666736,15.871596,5.850242,0.5810594,0.18450852,0.18450852
20,3,1243,0.14663975,15.869026,5.8494883,0.5809062,0.18447278,0.18447278
20,4,1244,0.14660594,15.864125,5.849015,0.5808166,0.18444325,0.18444325
20,5,1245,0.14656112,15.858772,5.848627,0.5807127,0.1844315,0.1844315
20,6,1246,0.1465569,15.857528,5.8482265,0.580817,0.18439898,0.18439898
20,7,1247,0.14654426,15.853477,5.847611,0.580929,0.18439741,0.18439741
20,8,1248,0.14651197,15.848926,5.846722,0.5810401,0.18437815,0.18437815
20,9,1249,0.14648801,15.8484745,5.8457685,0.5812368,0.18434429,0.18434429
20,10,1250,0.14646877,15.846241,5.84506,0.58124775,0.18434277,0.18434277
20,11,1251,0.1464518,15.846336,5.844468,0.58124775,0.18431383,0.18431383
20,12,1252,0.14641741,15.842586,5.843913,0.58123046,0.18429571,0.18429571
20,13,1253,0.14640746,15.8418045,5.8426175,0.5811832,0.18425615,0.18425615
20,14,1254,0.14638868,15.838739,5.8415995,0.5810616,0.18421882,0.18421882
20,15,1255,0.14635426,15.83609,5.8405423,0.58110636,0.1841785,0.1841785
20,16,1256,0.14632282,15.8330765,5.8403363,0.5811153,0.18415259,0.18415259
20,17,1257,0.1462822,15.828443,5.839671,0.5810586,0.18411177,0.18411177
20,18,1258,0.14627618,15.826686,5.838954,0.58091265,0.18410416,0.18410416
20,19,1259,0.14627105,15.827447,5.838519,0.58094025,0.1840734,0.1840734
20,20,1260,0.14626038,15.825769,5.8378687,0.58114874,0.18403026,0.18403026
20,21,1261,0.1462202,15.820517,5.8372297,0.5812309,0.18398917,0.18398917
20,22,1262,0.1462095,15.817934,5.836713,0.5812746,0.18396685,0.18396685
20,23,1263,0.14618292,15.816278,5.8358808,0.5811831,0.18392606,0.18392606
20,24,1264,0.14617588,15.816244,5.8353195,0.58118546,0.18390079,0.18390079
20,25,1265,0.14616144,15.813154,5.8343997,0.581148,0.18387026,0.18387026
20,26,1266,0.14612828,15.809363,5.833936,0.58128154,0.18386604,0.18386604
20,27,1267,0.14611387,15.8068075,5.833426,0.58136183,0.18384548,0.18384548
20,28,1268,0.14608935,15.802041,5.833594,0.5815164,0.18382715,0.18382715
20,29,1269,0.14606008,15.796775,5.83319,0.5815369,0.18379766,0.18379766
20,30,1270,0.14603579,15.793684,5.8329363,0.58184886,0.18377388,0.18377388
20,31,1271,0.14601246,15.791811,5.8321967,0.5819353,0.18374264,0.18374264
20,32,1272,0.14599818,15.790778,5.8320813,0.5820889,0.18374927,0.18374927
20,33,1273,0.14599635,15.788451,5.8320312,0.5823207,0.18373445,0.18373445
20,34,1274,0.14597361,15.786507,5.8312807,0.58234936,0.18373537,0.18373537
20,35,1275,0.14594589,15.783876,5.831181,0.5823313,0.18373376,0.18373376
20,36,1276,0.14596438,15.785072,5.830556,0.5824006,0.18370825,0.18370825
20,37,1277,0.14592734,15.7813015,5.8301196,0.5824173,0.18370485,0.18370485
20,38,1278,0.14591317,15.77794,5.829689,0.5825807,0.18366915,0.18366915
20,39,1279,0.1458799,15.773877,5.8293185,0.58275217,0.18365206,0.18365206
20,40,1280,0.14587198,15.772761,5.828781,0.5830685,0.18362316,0.18362316
20,41,1281,0.14584738,15.768829,5.828291,0.5832683,0.18360335,0.18360335
20,42,1282,0.14582911,15.765413,5.827921,0.5832926,0.18358918,0.18358918
20,43,1283,0.14581913,15.765399,5.8278775,0.5834858,0.18357812,0.18357812
20,44,1284,0.14580274,15.761331,5.828073,0.5836341,0.1835778,0.1835778
20,45,1285,0.14577976,15.75993,5.82764,0.58374923,0.18355313,0.18355313
20,46,1286,0.14579397,15.765062,5.8272014,0.5840154,0.18353601,0.18353601
20,47,1287,0.14579862,15.76902,5.8268676,0.58420324,0.18351027,0.18351027
20,48,1288,0.14576925,15.76514,5.826187,0.5841745,0.18348715,0.18348715
20,49,1289,0.14573738,15.760735,5.8258348,0.58421564,0.18347475,0.18347475
20,50,1290,0.14571045,15.756723,5.825137,0.58412784,0.18344899,0.18344899
20,51,1291,0.14571764,15.757603,5.8247104,0.5843212,0.18343528,0.18343528
20,52,1292,0.14569743,15.754167,5.8242927,0.58441234,0.18339774,0.18339774
20,53,1293,0.14567687,15.752849,5.824095,0.5845862,0.18338948,0.18338948
20,54,1294,0.14566678,15.751398,5.823586,0.58463216,0.18337795,0.18337795
20,55,1295,0.14563596,15.747131,5.8230834,0.58475894,0.18334235,0.18334235
20,56,1296,0.14560716,15.741852,5.822705,0.58486855,0.18332656,0.18332656
20,57,1297,0.14557767,15.738398,5.8223357,0.5847939,0.18331453,0.18331453
20,58,1298,0.14555864,15.735295,5.8219056,0.58488226,0.18328868,0.18328868
20,59,1299,0.14552245,15.732516,5.8210955,0.58503956,0.18325819,0.18325819
20,60,1300,0.14549816,15.729645,5.820861,0.585181,0.18325067,0.18325067
20,61,1301,0.14547966,15.729362,5.820625,0.58535147,0.18323755,0.18323755
21,0,1302,0.14546853,15.727147,5.820104,0.5854066,0.18321939,0.18321939
21,1,1303,0.14544839,15.724179,5.819565,0.585495,0.18318859,0.18318859
21,2,1304,0.14543103,15.72277,5.8186584,0.5854597,0.18316774,0.18316774
21,3,1305,0.14540651,15.7186985,5.8178644,0.58535177,0.18314356,0.18314356
21,4,1306,0.14537834,15.714356,5.8176193,0.5853312,0.18312576,0.18312576
21,5,1307,0.14534746,15.712563,5.816845,0.58534616,0.18309645,0.18309645
21,6,1308,0.14530987,15.707785,5.8157525,0.58517104,0.18306467,0.18306467
21,7,1309,0.14527912,15.703869,5.8146677,0.58519006,0.18303488,0.18303488
21,8,1310,0.14525758,15.700743,5.814039,0.5852653,0.18300806,0.18300806
21,9,1311,0.14524029,15.69781,5.813658,0.5853624,0.18299071,0.18299071
21,10,1312,0.14521256,15.693023,5.8131227,0.5854457,0.18296957,0.18296957
21,11,1313,0.14520228,15.690669,5.8125753,0.5855447,0.1829546,0.1829546
21,12,1314,0.14518347,15.690515,5.8121495,0.585765,0.1829348,0.1829348
21,13,1315,0.14516377,15.688476,5.811819,0.5860894,0.1829235,0.1829235
21,14,1316,0.14514329,15.685645,5.8111234,0.58619267,0.18289478,0.18289478
21,15,1317,0.145124,15.684131,5.811013,0.58647174,0.18286352,0.18286352
21,16,1318,0.14510761,15.684164,5.810329,0.58652335,0.18284905,0.18284905
21,17,1319,0.14508505,15.682995,5.809604,0.5865744,0.18281992,0.18281992
21,18,1320,0.1450676,15.680053,5.808814,0.58669925,0.18278733,0.18278733
21,19,1321,0.14504308,15.677828,5.8079243,0.5866297,0.18276988,0.18276988
21,20,1322,0.1450319,15.676824,5.80778,0.58666366,0.1827642,0.1827642
21,21,1323,0.1450364,15.677454,5.807556,0.5866075,0.18275192,0.18275192
21,22,1324,0.14501263,15.676006,5.807326,0.5868855,0.1827268,0.1827268
21,23,1325,0.1449925,15.674861,5.8067274,0.5870362,0.18270546,0.18270546
21,24,1326,0.14499325,15.672591,5.806358,0.5872136,0.18269022,0.18269022
21,25,1327,0.14498906,15.670961,5.805865,0.5872003,0.1826611,0.1826611
21,26,1328,0.14497462,15.668598,5.8052435,0.58726794,0.18264188,0.18264188
21,27,1329,0.14494562,15.665897,5.8046303,0.5874583,0.18261328,0.18261328
21,28,1330,0.14492029,15.662935,5.80377,0.5874447,0.18258516,0.18258516
21,29,1331,0.144912,15.664716,5.8029647,0.587401,0.18256393,0.18256393
21,30,1332,0.14488477,15.662195,5.8026047,0.5875995,0.18255125,0.18255125
21,31,1333,0.14485964,15.659851,5.8020067,0.5876838,0.18252759,0.18252759
21,32,1334,0.1448392,15.657791,5.8016386,0.58778334,0.18250205,0.18250205
21,33,1335,0.14483666,15.657975,5.8012238,0.587929,0.18246783,0.18246783
21,34,1336,0.14480148,15.654117,5.8007975,0.58807665,0.18245232,0.18245232
21,35,1337,0.14477,15.650728,5.800142,0.58823514,0.18242575,0.18242575
21,36,1338,0.1447561,15.648254,5.7993455,0.5882866,0.18238476,0.18238476
21,37,1339,0.14472291,15.64458,5.798919,0.5884078,0.1823595,0.1823595
21,38,1340,0.14471172,15.642434,5.7987413,0.58848363,0.1823568,0.1823568
21,39,1341,0.14470087,15.64011,5.7984056,0.58857083,0.18234956,0.18234956
21,40,1342,0.1446803,15.637422,5.79916,0.5886918,0.18236227,0.18236227
21,41,1343,0.14466025,15.635064,5.7993193,0.5886872,0.18233974,0.18233974
21,42,1344,0.14466396,15.638189,5.7986546,0.5885693,0.18233706,0.18233706
21,43,1345,0.14466837,15.639551,5.7985644,0.58889896,0.18234533,0.18234533
21,44,1346,0.14466083,15.637713,5.7980843,0.58901256,0.18230662,0.18230662
21,45,1347,0.14465128,15.63698,5.797955,0.5889853,0.18230191,0.18230191
21,46,1348,0.14464942,15.6361265,5.7974377,0.58909374,0.18227704,0.18227704
21,47,1349,0.144643,15.634087,5.7969613,0.5891829,0.18224928,0.18224928
21,48,1350,0.1446257,15.631893,5.7969236,0.58932555,0.18223676,0.18223676
21,49,1351,0.14459649,15.628772,5.796301,0.589402,0.18221386,0.18221386
21,50,1352,0.14460579,15.62855,5.795804,0.58959615,0.18218268,0.18218268
21,51,1353,0.14460859,15.630147,5.795228,0.5896788,0.1821628,0.1821628
21,52,1354,0.14458023,15.627128,5.7944975,0.5895746,0.1821319,0.1821319
21,53,1355,0.1445619,15.624669,5.7943964,0.5896534,0.18211281,0.18211281
21,54,1356,0.14453268,15.62208,5.793821,0.5897158,0.18209827,0.18209827
21,55,1357,0.14452636,15.620843,5.793243,0.58967316,0.18208022,0.18208022
21,56,1358,0.14450988,15.61794,5.792694,0.58967954,0.1820567,0.1820567
21,57,1359,0.14450717,15.616719,5.792432,0.589805,0.18206377,0.18206377
21,58,1360,0.1444879,15.614562,5.7919745,0.5899958,0.18203789,0.18203789
21,59,1361,0.14446804,15.613649,5.791176,0.5901675,0.18200232,0.18200232
21,60,1362,0.14444739,15.612086,5.791017,0.59025204,0.18197669,0.18197669
21,61,1363,0.14443283,15.611568,5.7904263,0.5904649,0.1819408,0.1819408
22,0,1364,0.14441334,15.609023,5.7897954,0.5906353,0.18191208,0.18191208
22,1,1365,0.14440559,15.607619,5.789097,0.5907828,0.18188348,0.18188348
22,2,1366,0.14441115,15.607593,5.7880955,0.59080607,0.18184721,0.18184721
22,3,1367,0.14438617,15.60581,5.7871857,0.5909146,0.18181734,0.18181734
22,4,1368,0.14438239,15.605992,5.7866516,0.5910257,0.1818006,0.1818006
22,5,1369,0.14435835,15.603367,5.7865634,0.59131426,0.18178633,0.18178633
22,6,1370,0.14433384,15.603195,5.786152,0.5914452,0.18176469,0.18176469
22,7,1371,0.14432952,15.602724,5.7859764,0.5916476,0.18175863,0.18175863
22,8,1372,0.14431894,15.601212,5.7857914,0.59169364,0.18174554,0.18174554
22,9,1373,0.14430955,15.60128,5.7852945,0.59163165,0.1817449,0.1817449
22,10,1374,0.1442849,15.597924,5.785188,0.5916773,0.18173555,0.18173555
22,11,1375,0.14427388,15.5958805,5.7850876,0.5917259,0.18171516,0.18171516
22,12,1376,0.1442436,15.591905,5.784624,0.59174037,0.18170872,0.18170872
22,13,1377,0.14422451,15.5886965,5.7842383,0.592066,0.1817015,0.1817015
22,14,1378,0.144213,15.587795,5.783824,0.5923117,0.181681,0.181681
22,15,1379,0.14419742,15.58849,5.78304,0.59224606,0.18165126,0.18165126
22,16,1380,0.14420077,15.592319,5.7827563,0.5924258,0.18163379,0.18163379
22,17,1381,0.14417744,15.590742,5.782787,0.5926137,0.1816222,0.1816222
22,18,1382,0.14414479,15.5881405,5.7824135,0.5926846,0.18159811,0.18159811
22,19,1383,0.14411178,15.583939,5.7819405,0.59266907,0.18156217,0.18156217
22,20,1384,0.14409535,15.583456,5.7822866,0.59292305,0.18156813,0.18156813
22,21,1385,0.14411029,15.583113,5.7818,0.5930069,0.18155669,0.18155669
22,22,1386,0.14409557,15.580729,5.7813807,0.59299064,0.18153873,0.18153873
22,23,1387,0.14407475,15.578529,5.780684,0.5930581,0.18151195,0.18151195
22,24,1388,0.14406279,15.57728,5.78003,0.5931463,0.18148628,0.18148628
22,25,1389,0.14406613,15.574188,5.7796593,0.5932294,0.18145515,0.18145515
22,26,1390,0.14405578,15.573162,5.7793727,0.5933598,0.18143745,0.18143745
22,27,1391,0.14404327,15.572384,5.7791104,0.5935743,0.18141927,0.18141927
22,28,1392,0.14401615,15.569777,5.778816,0.59364426,0.1814083,0.1814083
22,29,1393,0.14399907,15.567796,5.7781706,0.5937855,0.18138826,0.18138826
22,30,1394,0.14397284,15.563667,5.7781367,0.59401715,0.18137479,0.18137479
22,31,1395,0.14395636,15.562577,5.777854,0.5941131,0.18135948,0.18135948
22,32,1396,0.14394046,15.560707,5.777354,0.5942349,0.18134828,0.18134828
22,33,1397,0.14394084,15.560873,5.776803,0.59441406,0.18131307,0.18131307
22,34,1398,0.14392576,15.557769,5.7764783,0.5945368,0.18129049,0.18129049
22,35,1399,0.14390334,15.556314,5.775971,0.5947921,0.18125996,0.18125996
22,36,1400,0.14388473,15.552366,5.775149,0.59480274,0.18124723,0.18124723
22,37,1401,0.14386922,15.548637,5.774781,0.5950157,0.18123917,0.18123917
22,38,1402,0.14384252,15.544998,5.7746515,0.5951231,0.1812233,0.1812233
22,39,1403,0.14385436,15.547797,5.774557,0.595465,0.18120661,0.18120661
22,40,1404,0.14383402,15.545288,5.7740226,0.59564716,0.1812034,0.1812034
22,41,1405,0.14383169,15.54403,5.7736135,0.5956789,0.18118665,0.18118665
22,42,1406,0.14382434,15.54527,5.772971,0.59583527,0.18116133,0.18116133
22,43,1407,0.14381276,15.544671,5.772779,0.59602886,0.18114643,0.18114643
22,44,1408,0.14378871,15.542194,5.77262,0.59610116,0.18113482,0.18113482
22,45,1409,0.14377554,15.540439,5.7722464,0.596181,0.18113388,0.18113388
22,46,1410,0.14377163,15.540057,5.7718563,0.5962249,0.18110877,0.18110877
22,47,1411,0.14374411,15.537797,5.7716703,0.5962635,0.18109903,0.18109903
22,48,1412,0.14374131,15.5393305,5.7709184,0.596137,0.18107276,0.18107276
22,49,1413,0.14372079,15.536594,5.770134,0.5960862,0.1810565,0.1810565
22,50,1414,0.1437006,15.534174,5.7699585,0.59622484,0.18103969,0.18103969
22,51,1415,0.1436741,15.531195,5.7694674,0.5963834,0.1810057,0.1810057
22,52,1416,0.14365636,15.528425,5.7693424,0.59637845,0.18099777,0.18099777
22,53,1417,0.14364141,15.527257,5.7689176,0.59625304,0.18099417,0.18099417
22,54,1418,0.14362611,15.525114,5.7684755,0.5964335,0.18098073,0.18098073
22,55,1419,0.14361802,15.5222025,5.7681923,0.5966351,0.18097456,0.18097456
22,56,1420,0.14361092,15.519394,5.76765,0.59675056,0.18095276,0.18095276
22,57,1421,0.14359799,15.517673,5.7676706,0.59702206,0.18093883,0.18093883
22,58,1422,0.14356814,15.513068,5.7671747,0.596993,0.18092398,0.18092398
22,59,1423,0.14355004,15.510718,5.7666235,0.59705824,0.1808944,0.1808944
22,60,1424,0.1435321,15.508381,5.766047,0.5971452,0.1808676,0.1808676
22,61,1425,0.14351964,15.506845,5.765597,0.5973944,0.1808216,0.1808216
23,0,1426,0.14350823,15.505733,5.765304,0.5974059,0.18080853,0.18080853
23,1,1427,0.1434888,15.505083,5.764844,0.59760004,0.18078263,0.18078263
23,2,1428,0.14348462,15.503752,5.7641134,0.5976928,0.18075441,0.18075441
23,3,1429,0.14348286,15.5020895,5.7637124,0.5978457,0.18073544,0.18073544
23,4,1430,0.14346689,15.500172,5.763428,0.598039,0.18070942,0.18070942
23,5,1431,0.14345253,15.498293,5.76328,0.59829134,0.18068787,0.18068787
23,6,1432,0.14344722,15.497455,5.7630486,0.598451,0.18067631,0.18067631
23,7,1433,0.14343424,15.495598,5.762284,0.5985111,0.18065433,0.18065433
23,8,1434,0.14342158,15.493166,5.76174,0.5984426,0.18063922,0.18063922
23,9,1435,0.14341,15.493527,5.7612247,0.598505,0.18061171,0.18061171
23,10,1436,0.14340022,15.491581,5.7609987,0.5985834,0.18060113,0.18060113
23,11,1437,0.14339735,15.490523,5.7608237,0.59879035,0.18059741,0.18059741
23,12,1438,0.1433924,15.490058,5.760776,0.59898436,0.1805655,0.1805655
23,13,1439,0.14336564,15.487904,5.7604747,0.598988,0.1805485,0.1805485
23,14,1440,0.14335927,15.486344,5.759894,0.5990851,0.1805186,0.1805186
23,15,1441,0.14334583,15.484866,5.759183,0.5990045,0.18049735,0.18049735
23,16,1442,0.14333269,15.483257,5.75917,0.59908473,0.18048213,0.18048213
23,17,1443,0.14330178,15.479833,5.759173,0.5993364,0.18048394,0.18048394
23,18,1444,0.14329404,15.479961,5.758684,0.5994204,0.18046318,0.18046318
23,19,1445,0.14329028,15.480691,5.7582517,0.5994764,0.18045323,0.18045323
23,20,1446,0.14328346,15.479766,5.7581897,0.5996383,0.18044563,0.18044563
23,21,1447,0.14326552,15.477547,5.7584367,0.59973186,0.18044098,0.18044098
23,22,1448,0.14325136,15.476152,5.7584596,0.5998024,0.18044262,0.18044262
23,23,1449,0.14325309,15.477675,5.7583885,0.5999527,0.18042915,0.18042915
23,24,1450,0.14323036,15.475127,5.757675,0.5999538,0.18038675,0.18038675
23,25,1451,0.14320979,15.47361,5.757502,0.6001414,0.1803635,0.1803635
23,26,1452,0.14319213,15.47147,5.756845,0.6001753,0.18035068,0.18035068
23,27,1453,0.14316802,15.468881,5.75649,0.60038036,0.18034568,0.18034568
23,28,1454,0.14314757,15.466478,5.7560306,0.60046375,0.18033029,0.18033029
23,29,1455,0.14313945,15.467742,5.7559156,0.60075194,0.1803033,0.1803033
23,30,1456,0.14314993,15.470758,5.7557297,0.6008755,0.18029372,0.18029372
23,31,1457,0.14312813,15.46818,5.7554593,0.60099745,0.18027347,0.18027347
23,32,1458,0.14312065,15.466507,5.755014,0.601092,0.18025956,0.18025956
23,33,1459,0.14309578,15.464497,5.754505,0.60107195,0.1802428,0.1802428
23,34,1460,0.14308271,15.463516,5.754463,0.60123163,0.18024054,0.18024054
23,35,1461,0.14305127,15.459522,5.753946,0.60131073,0.18021244,0.18021244
23,36,1462,0.14302918,15.455864,5.7531805,0.60119355,0.18018228,0.18018228
23,37,1463,0.14303789,15.456327,5.753069,0.6013037,0.1801746,0.1801746
23,38,1464,0.14301062,15.453142,5.7527757,0.60143346,0.18015033,0.18015033
23,39,1465,0.14300664,15.451035,5.752114,0.6014912,0.18011397,0.18011397
23,40,1466,0.14300764,15.451914,5.7514753,0.60159093,0.18009566,0.18009566
23,41,1467,0.1429919,15.449548,5.7511783,0.60181737,0.18007654,0.18007654
23,42,1468,0.14296824,15.445932,5.7510114,0.60182387,0.1800638,0.1800638
23,43,1469,0.14295131,15.445474,5.7505264,0.60177857,0.18003449,0.18003449
23,44,1470,0.14293712,15.443362,5.7501307,0.60189265,0.18000087,0.18000087
23,45,1471,0.14292218,15.441423,5.7493796,0.6019742,0.179978,0.179978
23,46,1472,0.14293051,15.4425535,5.7486234,0.60205257,0.17995556,0.17995556
23,47,1473,0.142929,15.441587,5.748004,0.60212594,0.17993364,0.17993364
23,48,1474,0.14292523,15.440679,5.7476788,0.6021206,0.17992051,0.17992051
23,49,1475,0.14293009,15.4399605,5.7478566,0.60223603,0.17990236,0.17990236
23,50,1476,0.14293337,15.440074,5.7474375,0.60235244,0.17987351,0.17987351
23,51,1477,0.1429271,15.439815,5.74707,0.6025142,0.17986178,0.17986178
23,52,1478,0.14292103,15.4396925,5.7465563,0.60262793,0.17982772,0.17982772
23,53,1479,0.14290935,15.438971,5.7463913,0.60286045,0.17980833,0.17980833
23,54,1480,0.14290887,15.438275,5.745782,0.6030802,0.17978783,0.17978783
23,55,1481,0.14289853,15.437629,5.7452564,0.6031382,0.17976287,0.17976287
23,56,1482,0.14290932,15.43689,5.7445755,0.60322785,0.17974599,0.17974599
23,57,1483,0.1428923,15.434459,5.743821,0.6032958,0.17970765,0.17970765
23,58,1484,0.14286682,15.432445,5.7430744,0.6033709,0.1796691,0.1796691
23,59,1485,0.14284053,15.430559,5.742685,0.60347146,0.17964667,0.17964667
23,60,1486,0.14285141,15.429608,5.7421494,0.60351104,0.17961833,0.17961833
23,61,1487,0.14284153,15.4289875,5.741743,0.6036193,0.17960411,0.17960411
24,0,1488,0.14283036,15.428415,5.741134,0.60364556,0.17958176,0.17958176
24,1,1489,0.14281365,15.425922,5.740554,0.60372436,0.1795585,0.1795585
24,2,1490,0.14281735,15.426868,5.74027,0.60384357,0.17953691,0.17953691
24,3,1491,0.14279218,15.424384,5.7401247,0.6038732,0.17952171,0.17952171
24,4,1492,0.1427769,15.424069,5.7397995,0.6041724,0.17949924,0.17949924
24,5,1493,0.1427589,15.420725,5.7394753,0.60423833,0.17948711,0.17948711
24,6,1494,0.14275546,15.418167,5.738571,0.604171,0.17946936,0.17946936
24,7,1495,0.14274654,15.418127,5.7383175,0.60440964,0.17945269,0.17945269
24,8,1496,0.14272797,15.416956,5.7376504,0.60433453,0.17943147,0.17943147
24,9,1497,0.14270191,15.414284,5.737532,0.6042241,0.17941873,0.17941873
24,10,1498,0.14269131,15.41394,5.737424,0.6043371,0.17941378,0.17941378
24,11,1499,0.14266473,15.410021,5.7369704,0.6044467,0.1794012,0.1794012
24,12,1500,0.14264587,15.407033,5.736701,0.6046404,0.17938064,0.17938064
24,13,1501,0.14262226,15.403946,5.736087,0.6046503,0.17935379,0.17935379
24,14,1502,0.14260106,15.402582,5.735599,0.60466194,0.17932859,0.17932859
24,15,1503,0.14258987,15.403779,5.735882,0.6046678,0.17932306,0.17932306
24,16,1504,0.14258853,15.401613,5.7355285,0.60498875,0.17930222,0.17930222
24,17,1505,0.14256391,15.398346,5.7352977,0.60507977,0.17928146,0.17928146
24,18,1506,0.142556,15.39723,5.735145,0.60516256,0.17926212,0.17926212
24,19,1507,0.14253333,15.395081,5.7346234,0.6052523,0.17923999,0.17923999
24,20,1508,0.1425395,15.394512,5.7342634,0.6053153,0.17922987,0.17922987
24,21,1509,0.14252132,15.392804,5.7340927,0.6053524,0.17920665,0.17920665
24,22,1510,0.14249615,15.389681,5.73344,0.6052268,0.17919543,0.17919543
24,23,1511,0.1424891,15.3894005,5.7328815,0.6053236,0.17917453,0.17917453
24,24,1512,0.14248428,15.386992,5.7323885,0.6054179,0.17915632,0.17915632
24,25,1513,0.14249161,15.386358,5.731916,0.6055187,0.17912647,0.17912647
24,26,1514,0.14247856,15.384719,5.7312913,0.6056326,0.17909716,0.17909716
24,27,1515,0.1424663,15.382741,5.7310443,0.6058783,0.17908283,0.17908283
24,28,1516,0.14245668,15.383214,5.7307925,0.6060121,0.17908911,0.17908911
24,29,1517,0.14244218,15.381551,5.730344,0.6059864,0.17907476,0.17907476
24,30,1518,0.14243174,15.381226,5.7301793,0.60616434,0.17907716,0.17907716
24,31,1519,0.14241657,15.378078,5.7299633,0.6061761,0.17905325,0.17905325
24,32,1520,0.14241645,15.376944,5.7295876,0.6061366,0.17902641,0.17902641
24,33,1521,0.14240983,15.377564,5.7293653,0.606117,0.17900099,0.17900099
24,34,1522,0.14240113,15.376203,5.729071,0.6061814,0.17897443,0.17897443
24,35,1523,0.14239593,15.373498,5.7289996,0.6061847,0.17896564,0.17896564
24,36,1524,0.14237794,15.371638,5.728488,0.6063211,0.17894205,0.17894205
24,37,1525,0.14237079,15.371248,5.7278748,0.6063361,0.17891625,0.17891625
24,38,1526,0.14236636,15.369937,5.7276573,0.60644454,0.17888878,0.17888878
24,39,1527,0.14235216,15.368512,5.727403,0.6064385,0.17887689,0.17887689
24,40,1528,0.14233443,15.367866,5.727213,0.6065937,0.17886348,0.17886348
24,41,1529,0.14233632,15.365699,5.7266607,0.6067209,0.17882857,0.17882857
24,42,1530,0.14233778,15.366429,5.7263236,0.6067593,0.17880425,0.17880425
24,43,1531,0.14231698,15.362652,5.7257,0.606731,0.17877805,0.17877805
24,44,1532,0.14230005,15.35973,5.7253094,0.6070261,0.17876258,0.17876258
24,45,1533,0.14230326,15.3612585,5.7249465,0.60706204,0.1787492,0.1787492
24,46,1534,0.14228588,15.359804,5.72464,0.607135,0.17873581,0.17873581
24,47,1535,0.14226195,15.355671,5.724405,0.6070996,0.17873019,0.17873019
24,48,1536,0.14224376,15.352646,5.723921,0.6069932,0.17872396,0.17872396
24,49,1537,0.14223608,15.350702,5.7235885,0.6069948,0.17871217,0.17871217
24,50,1538,0.14223558,15.351522,5.7231536,0.6069748,0.1786922,0.1786922
24,51,1539,0.14223473,15.350959,5.722851,0.60710365,0.1786748,0.1786748
24,52,1540,0.14222084,15.348297,5.722299,0.6070532,0.17864574,0.17864574
24,53,1541,0.14221582,15.3470335,5.721801,0.6070393,0.17862241,0.17862241
24,54,1542,0.14221033,15.346076,5.721234,0.6070885,0.17859791,0.17859791
24,55,1543,0.1422022,15.343757,5.7207932,0.6072228,0.17856291,0.17856291
24,56,1544,0.14219004,15.343675,5.7204,0.60727376,0.17855026,0.17855026
24,57,1545,0.14219981,15.347217,5.719769,0.60732406,0.17852741,0.17852741
24,58,1546,0.14218557,15.346754,5.719046,0.60736877,0.17849165,0.17849165
24,59,1547,0.14216849,15.344755,5.718892,0.6074249,0.17848736,0.17848736
24,60,1548,0.14215893,15.343854,5.718422,0.6073623,0.1784652,0.1784652
24,61,1549,0.14215851,15.34427,5.7179375,0.60732245,0.17844328,0.17844328
25,0,1550,0.14214967,15.34515,5.717567,0.60747015,0.17842907,0.17842907
25,1,1551,0.14214686,15.343937,5.7170005,0.6075333,0.17840624,0.17840624
25,2,1552,0.14212234,15.340948,5.7165008,0.60773194,0.17838602,0.17838602
25,3,1553,0.14210436,15.339274,5.715909,0.60784125,0.178359,0.178359
25,4,1554,0.14208561,15.337107,5.7155223,0.6079169,0.1783369,0.1783369
25,5,1555,0.14207858,15.336834,5.7151814,0.60803944,0.17832722,0.17832722
25,6,1556,0.14207512,15.336269,5.7148194,0.6080445,0.17832296,0.17832296
25,7,1557,0.14207092,15.335199,5.7140627,0.6080341,0.17831087,0.17831087
25,8,1558,0.14205383,15.331718,5.7133913,0.60804826,0.17829047,0.17829047
25,9,1559,0.14204076,15.329979,5.712752,0.60811764,0.17826985,0.17826985
25,10,1560,0.14202638,15.328825,5.712315,0.60823894,0.17825493,0.17825493
25,11,1561,0.14201322,15.326818,5.7121744,0.6082812,0.17824222,0.17824222
25,12,1562,0.14199068,15.324152,5.7118273,0.60839593,0.17822324,0.17822324
25,13,1563,0.14199494,15.325949,5.7111654,0.6083787,0.17819037,0.17819037
25,14,1564,0.14198476,15.324137,5.710527,0.60841334,0.17817529,0.17817529
25,15,1565,0.1419669,15.321552,5.7098565,0.608474,0.17814602,0.17814602
25,16,1566,0.14194457,15.317544,5.7091055,0.6084562,0.17812657,0.17812657
25,17,1567,0.1419179,15.313289,5.708675,0.6084733,0.17811777,0.17811777
25,18,1568,0.14189258,15.310736,5.7081103,0.60844374,0.17808802,0.17808802
25,19,1569,0.14188085,15.309569,5.707738,0.608485,0.17806576,0.17806576
25,20,1570,0.14187732,15.307667,5.7073545,0.608608,0.17803851,0.17803851
25,21,1571,0.14187598,15.307358,5.7070007,0.6086734,0.17801492,0.17801492
25,22,1572,0.1418694,15.306226,5.706592,0.608794,0.17799965,0.17799965
25,23,1573,0.14186072,15.304521,5.7065144,0.6088563,0.1779947,0.1779947
25,24,1574,0.14186375,15.3053875,5.7060146,0.60902256,0.17797899,0.17797899
25,25,1575,0.14185715,15.304324,5.7057157,0.6091054,0.17795351,0.17795351
25,26,1576,0.14184423,15.301954,5.705331,0.60922307,0.17793337,0.17793337
25,27,1577,0.14182813,15.298957,5.7052813,0.6093262,0.17794526,0.17794526
25,28,1578,0.1418126,15.296102,5.704918,0.609454,0.17793098,0.17793098
25,29,1579,0.14180237,15.295429,5.7043242,0.6094443,0.17790194,0.17790194
25,30,1580,0.14178586,15.294302,5.7036653,0.60949486,0.17788348,0.17788348
25,31,1581,0.14177892,15.292528,5.703175,0.6096386,0.17785652,0.17785652
25,32,1582,0.14176667,15.290666,5.702672,0.6096925,0.17783913,0.17783913
25,33,1583,0.14177364,15.291638,5.702439,0.60985667,0.17781256,0.17781256
25,34,1584,0.14176326,15.290618,5.702391,0.6098259,0.1778079,0.1778079
25,35,1585,0.14174572,15.2893915,5.7025185,0.61001754,0.1777937,0.1777937
25,36,1586,0.14173186,15.288644,5.7022004,0.61002445,0.17777331,0.17777331
25,37,1587,0.14172268,15.288692,5.7019625,0.6100978,0.17776605,0.17776605
25,38,1588,0.14172769,15.286748,5.7015758,0.6101592,0.17774473,0.17774473
25,39,1589,0.14172131,15.285103,5.7016697,0.61034566,0.17774552,0.17774552
25,40,1590,0.14170752,15.283548,5.7014093,0.61052644,0.17771809,0.17771809
25,41,1591,0.14170486,15.281269,5.700686,0.61039704,0.17768882,0.17768882
25,42,1592,0.14169317,15.278699,5.700522,0.61032444,0.17767411,0.17767411
25,43,1593,0.14168984,15.277797,5.7000146,0.61040485,0.17765108,0.17765108
25,44,1594,0.14166957,15.276165,5.6994433,0.6102972,0.17764328,0.17764328
25,45,1595,0.14164957,15.27329,5.69921,0.61029255,0.1776482,0.1776482
25,46,1596,0.14164191,15.271928,5.6990123,0.61022776,0.17763245,0.17763245
25,47,1597,0.14162771,15.27094,5.6987033,0.6103223,0.17761852,0.17761852
25,48,1598,0.14160492,15.268972,5.6981354,0.6103353,0.17760667,0.17760667
25,49,1599,0.14159282,15.266991,5.697781,0.6105063,0.17758846,0.17758846
25,50,1600,0.14157936,15.265163,5.6975436,0.6106849,0.17757356,0.17757356
25,51,1601,0.14155579,15.261929,5.697017,0.6107106,0.17756273,0.17756273
25,52,1602,0.14155619,15.261546,5.696612,0.6109168,0.1775356,0.1775356
25,53,1603,0.1415407,15.259541,5.6965265,0.6111277,0.17752567,0.17752567
25,54,1604,0.14152306,15.257115,5.695888,0.61098135,0.17751028,0.17751028
25,55,1605,0.1415322,15.258175,5.695483,0.6110562,0.17748348,0.17748348
25,56,1606,0.14151841,15.25522,5.694825,0.61097354,0.17745954,0.17745954
25,57,1607,0.14150445,15.253168,5.6944456,0.6110742,0.17744738,0.17744738
25,58,1608,0.14150077,15.252319,5.694134,0.6110905,0.17742679,0.17742679
25,59,1609,0.14149015,15.252092,5.69385,0.6112001,0.17740989,0.17740989
25,60,1610,0.14147243,15.248927,5.69345,0.611213,0.17739335,0.17739335
25,61,1611,0.14145134,15.246662,5.6929946,0.61128914,0.17738539,0.17738539
26,0,1612,0.14144704,15.244868,5.6929183,0.6113297,0.17737392,0.17737392
26,1,1613,0.14144292,15.244836,5.6920877,0.6113339,0.17734508,0.17734508
26,2,1614,0.14143875,15.242426,5.6918297,0.6114594,0.17733791,0.17733791
26,3,1615,0.14142887,15.239421,5.6912346,0.6113998,0.17732415,0.17732415
26,4,1616,0.1414227,15.237963,5.6908364,0.61138344,0.17731315,0.17731315
26,5,1617,0.1414336,15.23918,5.6905985,0.61143297,0.17730992,0.17730992
26,6,1618,0.14142817,15.2369795,5.6905427,0.61163616,0.17730491,0.17730491
26,7,1619,0.14142194,15.236503,5.690407,0.61177516,0.17729276,0.17729276
26,8,1620,0.14142096,15.23678,5.690298,0.6118919,0.17727235,0.17727235
26,9,1621,0.14141119,15.235817,5.689772,0.6119205,0.17725329,0.17725329
26,10,1622,0.14140879,15.236534,5.68949,0.6120621,0.17724323,0.17724323
26,11,1623,0.14138904,15.234377,5.6895785,0.6121423,0.17723306,0.17723306
26,12,1624,0.14137344,15.233353,5.6891446,0.61220914,0.1772089,0.1772089
26,13,1625,0.14134982,15.230361,5.6887484,0.6121817,0.1771981,0.1771981
26,14,1626,0.14134654,15.23012,5.6883793,0.61228865,0.17717291,0.17717291
26,15,1627,0.1413283,15.227834,5.68821,0.6123328,0.1771614,0.1771614
26,16,1628,0.14132887,15.227589,5.687524,0.6123944,0.17712803,0.17712803
26,17,1629,0.14131334,15.224886,5.687351,0.61261356,0.17710769,0.17710769
26,18,1630,0.14130302,15.223998,5.6870685,0.6126786,0.17709744,0.17709744
26,19,1631,0.14130221,15.224779,5.686536,0.61262435,0.17707498,0.17707498
26,20,1632,0.14129008,15.22483,5.685953,0.6127474,0.17706038,0.17706038
26,21,1633,0.14128102,15.222838,5.685562,0.61280245,0.17704463,0.17704463
26,22,1634,0.14127427,15.221746,5.685476,0.6128613,0.17702992,0.17702992
26,23,1635,0.14127752,15.222245,5.6850996,0.6128909,0.17702036,0.17702036
26,24,1636,0.14128463,15.221262,5.684505,0.6128528,0.176996,0.176996
26,25,1637,0.14128596,15.220242,5.683897,0.61289406,0.17697969,0.17697969
26,26,1638,0.1412709,15.216979,5.683667,0.61290246,0.17697078,0.17697078
26,27,1639,0.14128502,15.217802,5.6830482,0.6127811,0.17695934,0.17695934
26,28,1640,0.14127615,15.215884,5.6826077,0.6127699,0.17695592,0.17695592
26,29,1641,0.14125936,15.213424,5.6822405,0.6126533,0.17695814,0.17695814
26,30,1642,0.14127766,15.21701,5.6821504,0.612814,0.17695326,0.17695326
26,31,1643,0.14126009,15.214407,5.6819334,0.6128712,0.17694063,0.17694063
26,32,1644,0.14125401,15.212269,5.6815963,0.61295146,0.17691912,0.17691912
26,33,1645,0.14124686,15.211208,5.6811094,0.61307687,0.17689292,0.17689292
26,34,1646,0.1412249,15.209386,5.6808167,0.61333704,0.17686385,0.17686385
26,35,1647,0.14122266,15.208769,5.6807184,0.61353517,0.17686202,0.17686202
26,36,1648,0.14121546,15.207254,5.6804338,0.61356664,0.1768561,0.1768561
26,37,1649,0.14120835,15.206096,5.6801786,0.6136533,0.17685305,0.17685305
26,38,1650,0.14119293,15.203622,5.6799855,0.61380047,0.1768312,0.1768312
26,39,1651,0.14118427,15.201259,5.679654,0.61384207,0.17682676,0.17682676
26,40,1652,0.14118889,15.200869,5.6793246,0.61393726,0.17680535,0.17680535
26,41,1653,0.14118232,15.197804,5.679072,0.6139908,0.17679814,0.17679814
26,42,1654,0.14117873,15.1971445,5.6788497,0.61398745,0.17678553,0.17678553
26,43,1655,0.14116752,15.195711,5.678544,0.61414343,0.17677516,0.17677516
26,44,1656,0.14115769,15.194742,5.678327,0.6140753,0.17677109,0.17677109
26,45,1657,0.14114416,15.193063,5.678054,0.6142334,0.17675442,0.17675442
26,46,1658,0.1411343,15.190932,5.6778927,0.61434436,0.17672454,0.17672454
26,47,1659,0.14112312,15.188977,5.677576,0.61445147,0.17671265,0.17671265
26,48,1660,0.14111994,15.187704,5.677348,0.6145517,0.17670067,0.17670067
26,49,1661,0.14111549,15.1869,5.6771894,0.6146414,0.17668332,0.17668332
26,50,1662,0.1411128,15.186071,5.676416,0.61455315,0.17665738,0.17665738
26,51,1663,0.14111018,15.186042,5.6757603,0.61460143,0.17663355,0.17663355
26,52,1664,0.14108932,15.184159,5.6753397,0.6145547,0.17661603,0.17661603
26,53,1665,0.14105803,15.180755,5.674732,0.6146473,0.1765984,0.1765984
26,54,1666,0.14105497,15.181729,5.6744576,0.61480606,0.17657739,0.17657739
26,55,1667,0.14103666,15.179163,5.6738334,0.6148166,0.17655328,0.17655328
26,56,1668,0.1410265,15.177445,5.6734977,0.6147505,0.1765353,0.1765353
26,57,1669,0.14102209,15.176929,5.67337,0.61499447,0.17651764,0.17651764
26,58,1670,0.1410051,15.173678,5.6731834,0.6151181,0.17649758,0.17649758
26,59,1671,0.14098966,15.171723,5.672725,0.6152478,0.17647283,0.17647283
26,60,1672,0.14099441,15.170638,5.67228,0.61544263,0.17644478,0.17644478
26,61,1673,0.14099532,15.169551,5.671963,0.61556584,0.17641914,0.17641914
27,0,1674,0.14099339,15.16933,5.671467,0.6155977,0.1763967,0.1763967
27,1,1675,0.1409838,15.168158,5.671155,0.6157291,0.17637773,0.17637773
27,2,1676,0.14097095,15.165722,5.67078,0.6156869,0.1763489,0.1763489
27,3,1677,0.14096911,15.16583,5.670782,0.61587965,0.17635466,0.17635466
27,4,1678,0.14095846,15.163067,5.670676,0.6158178,0.17633143,0.17633143
27,5,1679,0.14095697,15.160972,5.6704245,0.6158717,0.1763201,0.1763201
27,6,1680,0.14095566,15.161416,5.6700363,0.615876,0.1763044,0.1763044
27,7,1681,0.14094193,15.158951,5.669682,0.6160061,0.1762848,0.1762848
27,8,1682,0.14092939,15.157157,5.669273,0.61614406,0.17626698,0.17626698
27,9,1683,0.14090952,15.155525,5.6687636,0.6162057,0.17624353,0.17624353
27,10,1684,0.14089091,15.152637,5.6679764,0.6160962,0.17621788,0.17621788
27,11,1685,0.14088154,15.151893,5.6676226,0.6161701,0.17620115,0.17620115
27,12,1686,0.14089301,15.154135,5.667468,0.6162184,0.17619674,0.17619674
27,13,1687,0.14089152,15.154177,5.6672225,0.6162003,0.17617635,0.17617635
27,14,1688,0.1408892,15.1545105,5.666703,0.6162643,0.17616266,0.17616266
27,15,1689,0.14089094,15.153683,5.6662602,0.61625826,0.17614587,0.17614587
27,16,1690,0.1408839,15.15134,5.6655684,0.6161991,0.17612693,0.17612693
27,17,1691,0.14087614,15.150229,5.6648765,0.6161358,0.17610706,0.17610706
27,18,1692,0.1408912,15.152436,5.665019,0.6162538,0.17609638,0.17609638
27,19,1693,0.1408842,15.1511965,5.6651173,0.6162603,0.17608678,0.17608678
27,20,1694,0.14089927,15.151703,5.665241,0.6164562,0.17606698,0.17606698
27,21,1695,0.14091673,15.152651,5.6651535,0.61657065,0.17606649,0.17606649
27,22,1696,0.14092083,15.151784,5.6651826,0.61660594,0.17607343,0.17607343
27,23,1697,0.14092185,15.151498,5.6653476,0.616739,0.1760797,0.1760797
27,24,1698,0.14091834,15.151386,5.66531,0.61684436,0.17607701,0.17607701
27,25,1699,0.14090326,15.149036,5.6651745,0.61691135,0.17607328,0.17607328
27,26,1700,0.14090061,15.147456,5.6649323,0.61685914,0.17608428,0.17608428
27,27,1701,0.14088476,15.147119,5.6646223,0.6170582,0.17607455,0.17607455
27,28,1702,0.14088552,15.146966,5.6644764,0.6173736,0.17606497,0.17606497
27,29,1703,0.14086704,15.14374,5.6641445,0.61755306,0.17605169,0.17605169
27,30,1704,0.14086477,15.144414,5.66373,0.6176568,0.1760313,0.1760313
27,31,1705,0.14085674,15.14407,5.6634016,0.6178004,0.17601536,0.17601536
27,32,1706,0.14085689,15.145154,5.662789,0.6178004,0.17598833,0.17598833
27,33,1707,0.14084801,15.14389,5.6626215,0.617943,0.17599438,0.17599438
27,34,1708,0.14085753,15.1442585,5.6621113,0.61814165,0.17597143,0.17597143
27,35,1709,0.1408496,15.143641,5.6618896,0.6182422,0.17596798,0.17596798
27,36,1710,0.14083123,15.14162,5.661495,0.61831915,0.17596593,0.17596593
27,37,1711,0.14082426,15.14003,5.661183,0.61830026,0.17596054,0.17596054
27,38,1712,0.14080992,15.137203,5.661,0.61821264,0.17594157,0.17594157
27,39,1713,0.14080699,15.1371,5.660855,0.61833066,0.17593472,0.17593472
27,40,1714,0.14079103,15.134486,5.660314,0.61825424,0.1759307,0.1759307
27,41,1715,0.14077434,15.131482,5.6598206,0.61824745,0.17589918,0.17589918
27,42,1716,0.14075676,15.130198,5.6599483,0.61836725,0.175891,0.175891
27,43,1717,0.14076954,15.132926,5.6595106,0.6183305,0.17588109,0.17588109
27,44,1718,0.140771,15.132797,5.659386,0.6183628,0.17588247,0.17588247
27,45,1719,0.14077865,15.133249,5.658978,0.61837363,0.17586789,0.17586789
27,46,1720,0.14076343,15.130734,5.6585984,0.6185588,0.17584847,0.17584847
27,47,1721,0.1407448,15.1282015,5.658155,0.618616,0.1758303,0.1758303
27,48,1722,0.140735,15.125324,5.6575694,0.61868626,0.17580807,0.17580807
27,49,1723,0.14073372,15.125188,5.657174,0.6187489,0.17577994,0.17577994
27,50,1724,0.14071739,15.123585,5.657046,0.61884904,0.17576946,0.17576946
27,51,1725,0.14070332,15.122041,5.656775,0.6190246,0.17576055,0.17576055
27,52,1726,0.14069843,15.121322,5.6565175,0.61908007,0.1757285,0.1757285
27,53,1727,0.14068228,15.119971,5.6563416,0.61909133,0.17571706,0.17571706
27,54,1728,0.14067534,15.119143,5.656042,0.6190741,0.17569971,0.17569971
27,55,1729,0.14067136,15.118032,5.655637,0.61917406,0.17568623,0.17568623
27,56,1730,0.14066717,15.117375,5.65538,0.6192354,0.17567576,0.17567576
27,57,1731,0.14066088,15.11714,5.6551766,0.6193014,0.17567405,0.17567405
27,58,1732,0.1406504,15.116832,5.6548696,0.6193158,0.17565042,0.17565042
27,59,1733,0.14064205,15.117243,5.6545644,0.6193373,0.17563505,0.17563505
27,60,1734,0.1406361,15.116281,5.6540594,0.61940867,0.17561519,0.17561519
27,61,1735,0.14063779,15.113685,5.6539593,0.6194544,0.17560214,0.17560214
28,0,1736,0.14063352,15.112847,5.653504,0.61942583,0.17559014,0.17559014
28,1,1737,0.14061563,15.110675,5.65333,0.6196548,0.17557651,0.17557651
28,2,1738,0.14060912,15.109595,5.6529655,0.61979914,0.17555031,0.17555031
28,3,1739,0.14059463,15.107804,5.652611,0.6198807,0.17554027,0.17554027
28,4,1740,0.14057666,15.105396,5.6519113,0.6198978,0.17552151,0.17552151
28,5,1741,0.14057812,15.106598,5.6512475,0.61993027,0.17549424,0.17549424
28,6,1742,0.1405713,15.104993,5.6508636,0.6200179,0.17548142,0.17548142
28,7,1743,0.14056592,15.103912,5.6503844,0.619999,0.17546077,0.17546077
28,8,1744,0.14057934,15.104042,5.6501656,0.620147,0.17545474,0.17545474
28,9,1745,0.14056239,15.10137,5.6501656,0.6201448,0.17544764,0.17544764
28,10,1746,0.14055103,15.0996685,5.649752,0.6202548,0.17543183,0.17543183
28,11,1747,0.14053994,15.097828,5.649428,0.6203871,0.17540947,0.17540947
28,12,1748,0.14053859,15.097186,5.649059,0.62050056,0.17539106,0.17539106
28,13,1749,0.14053524,15.096519,5.6487784,0.62051797,0.17537493,0.17537493
28,14,1750,0.14052248,15.095559,5.648535,0.6205541,0.17535754,0.17535754
28,15,1751,0.1405085,15.0945425,5.648238,0.6206538,0.17535345,0.17535345
28,16,1752,0.14049889,15.092817,5.6481724,0.62072563,0.17533445,0.17533445
28,17,1753,0.14050524,15.092185,5.6477647,0.6207437,0.1753116,0.1753116
28,18,1754,0.14050427,15.092784,5.647224,0.62078214,0.17529745,0.17529745
28,19,1755,0.14049418,15.091334,5.6469083,0.6208945,0.17529388,0.17529388
28,20,1756,0.14049046,15.090963,5.6463847,0.6209936,0.1752817,0.1752817
28,21,1757,0.14048932,15.090491,5.6460176,0.6211327,0.17525554,0.17525554
28,22,1758,0.14048217,15.088518,5.645668,0.6212043,0.17523399,0.17523399
28,23,1759,0.14049095,15.088365,5.6451297,0.6212976,0.17521045,0.17521045
28,24,1760,0.14048478,15.086567,5.6446605,0.621363,0.17518617,0.17518617
28,25,1761,0.14047994,15.085983,5.6444077,0.62137467,0.17517343,0.17517343
28,26,1762,0.14048176,15.086153,5.6443024,0.62154484,0.1751547,0.1751547
28,27,1763,0.14046386,15.084067,5.643758,0.6215756,0.17513962,0.17513962
28,28,1764,0.1404569,15.082185,5.6431274,0.62166435,0.17512365,0.17512365
28,29,1765,0.1404626,15.08286,5.6427627,0.6217024,0.17511119,0.17511119
28,30,1766,0.14045894,15.082577,5.6424766,0.62173015,0.17509605,0.17509605
28,31,1767,0.14046727,15.08216,5.642134,0.6218274,0.17507738,0.17507738
28,32,1768,0.14045511,15.080193,5.6420145,0.6220481,0.17505537,0.17505537
28,33,1769,0.14045247,15.079054,5.641637,0.62210536,0.17503287,0.17503287
28,34,1770,0.14045843,15.079874,5.641277,0.6221759,0.17501624,0.17501624
28,35,1771,0.1404598,15.079392,5.6410704,0.62230974,0.17499876,0.17499876
28,36,1772,0.14045852,15.079041,5.641039,0.62239623,0.17498517,0.17498517
28,37,1773,0.14045525,15.078856,5.6411924,0.62263846,0.1749731,0.1749731
28,38,1774,0.14044766,15.077034,5.6409125,0.6227726,0.17496935,0.17496935
28,39,1775,0.14044659,15.076444,5.6405263,0.6227754,0.17497751,0.17497751
28,40,1776,0.14043799,15.075658,5.6401453,0.62274766,0.17496905,0.17496905
28,41,1777,0.14043194,15.075034,5.6401615,0.622847,0.17495659,0.17495659
28,42,1778,0.14042133,15.074343,5.6397276,0.6228999,0.17493907,0.17493907
28,43,1779,0.14041804,15.073299,5.639145,0.6230117,0.17491762,0.17491762
28,44,1780,0.14040343,15.0698395,5.638677,0.6230268,0.17489937,0.17489937
28,45,1781,0.14040303,15.069619,5.638337,0.623109,0.17489353,0.17489353
28,46,1782,0.14039269,15.069249,5.6380653,0.6231919,0.17487964,0.17487964
28,47,1783,0.1403915,15.067596,5.6374483,0.6231217,0.17486675,0.17486675
28,48,1784,0.1403884,15.067898,5.6371875,0.62315017,0.17486696,0.17486696
28,49,1785,0.14037828,15.0675535,5.636717,0.6232376,0.1748494,0.1748494
28,50,1786,0.14037016,15.065147,5.6362915,0.6232814,0.17482835,0.17482835
28,51,1787,0.1403517,15.063292,5.6360865,0.6234047,0.17482805,0.17482805
28,52,1788,0.1403524,15.062599,5.635946,0.6234664,0.17481849,0.17481849
28,53,1789,0.14034212,15.062072,5.635527,0.6234765,0.17480746,0.17480746
28,54,1790,0.1403395,15.062179,5.634888,0.62351906,0.17478423,0.17478423
28,55,1791,0.14033696,15.062091,5.6342597,0.6234763,0.17476554,0.17476554
28,56,1792,0.14033672,15.061225,5.633876,0.6235995,0.17474452,0.17474452
28,57,1793,0.14032638,15.059984,5.6335163,0.62352926,0.17473932,0.17473932
28,58,1794,0.14032632,15.059101,5.6330786,0.62354374,0.1747232,0.1747232
28,59,1795,0.14033571,15.060161,5.6325116,0.6235625,0.17470206,0.17470206
28,60,1796,0.14033955,15.059325,5.632126,0.623545,0.1746782,0.1746782
28,61,1797,0.14034408,15.060054,5.6317816,0.62358516,0.17466453,0.17466453
29,0,1798,0.1403304,15.057999,5.6317635,0.6237241,0.17466782,0.17466782
29,1,1799,0.14032227,15.056992,5.6314435,0.6238527,0.17465104,0.17465104
29,2,1800,0.14031798,15.057111,5.6308355,0.62387437,0.1746261,0.1746261
29,3,1801,0.14031634,15.056526,5.6303625,0.6238381,0.17460513,0.17460513
29,4,1802,0.14031687,15.056069,5.6300077,0.62378335,0.17458697,0.17458697
29,5,1803,0.14030713,15.055055,5.6296163,0.6238388,0.17455478,0.17455478
29,6,1804,0.14031169,15.053996,5.6293077,0.6238607,0.17453896,0.17453896
29,7,1805,0.1403104,15.052395,5.628965,0.6238957,0.17453061,0.17453061
29,8,1806,0.14030719,15.051074,5.6282835,0.6238268,0.17451791,0.17451791
29,9,1807,0.14030509,15.051135,5.62803,0.6238241,0.17451221,0.17451221
29,10,1808,0.14030135,15.050578,5.627828,0.623884,0.17450559,0.17450559
29,11,1809,0.14030862,15.0488825,5.6276,0.6239671,0.17448747,0.17448747
29,12,1810,0.14030609,15.047763,5.627392,0.62412375,0.17449038,0.17449038
29,13,1811,0.1403095,15.04772,5.627102,0.62422323,0.17447425,0.17447425
29,14,1812,0.14030491,15.046814,5.626766,0.62435746,0.17445756,0.17445756
29,15,1813,0.14029454,15.046483,5.6262503,0.6243572,0.1744302,0.1744302
29,16,1814,0.14029208,15.046096,5.626068,0.62441695,0.17441621,0.17441621
29,17,1815,0.1402701,15.044111,5.625613,0.6243583,0.1743977,0.1743977
29,18,1816,0.14027813,15.044053,5.6251245,0.6243699,0.17437297,0.17437297
29,19,1817,0.14028725,15.043669,5.624839,0.62449837,0.1743684,0.1743684
29,20,1818,0.14028515,15.042793,5.6242957,0.6245652,0.17433906,0.17433906
29,21,1819,0.1402762,15.042177,5.623974,0.6247488,0.17432535,0.17432535
29,22,1820,0.14027813,15.0403,5.623546,0.62481755,0.17429934,0.17429934
29,23,1821,0.14029083,15.040291,5.6231112,0.6248768,0.17429198,0.17429198
29,24,1822,0.14029296,15.039399,5.622672,0.6249574,0.17426477,0.17426477
29,25,1823,0.14028394,15.039031,5.6223216,0.6250049,0.17425847,0.17425847
29,26,1824,0.14027369,15.037346,5.62182,0.6250092,0.17424384,0.17424384
29,27,1825,0.14026576,15.037316,5.6213408,0.6250003,0.17423208,0.17423208
29,28,1826,0.14026421,15.0379505,5.6211348,0.6250995,0.17422071,0.17422071
29,29,1827,0.14024767,15.035757,5.6209292,0.62509024,0.17420988,0.17420988
29,30,1828,0.14023504,15.034541,5.6203837,0.6250258,0.17419721,0.17419721
29,31,1829,0.14024413,15.036814,5.6198926,0.6251254,0.17418242,0.17418242
29,32,1830,0.14023802,15.034564,5.6194844,0.6251076,0.17418143,0.17418143
29,33,1831,0.14023393,15.033087,5.619126,0.62516177,0.1741611,0.1741611
29,34,1832,0.14023827,15.032467,5.618982,0.6252786,0.17415243,0.17415243
29,35,1833,0.14023122,15.031902,5.6188974,0.62537676,0.17414097,0.17414097
29,36,1834,0.14023076,15.0318575,5.618634,0.62546664,0.17412315,0.17412315
29,37,1835,0.14022009,15.030774,5.618334,0.6256717,0.17409788,0.17409788
29,38,1836,0.14021762,15.030659,5.6180925,0.62576574,0.17408255,0.17408255
29,39,1837,0.14022139,15.031834,5.61745,0.62577564,0.17405695,0.17405695
29,40,1838,0.14020425,15.030601,5.617036,0.62582445,0.17405593,0.17405593
29,41,1839,0.14019018,15.029422,5.6167154,0.6258246,0.17404632,0.17404632
29,42,1840,0.14018148,15.02898,5.6165395,0.62589103,0.17403811,0.17403811
29,43,1841,0.14018232,15.029112,5.6161227,0.62598765,0.17401862,0.17401862
29,44,1842,0.14017612,15.02728,5.6158757,0.6260841,0.17399889,0.17399889
29,45,1843,0.1401716,15.027337,5.615531,0.6261656,0.17398462,0.17398462
29,46,1844,0.14019035,15.028325,5.615394,0.62624824,0.17396726,0.17396726
29,47,1845,0.14018121,15.027167,5.615307,0.6263915,0.17395423,0.17395423
29,48,1846,0.14017624,15.026548,5.615185,0.6265404,0.17394303,0.17394303
29,49,1847,0.14017123,15.025389,5.615052,0.6266053,0.17394587,0.17394587
29,50,1848,0.14016326,15.024694,5.6148615,0.62669003,0.17393118,0.17393118
29,51,1849,0.14017051,15.024945,5.6145477,0.62674177,0.17391133,0.17391133
29,52,1850,0.14017457,15.02369,5.6142364,0.6267314,0.17391475,0.17391475
29,53,1851,0.1401733,15.02232,5.6140103,0.6267115,0.17391226,0.17391226
29,54,1852,0.1401703,15.021439,5.6135325,0.626702,0.1739005,0.1739005
29,55,1853,0.14017612,15.022034,5.613223,0.626771,0.17389101,0.17389101
29,56,1854,0.14016962,15.021488,5.6130047,0.6267275,0.17387779,0.17387779
29,57,1855,0.14015158,15.019184,5.612492,0.6268152,0.17386186,0.17386186
29,58,1856,0.14014792,15.017971,5.612058,0.62685126,0.17384739,0.17384739
29,59,1857,0.14015388,15.018172,5.6115646,0.6268566,0.17382659,0.17382659
29,60,1858,0.1401453,15.016834,5.611483,0.62702256,0.17381875,0.17381875
29,61,1859,0.14014348,15.016487,5.6114616,0.6272526,0.17380406,0.17380406
30,0,1860,0.14015263,15.01627,5.6112328,0.6272784,0.17378841,0.17378841
30,1,1861,0.14014691,15.014845,5.6105905,0.62731004,0.17376678,0.17376678
30,2,1862,0.14014187,15.013632,5.610357,0.6273881,0.17374638,0.17374638
30,3,1863,0.14012748,15.012032,5.609989,0.62732553,0.17373778,0.17373778
30,4,1864,0.14013314,15.011751,5.6094227,0.6273792,0.17371443,0.17371443
30,5,1865,0.14013653,15.011168,5.6089673,0.6275086,0.17369355,0.17369355
30,6,1866,0.14012246,15.009278,5.6086974,0.62762964,0.17367661,0.17367661
30,7,1867,0.1401088,15.007294,5.60836,0.62767345,0.17364973,0.17364973
30,8,1868,0.1401009,15.006135,5.6081324,0.6278062,0.17363626,0.17363626
30,9,1869,0.14009511,15.005809,5.607601,0.6277261,0.17361087,0.17361087
30,10,1870,0.14009982,15.007999,5.6071763,0.6276909,0.1735861,0.1735861
30,11,1871,0.14009544,15.007055,5.606964,0.6276506,0.17357552,0.17357552
30,12,1872,0.14008236,15.004438,5.60665,0.62781554,0.17355363,0.17355363
30,13,1873,0.1400738,15.001249,5.606336,0.62787694,0.17354208,0.17354208
30,14,1874,0.140067,14.999125,5.6057544,0.62781185,0.17352568,0.17352568
30,15,1875,0.14005876,14.996955,5.605306,0.6278324,0.1735207,0.1735207
30,16,1876,0.14005858,14.995815,5.6048865,0.6279486,0.17351107,0.17351107
30,17,1877,0.14005797,14.99446,5.6046624,0.6280524,0.17350167,0.17350167
30,18,1878,0.1400533,14.994023,5.6042295,0.6281755,0.17349276,0.17349276
30,19,1879,0.14010425,15.004068,5.6040416,0.62828743,0.17347786,0.17347786
30,20,1880,0.14011613,15.007409,5.603518,0.6282512,0.17347261,0.17347261
30,21,1881,0.14012061,15.009392,5.602894,0.62825674,0.17344211,0.17344211
30,22,1882,0.14011443,15.008765,5.602581,0.62820536,0.1734371,0.1734371
30,23,1883,0.14011261,15.007548,5.6023574,0.62834036,0.1734203,0.1734203
30,24,1884,0.14010444,15.006122,5.6021037,0.6284356,0.1733963,0.1733963
30,25,1885,0.14009419,15.004857,5.601771,0.62850004,0.17337924,0.17337924
30,26,1886,0.1401017,15.005326,5.601684,0.6285632,0.17337729,0.17337729
30,27,1887,0.14010188,15.004595,5.6013155,0.62856096,0.17336713,0.17336713
30,28,1888,0.14009075,15.003488,5.6011906,0.62864,0.17334555,0.17334555
30,29,1889,0.14008684,15.00261,5.6010203,0.6286924,0.17333777,0.17333777
30,30,1890,0.14008534,15.0010605,5.6010246,0.6288583,0.17331813,0.17331813
30,31,1891,0.14007568,14.998444,5.600726,0.62889194,0.1733006,0.1733006
30,32,1892,0.14006844,14.998564,5.600329,0.6289861,0.17327999,0.17327999
30,33,1893,0.14006057,14.997903,5.6000195,0.628992,0.17325906,0.17325906
30,34,1894,0.14004353,14.996512,5.599575,0.62906116,0.17323811,0.17323811
30,35,1895,0.1400422,14.995435,5.599481,0.62908006,0.17322707,0.17322707
30,36,1896,0.14003517,14.99417,5.5991373,0.6291751,0.17322281,0.17322281
30,37,1897,0.14002934,14.992672,5.5988,0.6292047,0.17321298,0.17321298
30,38,1898,0.14004107,14.992532,5.5987167,0.62929416,0.17320447,0.17320447
30,39,1899,0.14003597,14.990896,5.598651,0.6293614,0.17320608,0.17320608
30,40,1900,0.1400325,14.990298,5.5982614,0.62946594,0.17318378,0.17318378
30,41,1901,0.1400407,14.9908695,5.5977416,0.62944573,0.1731726,0.1731726
30,42,1902,0.1400309,14.989731,5.597565,0.62955165,0.17314959,0.17314959
30,43,1903,0.1400286,14.989424,5.5976167,0.6295746,0.1731433,0.1731433
30,44,1904,0.14002445,14.987623,5.5971937,0.6295769,0.17313507,0.17313507
30,45,1905,0.14001508,14.98566,5.596764,0.62953335,0.17312555,0.17312555
30,46,1906,0.14001648,14.98478,5.5963573,0.62950677,0.1731243,0.1731243
30,47,1907,0.14001974,14.98359,5.596066,0.6295116,0.17312185,0.17312185
30,48,1908,0.14002207,14.983077,5.5957646,0.6296258,0.1731083,0.1731083
30,49,1909,0.14000967,14.981924,5.5954757,0.6297371,0.17309885,0.17309885
30,50,1910,0.14001174,14.982611,5.595305,0.6298592,0.17310683,0.17310683
30,51,1911,0.14000826,14.98179,5.595204,0.6299698,0.1730951,0.1730951
30,52,1912,0.14000453,14.981932,5.5951147,0.6300451,0.17308305,0.17308305
30,53,1913,0.1400137,14.983037,5.5946755,0.6300378,0.17306978,0.17306978
30,54,1914,0.14000931,14.981085,5.5942225,0.62994987,0.1730556,0.1730556
30,55,1915,0.1400185,14.98297,5.593891,0.62994623,0.17303674,0.17303674
30,56,1916,0.1400127,14.980992,5.593438,0.62988245,0.17302674,0.17302674
30,57,1917,0.14002092,14.981884,5.593054,0.62990594,0.17301662,0.17301662
30,58,1918,0.14001025,14.980534,5.5928397,0.6301113,0.17299546,0.17299546
30,59,1919,0.14000922,14.979479,5.5923395,0.63001955,0.17298679,0.17298679
30,60,1920,0.14000574,14.978475,5.5922093,0.63023657,0.17297569,0.17297569
30,61,1921,0.14001428,14.976647,5.5919256,0.6303236,0.17297205,0.17297205
31,0,1922,0.14002645,14.977429,5.591427,0.63035846,0.17295316,0.17295316
31,1,1923,0.14001384,14.975601,5.5907583,0.63032717,0.17293629,0.17293629
31,2,1924,0.14001718,14.974889,5.5901456,0.63036025,0.17291385,0.17291385
31,3,1925,0.14000458,14.973413,5.5896077,0.63040656,0.17288715,0.17288715
31,4,1926,0.1399948,14.971988,5.589022,0.6304675,0.17287031,0.17287031
31,5,1927,0.13998759,14.9709015,5.588696,0.63049287,0.17285961,0.17285961
31,6,1928,0.13998225,14.96981,5.5883055,0.63049614,0.17284998,0.17284998
31,7,1929,0.13997394,14.968016,5.5881324,0.63063693,0.1728347,0.1728347
31,8,1930,0.13996123,14.9651165,5.5877233,0.63064605,0.17281723,0.17281723
31,9,1931,0.13996546,14.9646,5.5876317,0.6306883,0.17280449,0.17280449
31,10,1932,0.13996807,14.96608,5.587287,0.6308061,0.17278725,0.17278725
31,11,1933,0.13997132,14.96578,5.586981,0.630945,0.17276676,0.17276676
31,12,1934,0.13996425,14.964541,5.5864763,0.630972,0.17274997,0.17274997
31,13,1935,0.13996464,14.963802,5.5860763,0.63105077,0.17273152,0.17273152
31,14,1936,0.13995937,14.963177,5.5856943,0.6310934,0.17271857,0.17271857
31,15,1937,0.13996494,14.963445,5.5855207,0.6311129,0.17270969,0.17270969
31,16,1938,0.13996112,14.962387,5.585397,0.63123024,0.17270209,0.17270209
31,17,1939,0.13996202,14.961282,5.584802,0.63126546,0.17267632,0.17267632
31,18,1940,0.13995843,14.960522,5.5844307,0.63140345,0.17265233,0.17265233
31,19,1941,0.13995296,14.958864,5.5842533,0.631548,0.17264669,0.17264669
31,20,1942,0.13994658,14.956601,5.584163,0.6315929,0.17264286,0.17264286
31,21,1943,0.13994935,14.9564,5.583791,0.63165283,0.1726237,0.1726237
31,22,1944,0.13994698,14.956326,5.5835342,0.63182515,0.1726135,0.1726135
31,23,1945,0.13993564,14.954297,5.583443,0.6319247,0.17260666,0.17260666
31,24,1946,0.1399391,14.955157,5.583102,0.6320194,0.17259741,0.17259741
31,25,1947,0.13994029,14.955052,5.582703,0.63212746,0.17257401,0.17257401
31,26,1948,0.1399537,14.95498,5.582173,0.63210064,0.17255627,0.17255627
31,27,1949,0.13995354,14.954588,5.5818644,0.63198566,0.17254907,0.17254907
31,28,1950,0.1399512,14.952855,5.581357,0.6318734,0.17253019,0.17253019
31,29,1951,0.1399669,14.954398,5.580755,0.63189363,0.17251636,0.17251636
31,30,1952,0.13995415,14.952162,5.580555,0.6320759,0.17249827,0.17249827
31,31,1953,0.13994524,14.950455,5.580593,0.6322811,0.17248462,0.17248462
31,32,1954,0.13995135,14.951107,5.580388,0.6323721,0.17246692,0.17246692
31,33,1955,0.13996007,14.951068,5.58028,0.6324833,0.17245384,0.17245384
31,34,1956,0.13996248,14.951697,5.5800753,0.63255274,0.17243655,0.17243655
31,35,1957,0.13996047,14.951451,5.579829,0.63255996,0.1724259,0.1724259
31,36,1958,0.13995901,14.951986,5.579512,0.63264495,0.1724139,0.1724139
31,37,1959,0.13995034,14.95097,5.5789413,0.63270265,0.17239347,0.17239347
31,38,1960,0.13994718,14.950754,5.5786853,0.6328081,0.17239039,0.17239039
31,39,1961,0.13995203,14.950553,5.5782266,0.6327835,0.17236921,0.17236921
31,40,1962,0.1399594,14.950043,5.57789,0.6327692,0.17235374,0.17235374
31,41,1963,0.13995993,14.950755,5.577678,0.63293487,0.17235012,0.17235012
31,42,1964,0.13996485,14.95101,5.577357,0.6329976,0.17234527,0.17234527
31,43,1965,0.13995726,14.950055,5.5771194,0.63306427,0.1723352,0.1723352
31,44,1966,0.13994591,14.949232,5.5766306,0.6330763,0.17232288,0.17232288
31,45,1967,0.1399456,14.947881,5.576228,0.6330706,0.17231087,0.17231087
31,46,1968,0.13993976,14.94599,5.5761247,0.6330789,0.17229733,0.17229733
31,47,1969,0.13992666,14.943827,5.57624,0.6330895,0.17228404,0.17228404
31,48,1970,0.13991453,14.942774,5.576067,0.63306665,0.17228499,0.17228499
31,49,1971,0.13991836,14.942798,5.5757785,0.6331079,0.17228173,0.17228173
31,50,1972,0.13992119,14.94379,5.575372,0.63299066,0.17227803,0.17227803
31,51,1973,0.1399148,14.944167,5.574944,0.6329972,0.17227839,0.17227839
31,52,1974,0.1399158,14.942463,5.574608,0.63299286,0.17226519,0.17226519
31,53,1975,0.13991745,14.943144,5.5744348,0.63309306,0.17224877,0.17224877
31,54,1976,0.13991581,14.942884,5.5738373,0.6331289,0.17222355,0.17222355
31,55,1977,0.13992158,14.942776,5.573489,0.63310486,0.17220347,0.17220347
31,56,1978,0.13991302,14.940283,5.573039,0.6330436,0.17219974,0.17219974
31,57,1979,0.13992462,14.93951,5.57268,0.6331785,0.17217818,0.17217818
31,58,1980,0.13992083,14.938754,5.5723467,0.6333128,0.17216735,0.17216735
31,59,1981,0.13992402,14.939157,5.571845,0.633357,0.17214862,0.17214862
31,60,1982,0.13992505,14.938677,5.5713983,0.6334078,0.17213467,0.17213467
31,61,1983,0.13992736,14.937244,5.57102,0.6334545,0.17211637,0.17211637
32,0,1984,0.13992588,14.93676,5.570572,0.63347644,0.17210065,0.17210065
32,1,1985,0.13992122,14.935938,5.5703464,0.6335773,0.17208979,0.17208979
32,2,1986,0.13992757,14.93654,5.5702624,0.63361603,0.17207177,0.17207177
32,3,1987,0.13993157,14.937186,5.570224,0.63371325,0.17208034,0.17208034
32,4,1988,0.1399222,14.93478,5.5699472,0.6337971,0.1720604,0.1720604
32,5,1989,0.13992031,14.934195,5.5697813,0.63399017,0.17204171,0.17204171
32,6,1990,0.13991149,14.9334345,5.5691943,0.63411826,0.17201087,0.17201087
32,7,1991,0.13992518,14.93321,5.5691,0.6342101,0.17199323,0.17199323
32,8,1992,0.13992265,14.932856,5.5687532,0.63417226,0.17198747,0.17198747
32,9,1993,0.13991877,14.932132,5.5683746,0.6342002,0.17197245,0.17197245
32,10,1994,0.13992275,14.931994,5.5678782,0.63423395,0.17196317,0.17196317
32,11,1995,0.13991427,14.930448,5.5675344,0.63427085,0.1719598,0.1719598
32,12,1996,0.13992324,14.930375,5.5673203,0.6343364,0.17194551,0.17194551
32,13,1997,0.13992132,14.9305525,5.5672464,0.63440645,0.17193533,0.17193533
32,14,1998,0.13992424,14.929967,5.5670896,0.6344551,0.1719256,0.1719256
32,15,1999,0.13992007,14.928882,5.566878,0.63453203,0.17190924,0.17190924
32,16,2000,0.13991937,14.927978,5.566586,0.63458186,0.17189816,0.17189816
32,17,2001,0.13992187,14.9264965,5.5664043,0.63458824,0.17188966,0.17188966
32,18,2002,0.13991584,14.925382,5.566315,0.63485533,0.17188287,0.17188287
32,19,2003,0.13991818,14.925376,5.5661054,0.63494056,0.17186308,0.17186308
32,20,2004,0.13992637,14.926344,5.565982,0.63493705,0.17185345,0.17185345
32,21,2005,0.139927,14.925295,5.5655465,0.6350037,0.17182694,0.17182694
32,22,2006,0.13991745,14.923489,5.565176,0.63506114,0.17181844,0.17181844
32,23,2007,0.13991609,14.92354,5.564679,0.6351406,0.17180634,0.17180634
32,24,2008,0.139925,14.923328,5.5643396,0.6351932,0.17180048,0.17180048
32,25,2009,0.13991828,14.921272,5.5639176,0.6352095,0.17178558,0.17178558
32,26,2010,0.13992795,14.922303,5.5633807,0.63526464,0.1717635,0.1717635
32,27,2011,0.13991757,14.920446,5.563136,0.63523674,0.17177175,0.17177175
32,28,2012,0.139912,14.919365,5.562831,0.63535845,0.17176676,0.17176676
32,29,2013,0.13992119,14.920518,5.562418,0.6354218,0.17175382,0.17175382
32,30,2014,0.13991752,14.919689,5.562089,0.6354463,0.17174074,0.17174074
32,31,2015,0.13991942,14.919043,5.5616336,0.63551474,0.17172758,0.17172758
32,32,2016,0.13991039,14.917788,5.561155,0.6355272,0.17171656,0.17171656
32,33,2017,0.1399157,14.918135,5.5605283,0.63545483,0.17169857,0.17169857
32,34,2018,0.13992627,14.918092,5.5601306,0.63539755,0.17168579,0.17168579
32,35,2019,0.13992324,14.917273,5.5598392,0.6354007,0.17166859,0.17166859
32,36,2020,0.13991976,14.916581,5.559356,0.6354137,0.17164905,0.17164905
32,37,2021,0.13992828,14.917267,5.559285,0.6355137,0.1716488,0.1716488
32,38,2022,0.13992235,14.915914,5.5591207,0.635533,0.17163602,0.17163602
32,39,2023,0.1399369,14.91608,5.5588894,0.6354789,0.1716335,0.1716335
32,40,2024,0.13994768,14.9154005,5.5586147,0.6355614,0.17162725,0.17162725
32,41,2025,0.13995376,14.915718,5.558223,0.6356589,0.17161073,0.17161073
32,42,2026,0.13995714,14.915747,5.5578265,0.6357474,0.17159882,0.17159882
32,43,2027,0.1399546,14.915869,5.5575466,0.6359002,0.1715807,0.1715807
32,44,2028,0.13995744,14.91589,5.5573716,0.635944,0.17158084,0.17158084
32,45,2029,0.13995622,14.916539,5.557091,0.635995,0.17156519,0.17156519
32,46,2030,0.13996473,14.916956,5.556634,0.6360842,0.17154124,0.17154124
32,47,2031,0.13996774,14.916357,5.556469,0.6362416,0.17152323,0.17152323
32,48,2032,0.13996862,14.916479,5.5565205,0.63642067,0.17151333,0.17151333
32,49,2033,0.13997646,14.918571,5.5565896,0.63658816,0.17150074,0.17150074
32,50,2034,0.13998663,14.919829,5.556364,0.636639,0.17150018,0.17150018
32,51,2035,0.13999312,14.921225,5.556156,0.6366158,0.17148797,0.17148797
32,52,2036,0.13999614,14.921111,5.5558677,0.6366201,0.17146876,0.17146876
32,53,2037,0.14000714,14.921671,5.5555425,0.636651,0.17145833,0.17145833
32,54,2038,0.1400034,14.920703,5.555362,0.63663536,0.17145693,0.17145693
32,55,2039,0.14001498,14.921254,5.5551257,0.63655883,0.17145811,0.17145811
32,56,2040,0.14001507,14.920624,5.5551,0.63672876,0.17144415,0.17144415
32,57,2041,0.14001419,14.920193,5.554972,0.63681585,0.1714304,0.1714304
32,58,2042,0.14001714,14.919996,5.5544868,0.6368088,0.17140596,0.17140596
32,59,2043,0.14002503,14.919424,5.554153,0.63683844,0.1714085,0.1714085
32,60,2044,0.14001913,14.9185,5.5539145,0.6369052,0.17139113,0.17139113
32,61,2045,0.1400272,14.919573,5.553419,0.6369642,0.1713702,0.1713702
33,0,2046,0.14004187,14.922563,5.553158,0.637006,0.17135122,0.17135122
33,1,2047,0.14004959,14.922058,5.552802,0.63718855,0.17133102,0.17133102
33,2,2048,0.14005342,14.922055,5.552425,0.63722885,0.17131239,0.17131239
33,3,2049,0.14006478,14.921797,5.5521617,0.6372655,0.17130424,0.17130424
33,4,2050,0.14006804,14.920211,5.551886,0.63735,0.17129716,0.17129716
33,5,2051,0.14006275,14.918968,5.5513997,0.6375177,0.17126511,0.17126511
33,6,2052,0.14006692,14.919336,5.551192,0.6375181,0.17124704,0.17124704
33,7,2053,0.14007947,14.921281,5.5510154,0.6375114,0.17123866,0.17123866
33,8,2054,0.14007771,14.920571,5.5511065,0.6376557,0.17122558,0.17122558
33,9,2055,0.14007539,14.919964,5.5509725,0.637748,0.17121969,0.17121969
33,10,2056,0.1400936,14.922645,5.5507836,0.6378422,0.17121327,0.17121327
33,11,2057,0.14010441,14.923565,5.550579,0.6379554,0.17120147,0.17120147
33,12,2058,0.14011887,14.924637,5.550299,0.6380756,0.17118163,0.17118163
33,13,2059,0.14011717,14.923541,5.5499988,0.6381236,0.17117158,0.17117158
33,14,2060,0.14011243,14.922267,5.54987,0.63818705,0.17117074,0.17117074
33,15,2061,0.14011338,14.920789,5.549492,0.63817316,0.171153,0.171153
33,16,2062,0.14011164,14.9205475,5.5490084,0.63819486,0.17113563,0.17113563
33,17,2063,0.1401075,14.919263,5.5487013,0.6382604,0.17113397,0.17113397
33,18,2064,0.140104,14.9179325,5.548281,0.63825804,0.171113,0.171113
33,19,2065,0.14010435,14.917246,5.548006,0.63830936,0.17110889,0.17110889
33,20,2066,0.14011362,14.915554,5.547561,0.6383451,0.17108943,0.17108943
33,21,2067,0.14010827,14.913663,5.5473843,0.6383669,0.1710732,0.1710732
33,22,2068,0.14009961,14.912331,5.547173,0.638389,0.17105699,0.17105699
33,23,2069,0.14010343,14.912391,5.5469584,0.63843685,0.17104556,0.17104556
33,24,2070,0.14010984,14.911002,5.546665,0.6385356,0.17102538,0.17102538
33,25,2071,0.14010423,14.909914,5.5463247,0.63859487,0.17100248,0.17100248
33,26,2072,0.14010262,14.909685,5.5460515,0.6385838,0.17099905,0.17099905
33,27,2073,0.14010137,14.910179,5.5457315,0.6385424,0.17098965,0.17098965
33,28,2074,0.1400975,14.909953,5.5456424,0.6386301,0.17098157,0.17098157
33,29,2075,0.14009424,14.90882,5.5451484,0.6386799,0.17095767,0.17095767
33,30,2076,0.14009407,14.908251,5.5449057,0.63870543,0.17095235,0.17095235
33,31,2077,0.14009582,14.907655,5.544986,0.63880616,0.17094672,0.17094672
33,32,2078,0.14009157,14.907061,5.544903,0.6389418,0.17093638,0.17093638
33,33,2079,0.14009127,14.906716,5.5447783,0.63903874,0.17092368,0.17092368
33,34,2080,0.14008765,14.906263,5.544512,0.6391103,0.1709203,0.1709203
33,35,2081,0.14008069,14.905203,5.5442934,0.63912255,0.17090558,0.17090558
33,36,2082,0.14007396,14.904714,5.544206,0.63916296,0.17089422,0.17089422
33,37,2083,0.1400819,14.90449,5.543837,0.6391264,0.17088448,0.17088448
33,38,2084,0.1400801,14.903951,5.543523,0.63918936,0.17086965,0.17086965
33,39,2085,0.1400805,14.904126,5.543369,0.6392741,0.1708496,0.1708496
33,40,2086,0.14007434,14.904122,5.543025,0.6393091,0.17083573,0.17083573
33,41,2087,0.14008926,14.904897,5.5427856,0.63934505,0.17083694,0.17083694
33,42,2088,0.14010276,14.905676,5.542397,0.63942426,0.17082864,0.17082864
33,43,2089,0.14012241,14.907688,5.5421004,0.6394904,0.17081791,0.17081791
33,44,2090,0.14012073,14.907575,5.5418463,0.6395474,0.17082018,0.17082018
33,45,2091,0.14012134,14.906624,5.5417404,0.63965315,0.17081438,0.17081438
33,46,2092,0.14012194,14.906105,5.5413756,0.6397686,0.17079894,0.17079894
33,47,2093,0.14011696,14.905387,5.5410204,0.6397547,0.170797,0.170797
33,48,2094,0.14012426,14.905885,5.5406604,0.63976675,0.17078449,0.17078449
33,49,2095,0.14011878,14.905097,5.54038,0.63976425,0.17077367,0.17077367
33,50,2096,0.14011137,14.903852,5.539895,0.63976675,0.17075872,0.17075872
33,51,2097,0.14011209,14.902962,5.539401,0.6398484,0.17073438,0.17073438
33,52,2098,0.14012197,14.903733,5.539067,0.63994926,0.17071389,0.17071389
33,53,2099,0.14013152,14.903967,5.5385857,0.6399967,0.17070478,0.17070478
33,54,2100,0.14013776,14.904639,5.538323,0.64009374,0.17069438,0.17069438
33,55,2101,0.14013276,14.903826,5.537969,0.6400993,0.1706779,0.1706779
33,56,2102,0.14013478,14.905116,5.5376873,0.6401845,0.17065655,0.17065655
33,57,2103,0.1401339,14.904425,5.537372,0.6402652,0.1706366,0.1706366
33,58,2104,0.14013731,14.903688,5.5373607,0.64029306,0.17064004,0.17064004
33,59,2105,0.14014538,14.904247,5.5370173,0.64035296,0.17063387,0.17063387
33,60,2106,0.1401401,14.9032955,5.5368114,0.6404384,0.17062692,0.17062692
33,61,2107,0.140143,14.904552,5.536469,0.64047635,0.17060763,0.17060763
34,0,2108,0.14015293,14.905993,5.5360894,0.64056695,0.17059655,0.17059655
34,1,2109,0.14015454,14.904463,5.535774,0.6406028,0.17057577,0.17057577
34,2,2110,0.14015272,14.903186,5.5352798,0.6405667,0.17055845,0.17055845
34,3,2111,0.14015187,14.902608,5.5348735,0.64061636,0.17054695,0.17054695
34,4,2112,0.1401496,14.901003,5.534405,0.64061135,0.17053786,0.17053786
34,5,2113,0.14014366,14.899996,5.5339518,0.6405804,0.17051789,0.17051789
34,6,2114,0.14013489,14.898139,5.5335736,0.6406059,0.1705066,0.1705066
34,7,2115,0.14012808,14.897696,5.533393,0.6406396,0.17048842,0.17048842
34,8,2116,0.14011945,14.896658,5.533119,0.64081204,0.17047042,0.17047042
34,9,2117,0.14013712,14.897924,5.5329266,0.6409297,0.17045452,0.17045452
34,10,2118,0.14013071,14.897182,5.5325184,0.640939,0.17042829,0.17042829
34,11,2119,0.14013559,14.89688,5.532227,0.6410046,0.17041895,0.17041895
34,12,2120,0.14013436,14.89657,5.531906,0.64099866,0.1704146,0.1704146
34,13,2121,0.14013547,14.89651,5.531864,0.64110655,0.17041083,0.17041083
34,14,2122,0.1401418,14.89709,5.5316057,0.64119416,0.17040151,0.17040151
34,15,2123,0.14014436,14.897248,5.5315013,0.64127153,0.1703925,0.1703925
34,16,2124,0.14015104,14.898351,5.5309052,0.6413148,0.17037061,0.17037061
34,17,2125,0.14015372,14.898309,5.5307302,0.6414317,0.17036313,0.17036313
34,18,2126,0.14014794,14.897487,5.530482,0.6414619,0.1703475,0.1703475
34,19,2127,0.14014319,14.8970995,5.5301294,0.6414317,0.1703416,0.1703416
34,20,2128,0.14013559,14.896567,5.5299754,0.6415007,0.17033271,0.17033271
34,21,2129,0.1401296,14.895686,5.5298386,0.6415302,0.17034554,0.17034554
34,22,2130,0.140137,14.896446,5.529486,0.6416673,0.17032532,0.17032532
34,23,2131,0.14014317,14.8966875,5.5291557,0.6417765,0.17030805,0.17030805
34,24,2132,0.14014724,14.897032,5.528797,0.64189136,0.17028987,0.17028987
34,25,2133,0.14015546,14.898187,5.5283213,0.6419027,0.17026812,0.17026812
34,26,2134,0.14015125,14.897546,5.5281663,0.64211494,0.17026302,0.17026302
34,27,2135,0.14014938,14.896763,5.527754,0.642139,0.17025362,0.17025362
34,28,2136,0.14014652,14.897556,5.5274777,0.6421719,0.17025487,0.17025487
34,29,2137,0.14014399,14.897188,5.527134,0.6421641,0.17023735,0.17023735
34,30,2138,0.1401463,14.896929,5.5266757,0.6422431,0.17021981,0.17021981
34,31,2139,0.14015098,14.896229,5.5262837,0.6423357,0.17020021,0.17020021
34,32,2140,0.14015585,14.896297,5.525697,0.6423202,0.17017171,0.17017171
34,33,2141,0.14016524,14.897907,5.525256,0.642335,0.17015292,0.17015292
34,34,2142,0.14017205,14.898154,5.5248404,0.64236206,0.17013785,0.17013785
34,35,2143,0.14018254,14.898697,5.5245194,0.642363,0.17012072,0.17012072
34,36,2144,0.14018854,14.898135,5.5243587,0.64237386,0.17011487,0.17011487
34,37,2145,0.14019792,14.898512,5.523938,0.64241534,0.17010054,0.17010054
34,38,2146,0.14020157,14.898836,5.52369,0.64252335,0.17008181,0.17008181
34,39,2147,0.14021188,14.898809,5.5235033,0.64266396,0.17007244,0.17007244
34,40,2148,0.14020899,14.89808,5.5232186,0.6426476,0.17006935,0.17006935
34,41,2149,0.14020555,14.897818,5.5231886,0.64270073,0.17006026,0.17006026
34,42,2150,0.14021078,14.898377,5.522927,0.6426998,0.17004927,0.17004927
34,43,2151,0.140224,14.89929,5.522848,0.64275664,0.17004669,0.17004669
34,44,2152,0.14022243,14.898536,5.5226336,0.64283466,0.17003809,0.17003809
34,45,2153,0.14022556,14.898289,5.5223303,0.64285207,0.1700331,0.1700331
34,46,2154,0.14023344,14.898682,5.521989,0.64300114,0.17002144,0.17002144
34,47,2155,0.14023142,14.89906,5.521904,0.6430988,0.17002857,0.17002857
34,48,2156,0.14024189,14.900616,5.521806,0.6432498,0.17002986,0.17002986
34,49,2157,0.14025633,14.902123,5.5215926,0.6432779,0.17002082,0.17002082
34,50,2158,0.14026621,14.903077,5.521219,0.6432383,0.17001167,0.17001167
34,51,2159,0.14025658,14.901972,5.520883,0.64323986,0.17000371,0.17000371
34,52,2160,0.14024736,14.900356,5.5204453,0.6431945,0.16998282,0.16998282
34,53,2161,0.14024733,14.899683,5.5200787,0.6431652,0.16996998,0.16996998
34,54,2162,0.14025407,14.899099,5.5195565,0.6432208,0.16994959,0.16994959
34,55,2163,0.1402631,14.898649,5.5191703,0.6432157,0.16993487,0.16993487
34,56,2164,0.14026329,14.898351,5.518726,0.64321655,0.16992015,0.16992015
34,57,2165,0.14027447,14.89975,5.518414,0.64331,0.16991669,0.16991669
34,58,2166,0.14027742,14.899456,5.518048,0.6433373,0.16990705,0.16990705
34,59,2167,0.14028874,14.899606,5.5178313,0.6434836,0.16989799,0.16989799
34,60,2168,0.1402936,14.900053,5.517649,0.6435856,0.16989037,0.16989037
34,61,2169,0.14029732,14.899702,5.517516,0.6436476,0.1698724,0.1698724
35,0,2170,0.14029932,14.900223,5.5171733,0.64361167,0.16986644,0.16986644
35,1,2171,0.14028679,14.898479,5.5167575,0.6435646,0.16985169,0.16985169
35,2,2172,0.14029136,14.89731,5.5165668,0.64365673,0.16984,0.16984
35,3,2173,0.14029951,14.897767,5.516276,0.6436823,0.16982368,0.16982368
35,4,2174,0.14030987,14.898748,5.515801,0.64364827,0.16981013,0.16981013
35,5,2175,0.1403268,14.900001,5.515443,0.64374566,0.1697954,0.1697954
35,6,2176,0.14032494,14.899066,5.514884,0.6436465,0.16978756,0.16978756
35,7,2177,0.14033681,14.900687,5.514786,0.6436249,0.16977692,0.16977692
35,8,2178,0.14033929,14.900723,5.514539,0.64372605,0.16976425,0.16976425
35,9,2179,0.1403293,14.899137,5.514307,0.6438216,0.16975537,0.16975537
35,10,2180,0.14032376,14.897376,5.514056,0.64375126,0.16974951,0.16974951
35,11,2181,0.14032558,14.897852,5.5138283,0.6438233,0.16973302,0.16973302
35,12,2182,0.14032283,14.89677,5.5132537,0.6438231,0.16971521,0.16971521
35,13,2183,0.1403223,14.896738,5.51286,0.64377904,0.16969912,0.16969912
35,14,2184,0.14032713,14.896952,5.512654,0.64390284,0.16968542,0.16968542
35,15,2185,0.14034353,14.8987,5.512374,0.64408624,0.1696672,0.1696672
35,16,2186,0.1403589,14.900896,5.5119777,0.64412713,0.16965374,0.16965374
35,17,2187,0.1403679,14.902374,5.511758,0.6442312,0.16964418,0.16964418
35,18,2188,0.14037025,14.902218,5.5115294,0.6443321,0.16963801,0.16963801
35,19,2189,0.14037916,14.902848,5.511213,0.64434224,0.16961715,0.16961715
35,20,2190,0.14037757,14.903009,5.5108433,0.644411,0.16960296,0.16960296
35,21,2191,0.14037275,14.9017515,5.5105653,0.6444745,0.16959853,0.16959853
35,22,2192,0.14037812,14.900827,5.510286,0.6445142,0.16958283,0.16958283
35,23,2193,0.14037557,14.900258,5.50997,0.6444934,0.16958284,0.16958284
35,24,2194,0.14038236,14.900839,5.509724,0.64453155,0.16958044,0.16958044
35,25,2195,0.14037968,14.90041,5.509279,0.6445573,0.16955934,0.16955934
35,26,2196,0.14037874,14.899654,5.509094,0.64461535,0.16955455,0.16955455
35,27,2197,0.14037722,14.898997,5.508766,0.64466333,0.16953734,0.16953734
35,28,2198,0.1403878,14.90086,5.5086517,0.6447989,0.16952932,0.16952932
35,29,2199,0.14039229,14.900091,5.5084553,0.64488673,0.16951568,0.16951568
35,30,2200,0.14040446,14.900133,5.5081573,0.6449792,0.16950841,0.16950841
35,31,2201,0.14042303,14.901731,5.507738,0.64502114,0.16949336,0.16949336
35,32,2202,0.14043242,14.902666,5.507461,0.6451228,0.16947575,0.16947575
35,33,2203,0.14044106,14.902651,5.5073657,0.64524376,0.16947468,0.16947468
35,34,2204,0.14045998,14.903105,5.507117,0.6453107,0.16946158,0.16946158
35,35,2205,0.14047293,14.903338,5.5067797,0.6453408,0.16944873,0.16944873
35,36,2206,0.14047688,14.902409,5.5066705,0.64537007,0.16944987,0.16944987
35,37,2207,0.14048952,14.903652,5.5064893,0.64538145,0.16945706,0.16945706
35,38,2208,0.1404916,14.903702,5.5061436,0.64552265,0.16944297,0.16944297
35,39,2209,0.1404982,14.903186,5.5058436,0.6455754,0.16942164,0.16942164
35,40,2210,0.14050008,14.903087,5.505554,0.64565974,0.16941664,0.16941664
35,41,2211,0.14049578,14.90184,5.505069,0.6455944,0.16940121,0.16940121
35,42,2212,0.14049408,14.901622,5.504868,0.6456484,0.16939975,0.16939975
35,43,2213,0.1404967,14.900926,5.504575,0.645707,0.16939296,0.16939296
35,44,2214,0.14051656,14.90154,5.504439,0.6456615,0.169392,0.169392
35,45,2215,0.1405245,14.90158,5.504081,0.64566,0.16938744,0.16938744
35,46,2216,0.14053096,14.901635,5.5035973,0.6456978,0.16937543,0.16937543
35,47,2217,0.14053643,14.900743,5.5031104,0.6456647,0.16936721,0.16936721
35,48,2218,0.14053677,14.901057,5.50269,0.64564294,0.16936119,0.16936119
35,49,2219,0.14054191,14.901153,5.502362,0.64562404,0.16934615,0.16934615
35,50,2220,0.14054945,14.901786,5.5021396,0.64571536,0.16933435,0.16933435
35,51,2221,0.14055687,14.90238,5.502254,0.6458492,0.16933085,0.16933085
35,52,2222,0.14056264,14.902451,5.50215,0.6460264,0.16932504,0.16932504
35,53,2223,0.14057341,14.90367,5.5019093,0.64608294,0.16931099,0.16931099
35,54,2224,0.14058328,14.905381,5.501768,0.646091,0.16929568,0.16929568
35,55,2225,0.14058244,14.904606,5.5014133,0.6460128,0.16927834,0.16927834
35,56,2226,0.14058572,14.90491,5.500952,0.64610064,0.16925415,0.16925415
35,57,2227,0.14058995,14.904499,5.500664,0.6461099,0.16924305,0.16924305
35,58,2228,0.14061488,14.90781,5.500468,0.64619285,0.16923001,0.16923001
35,59,2229,0.14061877,14.907276,5.5002894,0.646196,0.1692249,0.1692249
35,60,2230,0.14061849,14.90775,5.499994,0.64623857,0.16920933,0.16920933
35,61,2231,0.14062971,14.909914,5.500021,0.64651126,0.16920185,0.16920185
36,0,2232,0.14063862,14.910798,5.49981,0.6466181,0.16918679,0.16918679
36,1,2233,0.14064826,14.912185,5.499644,0.6467167,0.16917503,0.16917503
36,2,2234,0.1406473,14.912006,5.499368,0.6468102,0.16916299,0.16916299
36,3,2235,0.14064491,14.911209,5.499143,0.6467877,0.16916281,0.16916281
36,4,2236,0.14064592,14.911885,5.498923,0.6468207,0.16915452,0.16915452
36,5,2237,0.14064962,14.911793,5.498627,0.64681333,0.16914554,0.16914554
36,6,2238,0.14064687,14.911011,5.4984765,0.64683896,0.16913341,0.16913341
36,7,2239,0.14064455,14.910735,5.498135,0.64681506,0.16912268,0.16912268
36,8,2240,0.14064819,14.911392,5.4977555,0.64685255,0.16910975,0.16910975
36,9,2241,0.14064592,14.909893,5.4972873,0.6468317,0.16908798,0.16908798
36,10,2242,0.1406483,14.910087,5.4969654,0.6468259,0.16907212,0.16907212
36,11,2243,0.14064682,14.909109,5.496525,0.64686185,0.16905607,0.16905607
36,12,2244,0.14063317,14.907375,5.4962234,0.64691585,0.16904892,0.16904892
36,13,2245,0.1406255,14.906472,5.4959893,0.64701575,0.16903907,0.16903907
36,14,2246,0.14063793,14.908293,5.4957786,0.64707565,0.16902606,0.16902606
36,15,2247,0.140645,14.909439,5.4955773,0.6472159,0.16901575,0.16901575
36,16,2248,0.14064595,14.909965,5.495318,0.6472722,0.16899563,0.16899563
36,17,2249,0.1406631,14.912149,5.4952073,0.6473798,0.16899619,0.16899619
36,18,2250,0.14067446,14.913133,5.4949026,0.6473946,0.16898336,0.16898336
36,19,2251,0.14067394,14.9133835,5.494664,0.64745677,0.16897315,0.16897315
36,20,2252,0.140686,14.914648,5.4944353,0.6474979,0.16896562,0.16896562
36,21,2253,0.14068907,14.915091,5.494245,0.6475341,0.16896063,0.16896063
36,22,2254,0.14068523,14.913413,5.493791,0.6474811,0.16894689,0.16894689
36,23,2255,0.14069246,14.91437,5.4937077,0.64755,0.1689453,0.1689453
36,24,2256,0.14071159,14.915911,5.493637,0.6476449,0.16893584,0.16893584
36,25,2257,0.14072213,14.915641,5.493528,0.6476772,0.16893733,0.16893733
36,26,2258,0.14073169,14.9157915,5.4930925,0.64769727,0.16891687,0.16891687
36,27,2259,0.14073151,14.915365,5.4929404,0.64780706,0.16890801,0.16890801
36,28,2260,0.1407325,14.9144335,5.4926524,0.6477944,0.16890378,0.16890378
36,29,2261,0.14075789,14.915818,5.4922223,0.64777386,0.16888417,0.16888417
36,30,2262,0.14075993,14.916211,5.491832,0.6477795,0.16887054,0.16887054
36,31,2263,0.14076433,14.915982,5.4914412,0.6477277,0.16885808,0.16885808
36,32,2264,0.1407668,14.9162445,5.4911065,0.6477574,0.16885296,0.16885296
36,33,2265,0.14076635,14.915635,5.49108,0.6479189,0.16885124,0.16885124
36,34,2266,0.14077128,14.915815,5.490655,0.64801216,0.1688382,0.1688382
36,35,2267,0.1407796,14.916221,5.4902134,0.6479516,0.16882302,0.16882302
36,36,2268,0.1407961,14.918758,5.490077,0.6480941,0.16882442,0.16882442
36,37,2269,0.14080554,14.920102,5.48974,0.64815587,0.16880842,0.16880842
36,38,2270,0.14080915,14.920621,5.4895105,0.6481394,0.16879532,0.16879532
36,39,2271,0.1408193,14.921352,5.48934,0.64818275,0.16879864,0.16879864
36,40,2272,0.14083129,14.921406,5.4890766,0.64830446,0.16878456,0.16878456
36,41,2273,0.14083678,14.921149,5.4888377,0.6483292,0.16877411,0.16877411
36,42,2274,0.14083862,14.920675,5.488866,0.6483497,0.16876683,0.16876683
36,43,2275,0.140844,14.921072,5.4889255,0.64837706,0.16876023,0.16876023
36,44,2276,0.14085302,14.922759,5.4885955,0.6484099,0.16875057,0.16875057
36,45,2277,0.14087409,14.923604,5.488369,0.64845514,0.16873588,0.16873588
36,46,2278,0.14089198,14.924423,5.488031,0.64840645,0.16872346,0.16872346
36,47,2279,0.14090732,14.926857,5.4877367,0.6484626,0.16871841,0.16871841
36,48,2280,0.14091645,14.926657,5.4874187,0.648516,0.168712,0.168712
36,49,2281,0.14092153,14.925572,5.4873133,0.64856386,0.16870046,0.16870046
36,50,2282,0.14093597,14.92652,5.4868536,0.6485969,0.16868056,0.16868056
36,51,2283,0.1409417,14.926486,5.4864817,0.64862275,0.16866913,0.16866913
36,52,2284,0.14094412,14.926184,5.4859877,0.648634,0.16865861,0.16865861
36,53,2285,0.14094095,14.925468,5.4856286,0.6485762,0.1686477,0.1686477
36,54,2286,0.1409423,14.925901,5.485448,0.6485736,0.16863641,0.16863641
36,55,2287,0.1409396,14.92521,5.4851623,0.6485272,0.1686293,0.1686293
36,56,2288,0.14094692,14.925519,5.4847736,0.6485276,0.16861716,0.16861716
36,57,2289,0.14094332,14.925135,5.484413,0.6485527,0.16860953,0.16860953
36,58,2290,0.14095204,14.926833,5.484013,0.64857966,0.16859935,0.16859935
36,59,2291,0.14097215,14.92868,5.4836674,0.6486119,0.1685841,0.1685841
36,60,2292,0.14097205,14.928101,5.4833,0.6486194,0.16856208,0.16856208
36,61,2293,0.14097929,14.928625,5.483051,0.6487755,0.16854484,0.16854484
37,0,2294,0.14098072,14.928913,5.4827237,0.6487962,0.16852435,0.16852435
37,1,2295,0.14098649,14.930031,5.482315,0.6488008,0.16850837,0.16850837
37,2,2296,0.14098434,14.929276,5.481743,0.6487342,0.16849078,0.16849078
37,3,2297,0.14099422,14.931482,5.48126,0.64869064,0.1684764,0.1684764
37,4,2298,0.14099215,14.9312525,5.480888,0.6486013,0.1684697,0.1684697
37,5,2299,0.14099103,14.931008,5.4804316,0.6486168,0.16845162,0.16845162
37,6,2300,0.14099285,14.930952,5.480086,0.64865613,0.16844794,0.16844794
37,7,2301,0.14099413,14.931393,5.4800124,0.64874846,0.16843416,0.16843416
37,8,2302,0.14098431,14.930961,5.4799614,0.64880806,0.16842902,0.16842902
37,9,2303,0.14099139,14.931837,5.479846,0.6488643,0.16841298,0.16841298
37,10,2304,0.14100218,14.933416,5.4796367,0.6489213,0.16840222,0.16840222
37,11,2305,0.14100891,14.933944,5.4796963,0.64901143,0.1684041,0.1684041
37,12,2306,0.14101785,14.935443,5.479387,0.64912075,0.1683871,0.1683871
37,13,2307,0.14103642,14.937162,5.4792147,0.64920723,0.16837358,0.16837358
37,14,2308,0.14103588,14.937037,5.4790077,0.64932936,0.16836719,0.16836719
37,15,2309,0.14104679,14.9386015,5.4786587,0.64936507,0.16835386,0.16835386
37,16,2310,0.14105374,14.939706,5.478281,0.6493695,0.16833705,0.16833705
37,17,2311,0.14105296,14.939451,5.4779873,0.6493816,0.16833334,0.16833334
37,18,2312,0.14105111,14.938696,5.477712,0.6494412,0.16832133,0.16832133
37,19,2313,0.1410524,14.938816,5.4773755,0.64950055,0.168311,0.168311
37,20,2314,0.14105454,14.938921,5.4771857,0.6495179,0.16831668,0.16831668
37,21,2315,0.14105332,14.93961,5.4769754,0.64951277,0.1683107,0.1683107
37,22,2316,0.1410583,14.939183,5.4766035,0.6495072,0.16829307,0.16829307
37,23,2317,0.14105934,14.939094,5.4762464,0.6495788,0.16827269,0.16827269
37,24,2318,0.14106175,14.938915,5.476126,0.64959264,0.16826205,0.16826205
37,25,2319,0.14106189,14.939258,5.4760666,0.64963883,0.16826554,0.16826554
37,26,2320,0.14106494,14.938696,5.4756365,0.6496976,0.16825241,0.16825241
37,27,2321,0.1410683,14.938554,5.4752083,0.6498198,0.16824442,0.16824442
37,28,2322,0.14107923,14.940336,5.475026,0.6498406,0.16823219,0.16823219
37,29,2323,0.14107928,14.940775,5.474744,0.64988804,0.1682075,0.1682075
37,30,2324,0.14108285,14.940858,5.474363,0.6499695,0.16818972,0.16818972
37,31,2325,0.14108506,14.9408455,5.473822,0.6499238,0.16817124,0.16817124
37,32,2326,0.14110245,14.940366,5.4735985,0.65001816,0.16816504,0.16816504
37,33,2327,0.14110494,14.940363,5.4733124,0.6500478,0.16815476,0.16815476
37,34,2328,0.14110538,14.940148,5.473102,0.6502106,0.16814652,0.16814652
37,35,2329,0.14110571,14.939859,5.472811,0.65025544,0.16812748,0.16812748
37,36,2330,0.14110279,14.9396105,5.4724813,0.65028125,0.16811767,0.16811767
37,37,2331,0.14110345,14.939729,5.4722614,0.6502838,0.16811398,0.16811398
37,38,2332,0.1411143,14.94059,5.4719,0.6503286,0.16809514,0.16809514
37,39,2333,0.14111874,14.941241,5.471643,0.6503926,0.1680916,0.1680916
37,40,2334,0.14113285,14.94244,5.471412,0.65045166,0.16808581,0.16808581
37,41,2335,0.14114508,14.942935,5.471026,0.6504765,0.16806898,0.16806898
37,42,2336,0.14115733,14.943483,5.4705825,0.65061593,0.16805805,0.16805805
37,43,2337,0.141174,14.944896,5.4703217,0.65068185,0.16804926,0.16804926
37,44,2338,0.14118537,14.946309,5.469922,0.6507159,0.16802832,0.16802832
37,45,2339,0.141188,14.947489,5.4694705,0.650748,0.16802008,0.16802008
37,46,2340,0.14118841,14.94617,5.4692874,0.65082556,0.16801307,0.16801307
37,47,2341,0.14119211,14.946183,5.468955,0.6508683,0.1679901,0.1679901
37,48,2342,0.14119783,14.946869,5.4690022,0.6511309,0.16798517,0.16798517
37,49,2343,0.14120917,14.948073,5.4688773,0.65125495,0.16797112,0.16797112
37,50,2344,0.14121263,14.947271,5.468658,0.6512499,0.16795357,0.16795357
37,51,2345,0.14121929,14.948623,5.468392,0.6513857,0.16794866,0.16794866
37,52,2346,0.14123045,14.948206,5.4681425,0.6514008,0.16793215,0.16793215
37,53,2347,0.14123555,14.948141,5.4679823,0.65148646,0.16792674,0.16792674
37,54,2348,0.14123923,14.94737,5.4677405,0.65159553,0.16791816,0.16791816
37,55,2349,0.14124262,14.946959,5.4672694,0.6515544,0.1679158,0.1679158
37,56,2350,0.1412494,14.947149,5.466938,0.6515436,0.16790603,0.16790603
37,57,2351,0.14125377,14.947358,5.466613,0.65162516,0.16789778,0.16789778
37,58,2352,0.1412598,14.947316,5.4664984,0.65170157,0.16788916,0.16788916
37,59,2353,0.1412639,14.94872,5.4660974,0.65174764,0.16788022,0.16788022
37,60,2354,0.14127827,14.948595,5.465888,0.65180063,0.1678789,0.1678789
37,61,2355,0.14129844,14.949706,5.4655027,0.6518744,0.16786453,0.16786453
38,0,2356,0.14130253,14.950455,5.4652324,0.65193427,0.16785558,0.16785558
38,1,2357,0.14129923,14.949772,5.4648614,0.65200216,0.16784014,0.16784014
38,2,2358,0.14129552,14.948855,5.464396,0.65192014,0.1678351,0.1678351
38,3,2359,0.14130071,14.948869,5.463971,0.6519458,0.16781844,0.16781844
38,4,2360,0.14129443,14.947391,5.4637094,0.65193826,0.16781223,0.16781223
38,5,2361,0.14130269,14.948377,5.463438,0.6520448,0.1678019,0.1678019
38,6,2362,0.14131401,14.949904,5.4631815,0.6520939,0.16778319,0.16778319
38,7,2363,0.14131486,14.950031,5.46285,0.6521926,0.16777016,0.16777016
38,8,2364,0.14132099,14.950785,5.462685,0.65220547,0.16776349,0.16776349
38,9,2365,0.14132959,14.951738,5.462603,0.6523051,0.16776066,0.16776066
38,10,2366,0.1413421,14.951777,5.4623456,0.6523206,0.16774964,0.16774964
38,11,2367,0.14134398,14.951301,5.462082,0.65226364,0.16773729,0.16773729
38,12,2368,0.14135648,14.950713,5.462097,0.6523098,0.16773532,0.16773532
38,13,2369,0.14136714,14.951599,5.461925,0.65244323,0.1677172,0.1677172
38,14,2370,0.14139122,14.95541,5.4616556,0.65259933,0.16769171,0.16769171
38,15,2371,0.14142165,14.960018,5.4613857,0.65267754,0.1676921,0.1676921
38,16,2372,0.1414372,14.9622755,5.4611635,0.6527626,0.16768493,0.16768493
38,17,2373,0.14146473,14.965177,5.4610357,0.6528481,0.16767876,0.16767876
38,18,2374,0.14147413,14.965585,5.460712,0.6528751,0.1676665,0.1676665
38,19,2375,0.14149109,14.966401,5.460579,0.652878,0.16766104,0.16766104
38,20,2376,0.1414996,14.966056,5.4606915,0.65298414,0.16765758,0.16765758
38,21,2377,0.1415015,14.965618,5.4606256,0.65301,0.16764787,0.16764787
38,22,2378,0.14150655,14.965707,5.4602737,0.65304357,0.16763572,0.16763572
38,23,2379,0.14150347,14.965038,5.4599953,0.6531047,0.16762121,0.16762121
38,24,2380,0.14150393,14.964776,5.459727,0.65309083,0.1676124,0.1676124
38,25,2381,0.14149617,14.964133,5.4593444,0.6529882,0.16760434,0.16760434
38,26,2382,0.14148566,14.963177,5.4588246,0.65290016,0.16759218,0.16759218
38,27,2383,0.14148909,14.962204,5.4585347,0.6528642,0.16758844,0.16758844
38,28,2384,0.14148653,14.961776,5.458076,0.65290266,0.16757382,0.16757382
38,29,2385,0.14150424,14.9621725,5.457836,0.65303963,0.16756158,0.16756158
38,30,2386,0.14150074,14.9609785,5.4574156,0.65315056,0.16754557,0.16754557
38,31,2387,0.14150724,14.961186,5.457085,0.65316445,0.16752557,0.16752557
38,32,2388,0.14151374,14.961578,5.456493,0.65312696,0.16750644,0.16750644
38,33,2389,0.14150888,14.960691,5.45633,0.65330786,0.16750354,0.16750354
38,34,2390,0.14151287,14.960072,5.4559536,0.6532677,0.16749273,0.16749273
38,35,2391,0.14152095,14.960757,5.4558787,0.653347,0.16747892,0.16747892
38,36,2392,0.14151461,14.959854,5.455737,0.6534017,0.1674694,0.1674694
38,37,2393,0.1415277,14.960999,5.455281,0.653343,0.16745639,0.16745639
38,38,2394,0.14154033,14.961725,5.4550285,0.65345836,0.16744576,0.16744576
38,39,2395,0.14155191,14.962682,5.4550138,0.65359116,0.16743365,0.16743365
38,40,2396,0.14156488,14.963746,5.4549046,0.6537156,0.16742495,0.16742495
38,41,2397,0.14157823,14.964647,5.4545717,0.6538091,0.16740957,0.16740957
38,42,2398,0.14159365,14.965585,5.4544168,0.65390307,0.16739471,0.16739471
38,43,2399,0.14160225,14.966101,5.454252,0.65404075,0.16738544,0.16738544
38,44,2400,0.14160578,14.966723,5.454108,0.65407515,0.16738361,0.16738361
38,45,2401,0.14162633,14.968181,5.454117,0.6542061,0.16738412,0.16738412
38,46,2402,0.14164825,14.971164,5.453928,0.65428597,0.16737069,0.16737069
38,47,2403,0.14165999,14.972967,5.4536295,0.6543306,0.1673645,0.1673645
38,48,2404,0.14166252,14.972633,5.4533873,0.6543817,0.16735764,0.16735764
38,49,2405,0.14166358,14.973304,5.453012,0.6543416,0.16735433,0.16735433
38,50,2406,0.14166678,14.973712,5.452641,0.6543532,0.1673439,0.1673439
38,51,2407,0.14168003,14.976382,5.452417,0.65446866,0.16733746,0.16733746
38,52,2408,0.1416816,14.976442,5.4522586,0.6544323,0.1673324,0.1673324
38,53,2409,0.14168775,14.97702,5.4520445,0.65447074,0.16732071,0.16732071
38,54,2410,0.14169243,14.976759,5.451755,0.65447414,0.16730964,0.16730964
38,55,2411,0.14171194,14.979643,5.451484,0.6545202,0.1673006,0.1673006
38,56,2412,0.14172813,14.981741,5.4511123,0.654512,0.16728684,0.16728684
38,57,2413,0.14174974,14.984226,5.450918,0.6545318,0.16727427,0.16727427
38,58,2414,0.14175977,14.984922,5.450737,0.65459144,0.16726917,0.16726917
38,59,2415,0.14177084,14.9854,5.450489,0.6547286,0.16725613,0.16725613
38,60,2416,0.14178857,14.986922,5.450316,0.654837,0.16724567,0.16724567
38,61,2417,0.14180258,14.986962,5.4502897,0.6549229,0.16723444,0.16723444
39,0,2418,0.14181572,14.987236,5.4500923,0.65502745,0.16722827,0.16722827
39,1,2419,0.14182383,14.986913,5.4498634,0.6550952,0.16721795,0.16721795
39,2,2420,0.14183703,14.987652,5.4495687,0.655115,0.16720058,0.16720058
39,3,2421,0.14184338,14.98794,5.4491496,0.6551115,0.16718702,0.16718702
39,4,2422,0.1418494,14.988062,5.4486723,0.6551526,0.16717164,0.16717164
39,5,2423,0.14185181,14.988637,5.4483075,0.6552406,0.16715418,0.16715418
39,6,2424,0.14186573,14.990458,5.4480724,0.6553851,0.16714528,0.16714528
39,7,2425,0.14188296,14.993063,5.447703,0.6553967,0.16713156,0.16713156
39,8,2426,0.14189292,14.994492,5.4472685,0.65544975,0.16712329,0.16712329
39,9,2427,0.14190023,14.995146,5.4471054,0.6554579,0.16712567,0.16712567
39,10,2428,0.14190084,14.994436,5.4466977,0.65541136,0.1671283,0.1671283
39,11,2429,0.14190918,14.995149,5.4463344,0.65538234,0.16711837,0.16711837
39,12,2430,0.1419161,14.9951935,5.445932,0.6553117,0.16710962,0.16710962
39,13,2431,0.14191964,14.994964,5.445841,0.6553595,0.1671049,0.1671049
39,14,2432,0.14192009,14.994186,5.445582,0.6554295,0.16708913,0.16708913
39,15,2433,0.14192161,14.994025,5.4452486,0.65552896,0.16706994,0.16706994
39,16,2434,0.14194086,14.99566,5.4448457,0.6554571,0.16705738,0.16705738
39,17,2435,0.14195089,14.996407,5.444367,0.6554283,0.16703644,0.16703644
39,18,2436,0.14195868,14.996823,5.4442067,0.6555007,0.16702366,0.16702366
39,19,2437,0.14196219,14.997226,5.444017,0.65552497,0.1670103,0.1670103
39,20,2438,0.14198583,14.997739,5.4435964,0.65555906,0.16699843,0.16699843
39,21,2439,0.14199814,14.997435,5.4432135,0.6555967,0.1669862,0.1669862
39,22,2440,0.1419988,14.997146,5.4428735,0.6556191,0.16697274,0.16697274
39,23,2441,0.14200865,14.998564,5.442477,0.6556576,0.16696168,0.16696168
39,24,2442,0.14201306,14.998931,5.442129,0.65565026,0.1669465,0.1669465
39,25,2443,0.1420199,14.999449,5.4416976,0.6556636,0.16694137,0.16694137
39,26,2444,0.14202976,14.999615,5.4413624,0.65573126,0.16692713,0.16692713
39,27,2445,0.14202754,14.999406,5.441061,0.6557489,0.16691859,0.16691859
39,28,2446,0.14202756,14.999466,5.4408293,0.6558047,0.16691355,0.16691355
39,29,2447,0.14204329,15.001676,5.4405913,0.6558125,0.16690786,0.16690786
39,30,2448,0.14205033,15.001824,5.4404206,0.6559013,0.16690013,0.16690013
39,31,2449,0.14205106,15.001267,5.440293,0.65586543,0.1669075,0.1669075
39,32,2450,0.14207575,15.0040655,5.440081,0.65594536,0.16690384,0.16690384
39,33,2451,0.14209339,15.0040655,5.439742,0.65595007,0.16689788,0.16689788
39,34,2452,0.1420962,15.003964,5.439332,0.6559559,0.16688788,0.16688788
39,35,2453,0.1420977,15.004009,5.438931,0.65591353,0.16687551,0.16687551
39,36,2454,0.14211611,15.005393,5.438419,0.6558819,0.16685376,0.16685376
39,37,2455,0.14212626,15.006593,5.4382443,0.6560064,0.16684423,0.16684423
39,38,2456,0.14213872,15.007525,5.4379025,0.656015,0.16683286,0.16683286
39,39,2457,0.14214934,15.007872,5.437626,0.6560078,0.16682407,0.16682407
39,40,2458,0.1421618,15.009647,5.437387,0.6560352,0.16681102,0.16681102
39,41,2459,0.14216544,15.009173,5.4370947,0.6560161,0.16681038,0.16681038
39,42,2460,0.1421777,15.009907,5.4368796,0.6560931,0.16679677,0.16679677
39,43,2461,0.14218593,15.010897,5.436556,0.65612364,0.16679631,0.16679631
39,44,2462,0.14219773,15.010713,5.4363074,0.65619665,0.16679208,0.16679208
39,45,2463,0.1421997,15.009889,5.4359202,0.6561768,0.16678217,0.16678217
39,46,2464,0.14220133,15.009466,5.435641,0.6562349,0.16677357,0.16677357
39,47,2465,0.14220506,15.009588,5.4354916,0.6562494,0.16676886,0.16676886
39,48,2466,0.14220591,15.0094,5.4353557,0.6562369,0.16676186,0.16676186
39,49,2467,0.14222075,15.011507,5.4350486,0.6562306,0.1667489,0.1667489
39,50,2468,0.14223099,15.012753,5.4347405,0.6562347,0.1667349,0.1667349
39,51,2469,0.14223759,15.012556,5.434417,0.656239,0.1667315,0.1667315
39,52,2470,0.14224058,15.013756,5.4339895,0.65627956,0.1667144,0.1667144
39,53,2471,0.14224863,15.014571,5.4336553,0.656378,0.16669269,0.16669269
39,54,2472,0.14225975,15.0154705,5.4335604,0.6565236,0.16668947,0.16668947
39,55,2473,0.14226417,15.016354,5.433393,0.65666634,0.16667308,0.16667308
39,56,2474,0.14227125,15.016466,5.4331856,0.65667915,0.1666603,0.1666603
39,57,2475,0.14228338,15.017229,5.432886,0.65671885,0.16664322,0.16664322
39,58,2476,0.1422929,15.0183735,5.432761,0.65679216,0.1666332,0.1666332
39,59,2477,0.14230111,15.018495,5.4326553,0.65686417,0.16662554,0.16662554
39,60,2478,0.14230773,15.019024,5.4323363,0.65690434,0.16661642,0.16661642
39,61,2479,0.14231813,15.019096,5.432035,0.6569241,0.16660479,0.16660479
40,0,2480,0.1423292,15.019957,5.431598,0.65686303,0.16658711,0.16658711
40,1,2481,0.14233634,15.02055,5.4312024,0.65695727,0.16657336,0.16657336
40,2,2482,0.14233938,15.019327,5.4307466,0.65695834,0.16656597,0.16656597
40,3,2483,0.1423586,15.020025,5.4308076,0.6570799,0.1665498,0.1665498
40,4,2484,0.14236778,15.020788,5.4307227,0.65720344,0.16654399,0.16654399
40,5,2485,0.14237747,15.021711,5.430423,0.6572285,0.16653837,0.16653837
40,6,2486,0.1423814,15.022193,5.430173,0.6573169,0.16652507,0.16652507
40,7,2487,0.14238995,15.023213,5.429919,0.657427,0.16652118,0.16652118
40,8,2488,0.14239633,15.023294,5.4297023,0.65751094,0.16651201,0.16651201
40,9,2489,0.14240661,15.024921,5.4292846,0.6575392,0.16649565,0.16649565
40,10,2490,0.14241391,15.025441,5.4289613,0.65762323,0.16648528,0.16648528
40,11,2491,0.14242846,15.027131,5.428473,0.6576852,0.16646154,0.16646154
40,12,2492,0.14243339,15.027621,5.428074,0.6576093,0.16644996,0.16644996
40,13,2493,0.14243647,15.028805,5.427904,0.6577085,0.1664372,0.1664372
40,14,2494,0.1424454,15.029809,5.4276805,0.6578486,0.16642678,0.16642678
40,15,2495,0.1424579,15.030223,5.4274282,0.6579044,0.16641434,0.16641434
40,16,2496,0.14246276,15.030427,5.427021,0.6579081,0.16640224,0.16640224
40,17,2497,0.14247458,15.0312,5.426643,0.65806836,0.16638857,0.16638857
40,18,2498,0.14249204,15.031791,5.4263062,0.65810084,0.16637596,0.16637596
40,19,2499,0.14250487,15.032488,5.4261007,0.65820694,0.16636741,0.16636741
40,20,2500,0.14251718,15.033732,5.425701,0.65825874,0.16635585,0.16635585
40,21,2501,0.14252046,15.033463,5.4253473,0.65821654,0.16634724,0.16634724
40,22,2502,0.14252615,15.034909,5.425032,0.6582165,0.16633639,0.16633639
40,23,2503,0.14253438,15.035513,5.424649,0.6582037,0.16632499,0.16632499
40,24,2504,0.14255655,15.035876,5.424322,0.6583088,0.1663087,0.1663087
40,25,2505,0.1425641,15.035647,5.424117,0.658323,0.16631119,0.16631119
40,26,2506,0.14257659,15.037144,5.424002,0.65838945,0.16630273,0.16630273
40,27,2507,0.14258426,15.037605,5.4239306,0.6585449,0.16629808,0.16629808
40,28,2508,0.14259331,15.037749,5.4238486,0.65866655,0.1662882,0.1662882
40,29,2509,0.14260468,15.039502,5.4237223,0.6587902,0.16628146,0.16628146
40,30,2510,0.1426185,15.04036,5.4234223,0.6587842,0.16627046,0.16627046
40,31,2511,0.14262329,15.040904,5.4232197,0.6588484,0.16627057,0.16627057
40,32,2512,0.14262702,15.040207,5.423173,0.658954,0.16626127,0.16626127
40,33,2513,0.14263177,15.040021,5.422863,0.65902096,0.16624752,0.16624752
40,34,2514,0.14265297,15.041265,5.422533,0.6589961,0.16623765,0.16623765
40,35,2515,0.14266434,15.041986,5.422198,0.6590787,0.16622397,0.16622397
40,36,2516,0.14266157,15.042314,5.4219456,0.6590772,0.16622186,0.16622186
40,37,2517,0.14267592,15.043444,5.421463,0.6590435,0.16620412,0.16620412
40,38,2518,0.14268437,15.04452,5.421132,0.6590003,0.16619393,0.16619393
40,39,2519,0.14269468,15.04574,5.4208374,0.65908664,0.16618326,0.16618326
40,40,2520,0.14270635,15.045723,5.4206977,0.65916866,0.16617678,0.16617678
40,41,2521,0.14271533,15.046067,5.420249,0.6591687,0.16616587,0.16616587
40,42,2522,0.14273356,15.048397,5.4198723,0.65917104,0.1661525,0.1661525
40,43,2523,0.1427366,15.048689,5.4195423,0.65913993,0.16613752,0.16613752
40,44,2524,0.14274609,15.05031,5.419039,0.6591396,0.16612555,0.16612555
40,45,2525,0.14275995,15.051152,5.4185996,0.65912676,0.16610907,0.16610907
40,46,2526,0.14277378,15.051627,5.4183564,0.6591315,0.16610177,0.16610177
40,47,2527,0.14278573,15.052865,5.418249,0.65922564,0.16609032,0.16609032
40,48,2528,0.14279583,15.053445,5.417923,0.65924203,0.16607662,0.16607662
40,49,2529,0.14280057,15.054175,5.4174976,0.6592873,0.16606279,0.16606279
40,50,2530,0.14281194,15.056196,5.4171658,0.6593331,0.16605273,0.16605273
40,51,2531,0.14281271,15.055958,5.4168973,0.659363,0.16604474,0.16604474
40,52,2532,0.14280695,15.055408,5.416754,0.65954113,0.16604339,0.16604339
40,53,2533,0.14281127,15.055926,5.416336,0.6595281,0.16603528,0.16603528
40,54,2534,0.14281763,15.055969,5.4163547,0.65960336,0.16603568,0.16603568
40,55,2535,0.14281815,15.05633,5.4161625,0.6597203,0.1660238,0.1660238
40,56,2536,0.14282829,15.057018,5.4160757,0.6598081,0.16601966,0.16601966
40,57,2537,0.1428337,15.058321,5.4159827,0.6598418,0.16602026,0.16602026
40,58,2538,0.14284492,15.05901,5.415719,0.6598729,0.16601415,0.16601415
40,59,2539,0.14285429,15.059987,5.415426,0.6599015,0.16600499,0.16600499
40,60,2540,0.14286529,15.060965,5.4150705,0.65994006,0.16598183,0.16598183
40,61,2541,0.14287512,15.061606,5.414833,0.65995157,0.16597214,0.16597214
41,0,2542,0.14287658,15.0618105,5.4144692,0.6599037,0.16596289,0.16596289
41,1,2543,0.14288132,15.061792,5.414317,0.6599773,0.16594908,0.16594908
41,2,2544,0.14288193,15.061244,5.414039,0.6599701,0.16594389,0.16594389
41,3,2545,0.14289436,15.062195,5.4138355,0.6601116,0.16593482,0.16593482
41,4,2546,0.14289528,15.06215,5.413688,0.6601183,0.16592905,0.16592905
41,5,2547,0.14290352,15.062594,5.413434,0.6601661,0.1659173,0.1659173
41,6,2548,0.14292032,15.063625,5.413239,0.66020566,0.16591261,0.16591261
41,7,2549,0.14293991,15.065781,5.412856,0.66021806,0.16590026,0.16590026
41,8,2550,0.14294668,15.065729,5.412483,0.66021,0.16588879,0.16588879
41,9,2551,0.14295834,15.065699,5.4123597,0.660365,0.165871,0.165871
41,10,2552,0.14296025,15.065673,5.4121203,0.66045576,0.1658594,0.1658594
41,11,2553,0.1429727,15.06748,5.411717,0.6604246,0.16584696,0.16584696
41,12,2554,0.14297387,15.067244,5.411253,0.66036373,0.16583693,0.16583693
41,13,2555,0.14299107,15.068737,5.4108987,0.6603995,0.16582188,0.16582188
41,14,2556,0.14299175,15.067813,5.41083,0.6604791,0.16581416,0.16581416
41,15,2557,0.143006,15.067923,5.4106097,0.6604799,0.16580415,0.16580415
41,16,2558,0.14302176,15.068139,5.410338,0.6605534,0.16579534,0.16579534
41,17,2559,0.14303423,15.068624,5.4099584,0.66046524,0.1657916,0.1657916
41,18,2560,0.14305368,15.069092,5.4097166,0.66048414,0.16578256,0.16578256
41,19,2561,0.14305931,15.069148,5.4094744,0.6604753,0.16577654,0.16577654
41,20,2562,0.14306772,15.070033,5.409155,0.66051435,0.16576837,0.16576837
41,21,2563,0.14306395,15.06941,5.408785,0.6604849,0.16576104,0.16576104
41,22,2564,0.14307475,15.070179,5.408527,0.66052747,0.16574599,0.16574599
41,23,2565,0.14307746,15.071234,5.408119,0.66049767,0.16573757,0.16573757
41,24,2566,0.14307784,15.071231,5.4077363,0.66040903,0.16572772,0.16572772
41,25,2567,0.14308667,15.072235,5.407544,0.66052395,0.16572145,0.16572145
41,26,2568,0.1430878,15.071872,5.407452,0.66052043,0.16571106,0.16571106
41,27,2569,0.14309958,15.072441,5.4073863,0.6605169,0.16570769,0.16570769
41,28,2570,0.14310908,15.073747,5.4071026,0.6605972,0.16570354,0.16570354
41,29,2571,0.1431125,15.0737705,5.406693,0.66056514,0.16568552,0.16568552
41,30,2572,0.14310546,15.072998,5.406319,0.6605466,0.16568038,0.16568038
41,31,2573,0.14311722,15.073131,5.40594,0.660575,0.16567558,0.16567558
41,32,2574,0.14312316,15.072399,5.4057508,0.6606621,0.16566715,0.16566715
41,33,2575,0.14312786,15.073651,5.4054275,0.66069466,0.16564806,0.16564806
41,34,2576,0.14314957,15.075344,5.405138,0.6607584,0.165633,0.165633
41,35,2577,0.14316314,15.07581,5.4049387,0.6607933,0.16562803,0.16562803
41,36,2578,0.14316744,15.0767145,5.404896,0.66092455,0.16562867,0.16562867
41,37,2579,0.14316711,15.077064,5.4047728,0.66100854,0.16562307,0.16562307
41,38,2580,0.14318138,15.079464,5.4047422,0.66108215,0.16561794,0.16561794
41,39,2581,0.14319947,15.081215,5.404678,0.66112745,0.16561733,0.16561733
41,40,2582,0.14320919,15.082145,5.4043794,0.66116583,0.16560923,0.16560923
41,41,2583,0.14321452,15.082878,5.4040217,0.66112906,0.16560718,0.16560718
41,42,2584,0.14322859,15.084211,5.4036965,0.66111934,0.16559872,0.16559872
41,43,2585,0.14323626,15.084794,5.4034886,0.6611918,0.16559097,0.16559097
41,44,2586,0.14323583,15.084139,5.4033756,0.6612284,0.165581,0.165581
41,45,2587,0.14324635,15.084866,5.4031234,0.66117185,0.16558237,0.16558237
41,46,2588,0.14326958,15.086526,5.4030647,0.6612179,0.16557552,0.16557552
41,47,2589,0.14327139,15.087102,5.402852,0.6612595,0.16556929,0.16556929
41,48,2590,0.14327255,15.086833,5.402562,0.66131014,0.1655558,0.1655558
41,49,2591,0.14328241,15.0874195,5.4022865,0.661356,0.16555128,0.16555128
41,50,2592,0.14329278,15.088889,5.4019284,0.66143215,0.16554925,0.16554925
41,51,2593,0.14330694,15.089655,5.401684,0.66151935,0.16553827,0.16553827
41,52,2594,0.14332047,15.091486,5.4014015,0.6615703,0.16552404,0.16552404
41,53,2595,0.1433351,15.092495,5.401145,0.66157967,0.16551521,0.16551521
41,54,2596,0.14335199,15.093485,5.400776,0.6615516,0.16549793,0.16549793
41,55,2597,0.14335969,15.094015,5.4003634,0.661517,0.16548198,0.16548198
41,56,2598,0.14337316,15.094365,5.399975,0.6615115,0.16546296,0.16546296
41,57,2599,0.14338055,15.095903,5.399793,0.6616186,0.16545928,0.16545928
41,58,2600,0.14338435,15.096074,5.399395,0.6615606,0.16545214,0.16545214
41,59,2601,0.1433985,15.097502,5.399213,0.66157335,0.1654471,0.1654471
41,60,2602,0.14341672,15.099624,5.3990273,0.6616727,0.16543753,0.16543753
41,61,2603,0.14342517,15.100916,5.3987927,0.6617704,0.1654296,0.1654296
42,0,2604,0.14344743,15.10289,5.3984785,0.66182834,0.16541617,0.16541617
42,1,2605,0.14346148,15.104365,5.3982587,0.66183835,0.16540472,0.16540472
42,2,2606,0.14348139,15.106684,5.3979163,0.66183555,0.16538985,0.16538985
42,3,2607,0.1434979,15.108005,5.3975806,0.66187316,0.16537254,0.16537254
42,4,2608,0.1435056,15.108035,5.3972473,0.66186553,0.16536754,0.16536754
42,5,2609,0.14351314,15.10854,5.3969436,0.6619019,0.16535188,0.16535188
42,6,2610,0.1435168,15.108321,5.396746,0.6618793,0.16534461,0.16534461
42,7,2611,0.14352927,15.109137,5.396505,0.661888,0.16533121,0.16533121
42,8,2612,0.14354485,15.110968,5.396332,0.66189545,0.16532914,0.16532914
42,9,2613,0.14355406,15.111634,5.3959584,0.6619087,0.16531974,0.16531974
42,10,2614,0.14357074,15.112776,5.395582,0.66195315,0.16531344,0.16531344
42,11,2615,0.1435757,15.11261,5.395353,0.6620769,0.16530511,0.16530511
42,12,2616,0.1435826,15.1129875,5.3951015,0.66209024,0.1652921,0.1652921
42,13,2617,0.14359827,15.114331,5.3949475,0.6621574,0.16528538,0.16528538
42,14,2618,0.14360395,15.114435,5.394589,0.6621854,0.16527216,0.16527216
42,15,2619,0.14361438,15.114349,5.3944716,0.66223955,0.1652648,0.1652648
42,16,2620,0.1436288,15.116671,5.3942485,0.66228044,0.16525769,0.16525769
42,17,2621,0.14364046,15.117722,5.393997,0.66228324,0.16524757,0.16524757
42,18,2622,0.14365435,15.118712,5.39372,0.66226566,0.16523287,0.16523287
42,19,2623,0.14366296,15.119436,5.3934684,0.66234493,0.16521959,0.16521959
42,20,2624,0.1436733,15.11916,5.3932567,0.6623577,0.16521637,0.16521637
42,21,2625,0.14367948,15.119794,5.393032,0.6624012,0.16520251,0.16520251
42,22,2626,0.14368832,15.121322,5.392849,0.6624619,0.1651958,0.1651958
42,23,2627,0.14370596,15.123531,5.3926783,0.6625608,0.16518654,0.16518654
42,24,2628,0.14371207,15.124265,5.3925695,0.662702,0.16517583,0.16517583
42,25,2629,0.14372645,15.125993,5.3923993,0.6627091,0.16516964,0.16516964
42,26,2630,0.1437399,15.1278715,5.3919578,0.6627286,0.16515158,0.16515158
42,27,2631,0.14375657,15.129635,5.391632,0.6627696,0.16514109,0.16514109
42,28,2632,0.14375538,15.129417,5.3913593,0.6627364,0.16512814,0.16512814
42,29,2633,0.14376092,15.130528,5.3910084,0.6627815,0.16511945,0.16511945
42,30,2634,0.14377573,15.131393,5.390917,0.66279036,0.16511922,0.16511922
42,31,2635,0.14378123,15.131187,5.390884,0.66281164,0.16511464,0.16511464
42,32,2636,0.14378823,15.131089,5.390624,0.6627563,0.16511035,0.16511035
42,33,2637,0.14380126,15.13151,5.3905787,0.6628216,0.16510598,0.16510598
42,34,2638,0.14380713,15.131029,5.3903112,0.6629072,0.16508818,0.16508818
42,35,2639,0.14380872,15.129839,5.3900733,0.6629497,0.16508527,0.16508527
42,36,2640,0.14382523,15.131365,5.3898945,0.66310465,0.16507763,0.16507763
42,37,2641,0.14385009,15.132382,5.3896227,0.6631835,0.16507263,0.16507263
42,38,2642,0.14387493,15.13505,5.389321,0.6632543,0.16506201,0.16506201
42,39,2643,0.14388534,15.136015,5.3892612,0.66334224,0.16505599,0.16505599
42,40,2644,0.14389539,15.1375,5.389074,0.66347253,0.16504446,0.16504446
42,41,2645,0.14390787,15.138205,5.3887854,0.6635537,0.1650364,0.1650364
42,42,2646,0.14392394,15.140245,5.388497,0.66358465,0.16503285,0.16503285
42,43,2647,0.14394462,15.142493,5.3883533,0.6636364,0.16502877,0.16502877
42,44,2648,0.14394903,15.143426,5.3880916,0.66356605,0.16501966,0.16501966
42,45,2649,0.14395252,15.143832,5.3878455,0.6635214,0.16501294,0.16501294
42,46,2650,0.1439564,15.143332,5.3877325,0.663549,0.16500928,0.16500928
42,47,2651,0.14396298,15.143296,5.3875027,0.6636059,0.16499527,0.16499527
42,48,2652,0.14397739,15.143487,5.3872433,0.6636534,0.1649849,0.1649849
42,49,2653,0.14398004,15.143633,5.3869414,0.6635996,0.16497195,0.16497195
42,50,2654,0.14399427,15.146014,5.386799,0.6636673,0.16497089,0.16497089
42,51,2655,0.14400074,15.1462345,5.386729,0.663772,0.16496897,0.16496897
42,52,2656,0.14400737,15.146196,5.386402,0.6638109,0.16495703,0.16495703
42,53,2657,0.14402223,15.147575,5.38609,0.6637896,0.16494249,0.16494249
42,54,2658,0.14403328,15.147488,5.3859143,0.66385114,0.16492797,0.16492797
42,55,2659,0.14404443,15.148568,5.385685,0.66394204,0.16491461,0.16491461
42,56,2660,0.1440598,15.149442,5.3854012,0.66398984,0.16490638,0.16490638
42,57,2661,0.144066,15.150602,5.3850937,0.663983,0.16489379,0.16489379
42,58,2662,0.14407772,15.151342,5.384764,0.6639729,0.16488253,0.16488253
42,59,2663,0.14408748,15.151623,5.384387,0.6639771,0.1648672,0.1648672
42,60,2664,0.1440936,15.15105,5.384218,0.6640367,0.16485794,0.16485794
42,61,2665,0.14410809,15.151646,5.383967,0.6640468,0.16484515,0.16484515
43,0,2666,0.14411119,15.151346,5.3838363,0.6641348,0.16483253,0.16483253
43,1,2667,0.14412281,15.15091,5.3836102,0.6641378,0.16482376,0.16482376
43,2,2668,0.14412978,15.150947,5.3833303,0.66412246,0.16481267,0.16481267
43,3,2669,0.1441311,15.150603,5.3829827,0.66409606,0.16480036,0.16480036
43,4,2670,0.1441375,15.150518,5.3826404,0.6641178,0.16479129,0.16479129
43,5,2671,0.14415187,15.1528225,5.382267,0.66416484,0.16477874,0.16477874
43,6,2672,0.14416619,15.154383,5.3817863,0.66419095,0.16476578,0.16476578
43,7,2673,0.14417297,15.155336,5.3814135,0.6643175,0.16474973,0.16474973
43,8,2674,0.14417869,15.155435,5.3809814,0.6643554,0.1647334,0.1647334
43,9,2675,0.144201,15.157524,5.3805876,0.6643464,0.16472453,0.16472453
43,10,2676,0.14421923,15.160203,5.380457,0.66434735,0.16471975,0.16471975
43,11,2677,0.14422204,15.160614,5.380343,0.6644108,0.16470748,0.16470748
43,12,2678,0.14422345,15.160686,5.380085,0.6644357,0.1646897,0.1646897
43,13,2679,0.14423005,15.160812,5.3797603,0.6644134,0.16468443,0.16468443
43,14,2680,0.14424995,15.161157,5.379508,0.6644235,0.16467182,0.16467182
43,15,2681,0.1442564,15.16131,5.379227,0.66443086,0.16466233,0.16466233
43,16,2682,0.1442657,15.162036,5.378921,0.66451114,0.16464831,0.16464831
43,17,2683,0.144275,15.162036,5.378818,0.6645315,0.16464716,0.16464716
43,18,2684,0.14428066,15.162966,5.378723,0.6646535,0.16463622,0.16463622
43,19,2685,0.14429227,15.16421,5.378382,0.66459894,0.16462344,0.16462344
43,20,2686,0.14430952,15.165289,5.3781896,0.6645902,0.16462536,0.16462536
43,21,2687,0.14432944,15.16695,5.377991,0.66462934,0.1646097,0.1646097
43,22,2688,0.144337,15.1670265,5.377917,0.6647314,0.16460554,0.16460554
43,23,2689,0.14435127,15.168299,5.3777514,0.6647612,0.16459545,0.16459545
43,24,2690,0.14435619,15.168871,5.377499,0.6647625,0.16458663,0.16458663
43,25,2691,0.14436153,15.168911,5.3774114,0.6648834,0.16458035,0.16458035
43,26,2692,0.14437947,15.169761,5.3772435,0.6649407,0.16457023,0.16457023
43,27,2693,0.14439344,15.170331,5.376968,0.66495645,0.16456361,0.16456361
43,28,2694,0.1444147,15.17144,5.3765473,0.66488594,0.16455822,0.16455822
43,29,2695,0.1444325,15.1727085,5.3765354,0.6648779,0.16455016,0.16455016
43,30,2696,0.14444882,15.173236,5.3765445,0.6649676,0.16455357,0.16455357
43,31,2697,0.14445718,15.173069,5.3763523,0.66497314,0.16454308,0.16454308
43,32,2698,0.14446789,15.174132,5.3762617,0.6650185,0.16453815,0.16453815
43,33,2699,0.14448087,15.175184,5.376012,0.6650143,0.16452563,0.16452563
43,34,2700,0.14449544,15.177375,5.375737,0.6650961,0.16451025,0.16451025
43,35,2701,0.14450835,15.178448,5.3754387,0.66514564,0.1645098,0.1645098
43,36,2702,0.14451542,15.178317,5.375266,0.6652062,0.16449805,0.16449805
43,37,2703,0.14452273,15.178437,5.3750477,0.66523325,0.16448884,0.16448884
43,38,2704,0.14452976,15.17876,5.374763,0.6651983,0.16448027,0.16448027
43,39,2705,0.14454338,15.179196,5.3744664,0.6652146,0.16446893,0.16446893
43,40,2706,0.14454141,15.178503,5.374102,0.66516006,0.16445905,0.16445905
43,41,2707,0.14454256,15.178314,5.3738995,0.665242,0.16445398,0.16445398
43,42,2708,0.14454216,15.177363,5.373586,0.6652278,0.164449,0.164449
43,43,2709,0.14454494,15.177473,5.3733187,0.6652174,0.16444024,0.16444024
43,44,2710,0.14455304,15.178704,5.373156,0.66530275,0.16442618,0.16442618
43,45,2711,0.14457393,15.17967,5.3728824,0.66536015,0.16441835,0.16441835
43,46,2712,0.14458829,15.18077,5.372889,0.66543216,0.16441338,0.16441338
43,47,2713,0.14459912,15.182084,5.3726554,0.66546756,0.1644037,0.1644037
43,48,2714,0.14461505,15.183529,5.372479,0.6655279,0.16439623,0.16439623
43,49,2715,0.14461909,15.183342,5.372242,0.66557515,0.16438815,0.16438815
43,50,2716,0.14463061,15.184106,5.3720174,0.6656704,0.16437337,0.16437337
43,51,2717,0.14464843,15.185371,5.371668,0.665657,0.16436319,0.16436319
43,52,2718,0.14466022,15.186557,5.371552,0.6657789,0.16435423,0.16435423
43,53,2719,0.14467272,15.188236,5.3714423,0.6658205,0.16434446,0.16434446
43,54,2720,0.1446824,15.18919,5.371467,0.6659427,0.16434814,0.16434814
43,55,2721,0.1446909,15.190429,5.3713145,0.6660758,0.16433722,0.16433722
43,56,2722,0.14470229,15.191388,5.3709345,0.6660493,0.16432984,0.16432984
43,57,2723,0.14471689,15.192604,5.370744,0.6660915,0.16433135,0.16433135
43,58,2724,0.14472759,15.19376,5.370626,0.6662024,0.16432089,0.16432089
43,59,2725,0.14473525,15.193832,5.370699,0.66625756,0.16431662,0.16431662
43,60,2726,0.14474747,15.19626,5.370555,0.6663737,0.16430672,0.16430672
43,61,2727,0.144759,15.197476,5.3703275,0.66639125,0.1643015,0.1643015
44,0,2728,0.14477444,15.199229,5.3701015,0.6664732,0.16428699,0.16428699
44,1,2729,0.14479128,15.200749,5.3698163,0.6665459,0.16427647,0.16427647
44,2,2730,0.14479527,15.200803,5.3695517,0.66654617,0.16427179,0.16427179
44,3,2731,0.14480305,15.20129,5.369367,0.66658574,0.16425957,0.16425957
44,4,2732,0.14480813,15.201193,5.369031,0.6665727,0.16424873,0.16424873
44,5,2733,0.14481488,15.202504,5.3688617,0.66657495,0.16423787,0.16423787
44,6,2734,0.14482293,15.203205,5.3685746,0.6666348,0.16422836,0.16422836
44,7,2735,0.14483103,15.204546,5.368235,0.666619,0.16421658,0.16421658
44,8,2736,0.14484611,15.205773,5.3679557,0.66664034,0.16420853,0.16420853
44,9,2737,0.14485747,15.207054,5.367692,0.6666965,0.16419974,0.16419974
44,10,2738,0.14487201,15.20883,5.367388,0.66679835,0.16418698,0.16418698
44,11,2739,0.14488253,15.210058,5.36706,0.66680956,0.16417804,0.16417804
44,12,2740,0.1448912,15.210986,5.366872,0.666815,0.16417211,0.16417211
44,13,2741,0.1448951,15.211487,5.3668675,0.66682285,0.1641711,0.1641711
44,14,2742,0.14490387,15.211563,5.3667912,0.6668231,0.16416876,0.16416876
44,15,2743,0.14490755,15.2122345,5.3665967,0.6669228,0.1641632,0.1641632
44,16,2744,0.14491524,15.211937,5.3664527,0.6669841,0.16416034,0.16416034
44,17,2745,0.14493114,15.212763,5.366247,0.66698927,0.1641537,0.1641537
44,18,2746,0.14495553,15.214393,5.3659544,0.6670062,0.16414332,0.16414332
44,19,2747,0.14498842,15.21852,5.365515,0.6670823,0.1641294,0.1641294
44,20,2748,0.14500073,15.220106,5.365251,0.6670549,0.16412176,0.16412176
44,21,2749,0.14501572,15.222117,5.3650613,0.6670966,0.16412066,0.16412066
44,22,2750,0.145029,15.22364,5.364878,0.6670781,0.16411239,0.16411239
44,23,2751,0.1450392,15.224255,5.3646126,0.66707015,0.1641019,0.1641019
44,24,2752,0.14504497,15.224311,5.364309,0.66710615,0.1640965,0.1640965
44,25,2753,0.14505558,15.22488,5.3641114,0.6671885,0.16408591,0.16408591
44,26,2754,0.14506298,15.225304,5.364088,0.6672366,0.16407792,0.16407792
44,27,2755,0.14507101,15.225779,5.3638434,0.6673135,0.16406518,0.16406518
44,28,2756,0.14508016,15.225813,5.363551,0.6673719,0.16405524,0.16405524
44,29,2757,0.1450963,15.226253,5.3632894,0.6674148,0.16404782,0.16404782
44,30,2758,0.14510167,15.226179,5.362877,0.6674131,0.16403076,0.16403076
44,31,2759,0.1451064,15.225848,5.3625493,0.6673887,0.16402328,0.16402328
44,32,2760,0.14512195,15.226328,5.3623433,0.6673978,0.16402571,0.16402571
44,33,2761,0.14513208,15.2280035,5.362234,0.6674712,0.16402417,0.16402417
44,34,2762,0.14514133,15.22887,5.3621063,0.66753334,0.16402169,0.16402169
44,35,2763,0.14515138,15.229969,5.361927,0.66761804,0.16401014,0.16401014
44,36,2764,0.14516652,15.231614,5.3616114,0.667644,0.16399872,0.16399872
44,37,2765,0.1451814,15.233051,5.3613167,0.66766214,0.16398877,0.16398877
44,38,2766,0.14519952,15.233254,5.361155,0.66764075,0.16398172,0.16398172
44,39,2767,0.1452136,15.23416,5.3609786,0.66774005,0.16397285,0.16397285
44,40,2768,0.14522809,15.233916,5.360655,0.667703,0.16396481,0.16396481
44,41,2769,0.14524533,15.23432,5.3603945,0.66772944,0.16395818,0.16395818
44,42,2770,0.14524959,15.234288,5.3601794,0.6677516,0.16395098,0.16395098
44,43,2771,0.14524893,15.234095,5.359888,0.667794,0.16393168,0.16393168
44,44,2772,0.1452726,15.235801,5.359574,0.66781247,0.16392183,0.16392183
44,45,2773,0.14528488,15.236807,5.359311,0.6678845,0.16390623,0.16390623
44,46,2774,0.14529313,15.237805,5.3590055,0.6678774,0.1638925,0.1638925
44,47,2775,0.14530085,15.239194,5.358778,0.66787136,0.16389206,0.16389206
44,48,2776,0.14531916,15.240368,5.358546,0.66796106,0.16388147,0.16388147
44,49,2777,0.14533153,15.2420635,5.3582015,0.6679972,0.16387236,0.16387236
44,50,2778,0.14534238,15.243289,5.3579793,0.6680966,0.16385473,0.16385473
44,51,2779,0.14536048,15.244925,5.357943,0.6681446,0.1638452,0.1638452
44,52,2780,0.14536971,15.245771,5.3577332,0.6681949,0.16383384,0.16383384
44,53,2781,0.14538072,15.246955,5.3574905,0.6682313,0.16382588,0.16382588
44,54,2782,0.14539793,15.24761,5.3571253,0.6682378,0.16381311,0.16381311
44,55,2783,0.14540952,15.248677,5.3569503,0.6683011,0.16379859,0.16379859
44,56,2784,0.1454204,15.249875,5.3569784,0.66841197,0.16378497,0.16378497
44,57,2785,0.14543211,15.250331,5.3567424,0.668382,0.16377658,0.16377658
44,58,2786,0.14556292,15.274826,5.3623824,0.6743921,0.16376351,0.16376351
44,59,2787,0.1492613,16.013885,5.36433,0.67445916,0.1638647,0.1638647
44,60,2788,0.14951083,16.061407,5.3652954,0.67434376,0.16393735,0.16393735
44,61,2789,0.149597,16.07498,5.365854,0.67427516,0.16396974,0.16396974
45,0,2790,0.14967105,16.088043,5.366045,0.6741827,0.16398382,0.16398382
45,1,2791,0.1497288,16.097816,5.366014,0.67409724,0.16399765,0.16399765
45,2,2792,0.14977449,16.106943,5.3657413,0.6739798,0.16400062,0.16400062
45,3,2793,0.14981686,16.114346,5.365309,0.673851,0.16399366,0.16399366
45,4,2794,0.14986038,16.123158,5.3650346,0.6737321,0.1640018,0.1640018
45,5,2795,0.1499064,16.13212,5.3646207,0.6736034,0.1639934,0.1639934
45,6,2796,0.14994013,16.139488,5.3642893,0.67347056,0.16398776,0.16398776
45,7,2797,0.14998156,16.146902,5.364075,0.67336756,0.16397667,0.16397667
45,8,2798,0.15002954,16.155485,5.363799,0.6732463,0.1639768,0.1639768
45,9,2799,0.15007797,16.163994,5.363387,0.673113,0.16396643,0.16396643
45,10,2800,0.15012325,16.171764,5.36305,0.672999,0.16396168,0.16396168
45,11,2801,0.15016767,16.179974,5.362818,0.67291427,0.16394876,0.16394876
45,12,2802,0.1502156,16.188265,5.3625364,0.67282194,0.16394174,0.16394174
45,13,2803,0.15026766,16.196274,5.362103,0.6727023,0.16393957,0.16393957
45,14,2804,0.15031895,16.204626,5.3617253,0.6725914,0.16393077,0.16393077
45,15,2805,0.15036617,16.212624,5.361299,0.6724716,0.16392054,0.16392054
45,16,2806,0.1504051,16.219154,5.360916,0.67236495,0.16391484,0.16391484
45,17,2807,0.15044723,16.226318,5.3605404,0.6722669,0.16390613,0.16390613
45,18,2808,0.15049316,16.233671,5.360078,0.6721614,0.1638927,0.1638927
45,19,2809,0.15053542,16.240719,5.359559,0.6720412,0.16387704,0.16387704
45,20,2810,0.15058455,16.248878,5.359098,0.6719217,0.16386534,0.16386534
45,21,2811,0.15062715,16.25627,5.3586636,0.67182046,0.16385147,0.16385147
45,22,2812,0.15067634,16.264748,5.358259,0.67171204,0.16384625,0.16384625
45,23,2813,0.15072256,16.272816,5.357845,0.67158335,0.1638407,0.1638407
45,24,2814,0.15077774,16.281609,5.3577456,0.67146206,0.16383679,0.16383679
45,25,2815,0.1508153,16.288752,5.3574624,0.67134863,0.16382639,0.16382639
45,26,2816,0.15085655,16.295717,5.357031,0.6712287,0.16381547,0.16381547
45,27,2817,0.15090579,16.302917,5.356704,0.6711227,0.16381438,0.16381438
45,28,2818,0.15095003,16.310068,5.3562746,0.6710077,0.163799,0.163799
45,29,2819,0.1525261,16.318598,5.3644447,0.67086774,0.16380236,0.16380236
45,30,2820,0.15350449,16.325665,5.368332,0.67077523,0.1637871,0.1637871
45,31,2821,0.1536417,16.331581,5.3709035,0.67068225,0.16377531,0.16377531
45,32,2822,0.15374328,16.338661,5.3726697,0.67058617,0.16379057,0.16379057
45,33,2823,0.15383165,16.344416,5.374589,0.6704831,0.16378853,0.16378853
45,34,2824,0.15392438,16.351118,5.3759446,0.67036635,0.16378899,0.16378899
45,35,2825,0.15400785,16.358318,5.3772116,0.67024416,0.16379121,0.16379121
45,36,2826,0.15406722,16.364794,5.3782253,0.67013973,0.16379192,0.16379192
45,37,2827,0.15413302,16.370687,5.3789454,0.6700153,0.16380636,0.16380636
45,38,2828,0.15419847,16.377617,5.379737,0.6698857,0.1638141,0.1638141
45,39,2829,0.1542556,16.384586,5.3804703,0.6697648,0.16381082,0.16381082
45,40,2830,0.1543057,16.3915,5.3810806,0.6696448,0.16381593,0.16381593
45,41,2831,0.15434796,16.39829,5.381281,0.6695299,0.16381143,0.16381143
45,42,2832,0.15439828,16.404474,5.381804,0.6694231,0.16381742,0.16381742
45,43,2833,0.15444097,16.410051,5.3819857,0.66932076,0.16381626,0.16381626
45,44,2834,0.15448236,16.41651,5.382276,0.6691995,0.16381252,0.16381252
45,45,2835,0.1545198,16.422853,5.3828197,0.6690889,0.16381444,0.16381444
45,46,2836,0.15455845,16.428106,5.382969,0.66899115,0.16380453,0.16380453
45,47,2837,0.15459892,16.433529,5.383154,0.6688827,0.16381183,0.16381183
45,48,2838,0.15463567,16.439657,5.3834786,0.6687728,0.1638077,0.1638077
45,49,2839,0.15467145,16.444427,5.383693,0.6686717,0.16379526,0.16379526
45,50,2840,0.15472034,16.450733,5.3838797,0.668554,0.1637865,0.1637865
45,51,2841,0.15476307,16.456665,5.384214,0.66844994,0.16378431,0.16378431
45,52,2842,0.15480386,16.462738,5.384313,0.66833615,0.16377784,0.16377784
45,53,2843,0.15484041,16.468555,5.3845935,0.6682209,0.1637709,0.1637709
45,54,2844,0.15488152,16.4744,5.384592,0.66810364,0.1637566,0.1637566
45,55,2845,0.15492532,16.48094,5.3846292,0.6679944,0.16374688,0.16374688
45,56,2846,0.15497226,16.487724,5.3847613,0.6678996,0.16374257,0.16374257
45,57,2847,0.15501878,16.494047,5.3849716,0.66778314,0.16373898,0.16373898
45,58,2848,0.155057,16.499308,5.385072,0.6676782,0.16373222,0.16373222
45,59,2849,0.15509693,16.504808,5.385087,0.667557,0.16372192,0.16372192
45,60,2850,0.15514399,16.511354,5.3852434,0.66743636,0.16372406,0.16372406
45,61,2851,0.15518144,16.517471,5.3854327,0.66734433,0.16372378,0.16372378
46,0,2852,0.155214,16.52229,5.3856096,0.6672485,0.16371956,0.16371956
46,1,2853,0.15524477,16.527037,5.3856773,0.66715354,0.1637055,0.1637055
46,2,2854,0.15528059,16.533024,5.385657,0.6670383,0.16369484,0.16369484
46,3,2855,0.15531912,16.538849,5.385726,0.66692543,0.16368167,0.16368167
46,4,2856,0.15535435,16.54351,5.3858104,0.6668138,0.16367328,0.16367328
46,5,2857,0.1553944,16.549843,5.385855,0.6666921,0.16366415,0.16366415
46,6,2858,0.1554324,16.555767,5.386001,0.66658115,0.16366358,0.16366358
46,7,2859,0.15547083,16.56222,5.386054,0.6664802,0.16365817,0.16365817
46,8,2860,0.15550297,16.567558,5.386128,0.66638607,0.16364464,0.16364464
46,9,2861,0.15555249,16.574112,5.386076,0.6662754,0.16363169,0.16363169
46,10,2862,0.15558702,16.579243,5.38611,0.6661783,0.16362062,0.16362062
46,11,2863,0.15562595,16.584597,5.386146,0.6660812,0.16360362,0.16360362
46,12,2864,0.15566505,16.59122,5.386183,0.6659601,0.1635928,0.1635928
46,13,2865,0.15570275,16.597895,5.386286,0.6658572,0.16359086,0.16359086
46,14,2866,0.15574817,16.603964,5.3863635,0.6657499,0.16358049,0.16358049
46,15,2867,0.15578508,16.608498,5.3864326,0.66565573,0.16356993,0.16356993
46,16,2868,0.15582061,16.61352,5.386474,0.66555417,0.1635596,0.1635596
46,17,2869,0.15586084,16.619068,5.386402,0.66546875,0.16354881,0.16354881
46,18,2870,0.15589738,16.624,5.3863654,0.6653582,0.1635406,0.1635406
46,19,2871,0.15593,16.629583,5.386299,0.66525114,0.16353208,0.16353208
46,20,2872,0.155962,16.634617,5.3863244,0.66515017,0.16352443,0.16352443
46,21,2873,0.15600301,16.640217,5.3864455,0.66504663,0.16351654,0.16351654
46,22,2874,0.15604496,16.646702,5.38635,0.6649245,0.1635077,0.1635077
46,23,2875,0.15607473,16.65163,5.3862686,0.6648086,0.16349359,0.16349359
46,24,2876,0.1561107,16.657011,5.3860393,0.66469955,0.1634777,0.1634777
46,25,2877,0.1561542,16.662619,5.385988,0.6645913,0.16346985,0.16346985
46,26,2878,0.15618843,16.66875,5.385975,0.6644787,0.16346724,0.16346724
46,27,2879,0.15622202,16.674175,5.3859777,0.6643961,0.16345467,0.16345467
46,28,2880,0.15625954,16.679853,5.3858786,0.6642817,0.16345033,0.16345033
46,29,2881,0.15630035,16.686272,5.3858438,0.66416913,0.16344664,0.16344664
46,30,2882,0.15633607,16.692438,5.3857317,0.6640521,0.16344285,0.16344285
46,31,2883,0.15637515,16.698196,5.385657,0.66395724,0.16343203,0.16343203
46,32,2884,0.15641296,16.704258,5.3855224,0.66385955,0.1634218,0.1634218
46,33,2885,0.15644997,16.710213,5.3855886,0.6637576,0.16342251,0.16342251
46,34,2886,0.15648815,16.716013,5.3855176,0.663644,0.16341445,0.16341445
46,35,2887,0.1565246,16.72183,5.385383,0.66353893,0.1634044,0.1634044
46,36,2888,0.15656303,16.72686,5.3853292,0.6634373,0.16339347,0.16339347
46,37,2889,0.15659778,16.731585,5.3853707,0.66333985,0.16338211,0.16338211
46,38,2890,0.15663397,16.737122,5.3852825,0.66322404,0.16337177,0.16337177
46,39,2891,0.15666527,16.742186,5.385185,0.6631414,0.16336037,0.16336037
46,40,2892,0.15669549,16.7476,5.3850904,0.6630291,0.1633551,0.1633551
46,41,2893,0.15673065,16.753521,5.3848987,0.6629149,0.16334525,0.16334525
46,42,2894,0.15675852,16.758894,5.3847046,0.6628249,0.163331,0.163331
46,43,2895,0.15678522,16.763845,5.3846927,0.6627268,0.16332097,0.16332097
46,44,2896,0.15682119,16.769918,5.384464,0.6626065,0.16331108,0.16331108
46,45,2897,0.15685771,16.775427,5.3843594,0.66251206,0.1633019,0.1633019
46,46,2898,0.1568918,16.78041,5.3844357,0.6624309,0.16329344,0.16329344
46,47,2899,0.15692899,16.785639,5.3844185,0.6623276,0.16328083,0.16328083
46,48,2900,0.15696387,16.791033,5.3843794,0.6622167,0.16326697,0.16326697
46,49,2901,0.15700328,16.796951,5.384307,0.662109,0.16326189,0.16326189
46,50,2902,0.15703307,16.802168,5.3843083,0.66201514,0.16325256,0.16325256
46,51,2903,0.15706778,16.807407,5.3843665,0.66190255,0.16324994,0.16324994
46,52,2904,0.15709609,16.812368,5.3844705,0.6617978,0.16324586,0.16324586
46,53,2905,0.1571269,16.816843,5.3843546,0.66170275,0.16323382,0.16323382
46,54,2906,0.15715203,16.820734,5.384242,0.6616115,0.16321953,0.16321953
46,55,2907,0.1571891,16.825565,5.384132,0.66150624,0.16321655,0.16321655
46,56,2908,0.1572251,16.830599,5.3840876,0.6614073,0.16321146,0.16321146
46,57,2909,0.15725306,16.835663,5.3841157,0.6613174,0.16319987,0.16319987
46,58,2910,0.15729177,16.841806,5.3840456,0.6612251,0.16319239,0.16319239
46,59,2911,0.15732646,16.847277,5.3839707,0.66111463,0.16319165,0.16319165
46,60,2912,0.15736577,16.8524,5.383967,0.66102165,0.16317825,0.16317825
46,61,2913,0.15740022,16.857334,5.383947,0.6609393,0.16317444,0.16317444
47,0,2914,0.15743032,16.861763,5.3840146,0.660854,0.16316131,0.16316131
47,1,2915,0.15746161,16.86635,5.383993,0.6607676,0.16315278,0.16315278
47,2,2916,0.15749127,16.870419,5.384102,0.66069233,0.16314414,0.16314414
47,3,2917,0.15752144,16.874918,5.3840094,0.660598,0.16313024,0.16313024
47,4,2918,0.15755273,16.879616,5.3838882,0.66047955,0.16312426,0.16312426
47,5,2919,0.15759084,16.8844,5.383733,0.6603676,0.16311187,0.16311187
47,6,2920,0.15762074,16.88846,5.383563,0.66029,0.16310014,0.16310014
47,7,2921,0.15764052,16.892757,5.3834014,0.6601963,0.16308652,0.16308652
47,8,2922,0.15767518,16.898314,5.383261,0.66008943,0.16307491,0.16307491
47,9,2923,0.15770745,16.9038,5.3830748,0.6600009,0.16306648,0.16306648
47,10,2924,0.15773869,16.90859,5.382812,0.65990245,0.16304614,0.16304614
47,11,2925,0.15777314,16.913948,5.3827267,0.6598079,0.16303788,0.16303788
47,12,2926,0.15780309,16.918295,5.382693,0.65973043,0.1630204,0.1630204
47,13,2927,0.15783978,16.923595,5.382808,0.6596417,0.16301651,0.16301651
47,14,2928,0.15786889,16.927856,5.3826714,0.659583,0.16300148,0.16300148
47,15,2929,0.15789688,16.932716,5.3826256,0.65949005,0.16299146,0.16299146
47,16,2930,0.1579341,16.938595,5.3824677,0.659397,0.16298655,0.16298655
47,17,2931,0.15796173,16.942802,5.3822055,0.6593232,0.16297358,0.16297358
47,18,2932,0.1579973,16.947773,5.382118,0.6592316,0.1629665,0.1629665
47,19,2933,0.15802684,16.952852,5.3822083,0.6591436,0.16297096,0.16297096
47,20,2934,0.15805766,16.957632,5.3819084,0.6590557,0.16295107,0.16295107
47,21,2935,0.15809244,16.963415,5.381711,0.65895665,0.16293679,0.16293679
47,22,2936,0.15811896,16.967388,5.38158,0.658868,0.16292182,0.16292182
47,23,2937,0.15814678,16.971981,5.381434,0.65876997,0.16291033,0.16291033
47,24,2938,0.15818888,16.977135,5.38117,0.65868056,0.1628968,0.1628968
47,25,2939,0.15822157,16.981377,5.380868,0.6585905,0.16287974,0.16287974
47,26,2940,0.15825388,16.9851,5.380777,0.6585424,0.16286887,0.16286887
47,27,2941,0.15828483,16.989126,5.3806787,0.65846944,0.16285221,0.16285221
47,28,2942,0.15831661,16.993597,5.3805575,0.65838826,0.16283569,0.16283569
47,29,2943,0.15835357,16.998163,5.3803797,0.6583164,0.16282181,0.16282181
47,30,2944,0.15839225,17.004051,5.380319,0.6582483,0.16281536,0.16281536
47,31,2945,0.15842149,17.007872,5.3800898,0.6581481,0.16280688,0.16280688
47,32,2946,0.15845248,17.01239,5.38004,0.6580422,0.1628013,0.1628013
47,33,2947,0.15849622,17.017859,5.379937,0.6579492,0.162791,0.162791
47,34,2948,0.15852931,17.022774,5.379827,0.6578769,0.16278046,0.16278046
47,35,2949,0.15856405,17.027737,5.379667,0.657777,0.16277696,0.16277696
47,36,2950,0.15859438,17.031643,5.3796434,0.6576838,0.16276702,0.16276702
47,37,2951,0.1586321,17.036621,5.3795147,0.6575786,0.1627576,0.1627576
47,38,2952,0.15866056,17.041273,5.3794394,0.65754306,0.16274786,0.16274786
47,39,2953,0.15869862,17.047089,5.3793216,0.6574694,0.16273841,0.16273841
47,40,2954,0.15874188,17.052666,5.3791757,0.6573899,0.16273293,0.16273293
47,41,2955,0.15878022,17.05896,5.3791356,0.65732616,0.16273357,0.16273357
47,42,2956,0.15881118,17.06354,5.379044,0.65722597,0.16272822,0.16272822
47,43,2957,0.15884225,17.067947,5.3788977,0.657158,0.16271934,0.16271934
47,44,2958,0.15887925,17.072876,5.3786435,0.65705895,0.16271278,0.16271278
47,45,2959,0.15891206,17.077007,5.378333,0.6569542,0.16270033,0.16270033
47,46,2960,0.15895234,17.08232,5.378138,0.6568774,0.1626943,0.1626943
47,47,2961,0.15898567,17.086834,5.377968,0.65679985,0.16268827,0.16268827
47,48,2962,0.15902172,17.091274,5.3778687,0.6567062,0.16268216,0.16268216
47,49,2963,0.15906617,17.09597,5.37761,0.6566242,0.16267349,0.16267349
47,50,2964,0.15910235,17.100224,5.3776274,0.6565523,0.16266605,0.16266605
47,51,2965,0.15914856,17.105488,5.3774247,0.65645105,0.16265702,0.16265702
47,52,2966,0.15918617,17.110937,5.3773355,0.65635484,0.1626443,0.1626443
47,53,2967,0.15922226,17.115751,5.377308,0.65628266,0.16263391,0.16263391
47,54,2968,0.15925506,17.119911,5.3770795,0.6562192,0.16261615,0.16261615
47,55,2969,0.15929008,17.124619,5.3769712,0.6561369,0.16260819,0.16260819
47,56,2970,0.15931751,17.128748,5.376857,0.656077,0.16259205,0.16259205
47,57,2971,0.1593459,17.133707,5.3767433,0.6559953,0.16257997,0.16257997
47,58,2972,0.15938245,17.138231,5.3765984,0.6559114,0.16256408,0.16256408
47,59,2973,0.15940787,17.142353,5.376531,0.65582365,0.16255583,0.16255583
47,60,2974,0.15943848,17.146633,5.3763576,0.65573806,0.16254862,0.16254862
47,61,2975,0.15947494,17.151608,5.376353,0.65566367,0.16253977,0.16253977
48,0,2976,0.15950195,17.156605,5.3763256,0.65556926,0.16253054,0.16253054
48,1,2977,0.15953651,17.161434,5.376169,0.6554758,0.16251889,0.16251889
48,2,2978,0.15956898,17.165691,5.3760977,0.65537065,0.1625122,0.1625122
48,3,2979,0.15960114,17.17043,5.3758574,0.6552784,0.16249841,0.16249841
48,4,2980,0.1596283,17.174366,5.375635,0.65520453,0.16249184,0.16249184
48,5,2981,0.1596625,17.179459,5.3755555,0.6551548,0.16248555,0.16248555
48,6,2982,0.15968844,17.183483,5.3752933,0.65506744,0.16247305,0.16247305
48,7,2983,0.15972297,17.188705,5.3751135,0.6549753,0.16246694,0.16246694
48,8,2984,0.15976118,17.193523,5.374984,0.65492314,0.16246264,0.16246264
48,9,2985,0.15979081,17.197958,5.375043,0.6548309,0.16246463,0.16246463
48,10,2986,0.15982439,17.202961,5.3749833,0.6547711,0.16245985,0.16245985
48,11,2987,0.1598675,17.207994,5.374775,0.65470016,0.16245343,0.16245343
48,12,2988,0.1598998,17.212538,5.3747306,0.6546281,0.16243993,0.16243993
48,13,2989,0.15993074,17.217293,5.3746495,0.65456927,0.16242512,0.16242512
48,14,2990,0.15995836,17.22052,5.374408,0.6544776,0.16241136,0.16241136
48,15,2991,0.15998742,17.224222,5.374221,0.6544422,0.16240253,0.16240253
48,16,2992,0.16001827,17.228012,5.3739285,0.65435165,0.16238824,0.16238824
48,17,2993,0.16005163,17.232355,5.3739076,0.6542261,0.16238464,0.16238464
48,18,2994,0.16006975,17.234955,5.373719,0.6541606,0.16236654,0.16236654
48,19,2995,0.16010289,17.238146,5.373586,0.6541122,0.16236076,0.16236076
48,20,2996,0.16014585,17.243544,5.373622,0.65401626,0.16236004,0.16236004
48,21,2997,0.1601905,17.24853,5.3732777,0.653907,0.16234392,0.16234392
48,22,2998,0.16022395,17.25272,5.3731112,0.65381974,0.16233669,0.16233669
48,23,2999,0.16026267,17.257488,5.372816,0.6537221,0.1623246,0.1623246
48,24,3000,0.1602975,17.262903,5.3726296,0.65367293,0.16231595,0.16231595
48,25,3001,0.16033486,17.267872,5.3725185,0.653599,0.16230105,0.16230105
48,26,3002,0.16036022,17.271513,5.3722796,0.65353376,0.16228743,0.16228743
48,27,3003,0.16039333,17.27716,5.372016,0.65345883,0.16227117,0.16227117
48,28,3004,0.16042687,17.282417,5.3716435,0.6533622,0.1622605,0.1622605
48,29,3005,0.16045685,17.286882,5.371335,0.6532982,0.1622426,0.1622426
48,30,3006,0.16049084,17.291063,5.371226,0.6532212,0.16223203,0.16223203
48,31,3007,0.16051865,17.295153,5.3711286,0.6531601,0.16223146,0.16223146
48,32,3008,0.16054991,17.299297,5.3708086,0.6530886,0.16221535,0.16221535
48,33,3009,0.16058108,17.30409,5.370692,0.65304583,0.16220658,0.16220658
48,34,3010,0.16060984,17.308338,5.370542,0.6529394,0.16219687,0.16219687
48,35,3011,0.16064042,17.313168,5.3705,0.6528773,0.16219653,0.16219653
48,36,3012,0.16067956,17.317604,5.3702984,0.6527992,0.16218835,0.16218835
48,37,3013,0.16071239,17.321468,5.370152,0.65272635,0.16218163,0.16218163
48,38,3014,0.16076158,17.327314,5.369944,0.65264595,0.1621779,0.1621779
48,39,3015,0.16080147,17.332712,5.369709,0.6525655,0.16217102,0.16217102
48,40,3016,0.1608411,17.338629,5.369625,0.652506,0.1621653,0.1621653
48,41,3017,0.16087082,17.34298,5.3695374,0.65243316,0.16215917,0.16215917
48,42,3018,0.16090554,17.347857,5.3694,0.65235585,0.16214737,0.16214737
48,43,3019,0.16093476,17.352379,5.3693233,0.65228796,0.16213475,0.16213475
48,44,3020,0.16096058,17.355083,5.369275,0.6522243,0.16212417,0.16212417
48,45,3021,0.16099301,17.358389,5.3690653,0.6521401,0.16211237,0.16211237
48,46,3022,0.16102783,17.361986,5.368954,0.6520867,0.16210294,0.16210294
48,47,3023,0.16106468,17.365864,5.368795,0.65204716,0.16209193,0.16209193
48,48,3024,0.16110197,17.370983,5.3686833,0.65196127,0.16207941,0.16207941
48,49,3025,0.16113552,17.375036,5.3686347,0.6518726,0.16206376,0.16206376
48,50,3026,0.16116518,17.378977,5.3684278,0.6518034,0.16205546,0.16205546
48,51,3027,0.16120255,17.38367,5.3683777,0.65172046,0.16204984,0.16204984
48,52,3028,0.16122465,17.386934,5.3681946,0.65165466,0.16203812,0.16203812
48,53,3029,0.1612617,17.39138,5.3679442,0.6515818,0.16202632,0.16202632
48,54,3030,0.16129766,17.395914,5.3678155,0.6515255,0.16202013,0.16202013
48,55,3031,0.16133107,17.40045,5.367562,0.65146524,0.16200848,0.16200848
48,56,3032,0.16136836,17.406038,5.3673844,0.6514062,0.16199295,0.16199295
48,57,3033,0.1614036,17.410505,5.367228,0.651335,0.16198607,0.16198607
48,58,3034,0.16143346,17.4146,5.3670483,0.65127915,0.16197665,0.16197665
48,59,3035,0.16146605,17.419094,5.3668523,0.6512325,0.16196254,0.16196254
48,60,3036,0.1615029,17.42349,5.366717,0.65117437,0.16195603,0.16195603
48,61,3037,0.16153646,17.428139,5.3665442,0.6511111,0.16194545,0.16194545
49,0,3038,0.16156971,17.432325,5.366209,0.6510369,0.16193077,0.16193077
49,1,3039,0.16159987,17.436535,5.365982,0.65097636,0.16191557,0.16191557
49,2,3040,0.16163838,17.441507,5.365836,0.65094095,0.16191359,0.16191359
49,3,3041,0.16167852,17.447344,5.365681,0.6509237,0.1619036,0.1619036
49,4,3042,0.16171603,17.451519,5.365583,0.6508518,0.16190305,0.16190305
49,5,3043,0.16174671,17.455397,5.3655577,0.6507811,0.1618976,0.1618976
49,6,3044,0.16178797,17.458752,5.3652844,0.6507304,0.16188584,0.16188584
49,7,3045,0.16183043,17.463322,5.3650036,0.65064156,0.16187656,0.16187656
49,8,3046,0.16186611,17.468313,5.3647914,0.6505672,0.16186836,0.16186836
49,9,3047,0.16190985,17.47314,5.364647,0.6505034,0.16185775,0.16185775
49,10,3048,0.16193691,17.47708,5.364498,0.65042865,0.16185224,0.16185224
49,11,3049,0.1619802,17.481932,5.364347,0.650384,0.16184616,0.16184616
49,12,3050,0.1620121,17.486025,5.3643217,0.65032935,0.1618343,0.1618343
49,13,3051,0.1620402,17.490295,5.364243,0.65027905,0.16182739,0.16182739
49,14,3052,0.1620706,17.493605,5.3639817,0.6502437,0.16181338,0.16181338
49,15,3053,0.16209975,17.497168,5.363711,0.6501803,0.16179354,0.16179354
49,16,3054,0.16212761,17.501091,5.363462,0.65013015,0.16178384,0.16178384
49,17,3055,0.16215467,17.504314,5.363292,0.65005666,0.1617769,0.1617769
49,18,3056,0.16218445,17.507353,5.363073,0.6499801,0.16176534,0.16176534
49,19,3057,0.16220534,17.510532,5.3628345,0.64992386,0.16175587,0.16175587
49,20,3058,0.16223508,17.512634,5.3626585,0.6498484,0.16174468,0.16174468
49,21,3059,0.16225863,17.515419,5.3625627,0.6498149,0.16173378,0.16173378
49,22,3060,0.16230425,17.520853,5.3624344,0.649726,0.16173787,0.16173787
49,23,3061,0.16234607,17.527018,5.3623433,0.6496435,0.1617278,0.1617278
49,24,3062,0.16238187,17.532154,5.362291,0.64957553,0.16172573,0.16172573
49,25,3063,0.16241829,17.537445,5.362071,0.6495,0.16171747,0.16171747
49,26,3064,0.16245863,17.542282,5.3619776,0.6494386,0.1617138,0.1617138
49,27,3065,0.16249903,17.547062,5.361892,0.64942175,0.16171142,0.16171142
49,28,3066,0.16254196,17.552393,5.3617535,0.6493712,0.16170566,0.16170566
49,29,3067,0.16258782,17.557219,5.3614597,0.6493163,0.1616957,0.1616957
49,30,3068,0.16262189,17.560234,5.3611994,0.64928055,0.1616819,0.1616819
49,31,3069,0.16265023,17.563616,5.3611574,0.6491647,0.16167781,0.16167781
49,32,3070,0.1626782,17.567142,5.361242,0.6491742,0.16167425,0.16167425
49,33,3071,0.16270575,17.571753,5.361061,0.6490867,0.16166501,0.16166501
49,34,3072,0.16273631,17.575949,5.3609285,0.64902115,0.16166347,0.16166347
49,35,3073,0.16278061,17.581678,5.3607216,0.648955,0.16165817,0.16165817
49,36,3074,0.16280943,17.58565,5.3606358,0.64888173,0.16164906,0.16164906
49,37,3075,0.16283776,17.588585,5.360669,0.64885044,0.16164717,0.16164717
49,38,3076,0.16286898,17.591928,5.360795,0.6488184,0.16163883,0.16163883
49,39,3077,0.1628991,17.595552,5.360651,0.6487841,0.16163002,0.16163002
49,40,3078,0.16292787,17.599396,5.3604994,0.64875066,0.16161576,0.16161576
49,41,3079,0.16297796,17.604765,5.3602576,0.648694,0.16160315,0.16160315
49,42,3080,0.16300991,17.609253,5.3599663,0.6486224,0.16158998,0.16158998
49,43,3081,0.16304362,17.612877,5.3597655,0.6485748,0.16157779,0.16157779
49,44,3082,0.16307957,17.617247,5.3595924,0.6484864,0.16156662,0.16156662
49,45,3083,0.16311768,17.622107,5.3594027,0.6484381,0.16155703,0.16155703
49,46,3084,0.1631605,17.627197,5.3591423,0.64836395,0.16154175,0.16154175
49,47,3085,0.16319296,17.631844,5.3588157,0.64830476,0.1615316,0.1615316
49,48,3086,0.16322827,17.635609,5.3586316,0.64824444,0.16151856,0.16151856
49,49,3087,0.16326436,17.639954,5.3585124,0.6482061,0.16151145,0.16151145
49,50,3088,0.1632959,17.6441,5.3583922,0.6481601,0.16150248,0.16150248
49,51,3089,0.16334733,17.650156,5.358186,0.6481011,0.1614968,0.1614968
49,52,3090,0.16339567,17.65488,5.3578615,0.648032,0.16148616,0.16148616
49,53,3091,0.16343708,17.659603,5.357739,0.6479698,0.16148004,0.16148004
49,54,3092,0.16347913,17.664856,5.357422,0.6479211,0.16146758,0.16146758
49,55,3093,0.16351952,17.669031,5.357065,0.6478351,0.16145332,0.16145332
49,56,3094,0.16355108,17.673449,5.3567467,0.6477837,0.16143726,0.16143726
49,57,3095,0.1635889,17.677887,5.3566146,0.64772123,0.16142808,0.16142808
49,58,3096,0.16362748,17.681963,5.356409,0.64768726,0.1614154,0.1614154
49,59,3097,0.16366819,17.686636,5.3561497,0.6476426,0.16140315,0.16140315
49,60,3098,0.1637106,17.691317,5.355922,0.6475794,0.16140118,0.16140118
49,61,3099,0.16374603,17.695698,5.3557425,0.64754623,0.16139004,0.16139004
50,0,3100,0.1637713,17.699322,5.355558,0.64751685,0.16137634,0.16137634
50,1,3101,0.16380078,17.703018,5.355325,0.6474823,0.16137047,0.16137047
50,2,3102,0.163835,17.707935,5.355185,0.64745647,0.16136104,0.16136104
50,3,3103,0.16386603,17.712132,5.35505,0.6473922,0.16134949,0.16134949
50,4,3104,0.16389476,17.715586,5.3548927,0.64735025,0.16133812,0.16133812
50,5,3105,0.16394171,17.721369,5.3547072,0.6472757,0.16132644,0.16132644
50,6,3106,0.16397677,17.725151,5.354461,0.6472174,0.16131432,0.16131432
50,7,3107,0.16401324,17.72981,5.354371,0.64717585,0.16130538,0.16130538
50,8,3108,0.16404553,17.734066,5.3541374,0.6471207,0.16128798,0.16128798
50,9,3109,0.16408786,17.740026,5.3537645,0.64707464,0.16127321,0.16127321
50,10,3110,0.16411763,17.744934,5.3536468,0.64701533,0.16126788,0.16126788
50,11,3111,0.16414405,17.74895,5.353429,0.64697015,0.1612602,0.1612602
50,12,3112,0.16417998,17.754229,5.353195,0.64691,0.16125095,0.16125095
50,13,3113,0.1642116,17.759138,5.3529778,0.6468699,0.161238,0.161238
50,14,3114,0.16424792,17.76408,5.352843,0.64682764,0.1612323,0.1612323
50,15,3115,0.1642864,17.769066,5.352795,0.6467984,0.16122894,0.16122894
50,16,3116,0.16432464,17.773605,5.3525486,0.6467593,0.16122073,0.16122073
50,17,3117,0.16436684,17.778502,5.352263,0.646706,0.16121207,0.16121207
50,18,3118,0.16440055,17.783873,5.3520384,0.64664924,0.16120824,0.16120824
50,19,3119,0.1644432,17.788467,5.3517427,0.6466063,0.16119744,0.16119744
50,20,3120,0.16447727,17.793173,5.351541,0.6465231,0.16119094,0.16119094
50,21,3121,0.1645105,17.796696,5.3513455,0.646488,0.16118321,0.16118321
50,22,3122,0.1645335,17.800701,5.3511863,0.64646995,0.16117764,0.16117764
50,23,3123,0.16456994,17.805506,5.351003,0.64641696,0.16117209,0.16117209
50,24,3124,0.1646032,17.809477,5.350764,0.646379,0.16116136,0.16116136
50,25,3125,0.16463985,17.814312,5.3504696,0.6463324,0.16115662,0.16115662
50,26,3126,0.16466743,17.817768,5.350226,0.6462676,0.16115248,0.16115248
50,27,3127,0.16469482,17.820686,5.349999,0.64625263,0.16114007,0.16114007
50,28,3128,0.16472527,17.825174,5.3496895,0.64620787,0.16112697,0.16112697
50,29,3129,0.16475323,17.828697,5.349452,0.6461197,0.16111776,0.16111776
50,30,3130,0.16478446,17.833496,5.349172,0.6460666,0.16110286,0.16110286
50,31,3131,0.16482121,17.837185,5.3488398,0.6460456,0.16108422,0.16108422
50,32,3132,0.16485107,17.84124,5.348659,0.64597756,0.16107774,0.16107774
50,33,3133,0.16489288,17.845541,5.348403,0.6459343,0.16107038,0.16107038
50,34,3134,0.16493407,17.85068,5.3481693,0.64592505,0.16105363,0.16105363
50,35,3135,0.16496979,17.855156,5.3480268,0.6458635,0.1610425,0.1610425
50,36,3136,0.16500783,17.85949,5.3478055,0.6458651,0.16103067,0.16103067
50,37,3137,0.16504419,17.863337,5.3476605,0.6458487,0.16102257,0.16102257
50,38,3138,0.16508025,17.867758,5.3473787,0.64581996,0.16101365,0.16101365
50,39,3139,0.16510704,17.87164,5.347335,0.64579463,0.16101037,0.16101037
50,40,3140,0.16513667,17.876017,5.346991,0.645722,0.16099891,0.16099891
50,41,3141,0.16518036,17.882812,5.346695,0.64564854,0.1609855,0.1609855
50,42,3142,0.16521701,17.887138,5.34639,0.6455709,0.1609769,0.1609769
50,43,3143,0.1652576,17.891241,5.346164,0.64551044,0.1609703,0.1609703
50,44,3144,0.16528583,17.89495,5.3458896,0.6454325,0.16096751,0.16096751
50,45,3145,0.16531311,17.899817,5.3455796,0.64542353,0.1609543,0.1609543
50,46,3146,0.16534033,17.903894,5.34541,0.64538383,0.16094773,0.16094773
50,47,3147,0.16537598,17.908607,5.3451514,0.64536124,0.1609376,0.1609376
50,48,3148,0.16541116,17.913357,5.344951,0.6453401,0.1609264,0.1609264
50,49,3149,0.1654369,17.917328,5.3447976,0.64528376,0.16092074,0.16092074
50,50,3150,0.16546308,17.920298,5.344525,0.64523834,0.16091137,0.16091137
50,51,3151,0.16549191,17.924892,5.344234,0.6451902,0.16090526,0.16090526
50,52,3152,0.16551968,17.928488,5.3439536,0.6451682,0.16089013,0.16089013
50,53,3153,0.16555107,17.932194,5.343704,0.64512336,0.16087672,0.16087672
50,54,3154,0.16558301,17.936155,5.343499,0.6451006,0.16087711,0.16087711
50,55,3155,0.16561702,17.939812,5.343382,0.6450797,0.16087113,0.16087113
50,56,3156,0.16565007,17.943466,5.3430605,0.6450486,0.1608598,0.1608598
50,57,3157,0.1656872,17.948442,5.3428965,0.64499605,0.16085182,0.16085182
50,58,3158,0.1657247,17.952671,5.3426723,0.6449028,0.16083954,0.16083954
50,59,3159,0.16576198,17.956953,5.342465,0.644844,0.1608293,0.1608293
50,60,3160,0.16581468,17.96307,5.3422184,0.644776,0.16081876,0.16081876
50,61,3161,0.16584167,17.966082,5.342047,0.6447673,0.16081381,0.16081381
51,0,3162,0.16586643,17.968855,5.3419313,0.64479584,0.16081063,0.16081063
51,1,3163,0.16589713,17.97353,5.341767,0.64480424,0.16079739,0.16079739
51,2,3164,0.16592172,17.977125,5.341603,0.64482564,0.16078375,0.16078375
51,3,3165,0.16595778,17.982473,5.341212,0.6447563,0.16077073,0.16077073
51,4,3166,0.16599025,17.986267,5.3410187,0.6447159,0.16076422,0.16076422
51,5,3167,0.1660109,17.989937,5.340825,0.64466804,0.160754,0.160754
51,6,3168,0.16604269,17.99407,5.340385,0.64456815,0.16074763,0.16074763
51,7,3169,0.16607383,17.99734,5.340092,0.64452714,0.16073897,0.16073897
51,8,3170,0.16609773,18.000605,5.339945,0.6444755,0.16073437,0.16073437
51,9,3171,0.16613188,18.005142,5.339695,0.6444377,0.16072723,0.16072723
51,10,3172,0.16617332,18.010504,5.3393936,0.6443956,0.16071178,0.16071178
51,11,3173,0.16621287,18.015682,5.3391056,0.64432377,0.16070728,0.16070728
51,12,3174,0.16624735,18.01928,5.338859,0.64426863,0.16069613,0.16069613
51,13,3175,0.1662817,18.023634,5.338581,0.644224,0.16068333,0.16068333
51,14,3176,0.16631553,18.028822,5.3382826,0.64419276,0.16067275,0.16067275
51,15,3177,0.1663542,18.03404,5.3379908,0.6441868,0.16066357,0.16066357
51,16,3178,0.16638638,18.038502,5.337661,0.64410996,0.1606538,0.1606538
51,17,3179,0.16642006,18.043015,5.3374605,0.6440609,0.16064425,0.16064425
51,18,3180,0.16644382,18.04657,5.3372717,0.64400953,0.16063574,0.16063574
51,19,3181,0.16647506,18.05087,5.3369374,0.6439406,0.16062127,0.16062127
51,20,3182,0.16649932,18.054531,5.3366575,0.64396024,0.16060577,0.16060577
51,21,3183,0.1665409,18.05841,5.336541,0.6439892,0.16059826,0.16059826
51,22,3184,0.1665761,18.063488,5.3363733,0.64393795,0.16058859,0.16058859
51,23,3185,0.16660689,18.066948,5.336396,0.6438825,0.16058625,0.16058625
51,24,3186,0.16663876,18.071505,5.336122,0.64382005,0.16057631,0.16057631
51,25,3187,0.16665798,18.074581,5.33589,0.6437911,0.16057022,0.16057022
51,26,3188,0.16668692,18.077799,5.335779,0.6437833,0.16056173,0.16056173
51,27,3189,0.16671735,18.08193,5.3354588,0.64370984,0.16055313,0.16055313
51,28,3190,0.16674943,18.084606,5.33531,0.6436767,0.16054825,0.16054825
51,29,3191,0.16677871,18.087902,5.3350043,0.6436108,0.16053763,0.16053763
51,30,3192,0.16680436,18.09064,5.3347664,0.6436211,0.1605275,0.1605275
51,31,3193,0.16684198,18.095837,5.3345723,0.6435959,0.16052318,0.16052318
51,32,3194,0.16688202,18.100092,5.3343387,0.64352757,0.1605189,0.1605189
51,33,3195,0.1669094,18.10457,5.333988,0.64352626,0.16050474,0.16050474
51,34,3196,0.16693823,18.109114,5.3338566,0.6434831,0.16050126,0.16050126
51,35,3197,0.16696559,18.112076,5.3335123,0.6434349,0.1604845,0.1604845
51,36,3198,0.16698822,18.116106,5.3334246,0.6434377,0.16047719,0.16047719
51,37,3199,0.16702186,18.120178,5.3332458,0.64343405,0.16046935,0.16046935
51,38,3200,0.16706449,18.12486,5.333017,0.643399,0.16045932,0.16045932
51,39,3201,0.16709867,18.12929,5.3328276,0.64336133,0.16045026,0.16045026
51,40,3202,0.16713697,18.13434,5.332721,0.6433126,0.16044314,0.16044314
51,41,3203,0.1671725,18.139416,5.3326015,0.6432789,0.16043721,0.16043721
51,42,3204,0.16720131,18.1432,5.332328,0.6432482,0.16042697,0.16042697
51,43,3205,0.16723181,18.147505,5.3320904,0.643171,0.16041744,0.16041744
51,44,3206,0.16725849,18.15159,5.331887,0.64317423,0.16040729,0.16040729
51,45,3207,0.1672938,18.155926,5.331738,0.64314604,0.16040407,0.16040407
51,46,3208,0.16733727,18.161016,5.3315005,0.6430954,0.16039507,0.16039507
51,47,3209,0.16737053,18.16534,5.3313203,0.64305854,0.1603933,0.1603933
51,48,3210,0.16740559,18.169836,5.3309865,0.64302105,0.16037935,0.16037935
51,49,3211,0.16744648,18.175173,5.3306484,0.64296436,0.16037078,0.16037078
51,50,3212,0.16747598,18.177925,5.330374,0.6429531,0.16035898,0.16035898
51,51,3213,0.16752194,18.180367,5.3302417,0.6429158,0.16035573,0.16035573
51,52,3214,0.167564,18.185356,5.33007,0.64290994,0.16034208,0.16034208
51,53,3215,0.16760537,18.19055,5.3297496,0.6428728,0.16033548,0.16033548
51,54,3216,0.16764723,18.196104,5.3296533,0.6428207,0.16032603,0.16032603
51,55,3217,0.16767444,18.19984,5.3294535,0.64281094,0.16031817,0.16031817
51,56,3218,0.1677048,18.202738,5.329276,0.64276266,0.16030577,0.16030577
51,57,3219,0.16775289,18.209234,5.3290343,0.6427513,0.16028625,0.16028625
51,58,3220,0.16779141,18.214146,5.3289075,0.6427001,0.16027814,0.16027814
51,59,3221,0.16783255,18.219166,5.328607,0.6426632,0.16026437,0.16026437
51,60,3222,0.16786921,18.2229,5.3284583,0.642626,0.16025543,0.16025543
51,61,3223,0.16789363,18.226036,5.328403,0.64261794,0.16025656,0.16025656
52,0,3224,0.16792887,18.230469,5.328178,0.6425709,0.1602478,0.1602478
52,1,3225,0.16796234,18.234734,5.32803,0.64255124,0.16023293,0.16023293
52,2,3226,0.16800305,18.23991,5.3277636,0.6424973,0.16022286,0.16022286
52,3,3227,0.16803755,18.244822,5.327537,0.6424272,0.16021767,0.16021767
52,4,3228,0.16806433,18.249516,5.327369,0.64238924,0.16021141,0.16021141
52,5,3229,0.16809395,18.252676,5.3271885,0.6423805,0.16020457,0.16020457
52,6,3230,0.16813004,18.256369,5.327054,0.6423143,0.16020295,0.16020295
52,7,3231,0.16815928,18.260553,5.3268886,0.64230806,0.16019392,0.16019392
52,8,3232,0.16818689,18.263659,5.326771,0.64229864,0.16018432,0.16018432
52,9,3233,0.16821998,18.267727,5.326502,0.6422698,0.16017161,0.16017161
52,10,3234,0.16825734,18.271646,5.326331,0.6422547,0.160162,0.160162
52,11,3235,0.16829075,18.274508,5.3261547,0.6422332,0.16015337,0.16015337
52,12,3236,0.1683212,18.27774,5.3259892,0.6421811,0.16014579,0.16014579
52,13,3237,0.16835271,18.28175,5.325693,0.64214444,0.16013396,0.16013396
52,14,3238,0.1683957,18.286219,5.325444,0.64212716,0.16012517,0.16012517
52,15,3239,0.16842207,18.289608,5.3251815,0.6420862,0.16011164,0.16011164
52,16,3240,0.16845077,18.292778,5.3249397,0.6420366,0.16010338,0.16010338
52,17,3241,0.16848135,18.296608,5.3247986,0.64202267,0.16009301,0.16009301
52,18,3242,0.16850984,18.300474,5.3246365,0.6420408,0.16008623,0.16008623
52,19,3243,0.16853619,18.303019,5.324318,0.6420171,0.16007474,0.16007474
52,20,3244,0.16855088,18.304813,5.3240795,0.64198655,0.16006626,0.16006626
52,21,3245,0.1685848,18.308968,5.323905,0.64191866,0.16006657,0.16006657
52,22,3246,0.16861546,18.31309,5.3236713,0.64185375,0.16005906,0.16005906
52,23,3247,0.16863927,18.316532,5.32353,0.6418236,0.16005361,0.16005361
52,24,3248,0.1686653,18.319824,5.323378,0.64181983,0.1600486,0.1600486
52,25,3249,0.1686973,18.323383,5.32317,0.641791,0.16004424,0.16004424
52,26,3250,0.16872814,18.32737,5.322988,0.64175904,0.16003759,0.16003759
52,27,3251,0.16876248,18.330479,5.3227725,0.64170575,0.16003178,0.16003178
52,28,3252,0.16880055,18.335014,5.3224697,0.64166385,0.16001303,0.16001303
52,29,3253,0.1688455,18.33963,5.322198,0.64161897,0.16000178,0.16000178
52,30,3254,0.16889134,18.34517,5.3219824,0.6415865,0.15999062,0.15999062
52,31,3255,0.16893007,18.349997,5.32169,0.6415501,0.1599792,0.1599792
52,32,3256,0.1689622,18.353565,5.3215256,0.64154714,0.15997471,0.15997471
52,33,3257,0.16899103,18.356833,5.32132,0.6415048,0.15996276,0.15996276
52,34,3258,0.16901489,18.35965,5.321106,0.6414853,0.15995334,0.15995334
52,35,3259,0.16903713,18.361134,5.320751,0.6414055,0.15993614,0.15993614
52,36,3260,0.16907516,18.36603,5.3204536,0.6413422,0.15992643,0.15992643
52,37,3261,0.16911076,18.369907,5.320252,0.6412766,0.15992154,0.15992154
52,38,3262,0.16914092,18.373152,5.3201194,0.6412548,0.15990768,0.15990768
52,39,3263,0.1691737,18.377083,5.3199353,0.6412207,0.15989226,0.15989226
52,40,3264,0.1692056,18.380602,5.3198085,0.64118403,0.15988466,0.15988466
52,41,3265,0.16923109,18.383974,5.3197346,0.64112854,0.15987507,0.15987507
52,42,3266,0.16925575,18.386606,5.319512,0.6410992,0.15986796,0.15986796
52,43,3267,0.16929057,18.38853,5.3193316,0.6410735,0.15986036,0.15986036
52,44,3268,0.16932231,18.39305,5.3190575,0.64100903,0.1598563,0.1598563
52,45,3269,0.16936147,18.396866,5.3187814,0.64096636,0.15985139,0.15985139
52,46,3270,0.16939434,18.400265,5.318626,0.6409488,0.15984654,0.15984654
52,47,3271,0.16941059,18.402145,5.3183537,0.640939,0.15983334,0.15983334
52,48,3272,0.16943519,18.404564,5.318137,0.6409178,0.1598246,0.1598246
52,49,3273,0.16946611,18.408337,5.317836,0.64087147,0.15981531,0.15981531
52,50,3274,0.16949338,18.411982,5.3174314,0.64084667,0.15979771,0.15979771
52,51,3275,0.16952279,18.41535,5.3171005,0.6407666,0.1597909,0.1597909
52,52,3276,0.16954988,18.418043,5.31697,0.6407156,0.15978193,0.15978193
52,53,3277,0.16957179,18.420563,5.31682,0.64070034,0.15978178,0.15978178
52,54,3278,0.16960882,18.424103,5.3165636,0.64063865,0.15977249,0.15977249
52,55,3279,0.16964442,18.427675,5.316395,0.6405863,0.15976426,0.15976426
52,56,3280,0.16967428,18.431732,5.3162127,0.6405825,0.15975492,0.15975492
52,57,3281,0.16970178,18.435944,5.3159947,0.6405313,0.1597478,0.1597478
52,58,3282,0.16972287,18.438276,5.3158135,0.6405299,0.15975028,0.15975028
52,59,3283,0.16975658,18.44262,5.3155427,0.64051104,0.15974538,0.15974538
52,60,3284,0.16978201,18.445889,5.3152466,0.6404946,0.15973283,0.15973283
52,61,3285,0.16980717,18.449461,5.3151116,0.64046514,0.15972915,0.15972915
53,0,3286,0.16982882,18.452623,5.314814,0.640427,0.15971912,0.15971912
53,1,3287,0.169851,18.45495,5.314593,0.64045274,0.15971321,0.15971321
53,2,3288,0.16988039,18.458504,5.3143196,0.6404343,0.15970133,0.15970133
53,3,3289,0.16990341,18.46125,5.31403,0.64037305,0.15969042,0.15969042
53,4,3290,0.1699275,18.464428,5.3136907,0.6403196,0.15967755,0.15967755
53,5,3291,0.16996464,18.468689,5.313332,0.64026713,0.15967122,0.15967122
53,6,3292,0.16999012,18.472052,5.3130755,0.64026076,0.1596596,0.1596596
53,7,3293,0.1700185,18.476387,5.313054,0.64018315,0.15965214,0.15965214
53,8,3294,0.17004885,18.48058,5.312984,0.6401987,0.15964402,0.15964402
53,9,3295,0.17007233,18.48328,5.3127728,0.6401775,0.15963705,0.15963705
53,10,3296,0.17010732,18.48776,5.312559,0.640131,0.1596271,0.1596271
53,11,3297,0.17013094,18.491129,5.3123,0.6401176,0.15961826,0.15961826
53,12,3298,0.17015114,18.494076,5.3120418,0.640076,0.15960887,0.15960887
53,13,3299,0.17017382,18.496552,5.311914,0.6400454,0.15960155,0.15960155
53,14,3300,0.170194,18.497673,5.311693,0.63999784,0.15959048,0.15959048
53,15,3301,0.1702148,18.49978,5.3113804,0.64001703,0.15957874,0.15957874
53,16,3302,0.17024793,18.502756,5.3111143,0.63995665,0.15957461,0.15957461
53,17,3303,0.17026749,18.505737,5.3109407,0.6399582,0.15956575,0.15956575
53,18,3304,0.17028502,18.50808,5.310643,0.63993514,0.15955707,0.15955707
53,19,3305,0.17031658,18.511639,5.310357,0.63990754,0.15954942,0.15954942
53,20,3306,0.17034325,18.515137,5.3102765,0.63991404,0.15954416,0.15954416
53,21,3307,0.17037131,18.518513,5.3101525,0.63989365,0.15953386,0.15953386
53,22,3308,0.17041217,18.522375,5.3102603,0.63989687,0.1595386,0.1595386
53,23,3309,0.17044461,18.525242,5.310129,0.63986826,0.15953448,0.15953448
53,24,3310,0.17047757,18.528908,5.3099113,0.63984996,0.15952611,0.15952611
53,25,3311,0.17050856,18.533113,5.309677,0.6398253,0.15951557,0.15951557
53,26,3312,0.17052428,18.535635,5.3093114,0.639769,0.15950169,0.15950169
53,27,3313,0.17053507,18.537628,5.3090816,0.63974833,0.1594887,0.1594887
53,28,3314,0.1705545,18.540325,5.308715,0.63972,0.15948023,0.15948023
53,29,3315,0.1705876,18.544748,5.308414,0.639705,0.15946697,0.15946697
53,30,3316,0.17060325,18.547688,5.308105,0.6396924,0.15945807,0.15945807
53,31,3317,0.17063981,18.551523,5.3078237,0.639628,0.1594524,0.1594524
53,32,3318,0.17065747,18.554806,5.3076134,0.63957673,0.15944603,0.15944603
53,33,3319,0.17068508,18.557802,5.307322,0.639511,0.15943587,0.15943587
53,34,3320,0.1707123,18.560726,5.30697,0.6394184,0.1594324,0.1594324
53,35,3321,0.17073928,18.56329,5.306784,0.63934594,0.15942414,0.15942414
53,36,3322,0.17075965,18.565056,5.306574,0.63931227,0.15941398,0.15941398
53,37,3323,0.17078869,18.567106,5.306407,0.6392759,0.159413,0.159413
53,38,3324,0.17081636,18.569908,5.3062153,0.639275,0.15940127,0.15940127
53,39,3325,0.17084527,18.57487,5.3059287,0.6392372,0.15939116,0.15939116
53,40,3326,0.17087275,18.57827,5.3057466,0.6392113,0.15938304,0.15938304
53,41,3327,0.1709005,18.581549,5.3053737,0.639178,0.15936635,0.15936635
53,42,3328,0.17093223,18.585726,5.30516,0.6391681,0.15936036,0.15936036
53,43,3329,0.17095362,18.588379,5.3048787,0.639137,0.15935084,0.15935084
53,44,3330,0.17098291,18.59178,5.304695,0.6390683,0.15934926,0.15934926
53,45,3331,0.17100629,18.59499,5.304469,0.63903475,0.1593363,0.1593363
53,46,3332,0.17103022,18.597675,5.304156,0.6389965,0.1593265,0.1593265
53,47,3333,0.1710585,18.601238,5.3038135,0.63893765,0.15931854,0.15931854
53,48,3334,0.17109093,18.604439,5.303364,0.63887537,0.15930732,0.15930732
53,49,3335,0.17112449,18.608318,5.303161,0.6388227,0.15929928,0.15929928
53,50,3336,0.17115065,18.611355,5.302988,0.6387996,0.15929215,0.15929215
53,51,3337,0.17118625,18.614977,5.302798,0.63876903,0.15928578,0.15928578
53,52,3338,0.17121916,18.618505,5.3025146,0.63871944,0.15927438,0.15927438
53,53,3339,0.17125428,18.62308,5.3021493,0.6386777,0.15926391,0.15926391
53,54,3340,0.1712894,18.62694,5.301824,0.63859624,0.15925261,0.15925261
53,55,3341,0.17132634,18.630854,5.3015113,0.638541,0.15923882,0.15923882
53,56,3342,0.17135096,18.63363,5.3011837,0.6385084,0.15923141,0.15923141
53,57,3343,0.17138559,18.636597,5.3008633,0.638447,0.15922228,0.15922228
53,58,3344,0.17141373,18.639648,5.300527,0.63841,0.15921126,0.15921126
53,59,3345,0.17144006,18.642067,5.3002486,0.6383704,0.1592027,0.1592027
53,60,3346,0.1714832,18.6455,5.3000665,0.63836133,0.15919262,0.15919262
53,61,3347,0.17151438,18.648252,5.2997794,0.6383206,0.15918218,0.15918218
54,0,3348,0.17153856,18.650734,5.2995834,0.63825095,0.15917933,0.15917933
54,1,3349,0.17157304,18.654287,5.2994556,0.6382683,0.15917435,0.15917435
54,2,3350,0.17159885,18.65734,5.2992516,0.6382559,0.15916573,0.15916573
54,3,3351,0.17162132,18.659384,5.299011,0.6382457,0.1591606,0.1591606
54,4,3352,0.17165141,18.662682,5.298717,0.6381968,0.15915295,0.15915295
54,5,3353,0.17167024,18.665468,5.298483,0.6381653,0.15915196,0.15915196
54,6,3354,0.1716934,18.667803,5.298115,0.6381015,0.15914156,0.15914156
54,7,3355,0.1717208,18.669958,5.297998,0.63810796,0.15913628,0.15913628
54,8,3356,0.17174457,18.672844,5.297851,0.63808286,0.15913446,0.15913446
54,9,3357,0.17177397,18.676353,5.2975984,0.63804495,0.15912347,0.15912347
54,10,3358,0.17179179,18.677452,5.297285,0.63801396,0.15911219,0.15911219
54,11,3359,0.1718221,18.68123,5.2971015,0.6379416,0.15910634,0.15910634
54,12,3360,0.1718502,18.684721,5.296782,0.6379354,0.15909001,0.15909001
54,13,3361,0.17187949,18.687279,5.296598,0.63794786,0.15907396,0.15907396
54,14,3362,0.17191106,18.689949,5.2962246,0.63787323,0.15906116,0.15906116
54,15,3363,0.17195655,18.693367,5.296009,0.63784504,0.15905647,0.15905647
54,16,3364,0.17197299,18.695248,5.295793,0.63783383,0.15904842,0.15904842
54,17,3365,0.172003,18.698687,5.2955422,0.6378036,0.15904588,0.15904588
54,18,3366,0.17203254,18.701311,5.2953396,0.637801,0.15904212,0.15904212
54,19,3367,0.17206073,18.704472,5.295299,0.63779116,0.15904087,0.15904087
54,20,3368,0.17209084,18.70653,5.295015,0.63775325,0.15903306,0.15903306
54,21,3369,0.17211068,18.709229,5.294724,0.63770866,0.1590234,0.1590234
54,22,3370,0.17213336,18.711802,5.2944527,0.6376601,0.15901531,0.15901531
54,23,3371,0.17214859,18.71353,5.294295,0.6376228,0.1590083,0.1590083
54,24,3372,0.17216581,18.715519,5.2939296,0.63755876,0.15899837,0.15899837
54,25,3373,0.17218655,18.717579,5.293565,0.637497,0.15898632,0.15898632
54,26,3374,0.17221795,18.720776,5.293205,0.6374236,0.15897657,0.15897657
54,27,3375,0.17224169,18.723127,5.2929235,0.6373574,0.15897018,0.15897018
54,28,3376,0.1722629,18.725506,5.2925825,0.6373173,0.15895724,0.15895724
54,29,3377,0.17229098,18.729103,5.2922473,0.6372801,0.15894172,0.15894172
54,30,3378,0.17232147,18.732803,5.291837,0.63720286,0.15893078,0.15893078
54,31,3379,0.17234878,18.736181,5.2915883,0.63717633,0.15891705,0.15891705
54,32,3380,0.17237097,18.738451,5.291587,0.6371819,0.15891552,0.15891552
54,33,3381,0.17240866,18.743101,5.2915144,0.6371532,0.15890689,0.15890689
54,34,3382,0.1724324,18.745384,5.2913833,0.6371224,0.15889965,0.15889965
54,35,3383,0.17245957,18.748981,5.2912245,0.6371203,0.1588957,0.1588957
54,36,3384,0.17248681,18.751785,5.2910604,0.6371194,0.15888634,0.15888634
54,37,3385,0.17251194,18.754133,5.2907295,0.63708085,0.15887567,0.15887567
54,38,3386,0.17254993,18.757305,5.290568,0.6370272,0.1588712,0.1588712
54,39,3387,0.17258635,18.760569,5.29039,0.6369976,0.15886208,0.15886208
54,40,3388,0.17260486,18.76234,5.290071,0.6369465,0.15884732,0.15884732
54,41,3389,0.17262745,18.764599,5.289788,0.63695526,0.15883939,0.15883939
54,42,3390,0.17265183,18.767275,5.289556,0.6369524,0.1588295,0.1588295
54,43,3391,0.17267573,18.770336,5.289354,0.63690114,0.15881625,0.15881625
54,44,3392,0.1726952,18.77219,5.28915,0.6368065,0.15880878,0.15880878
54,45,3393,0.172719,18.774492,5.288868,0.63679314,0.15879431,0.15879431
54,46,3394,0.17273343,18.776026,5.2885604,0.63674086,0.15878527,0.15878527
54,47,3395,0.17276253,18.778849,5.288294,0.63670784,0.15878007,0.15878007
54,48,3396,0.17278026,18.781647,5.288068,0.636686,0.15877202,0.15877202
54,49,3397,0.17280112,18.783548,5.287874,0.636649,0.15876184,0.15876184
54,50,3398,0.17282249,18.78719,5.287678,0.63662416,0.15875004,0.15875004
54,51,3399,0.17283896,18.789118,5.287526,0.6366249,0.15873715,0.15873715
54,52,3400,0.17286587,18.792969,5.2871833,0.63659585,0.15872785,0.15872785
54,53,3401,0.17290485,18.798607,5.286854,0.6365418,0.15872127,0.15872127
54,54,3402,0.17295264,18.803764,5.2864866,0.6365022,0.15871038,0.15871038
54,55,3403,0.17297842,18.805786,5.286102,0.63645697,0.15869793,0.15869793
54,56,3404,0.17301635,18.809643,5.2857933,0.6364085,0.15868908,0.15868908
54,57,3405,0.17304607,18.812489,5.2855024,0.6364126,0.15867993,0.15867993
54,58,3406,0.17307974,18.815508,5.2853427,0.6364205,0.15866752,0.15866752
54,59,3407,0.17311351,18.819242,5.2851605,0.6364239,0.15866111,0.15866111
54,60,3408,0.17314403,18.824211,5.284952,0.6364127,0.1586477,0.1586477
54,61,3409,0.17317255,18.828127,5.2848473,0.6363861,0.15864553,0.15864553
55,0,3410,0.17319933,18.831406,5.284675,0.6363675,0.15864041,0.15864041
55,1,3411,0.17322981,18.83463,5.284655,0.63633513,0.15863582,0.15863582
55,2,3412,0.17325893,18.837309,5.2845097,0.636307,0.15863045,0.15863045
55,3,3413,0.17328501,18.84097,5.2843914,0.63624686,0.15861607,0.15861607
55,4,3414,0.17331785,18.844593,5.2841377,0.6362163,0.15860885,0.15860885
55,5,3415,0.1733443,18.847572,5.2839637,0.6361952,0.15860344,0.15860344
55,6,3416,0.17336741,18.85041,5.2837768,0.6361622,0.15859325,0.15859325
55,7,3417,0.17339061,18.852148,5.283579,0.636171,0.15858252,0.15858252
55,8,3418,0.17341778,18.855507,5.2833714,0.6361158,0.15857084,0.15857084
55,9,3419,0.17343855,18.857971,5.2831206,0.63605845,0.15856221,0.15856221
55,10,3420,0.17346117,18.860336,5.282885,0.6360595,0.1585524,0.1585524
55,11,3421,0.1734953,18.863153,5.2826123,0.6360275,0.15854526,0.15854526
55,12,3422,0.1735058,18.86411,5.282397,0.63602346,0.15853545,0.15853545
55,13,3423,0.17352967,18.867052,5.2821803,0.6359793,0.15852606,0.15852606
55,14,3424,0.173558,18.870848,5.281966,0.6359392,0.15852444,0.15852444
55,15,3425,0.17358193,18.874622,5.2818093,0.6359666,0.1585106,0.1585106
55,16,3426,0.17360927,18.878183,5.281567,0.63598114,0.15849848,0.15849848
55,17,3427,0.17363511,18.880945,5.2813854,0.63600004,0.15849257,0.15849257
55,18,3428,0.17365831,18.88423,5.2811446,0.6359833,0.15848657,0.15848657
55,19,3429,0.17368557,18.88676,5.280924,0.63591707,0.15848283,0.15848283
55,20,3430,0.17370701,18.889809,5.2806773,0.6358856,0.15847136,0.15847136
55,21,3431,0.1737324,18.892664,5.2804112,0.6358881,0.15846281,0.15846281
55,22,3432,0.17375419,18.893913,5.2802234,0.63588744,0.15845364,0.15845364
55,23,3433,0.17377831,18.897217,5.280005,0.6358592,0.15844403,0.15844403
55,24,3434,0.17380007,18.900347,5.279619,0.6358212,0.15843311,0.15843311
55,25,3435,0.17381981,18.902807,5.279473,0.63582164,0.15842623,0.15842623
55,26,3436,0.17383784,18.903456,5.279241,0.6358284,0.15841612,0.15841612
55,27,3437,0.17385861,18.90629,5.2790074,0.6358185,0.1584119,0.1584119
55,28,3438,0.17388232,18.909412,5.2787523,0.63581485,0.15840167,0.15840167
55,29,3439,0.17391433,18.911276,5.2784066,0.6357726,0.15839411,0.15839411
55,30,3440,0.17394203,18.913311,5.27811,0.6357228,0.15838367,0.15838367
55,31,3441,0.17397156,18.916338,5.2778077,0.6356904,0.15837447,0.15837447
55,32,3442,0.17399208,18.9195,5.277513,0.6356762,0.15836781,0.15836781
55,33,3443,0.17401344,18.921673,5.277381,0.6356891,0.1583602,0.1583602
55,34,3444,0.17403963,18.924442,5.2771487,0.6356261,0.15835063,0.15835063
55,35,3445,0.17406727,18.92671,5.277013,0.6356287,0.15834385,0.15834385
55,36,3446,0.1740933,18.929003,5.276694,0.6355959,0.15833068,0.15833068
55,37,3447,0.17411786,18.930466,5.276427,0.6355717,0.15832385,0.15832385
55,38,3448,0.1741437,18.932955,5.276208,0.6355402,0.15831882,0.15831882
55,39,3449,0.17416465,18.935024,5.276057,0.6355034,0.15831652,0.15831652
55,40,3450,0.17418966,18.938124,5.275926,0.63547707,0.15831047,0.15831047
55,41,3451,0.17422386,18.943134,5.275682,0.6354235,0.15830836,0.15830836
55,42,3452,0.17424801,18.945482,5.275565,0.63542855,0.15830302,0.15830302
55,43,3453,0.17428781,18.94999,5.275397,0.63539594,0.15829572,0.15829572
55,44,3454,0.1743272,18.953888,5.2751503,0.6353954,0.15828785,0.15828785
55,45,3455,0.17435437,18.956472,5.274887,0.6353971,0.15827596,0.15827596
55,46,3456,0.17438,18.95875,5.2747507,0.63537514,0.15827046,0.15827046
55,47,3457,0.17440395,18.96195,5.274613,0.6353399,0.15825959,0.15825959
55,48,3458,0.17441887,18.964306,5.2743673,0.63531566,0.15825237,0.15825237
55,49,3459,0.17443796,18.967274,5.274123,0.6352862,0.15824097,0.15824097
55,50,3460,0.174466,18.969568,5.2739134,0.63522536,0.15823469,0.15823469
55,51,3461,0.17448592,18.971855,5.273686,0.6351644,0.15822758,0.15822758
55,52,3462,0.17451595,18.975492,5.2734685,0.6351492,0.15821809,0.15821809
55,53,3463,0.17454118,18.978361,5.273411,0.6351693,0.15821007,0.15821007
55,54,3464,0.17456912,18.980646,5.2733984,0.6351533,0.1582096,0.1582096
55,55,3465,0.17460015,18.984615,5.2733173,0.63513845,0.15820384,0.15820384
55,56,3466,0.17462683,18.987442,5.2731476,0.63515884,0.15819612,0.15819612
55,57,3467,0.17466483,18.99208,5.272888,0.6351404,0.15818854,0.15818854
55,58,3468,0.17470387,18.99539,5.2726283,0.6350917,0.15818395,0.15818395
55,59,3469,0.17473549,18.997824,5.2723927,0.635053,0.15818228,0.15818228
55,60,3470,0.17476389,19.000656,5.272041,0.63500136,0.1581685,0.1581685
55,61,3471,0.17478219,19.003288,5.27182,0.6349584,0.1581625,0.1581625
56,0,3472,0.17479824,19.00467,5.27154,0.6349336,0.15815148,0.15815148
56,1,3473,0.17482084,19.007206,5.2712774,0.63491166,0.15814367,0.15814367
56,2,3474,0.17484584,19.0106,5.270966,0.6348563,0.15813553,0.15813553
56,3,3475,0.17486553,19.012806,5.2708817,0.634866,0.15813026,0.15813026
56,4,3476,0.17489426,19.015598,5.270711,0.63484895,0.15812148,0.15812148
56,5,3477,0.17492577,19.017687,5.2704334,0.6348318,0.15810958,0.15810958
56,6,3478,0.17494804,19.020632,5.2702475,0.6348344,0.15810026,0.15810026
56,7,3479,0.17497727,19.023483,5.269941,0.6347976,0.15808909,0.15808909
56,8,3480,0.17500924,19.02595,5.2698073,0.6347716,0.15808131,0.15808131
56,9,3481,0.17504233,19.028841,5.2696004,0.63471,0.15807475,0.15807475
56,10,3482,0.1750701,19.031391,5.26949,0.6347037,0.15806109,0.15806109
56,11,3483,0.17510009,19.035126,5.2693152,0.6346718,0.15806033,0.15806033
56,12,3484,0.17512652,19.038033,5.2690597,0.6346523,0.15805271,0.15805271
56,13,3485,0.17514715,19.04014,5.2688403,0.6346192,0.15804514,0.15804514
56,14,3486,0.17516911,19.041117,5.2685885,0.6345809,0.15803428,0.15803428
56,15,3487,0.17518413,19.04201,5.2683806,0.63461757,0.15802501,0.15802501
56,16,3488,0.1752179,19.044827,5.268143,0.63457286,0.15802209,0.15802209
56,17,3489,0.17524743,19.047737,5.267999,0.6345675,0.15801854,0.15801854
56,18,3490,0.17527473,19.050968,5.2676926,0.6344849,0.15800968,0.15800968
56,19,3491,0.17529863,19.05307,5.2674427,0.63443524,0.15800121,0.15800121
56,20,3492,0.17532142,19.056097,5.267247,0.6344189,0.15799545,0.15799545
56,21,3493,0.17534044,19.05889,5.2670045,0.63435495,0.1579893,0.1579893
56,22,3494,0.17536403,19.06057,5.266917,0.6343619,0.15798636,0.15798636
56,23,3495,0.17539275,19.06377,5.2667594,0.6343338,0.1579763,0.1579763
56,24,3496,0.17541525,19.066196,5.2666545,0.6343223,0.15797861,0.15797861
56,25,3497,0.17542699,19.0675,5.266385,0.6342875,0.15796892,0.15796892
56,26,3498,0.17545423,19.069513,5.266265,0.63425934,0.15796255,0.15796255
56,27,3499,0.17547879,19.071692,5.2660165,0.6342124,0.15795189,0.15795189
56,28,3500,0.17551169,19.075274,5.265717,0.63419825,0.15793757,0.15793757
56,29,3501,0.17553177,19.07815,5.2655153,0.634218,0.1579301,0.1579301
56,30,3502,0.1755523,19.080364,5.265311,0.63417894,0.15792052,0.15792052
56,31,3503,0.17556961,19.082026,5.264947,0.634124,0.15791325,0.15791325
56,32,3504,0.17558613,19.083603,5.2646284,0.63410085,0.15790677,0.15790677
56,33,3505,0.17560382,19.084988,5.2643204,0.63404745,0.15790069,0.15790069
56,34,3506,0.17564312,19.08807,5.2640676,0.63398653,0.157897,0.157897
56,35,3507,0.17566365,19.090187,5.2637725,0.6339566,0.15788613,0.15788613
56,36,3508,0.17568693,19.092312,5.26355,0.6339092,0.15787888,0.15787888
56,37,3509,0.17571124,19.096077,5.263349,0.6338928,0.15787572,0.15787572
56,38,3510,0.1757405,19.099075,5.2631993,0.63387525,0.15786764,0.15786764
56,39,3511,0.17576241,19.101646,5.263018,0.6338317,0.15786134,0.15786134
56,40,3512,0.17577773,19.103178,5.2628345,0.6338061,0.15784836,0.15784836
56,41,3513,0.17581153,19.107635,5.2627044,0.6337661,0.1578458,0.1578458
56,42,3514,0.17583571,19.109974,5.2624273,0.63371724,0.15784058,0.15784058
56,43,3515,0.1758579,19.112518,5.262262,0.633704,0.15783393,0.15783393
56,44,3516,0.17587394,19.114944,5.262068,0.6336784,0.15782541,0.15782541
56,45,3517,0.17589524,19.11638,5.261746,0.6336605,0.1578163,0.1578163
56,46,3518,0.17591342,19.118,5.2615795,0.6336503,0.15780723,0.15780723
56,47,3519,0.17593299,19.120756,5.2614136,0.63360786,0.15780005,0.15780005
56,48,3520,0.17595655,19.123545,5.2611103,0.6335959,0.15779272,0.15779272
56,49,3521,0.17597827,19.125727,5.260877,0.6335927,0.1577823,0.1577823
56,50,3522,0.17601354,19.129864,5.260531,0.6335739,0.15777123,0.15777123
56,51,3523,0.1760565,19.133854,5.260199,0.6335276,0.15776359,0.15776359
56,52,3524,0.17609124,19.1367,5.259924,0.6334682,0.15775518,0.15775518
56,53,3525,0.17611049,19.13929,5.259616,0.6334527,0.15774442,0.15774442
56,54,3526,0.17612958,19.14055,5.259461,0.6334354,0.15773901,0.15773901
56,55,3527,0.17615035,19.142424,5.259318,0.6334461,0.15772818,0.15772818
56,56,3528,0.17617488,19.145697,5.2591553,0.63343406,0.15772651,0.15772651
56,57,3529,0.17620048,19.148312,5.2589436,0.63338447,0.15772131,0.15772131
56,58,3530,0.17622583,19.149446,5.258762,0.63335174,0.15771532,0.15771532
56,59,3531,0.17624676,19.151545,5.2585473,0.6333392,0.15770873,0.15770873
56,60,3532,0.17626753,19.15406,5.258297,0.63326377,0.15770376,0.15770376
56,61,3533,0.17628542,19.157042,5.2580066,0.6332242,0.15769376,0.15769376
57,0,3534,0.17630261,19.158497,5.257564,0.6331483,0.15768142,0.15768142
57,1,3535,0.176316,19.160097,5.2573433,0.6331161,0.15767555,0.15767555
57,2,3536,0.17634603,19.161991,5.2570424,0.6330748,0.15766543,0.15766543
57,3,3537,0.17636684,19.164818,5.2568226,0.6330376,0.15765996,0.15765996
57,4,3538,0.17639385,19.169266,5.25665,0.6330203,0.15765373,0.15765373
57,5,3539,0.17641643,19.17179,5.2564445,0.6329698,0.15764616,0.15764616
57,6,3540,0.17643431,19.17377,5.25627,0.6329493,0.1576373,0.1576373
57,7,3541,0.17644697,19.175076,5.256,0.6329319,0.15762804,0.15762804
57,8,3542,0.17646837,19.176664,5.255751,0.6328824,0.15762244,0.15762244
57,9,3543,0.17648292,19.178272,5.2555695,0.6328425,0.15761836,0.15761836
57,10,3544,0.17649758,19.179626,5.2552767,0.6328,0.15761288,0.15761288
57,11,3545,0.17652074,19.18183,5.2550297,0.63277,0.1576058,0.1576058
57,12,3546,0.17654479,19.184744,5.254851,0.63272613,0.157599,0.157599
57,13,3547,0.17656556,19.187332,5.254692,0.63272864,0.1575907,0.1575907
57,14,3548,0.17658515,19.189444,5.2546906,0.6327526,0.1575864,0.1575864
57,15,3549,0.1766075,19.192474,5.2545342,0.6327336,0.15757784,0.15757784
57,16,3550,0.17663836,19.196123,5.2543173,0.63270736,0.15757054,0.15757054
57,17,3551,0.17667069,19.199203,5.2541213,0.6326728,0.15756261,0.15756261
57,18,3552,0.17668317,19.201162,5.253953,0.63266784,0.15756461,0.15756461
57,19,3553,0.17670357,19.202587,5.2537036,0.63263804,0.157558,0.157558
57,20,3554,0.17672455,19.205452,5.253339,0.6326142,0.1575452,0.1575452
57,21,3555,0.17673874,19.207024,5.2531176,0.63260806,0.15753995,0.15753995
57,22,3556,0.17675444,19.208347,5.2529,0.63262016,0.15753187,0.15753187
57,23,3557,0.17677549,19.210009,5.2526026,0.63260925,0.1575248,0.1575248
57,24,3558,0.17680849,19.21413,5.2523565,0.6325972,0.15751687,0.15751687
57,25,3559,0.17682436,19.216173,5.2521653,0.63259715,0.15750788,0.15750788
57,26,3560,0.17684734,19.218645,5.251877,0.63255674,0.15749742,0.15749742
57,27,3561,0.17686659,19.219938,5.251706,0.63251925,0.15749532,0.15749532
57,28,3562,0.17689098,19.222,5.251427,0.63248074,0.15748101,0.15748101
57,29,3563,0.17691018,19.22347,5.251148,0.6324431,0.15747297,0.15747297
57,30,3564,0.17693776,19.224533,5.2509136,0.63245165,0.15746483,0.15746483
57,31,3565,0.17694648,19.225697,5.2505884,0.63240564,0.15745832,0.15745832
57,32,3566,0.17696996,19.22705,5.250465,0.6324012,0.15745068,0.15745068
57,33,3567,0.17699234,19.229456,5.250315,0.6323966,0.15744555,0.15744555
57,34,3568,0.17702237,19.233206,5.2501087,0.6323716,0.15743971,0.15743971
57,35,3569,0.17705138,19.236288,5.2498717,0.63229406,0.15743615,0.15743615
57,36,3570,0.17706746,19.237617,5.249673,0.6322719,0.15743235,0.15743235
57,37,3571,0.17709392,19.240623,5.2494206,0.6322438,0.1574258,0.1574258
57,38,3572,0.17712092,19.244036,5.2490296,0.63216,0.15741102,0.15741102
57,39,3573,0.17713785,19.246332,5.24881,0.6322035,0.15739624,0.15739624
57,40,3574,0.17716911,19.24905,5.248507,0.63221085,0.15738127,0.15738127
57,41,3575,0.17718466,19.250696,5.2482357,0.63216865,0.15737784,0.15737784
57,42,3576,0.17720968,19.253761,5.248009,0.6321066,0.15737122,0.15737122
57,43,3577,0.17723687,19.256058,5.2477226,0.6320801,0.15736248,0.15736248
57,44,3578,0.17724952,19.256926,5.247439,0.6320933,0.15735343,0.15735343
57,45,3579,0.17727031,19.259218,5.247214,0.6320396,0.15734331,0.15734331
57,46,3580,0.1773133,19.26155,5.247031,0.63205165,0.15733396,0.15733396
57,47,3581,0.17734149,19.264376,5.2468586,0.63202584,0.15732363,0.15732363
57,48,3582,0.17736673,19.266798,5.246636,0.6320075,0.15731056,0.15731056
57,49,3583,0.17738773,19.268461,5.2465763,0.63199323,0.15730667,0.15730667
57,50,3584,0.17741075,19.270357,5.2463627,0.6319741,0.15730135,0.15730135
57,51,3585,0.17743124,19.273127,5.246163,0.63193285,0.15729278,0.15729278
57,52,3586,0.17745724,19.276531,5.2458224,0.63190013,0.15727924,0.15727924
57,53,3587,0.17749171,19.280296,5.2455187,0.6318585,0.15726885,0.15726885
57,54,3588,0.17751761,19.283396,5.2451515,0.63181794,0.15725523,0.15725523
57,55,3589,0.1775448,19.285387,5.2448735,0.631802,0.15724504,0.15724504
57,56,3590,0.1775715,19.288683,5.2447147,0.6318213,0.15723296,0.15723296
57,57,3591,0.17758977,19.290998,5.244606,0.63182503,0.15722752,0.15722752
57,58,3592,0.17762886,19.294664,5.2442737,0.6317813,0.15721868,0.15721868
57,59,3593,0.17765278,19.29719,5.2440023,0.6317417,0.15720803,0.15720803
57,60,3594,0.17767859,19.299166,5.2436843,0.63171464,0.15720265,0.15720265
57,61,3595,0.17769589,19.301662,5.2433696,0.631645,0.15719761,0.15719761
58,0,3596,0.17771089,19.303108,5.243144,0.6316147,0.15718992,0.15718992
58,1,3597,0.1777348,19.305527,5.2428756,0.63159245,0.15718047,0.15718047
58,2,3598,0.17775801,19.30808,5.24263,0.6315943,0.15716743,0.15716743
58,3,3599,0.17777193,19.309902,5.2425127,0.6316326,0.15716034,0.15716034
58,4,3600,0.17779985,19.312313,5.242346,0.63165116,0.15715472,0.15715472
58,5,3601,0.17781767,19.31432,5.242187,0.6316422,0.1571544,0.1571544
58,6,3602,0.17784461,19.317684,5.24197,0.631592,0.15714654,0.15714654
58,7,3603,0.17786568,19.319674,5.2418656,0.6315781,0.15713815,0.15713815
58,8,3604,0.17788681,19.322008,5.241759,0.63155866,0.15713672,0.15713672
58,9,3605,0.17789656,19.323057,5.241575,0.63153833,0.15712717,0.15712717
58,10,3606,0.17792921,19.3263,5.2413535,0.6314996,0.15712087,0.15712087
58,11,3607,0.17795214,19.32916,5.241198,0.63148123,0.15710974,0.15710974
58,12,3608,0.1779731,19.331583,5.2410593,0.6314521,0.15710935,0.15710935
58,13,3609,0.17799711,19.33393,5.2408767,0.63141465,0.15709811,0.15709811
58,14,3610,0.17801613,19.33543,5.240563,0.63135886,0.15708643,0.15708643
58,15,3611,0.17803216,19.336985,5.240445,0.6313679,0.15708596,0.15708596
58,16,3612,0.17804402,19.338251,5.240251,0.6313997,0.15708111,0.15708111
58,17,3613,0.17806734,19.340176,5.2399926,0.6313475,0.15707687,0.15707687
58,18,3614,0.17809308,19.342964,5.2397356,0.63130164,0.15706582,0.15706582
58,19,3615,0.1781109,19.345192,5.239472,0.6312949,0.1570568,0.1570568
58,20,3616,0.17814146,19.348448,5.2392178,0.63127005,0.15704857,0.15704857
58,21,3617,0.17816022,19.34983,5.2390995,0.6313213,0.15704708,0.15704708
58,22,3618,0.17818639,19.351795,5.238809,0.63127863,0.15703769,0.15703769
58,23,3619,0.17820197,19.353563,5.238673,0.6312792,0.15703194,0.15703194
58,24,3620,0.17821784,19.35535,5.2385874,0.6313086,0.15701811,0.15701811
58,25,3621,0.17823952,19.357857,5.2383914,0.63130295,0.15700744,0.15700744
58,26,3622,0.17825195,19.35932,5.2380424,0.63124245,0.15699999,0.15699999
58,27,3623,0.1782797,19.362822,5.237919,0.63126934,0.15699582,0.15699582
58,28,3624,0.17830196,19.365677,5.2377234,0.6312496,0.15698527,0.15698527
58,29,3625,0.17832209,19.368774,5.237521,0.631213,0.15697846,0.15697846
58,30,3626,0.17834961,19.37091,5.2371573,0.6311683,0.1569655,0.1569655
58,31,3627,0.17837997,19.373009,5.236933,0.6311173,0.15695603,0.15695603
58,32,3628,0.17840037,19.375376,5.236661,0.63105583,0.1569487,0.1569487
58,33,3629,0.17842439,19.377752,5.236382,0.63102484,0.1569418,0.1569418
58,34,3630,0.17845151,19.380373,5.236327,0.63095856,0.15693605,0.15693605
58,35,3631,0.17847091,19.383059,5.2362123,0.63092715,0.15693815,0.15693815
58,36,3632,0.17849496,19.3859,5.2360806,0.6309538,0.15692584,0.15692584
58,37,3633,0.17851433,19.38793,5.2358046,0.6308975,0.15691634,0.15691634
58,38,3634,0.17852968,19.389803,5.235676,0.63087827,0.15691446,0.15691446
58,39,3635,0.17855236,19.3928,5.235503,0.6308581,0.15690783,0.15690783
58,40,3636,0.1785764,19.394508,5.2354345,0.63086134,0.1568982,0.1568982
58,41,3637,0.17861086,19.397284,5.235247,0.6308912,0.15688756,0.15688756
58,42,3638,0.17863466,19.400156,5.2350492,0.63090914,0.15688536,0.15688536
58,43,3639,0.1786544,19.401642,5.234863,0.6308602,0.15688162,0.15688162
58,44,3640,0.1786634,19.40383,5.2346816,0.6308372,0.15687962,0.15687962
58,45,3641,0.17868093,19.404982,5.2344127,0.6307513,0.15687314,0.15687314
58,46,3642,0.17871083,19.40873,5.2341027,0.6306989,0.15686479,0.15686479
58,47,3643,0.17873812,19.41196,5.233909,0.63071305,0.15685584,0.15685584
58,48,3644,0.17875308,19.414114,5.233628,0.63071156,0.15684238,0.15684238
58,49,3645,0.17877951,19.417677,5.2334166,0.630642,0.15684411,0.15684411
58,50,3646,0.17880167,19.419989,5.233119,0.63057953,0.15683918,0.15683918
58,51,3647,0.17882054,19.421473,5.2328835,0.63051707,0.15683089,0.15683089
58,52,3648,0.17883423,19.423101,5.2326417,0.630483,0.15682085,0.15682085
58,53,3649,0.17885667,19.425156,5.2324815,0.6305251,0.15681076,0.15681076
58,54,3650,0.17887577,19.428381,5.2323933,0.63049173,0.1568091,0.1568091
58,55,3651,0.17889497,19.43019,5.232184,0.6304249,0.15679929,0.15679929
58,56,3652,0.17892298,19.433327,5.232055,0.6304291,0.15679207,0.15679207
58,57,3653,0.17894529,19.436142,5.2318115,0.63041705,0.15678328,0.15678328
58,58,3654,0.17897241,19.438665,5.2316008,0.630369,0.1567773,0.1567773
58,59,3655,0.17899717,19.441818,5.2314177,0.6303105,0.15677094,0.15677094
58,60,3656,0.17900924,19.4428,5.2312245,0.63028914,0.15676437,0.15676437
58,61,3657,0.17903115,19.445541,5.231018,0.63026625,0.15675677,0.15675677
59,0,3658,0.17904621,19.44748,5.230869,0.63028115,0.15675218,0.15675218
59,1,3659,0.179066,19.449501,5.2307377,0.6303204,0.15674853,0.15674853
59,2,3660,0.17908005,19.450525,5.230462,0.63031024,0.15673693,0.15673693
59,3,3661,0.17908904,19.451677,5.2300353,0.63022804,0.15672246,0.15672246
59,4,3662,0.17910634,19.453854,5.2298107,0.63019,0.15671471,0.15671471
59,5,3663,0.1791313,19.455591,5.229655,0.63018024,0.1567087,0.1567087
59,6,3664,0.17915452,19.458157,5.2295394,0.6301676,0.1567045,0.1567045
59,7,3665,0.17917264,19.459494,5.229404,0.63013214,0.1566955,0.1566955
59,8,3666,0.17919368,19.46124,5.2291007,0.63008827,0.15668981,0.15668981
59,9,3667,0.17920955,19.462553,5.228849,0.6300696,0.15668206,0.15668206
59,10,3668,0.17922994,19.464926,5.2285614,0.6300566,0.15667377,0.15667377
59,11,3669,0.17924762,19.466316,5.2282066,0.6299964,0.15666427,0.15666427
59,12,3670,0.1792702,19.468445,5.227997,0.62995565,0.15665326,0.15665326
59,13,3671,0.17928547,19.470415,5.2279043,0.6299511,0.15665056,0.15665056
59,14,3672,0.17930967,19.4728,5.227737,0.6299059,0.15664229,0.15664229
59,15,3673,0.17932981,19.474968,5.227486,0.62990445,0.15663059,0.15663059
59,16,3674,0.17935568,19.47843,5.2272635,0.62988967,0.15662654,0.15662654
59,17,3675,0.17937247,19.481236,5.227078,0.62989974,0.15661842,0.15661842
59,18,3676,0.17939313,19.483332,5.226772,0.62985945,0.15660806,0.15660806
59,19,3677,0.17941596,19.485188,5.2265935,0.62988126,0.15659824,0.15659824
59,20,3678,0.1794331,19.486296,5.2263265,0.62983966,0.15659066,0.15659066
59,21,3679,0.17945588,19.489054,5.2261095,0.62984097,0.15658012,0.15658012
59,22,3680,0.1794801,19.490898,5.2258883,0.62979704,0.15657176,0.15657176
59,23,3681,0.1794956,19.49301,5.225687,0.6297565,0.15656285,0.15656285
59,24,3682,0.17951255,19.494926,5.225518,0.6297668,0.15655738,0.15655738
59,25,3683,0.17952967,19.496286,5.2252307,0.6297372,0.15654776,0.15654776
59,26,3684,0.17953704,19.497675,5.225042,0.62972766,0.15654157,0.15654157
59,27,3685,0.1795575,19.5007,5.224964,0.629763,0.15653764,0.15653764
59,28,3686,0.17957512,19.503202,5.2248087,0.62973297,0.15653425,0.15653425
59,29,3687,0.17959318,19.505383,5.2247133,0.629744,0.15653494,0.15653494
59,30,3688,0.17961548,19.507158,5.224658,0.6297236,0.15653147,0.15653147
59,31,3689,0.17963324,19.509256,5.2243996,0.6296837,0.1565261,0.1565261
59,32,3690,0.17965713,19.512848,5.2241635,0.62967724,0.15651791,0.15651791
59,33,3691,0.17967057,19.514463,5.2239876,0.6296605,0.15650861,0.15650861
59,34,3692,0.17968445,19.51615,5.223679,0.6296033,0.15649676,0.15649676
59,35,3693,0.17968938,19.516497,5.223554,0.62953687,0.15649278,0.15649278
59,36,3694,0.17970851,19.518673,5.2232957,0.62950194,0.15648602,0.15648602
59,37,3695,0.17973167,19.521887,5.2230806,0.6294956,0.15647787,0.15647787
59,38,3696,0.17975144,19.524578,5.2228937,0.62947726,0.15647395,0.15647395
59,39,3697,0.17977142,19.52711,5.2226295,0.6294781,0.15646489,0.15646489
59,40,3698,0.17979994,19.531044,5.2224183,0.62946725,0.15646002,0.15646002
59,41,3699,0.17982444,19.53366,5.2220616,0.629415,0.1564477,0.1564477
59,42,3700,0.17983991,19.534662,5.2217984,0.62937886,0.15643367,0.15643367
59,43,3701,0.17986223,19.53673,5.221476,0.62932813,0.1564245,0.1564245
59,44,3702,0.1798861,19.538727,5.2213526,0.6293403,0.15641843,0.15641843
59,45,3703,0.1799116,19.541653,5.2211857,0.62931204,0.15640889,0.15640889
59,46,3704,0.17992468,19.543406,5.221027,0.6293946,0.15640233,0.15640233
59,47,3705,0.17994872,19.54703,5.2208686,0.6293984,0.15639597,0.15639597
59,48,3706,0.17996293,19.549345,5.220793,0.6294097,0.15638705,0.15638705
59,49,3707,0.17999525,19.552902,5.2206025,0.6294319,0.15637904,0.15637904
59,50,3708,0.18001857,19.556568,5.2204146,0.629457,0.15637237,0.15637237
59,51,3709,0.18003426,19.558657,5.2202244,0.62944686,0.1563659,0.1563659
59,52,3710,0.18005371,19.561611,5.220017,0.6294524,0.15635704,0.15635704
59,53,3711,0.18007286,19.564068,5.219793,0.6294207,0.15635186,0.15635186
59,54,3712,0.18009248,19.56587,5.2196846,0.62945014,0.15634713,0.15634713
59,55,3713,0.18011163,19.568068,5.2194333,0.629389,0.15633848,0.15633848
59,56,3714,0.1801295,19.570885,5.2190905,0.629372,0.15632758,0.15632758
59,57,3715,0.18014945,19.573742,5.218914,0.62931025,0.15632129,0.15632129
59,58,3716,0.18017606,19.575823,5.2186604,0.6292969,0.1563093,0.1563093
59,59,3717,0.18019924,19.577656,5.218376,0.629267,0.15629472,0.15629472
59,60,3718,0.18022129,19.578938,5.218207,0.6292746,0.15628617,0.15628617
59,61,3719,0.18024826,19.58075,5.217934,0.62928516,0.156274,0.156274
60,0,3720,0.18027735,19.582901,5.217806,0.6293055,0.1562686,0.1562686
60,1,3721,0.18029088,19.584799,5.217884,0.62935096,0.15625986,0.15625986
60,2,3722,0.18031278,19.587149,5.2176995,0.6293166,0.15625192,0.15625192
60,3,3723,0.18033601,19.589869,5.217481,0.6293035,0.15623945,0.15623945
60,4,3724,0.18035123,19.59158,5.2171817,0.6292581,0.15623002,0.15623002
60,5,3725,0.18038222,19.595573,5.2169547,0.6292206,0.15622121,0.15622121
60,6,3726,0.18040298,19.59709,5.216804,0.6292082,0.15621664,0.15621664
60,7,3727,0.18042037,19.59886,5.2166476,0.6291918,0.1562112,0.1562112
60,8,3728,0.18043597,19.600115,5.216469,0.62917596,0.1562026,0.1562026
60,9,3729,0.18045563,19.60196,5.216292,0.6291609,0.1562015,0.1562015
60,10,3730,0.18047445,19.60455,5.21606,0.62914526,0.15619309,0.15619309
60,11,3731,0.18048993,19.605991,5.2158856,0.6291076,0.15618187,0.15618187
60,12,3732,0.18049987,19.60767,5.215624,0.6291056,0.15617651,0.15617651
60,13,3733,0.1805123,19.609062,5.215328,0.6290832,0.15616882,0.15616882
60,14,3734,0.18053816,19.612608,5.2149863,0.62902004,0.15615986,0.15615986
60,15,3735,0.18056007,19.615578,5.214758,0.62898886,0.1561465,0.1561465
60,16,3736,0.18057837,19.617188,5.2145247,0.62894964,0.15613914,0.15613914
60,17,3737,0.18058534,19.61816,5.214338,0.6289274,0.15613441,0.15613441
60,18,3738,0.18060732,19.620213,5.2141027,0.62892383,0.15613143,0.15613143
60,19,3739,0.18062472,19.621962,5.213854,0.62888,0.15612271,0.15612271
60,20,3740,0.1806575,19.625416,5.2135696,0.6288522,0.15611522,0.15611522
60,21,3741,0.18067913,19.627806,5.2133856,0.6288528,0.156109,0.156109
60,22,3742,0.18069237,19.628569,5.2132044,0.62884605,0.15610667,0.15610667
60,23,3743,0.18071769,19.632206,5.2130284,0.62883365,0.15609834,0.15609834
60,24,3744,0.1807386,19.634083,5.212948,0.6288472,0.15609732,0.15609732
60,25,3745,0.18075892,19.636387,5.2127175,0.6288209,0.15608713,0.15608713
60,26,3746,0.18077622,19.63796,5.212492,0.62877166,0.15608136,0.15608136
60,27,3747,0.18079756,19.639978,5.2123365,0.62870455,0.15608165,0.15608165
60,28,3748,0.18081385,19.641075,5.2121305,0.62864465,0.15607531,0.15607531
60,29,3749,0.18083812,19.644012,5.2118874,0.6285985,0.1560672,0.1560672
60,30,3750,0.18086138,19.646597,5.21176,0.6285857,0.15605713,0.15605713
60,31,3751,0.18088214,19.649193,5.211662,0.6286022,0.15605004,0.15605004
60,32,3752,0.18089516,19.65118,5.211404,0.62859774,0.15604067,0.15604067
60,33,3753,0.18091734,19.653687,5.2111373,0.6285443,0.15603255,0.15603255
60,34,3754,0.18093476,19.655552,5.2109165,0.6285322,0.15601847,0.15601847
60,35,3755,0.18095163,19.658047,5.210623,0.6284944,0.15600963,0.15600963
60,36,3756,0.18097469,19.66048,5.21032,0.6284758,0.15600061,0.15600061
60,37,3757,0.18099242,19.661518,5.210016,0.6284236,0.15599029,0.15599029
60,38,3758,0.18100467,19.663076,5.2098045,0.62840724,0.15598497,0.15598497
60,39,3759,0.18101773,19.664715,5.2095733,0.6284012,0.15597692,0.15597692
60,40,3760,0.1810371,19.667175,5.209379,0.62839824,0.15596902,0.15596902
60,41,3761,0.18105797,19.669443,5.20911,0.6283647,0.15595762,0.15595762
60,42,3762,0.18107283,19.670736,5.2090116,0.6283571,0.15595992,0.15595992
60,43,3763,0.18108371,19.671972,5.208832,0.62830323,0.15595669,0.15595669
60,44,3764,0.18109675,19.67393,5.2087636,0.62829024,0.15595447,0.15595447
60,45,3765,0.18111382,19.677065,5.2087445,0.628279,0.15594618,0.15594618
60,46,3766,0.18113625,19.679747,5.208642,0.6282899,0.1559426,0.1559426
60,47,3767,0.1811564,19.681707,5.208384,0.62827367,0.15593308,0.15593308
60,48,3768,0.18117616,19.683882,5.208199,0.62826115,0.15592565,0.15592565
60,49,3769,0.18119285,19.684855,5.207984,0.6282319,0.15591727,0.15591727
60,50,3770,0.18121298,19.687193,5.20773,0.6281902,0.15591104,0.15591104
60,51,3771,0.18122953,19.690474,5.2074804,0.62818265,0.15590565,0.15590565
60,52,3772,0.18125242,19.693687,5.2071753,0.6281529,0.15589412,0.15589412
60,53,3773,0.18126887,19.695711,5.206926,0.628106,0.1558877,0.1558877
60,54,3774,0.18128277,19.69791,5.2066264,0.6280645,0.15587632,0.15587632
60,55,3775,0.18129537,19.699373,5.206313,0.6280141,0.15587017,0.15587017
60,56,3776,0.18129797,19.699276,5.206018,0.6279508,0.15585923,0.15585923
60,57,3777,0.18131715,19.70163,5.20587,0.6279901,0.15584922,0.15584922
60,58,3778,0.1813335,19.70327,5.205796,0.6279968,0.1558437,0.1558437
60,59,3779,0.18135166,19.70492,5.2055836,0.6279371,0.15583427,0.15583427
60,60,3780,0.18137161,19.706896,5.2053876,0.6279451,0.15582888,0.15582888
60,61,3781,0.18139735,19.708996,5.205102,0.62795043,0.15581879,0.15581879
61,0,3782,0.18140967,19.710394,5.2048216,0.62794834,0.15580904,0.15580904
61,1,3783,0.18142289,19.712322,5.2047124,0.62797385,0.1558019,0.1558019
61,2,3784,0.18143997,19.714403,5.204522,0.6279515,0.15579703,0.15579703
61,3,3785,0.1814589,19.7172,5.2042766,0.6279125,0.15578845,0.15578845
61,4,3786,0.1814726,19.718653,5.203945,0.6278685,0.15577593,0.15577593
61,5,3787,0.1814967,19.720463,5.203771,0.62781966,0.15577002,0.15577002
61,6,3788,0.18151203,19.722532,5.203549,0.6277638,0.15575892,0.15575892
61,7,3789,0.18153155,19.724503,5.2034354,0.6277264,0.15575077,0.15575077
61,8,3790,0.18154418,19.725286,5.203176,0.6277033,0.15574221,0.15574221
61,9,3791,0.18156862,19.727423,5.2029333,0.6276854,0.15573208,0.15573208
61,10,3792,0.18159233,19.729115,5.20272,0.6276126,0.155724,0.155724
61,11,3793,0.18160728,19.730251,5.202572,0.62759876,0.1557182,0.1557182
61,12,3794,0.18162489,19.731932,5.2023196,0.62755144,0.1557126,0.1557126
61,13,3795,0.18163875,19.733425,5.2021413,0.6276182,0.1557044,0.1557044
61,14,3796,0.1816585,19.735416,5.201848,0.62757164,0.15569623,0.15569623
61,15,3797,0.18167636,19.737684,5.2016244,0.62753344,0.15569143,0.15569143
61,16,3798,0.18169047,19.739426,5.201558,0.6275434,0.15568633,0.15568633
61,17,3799,0.1817039,19.741049,5.201444,0.627528,0.15568422,0.15568422
61,18,3800,0.18171729,19.742727,5.201233,0.6274783,0.15567267,0.15567267
61,19,3801,0.18173335,19.74453,5.200942,0.62743354,0.15566394,0.15566394
61,20,3802,0.18174887,19.746857,5.2007685,0.6273921,0.1556591,0.1556591
61,21,3803,0.18177806,19.749996,5.200465,0.6273531,0.15565328,0.15565328
61,22,3804,0.18179883,19.752031,5.20029,0.6273386,0.1556504,0.1556504
61,23,3805,0.18181622,19.754646,5.2000594,0.62731296,0.15564133,0.15564133
61,24,3806,0.18182193,19.755648,5.1999726,0.6272916,0.1556383,0.1556383
61,25,3807,0.18184245,19.757833,5.1997313,0.62725514,0.15563077,0.15563077
61,26,3808,0.18186322,19.758984,5.1994085,0.6272222,0.15561731,0.15561731
61,27,3809,0.18188027,19.76034,5.1992064,0.62723666,0.15560761,0.15560761
61,28,3810,0.18190059,19.761768,5.1990433,0.62722236,0.15559755,0.15559755
61,29,3811,0.18192635,19.76401,5.198881,0.62716603,0.15559061,0.15559061
61,30,3812,0.18194705,19.766014,5.198562,0.6271173,0.15558067,0.15558067
61,31,3813,0.18196195,19.767448,5.1983953,0.62709093,0.15556972,0.15556972
61,32,3814,0.1819795,19.770538,5.198217,0.6270228,0.15556592,0.15556592
61,33,3815,0.18200117,19.771755,5.1979713,0.6269822,0.15555924,0.15555924
61,34,3816,0.18202904,19.774952,5.1977725,0.62692696,0.15554848,0.15554848
61,35,3817,0.18204,19.775858,5.1977143,0.6269518,0.15554567,0.15554567
61,36,3818,0.18206501,19.779842,5.1975765,0.6269521,0.15553942,0.15553942
61,37,3819,0.18208453,19.782532,5.1975164,0.6269565,0.15553631,0.15553631
61,38,3820,0.18211405,19.78638,5.197279,0.6269507,0.15553063,0.15553063
61,39,3821,0.18213041,19.78863,5.1970644,0.62692463,0.15552434,0.15552434
61,40,3822,0.182149,19.791224,5.1969323,0.62686294,0.15552056,0.15552056
61,41,3823,0.18216701,19.792423,5.1967387,0.62682855,0.15551198,0.15551198
61,42,3824,0.18219262,19.794868,5.1965394,0.62684286,0.15550162,0.15550162
61,43,3825,0.18221672,19.796822,5.196358,0.6268351,0.15549715,0.15549715
61,44,3826,0.18223849,19.799053,5.196186,0.6267932,0.15548812,0.15548812
61,45,3827,0.18225473,19.800335,5.195985,0.62677306,0.1554842,0.1554842
61,46,3828,0.18227123,19.802206,5.1958084,0.6267361,0.1554816,0.1554816
61,47,3829,0.18229316,19.803988,5.1954603,0.6266615,0.15547077,0.15547077
61,48,3830,0.18230022,19.804642,5.1953444,0.6266426,0.15546735,0.15546735
61,49,3831,0.1823192,19.805693,5.195239,0.62662584,0.15546751,0.15546751
61,50,3832,0.18234879,19.808872,5.194975,0.6265674,0.15546274,0.15546274
61,51,3833,0.18236272,19.810549,5.194736,0.62656933,0.15545107,0.15545107
61,52,3834,0.18237236,19.81179,5.1944532,0.62651515,0.15544075,0.15544075
61,53,3835,0.18238512,19.814278,5.194259,0.6264869,0.1554336,0.1554336
61,54,3836,0.18239747,19.815838,5.1940713,0.62642854,0.15542673,0.15542673
61,55,3837,0.18241194,19.81708,5.1938667,0.6263987,0.1554191,0.1554191
61,56,3838,0.18242759,19.81885,5.19357,0.6263436,0.1554118,0.1554118
61,57,3839,0.1824433,19.821426,5.1933856,0.62634003,0.15540007,0.15540007
61,58,3840,0.18245906,19.823431,5.193121,0.6263204,0.15538861,0.15538861
61,59,3841,0.18247199,19.825897,5.1929674,0.6263424,0.15537855,0.15537855
61,60,3842,0.1824902,19.827417,5.192739,0.6263292,0.1553696,0.1553696
61,61,3843,0.18250936,19.82983,5.19268,0.6263403,0.15536866,0.15536866
62,0,3844,0.1825271,19.831615,5.1925116,0.62630624,0.15535934,0.15535934
62,1,3845,0.1825521,19.835022,5.192273,0.6262242,0.15535496,0.15535496
62,2,3846,0.18255934,19.83507,5.1920366,0.62621427,0.15534529,0.15534529
62,3,3847,0.18257621,19.836967,5.1917224,0.62617904,0.1553417,0.1553417
62,4,3848,0.18259822,19.839579,5.191591,0.6261436,0.15533681,0.15533681
62,5,3849,0.1826142,19.840418,5.1913314,0.6261261,0.15532826,0.15532826
62,6,3850,0.18262719,19.84226,5.1911407,0.62614053,0.15532042,0.15532042
62,7,3851,0.1826499,19.843647,5.1909084,0.62610763,0.15531509,0.15531509
62,8,3852,0.18266693,19.845367,5.190751,0.6261291,0.15530975,0.15530975
62,9,3853,0.18268692,19.847466,5.190547,0.6261003,0.15529998,0.15529998
62,10,3854,0.18269996,19.848507,5.1902857,0.62602645,0.15529162,0.15529162
62,11,3855,0.18271925,19.850939,5.1899776,0.6259814,0.15527838,0.15527838
62,12,3856,0.18273142,19.85188,5.189655,0.6258916,0.1552678,0.1552678
62,13,3857,0.18274729,19.85293,5.189386,0.62586296,0.15525517,0.15525517
62,14,3858,0.18275946,19.854446,5.1891556,0.6258763,0.15524614,0.15524614
62,15,3859,0.18276753,19.854502,5.188845,0.6258718,0.15523723,0.15523723
62,16,3860,0.18277657,19.855257,5.1886477,0.6258839,0.15523185,0.15523185
62,17,3861,0.18278715,19.857426,5.1885324,0.6258905,0.15522832,0.15522832
62,18,3862,0.18280344,19.858599,5.188305,0.62587947,0.15521877,0.15521877
62,19,3863,0.1828206,19.860722,5.188049,0.6258633,0.1552103,0.1552103
62,20,3864,0.1828411,19.862616,5.1878476,0.62583756,0.15520418,0.15520418
62,21,3865,0.18285759,19.86485,5.187649,0.62582535,0.15519688,0.15519688
62,22,3866,0.18286993,19.866371,5.1874475,0.6258183,0.15519252,0.15519252
62,23,3867,0.18288808,19.868246,5.187177,0.6257807,0.15518528,0.15518528
62,24,3868,0.18290287,19.869507,5.18696,0.6257571,0.15517698,0.15517698
62,25,3869,0.18291236,19.871067,5.186777,0.62572414,0.15517206,0.15517206
62,26,3870,0.18292673,19.873058,5.186602,0.62570876,0.1551654,0.1551654
62,27,3871,0.18294525,19.875107,5.186555,0.62575215,0.15516528,0.15516528
62,28,3872,0.18296933,19.878134,5.186347,0.62572247,0.15515724,0.15515724
62,29,3873,0.1829885,19.880783,5.18612,0.6256915,0.15514772,0.15514772
62,30,3874,0.18301655,19.882456,5.185903,0.625661,0.15513828,0.15513828
62,31,3875,0.18303442,19.88481,5.1857405,0.62563527,0.15513699,0.15513699
62,32,3876,0.18304305,19.88583,5.185516,0.62561846,0.1551263,0.1551263
62,33,3877,0.18306386,19.888664,5.185407,0.6256317,0.15511984,0.15511984
62,34,3878,0.18309277,19.891272,5.1850696,0.62559485,0.15510906,0.15510906
62,35,3879,0.183108,19.893276,5.184861,0.62561566,0.15510136,0.15510136
62,36,3880,0.18312165,19.894781,5.184784,0.6256313,0.15509251,0.15509251
62,37,3881,0.18313573,19.896309,5.1846895,0.6256381,0.15508272,0.15508272
62,38,3882,0.18315814,19.899458,5.184463,0.6256469,0.15506858,0.15506858
62,39,3883,0.18318962,19.902342,5.1843095,0.6256212,0.15506496,0.15506496
62,40,3884,0.18322785,19.905611,5.1840982,0.62562716,0.15505703,0.15505703
62,41,3885,0.1832512,19.908438,5.1837564,0.6255844,0.15504105,0.15504105
62,42,3886,0.1832799,19.911974,5.183567,0.62556785,0.15503708,0.15503708
62,43,3887,0.1832944,19.914457,5.1833653,0.6255405,0.155032,0.155032
62,44,3888,0.18331724,19.9171,5.1831074,0.6255269,0.15502986,0.15502986
62,45,3889,0.18333045,19.918827,5.182933,0.62551814,0.15502656,0.15502656
62,46,3890,0.18334901,19.921553,5.1827407,0.6255213,0.15501687,0.15501687
62,47,3891,0.18336248,19.922346,5.1826477,0.62551296,0.15502007,0.15502007
62,48,3892,0.1833812,19.924025,5.182534,0.6254684,0.15501718,0.15501718
62,49,3893,0.1834099,19.927124,5.182365,0.625438,0.15501042,0.15501042
62,50,3894,0.18343233,19.929468,5.1822886,0.6254323,0.15500547,0.15500547
62,51,3895,0.18345582,19.932035,5.182118,0.6254356,0.15499385,0.15499385
62,52,3896,0.1834841,19.935045,5.182,0.6254343,0.15498926,0.15498926
62,53,3897,0.18350025,19.937124,5.18187,0.6254415,0.15498376,0.15498376
62,54,3898,0.18352407,19.94074,5.181664,0.6254331,0.15497407,0.15497407
62,55,3899,0.18355787,19.945005,5.1813726,0.62539107,0.15496308,0.15496308
62,56,3900,0.18357858,19.947968,5.181179,0.6253991,0.15495737,0.15495737
62,57,3901,0.18359604,19.949924,5.1809297,0.62536657,0.15494902,0.15494902
62,58,3902,0.18361148,19.951712,5.1807055,0.62530786,0.15493976,0.15493976
62,59,3903,0.18362659,19.953615,5.1804805,0.6252285,0.15493326,0.15493326
62,60,3904,0.18364061,19.954926,5.180253,0.62525713,0.15492362,0.15492362
62,61,3905,0.183662,19.956278,5.179914,0.62519616,0.15491329,0.15491329
63,0,3906,0.18367657,19.958284,5.179647,0.6251614,0.15490735,0.15490735
63,1,3907,0.18369672,19.960207,5.179426,0.625119,0.15490165,0.15490165
63,2,3908,0.18371192,19.961967,5.1791363,0.625111,0.15489186,0.15489186
63,3,3909,0.18372327,19.96234,5.178875,0.6250699,0.15488286,0.15488286
63,4,3910,0.1837293,19.9635,5.1785183,0.62501353,0.15487193,0.15487193
63,5,3911,0.1837441,19.965252,5.1783338,0.6250125,0.15486233,0.15486233
63,6,3912,0.18376204,19.966856,5.1780705,0.6249755,0.15485659,0.15485659
63,7,3913,0.18378097,19.968554,5.177909,0.6249368,0.15485373,0.15485373
63,8,3914,0.18379192,19.969666,5.1777678,0.6249282,0.1548434,0.1548434
63,9,3915,0.18381417,19.971663,5.177497,0.6248806,0.15483539,0.15483539
63,10,3916,0.18382752,19.973255,5.177279,0.6248611,0.15482904,0.15482904
63,11,3917,0.18384281,19.975,5.177066,0.6248187,0.15482198,0.15482198
63,12,3918,0.18385974,19.977655,5.17687,0.6248019,0.15481444,0.15481444
63,13,3919,0.18387248,19.97866,5.176592,0.62477946,0.15480734,0.15480734
63,14,3920,0.18388209,19.979364,5.1764355,0.6247601,0.15480039,0.15480039
63,15,3921,0.18389505,19.980068,5.1761985,0.6247668,0.15479302,0.15479302
63,16,3922,0.18391159,19.981226,5.1759458,0.62474203,0.15478158,0.15478158
63,17,3923,0.18393464,19.984564,5.175827,0.62473106,0.154777,0.154777
63,18,3924,0.1839574,19.986982,5.175713,0.62471956,0.15477435,0.15477435
63,19,3925,0.18396482,19.987574,5.175584,0.624721,0.15477325,0.15477325
63,20,3926,0.18397397,19.988337,5.175352,0.62472796,0.15476795,0.15476795
63,21,3927,0.1839922,19.989964,5.1750736,0.6246891,0.1547606,0.1547606
63,22,3928,0.18401678,19.991653,5.174922,0.6246906,0.15475322,0.15475322
63,23,3929,0.18402831,19.992458,5.174672,0.6246383,0.154746,0.154746
63,24,3930,0.18404151,19.994053,5.1744823,0.6246601,0.15473604,0.15473604
63,25,3931,0.18405859,19.996897,5.1742983,0.62467885,0.1547257,0.1547257
63,26,3932,0.18408082,19.999561,5.174059,0.6246218,0.15471464,0.15471464
63,27,3933,0.18409464,20.00094,5.1738787,0.6246181,0.15470542,0.15470542
63,28,3934,0.18410274,20.001598,5.173815,0.6246174,0.15470034,0.15470034
63,29,3935,0.18411765,20.003298,5.1737328,0.624614,0.15469487,0.15469487
63,30,3936,0.18413259,20.00511,5.1735063,0.6246291,0.15468879,0.15468879
63,31,3937,0.1841522,20.00813,5.173452,0.62465763,0.15469234,0.15469234
63,32,3938,0.18416767,20.010134,5.173317,0.6246561,0.15468422,0.15468422
63,33,3939,0.1841798,20.011738,5.1731286,0.62464994,0.15467522,0.15467522
63,34,3940,0.18419054,20.013288,5.1729484,0.6246254,0.15467083,0.15467083
63,35,3941,0.18421872,20.016527,5.1727147,0.6245931,0.15466276,0.15466276
63,36,3942,0.18423662,20.01887,5.1725483,0.6246015,0.15465246,0.15465246
63,37,3943,0.18425883,20.020782,5.1722984,0.6245917,0.15464333,0.15464333
63,38,3944,0.1842787,20.02214,5.1720524,0.6245586,0.15463519,0.15463519
63,39,3945,0.18429121,20.024044,5.1718497,0.6245687,0.15462421,0.15462421
63,40,3946,0.1842992,20.024555,5.171784,0.62458473,0.15461384,0.15461384
63,41,3947,0.18431655,20.026073,5.1716843,0.62455523,0.15460902,0.15460902
63,42,3948,0.18433902,20.028257,5.1715636,0.62451464,0.15460376,0.15460376
63,43,3949,0.18436131,20.029793,5.1713915,0.6244913,0.15459971,0.15459971
63,44,3950,0.18437499,20.030828,5.1712546,0.6244881,0.15459305,0.15459305
63,45,3951,0.18439208,20.032095,5.171053,0.6244923,0.15457961,0.15457961
63,46,3952,0.18440816,20.033913,5.1709213,0.6244435,0.15457706,0.15457706
63,47,3953,0.1844173,20.03421,5.1707687,0.62439847,0.15457515,0.15457515
63,48,3954,0.18442851,20.034761,5.1706266,0.62437975,0.15457052,0.15457052
63,49,3955,0.18444826,20.036882,5.1704082,0.6243258,0.15456493,0.15456493
63,50,3956,0.18446514,20.039043,5.17025,0.6242866,0.15455785,0.15455785
63,51,3957,0.18448378,20.041067,5.1699357,0.62428176,0.15454707,0.15454707
63,52,3958,0.18450013,20.042479,5.169808,0.62429416,0.15454476,0.15454476
63,53,3959,0.18451819,20.045649,5.169589,0.6243163,0.15453805,0.15453805
63,54,3960,0.18454148,20.04846,5.1693444,0.62431103,0.15453288,0.15453288
63,55,3961,0.18455714,20.050106,5.1691904,0.62427694,0.15453038,0.15453038
63,56,3962,0.18457574,20.05184,5.1689243,0.6242384,0.15452297,0.15452297
63,57,3963,0.18458912,20.053364,5.1687,0.6242143,0.15451227,0.15451227
63,58,3964,0.1846134,20.055115,5.1685405,0.62424684,0.1545017,0.1545017
63,59,3965,0.18462959,20.056448,5.1684775,0.6242124,0.15449844,0.15449844
63,60,3966,0.18465187,20.058578,5.1682863,0.62416077,0.15449096,0.15449096
63,61,3967,0.18466523,20.060059,5.168058,0.6241196,0.1544823,0.1544823
64,0,3968,0.18467957,20.06076,5.1678658,0.62406874,0.15447766,0.15447766
64,1,3969,0.18468904,20.06172,5.167704,0.6240738,0.15446994,0.15446994
64,2,3970,0.18471071,20.063833,5.167486,0.6240189,0.15446295,0.15446295
64,3,3971,0.18473785,20.06572,5.1673665,0.6240349,0.15445247,0.15445247
64,4,3972,0.18475291,20.067816,5.167206,0.6240342,0.15444602,0.15444602
64,5,3973,0.18477198,20.069775,5.1670766,0.62403095,0.15444028,0.15444028
64,6,3974,0.18478072,20.070747,5.1669044,0.62403226,0.15443134,0.15443134
64,7,3975,0.18479502,20.072721,5.166717,0.62399095,0.15442714,0.15442714
64,8,3976,0.18481383,20.075039,5.1664324,0.6239922,0.1544167,0.1544167
64,9,3977,0.18482774,20.076826,5.1662025,0.6239917,0.15440905,0.15440905
64,10,3978,0.1848422,20.078827,5.1659517,0.62397397,0.15439883,0.15439883
64,11,3979,0.18486753,20.081156,5.165744,0.6239391,0.15439169,0.15439169
64,12,3980,0.18488663,20.08295,5.1654863,0.6239088,0.15438333,0.15438333
64,13,3981,0.18490383,20.084864,5.1652913,0.62389976,0.15437484,0.15437484
64,14,3982,0.18491784,20.086664,5.1651883,0.62389,0.15436728,0.15436728
64,15,3983,0.18493038,20.087711,5.164982,0.6238829,0.15436076,0.15436076
64,16,3984,0.18494318,20.088867,5.164785,0.62386334,0.1543536,0.1543536
64,17,3985,0.18495642,20.090017,5.1646256,0.623854,0.15434456,0.15434456
64,18,3986,0.18497682,20.092276,5.1645017,0.62386245,0.15433805,0.15433805
64,19,3987,0.18498872,20.093643,5.164328,0.6238386,0.15433775,0.15433775
64,20,3988,0.18500194,20.095224,5.164134,0.6238147,0.15433487,0.15433487
64,21,3989,0.18501769,20.097378,5.164018,0.6238326,0.15433666,0.15433666
64,22,3990,0.18503466,20.098797,5.163817,0.62382495,0.15433195,0.15433195
64,23,3991,0.1850491,20.100557,5.1636024,0.6238076,0.15432504,0.15432504
64,24,3992,0.18507221,20.102873,5.1634345,0.6238415,0.1543148,0.1543148
64,25,3993,0.18509051,20.104843,5.1632786,0.6238363,0.15431072,0.15431072
64,26,3994,0.18510573,20.106283,5.163008,0.6237884,0.15430346,0.15430346
64,27,3995,0.18511994,20.10828,5.16286,0.6237643,0.1542981,0.1542981
64,28,3996,0.18512824,20.108715,5.162618,0.623731,0.15429533,0.15429533
64,29,3997,0.18514538,20.11067,5.162383,0.623701,0.15428652,0.15428652
64,30,3998,0.18515627,20.111734,5.162172,0.62370074,0.15428017,0.15428017
64,31,3999,0.18516894,20.1134,5.1621003,0.6236953,0.15427586,0.15427586
64,32,4000,0.18519333,20.116053,5.1619825,0.62366813,0.15427144,0.15427144
64,33,4001,0.18522726,20.118963,5.1619473,0.62373966,0.15426724,0.15426724
64,34,4002,0.18524845,20.120827,5.1616645,0.62370086,0.15425816,0.15425816
64,35,4003,0.1852664,20.12292,5.1615024,0.6236889,0.15424915,0.15424915
64,36,4004,0.1852801,20.124956,5.161338,0.6236938,0.15424317,0.15424317
64,37,4005,0.185294,20.127546,5.1611915,0.6237036,0.15424022,0.15424022
64,38,4006,0.18531302,20.130047,5.1609774,0.62368906,0.15422866,0.15422866
64,39,4007,0.18531972,20.130465,5.1607943,0.62366015,0.15422355,0.15422355
64,40,4008,0.18533549,20.13235,5.160614,0.6236386,0.15421578,0.15421578
64,41,4009,0.18534988,20.133978,5.1603994,0.6236199,0.15420653,0.15420653
64,42,4010,0.18536815,20.134615,5.1601663,0.62357426,0.15420051,0.15420051
64,43,4011,0.18538505,20.135536,5.1599007,0.62354076,0.1541949,0.1541949
64,44,4012,0.18541057,20.139233,5.1597238,0.6235275,0.15418603,0.15418603
64,45,4013,0.18543349,20.141232,5.1595044,0.62349296,0.15417667,0.15417667
64,46,4014,0.18545559,20.143871,5.159335,0.62348074,0.1541721,0.1541721
64,47,4015,0.1854701,20.145102,5.159104,0.62349933,0.15416399,0.15416399
64,48,4016,0.1854832,20.146221,5.158971,0.6234816,0.15415879,0.15415879
64,49,4017,0.18550467,20.149206,5.1587667,0.62347764,0.15414679,0.15414679
64,50,4018,0.18551609,20.150442,5.158536,0.6234573,0.15414162,0.15414162
64,51,4019,0.18552946,20.15216,5.1583214,0.6234532,0.15413144,0.15413144
64,52,4020,0.18553863,20.152988,5.157976,0.62340677,0.15412062,0.15412062
64,53,4021,0.18555394,20.154272,5.157688,0.6233648,0.15411386,0.15411386
64,54,4022,0.18557316,20.156994,5.157484,0.62333417,0.15411319,0.15411319
64,55,4023,0.18558753,20.15886,5.1572495,0.6232942,0.15410717,0.15410717
64,56,4024,0.18559828,20.159193,5.1570477,0.62322474,0.15409882,0.15409882
64,57,4025,0.1856165,20.160753,5.1567574,0.6231683,0.15408935,0.15408935
64,58,4026,0.18563862,20.163845,5.156446,0.6231236,0.15408242,0.15408242
64,59,4027,0.18565367,20.165527,5.1562877,0.6230812,0.15407872,0.15407872
64,60,4028,0.18567541,20.168114,5.1560445,0.6230708,0.15407066,0.15407066
64,61,4029,0.18568623,20.169027,5.155756,0.62302953,0.15406148,0.15406148
65,0,4030,0.18570948,20.171648,5.1555014,0.6230265,0.15405203,0.15405203
65,1,4031,0.1857259,20.172167,5.155294,0.62299263,0.1540486,0.1540486
65,2,4032,0.18574107,20.173859,5.1551256,0.6229847,0.15404479,0.15404479
65,3,4033,0.18575865,20.17523,5.1549096,0.6229809,0.15403803,0.15403803
65,4,4034,0.18576667,20.175474,5.1546354,0.6229672,0.15402655,0.15402655
65,5,4035,0.18577516,20.176489,5.154537,0.6229677,0.15401873,0.15401873
65,6,4036,0.18578164,20.177156,5.1544933,0.6229543,0.1540142,0.1540142
65,7,4037,0.18579331,20.177996,5.154233,0.62285787,0.15400855,0.15400855
65,8,4038,0.18580782,20.180223,5.154085,0.6228549,0.15400934,0.15400934
65,9,4039,0.18582618,20.181879,5.1539955,0.62281513,0.15400584,0.15400584
65,10,4040,0.18583919,20.182476,5.1538067,0.6227737,0.15399997,0.15399997
65,11,4041,0.18585101,20.183432,5.153722,0.6227928,0.15399389,0.15399389
65,12,4042,0.18587221,20.185093,5.1534495,0.62275606,0.15398574,0.15398574
65,13,4043,0.18589282,20.18742,5.153108,0.62271565,0.15397236,0.15397236
65,14,4044,0.18590367,20.188087,5.1528606,0.6226565,0.15396793,0.15396793
65,15,4045,0.18591624,20.188894,5.152633,0.6226405,0.15396295,0.15396295
65,16,4046,0.1859457,20.193869,5.152367,0.6225676,0.15395243,0.15395243
65,17,4047,0.18595749,20.195772,5.152138,0.6225521,0.15394168,0.15394168
65,18,4048,0.18597409,20.197306,5.151934,0.6225517,0.15393469,0.15393469
65,19,4049,0.18597943,20.197626,5.1518307,0.6225691,0.15392801,0.15392801
65,20,4050,0.18598881,20.198944,5.15165,0.6225568,0.15392324,0.15392324
65,21,4051,0.18599847,20.200144,5.151488,0.6225975,0.15392128,0.15392128
65,22,4052,0.1860224,20.20313,5.1512094,0.622568,0.15391335,0.15391335
65,23,4053,0.18603149,20.204426,5.15097,0.62255955,0.15390478,0.15390478
65,24,4054,0.18604179,20.204908,5.15074,0.62252617,0.15390094,0.15390094
65,25,4055,0.18605375,20.206352,5.1504207,0.62246937,0.15388878,0.15388878
65,26,4056,0.18606827,20.207836,5.1502795,0.6224561,0.15388274,0.15388274
65,27,4057,0.18607727,20.208702,5.1500444,0.62241834,0.1538738,0.1538738
65,28,4058,0.18609461,20.21102,5.1499133,0.6224761,0.15386604,0.15386604
65,29,4059,0.18610956,20.212883,5.1496425,0.62238896,0.15385786,0.15385786
65,30,4060,0.18613179,20.215208,5.1493483,0.6223663,0.15385069,0.15385069
65,31,4061,0.18615198,20.216381,5.149091,0.6223263,0.15384203,0.15384203
65,32,4062,0.18616135,20.217361,5.148865,0.622316,0.15383235,0.15383235
65,33,4063,0.1861768,20.21888,5.1485667,0.622272,0.15382262,0.15382262
65,34,4064,0.18619597,20.221222,5.14839,0.62228006,0.15381221,0.15381221
65,35,4065,0.18621108,20.222286,5.1482043,0.622268,0.15380178,0.15380178
65,36,4066,0.18622796,20.223492,5.147995,0.62229276,0.15379305,0.15379305
65,37,4067,0.18624909,20.224852,5.1477613,0.6222741,0.153785,0.153785
65,38,4068,0.18625644,20.22569,5.1475415,0.62224805,0.15377772,0.15377772
65,39,4069,0.18626773,20.22731,5.147295,0.6222437,0.15376614,0.15376614
65,40,4070,0.18627709,20.227573,5.1471314,0.622245,0.15375993,0.15375993
65,41,4071,0.18628551,20.228788,5.14692,0.62221515,0.15375371,0.15375371
65,42,4072,0.18631049,20.2308,5.146747,0.6222033,0.15374766,0.15374766
65,43,4073,0.18632635,20.232347,5.1465435,0.6221777,0.15374315,0.15374315
65,44,4074,0.18634668,20.23478,5.146344,0.6221435,0.15373866,0.15373866
65,45,4075,0.1863651,20.236902,5.1461544,0.6221448,0.15373434,0.15373434
65,46,4076,0.18637963,20.239183,5.1460648,0.6221389,0.15372983,0.15372983
65,47,4077,0.18638864,20.24088,5.145941,0.62212306,0.15372355,0.15372355
65,48,4078,0.1864005,20.242672,5.1457124,0.6221059,0.1537164,0.1537164
65,49,4079,0.18641753,20.2445,5.145518,0.6221177,0.15370896,0.15370896
65,50,4080,0.18643378,20.246597,5.145286,0.62206584,0.1537043,0.1537043
65,51,4081,0.18644702,20.248194,5.145016,0.62203586,0.1536951,0.1536951
65,52,4082,0.18645836,20.249166,5.144947,0.62205786,0.15369278,0.15369278
65,53,4083,0.18646571,20.250011,5.1447535,0.6220876,0.15368386,0.15368386
65,54,4084,0.18648335,20.253155,5.1446586,0.6220748,0.15368187,0.15368187
65,55,4085,0.1865023,20.255428,5.1444526,0.6220485,0.15367757,0.15367757
65,56,4086,0.18651474,20.256857,5.1442614,0.62198955,0.15366942,0.15366942
65,57,4087,0.18652917,20.258516,5.144015,0.62199223,0.15366293,0.15366293
65,58,4088,0.18654132,20.25937,5.1438823,0.6219809,0.1536595,0.1536595
65,59,4089,0.18655796,20.260921,5.1437163,0.621941,0.15364899,0.15364899
65,60,4090,0.18657437,20.261608,5.143509,0.6219123,0.15364137,0.15364137
65,61,4091,0.18659821,20.264465,5.143422,0.62188363,0.1536367,0.1536367
66,0,4092,0.18661745,20.267279,5.1432858,0.62192374,0.15362696,0.15362696
66,1,4093,0.1866493,20.268742,5.143089,0.621903,0.15362215,0.15362215
66,2,4094,0.18666326,20.269823,5.142763,0.62189007,0.15361266,0.15361266
66,3,4095,0.18667968,20.271795,5.142491,0.62188363,0.15360625,0.15360625
66,4,4096,0.18668982,20.273478,5.1422176,0.62183404,0.15359738,0.15359738
66,5,4097,0.18669564,20.274506,5.1420007,0.6218208,0.15359281,0.15359281
66,6,4098,0.1867078,20.275671,5.1416664,0.6217527,0.15358588,0.15358588
66,7,4099,0.18671885,20.27722,5.141264,0.62167877,0.15357521,0.15357521
66,8,4100,0.18673417,20.279152,5.14098,0.6217024,0.15356399,0.15356399
66,9,4101,0.18673933,20.28026,5.1406627,0.6216668,0.1535525,0.1535525
66,10,4102,0.18675016,20.281336,5.1404905,0.62166214,0.15354986,0.15354986
66,11,4103,0.1867595,20.283033,5.1402273,0.62162286,0.15354049,0.15354049
66,12,4104,0.18677205,20.284409,5.140041,0.621639,0.15353376,0.15353376
66,13,4105,0.18678828,20.28583,5.1398063,0.62161356,0.15352994,0.15352994
66,14,4106,0.18679765,20.28622,5.139555,0.62157166,0.15351994,0.15351994
66,15,4107,0.18680903,20.287,5.139556,0.6215292,0.15351129,0.15351129
66,16,4108,0.1868237,20.289299,5.13944,0.62147945,0.15350413,0.15350413
66,17,4109,0.18683621,20.289738,5.1394343,0.6214511,0.15350476,0.15350476
66,18,4110,0.18685482,20.29182,5.139304,0.62139106,0.15350002,0.15350002
66,19,4111,0.18687633,20.29402,5.139258,0.62137455,0.15349542,0.15349542
66,20,4112,0.1868965,20.295673,5.1391206,0.6213658,0.15348917,0.15348917
66,21,4113,0.18691033,20.29613,5.13895,0.6213313,0.1534823,0.1534823
66,22,4114,0.1869213,20.297932,5.138788,0.6213339,0.15347682,0.15347682
66,23,4115,0.18693882,20.299618,5.138533,0.6213074,0.1534682,0.1534682
66,24,4116,0.18695217,20.301298,5.138364,0.62132215,0.15345997,0.15345997
66,25,4117,0.18696898,20.30257,5.1381135,0.6213284,0.15345246,0.15345246
66,26,4118,0.18697703,20.304585,5.1378627,0.6212956,0.15344378,0.15344378
66,27,4119,0.1869947,20.306465,5.1376576,0.62133235,0.15343246,0.15343246
66,28,4120,0.18700778,20.308443,5.137556,0.62132585,0.15342563,0.15342563
66,29,4121,0.18702164,20.311201,5.1374135,0.6212978,0.15342084,0.15342084
66,30,4122,0.18703894,20.313215,5.1371894,0.6212721,0.15341529,0.15341529
66,31,4123,0.18704833,20.315086,5.137006,0.6212213,0.15341088,0.15341088
66,32,4124,0.18705574,20.31593,5.1367397,0.6211834,0.15340385,0.15340385
66,33,4125,0.18706518,20.317013,5.136599,0.6212274,0.15339354,0.15339354
66,34,4126,0.18707347,20.318178,5.1364894,0.6212272,0.15338732,0.15338732
66,35,4127,0.1870918,20.320843,5.136336,0.6211962,0.15338537,0.15338537
66,36,4128,0.18711041,20.323875,5.13626,0.62116987,0.15338019,0.15338019
66,37,4129,0.18712097,20.325365,5.1362405,0.62120473,0.15337758,0.15337758
66,38,4130,0.18712923,20.326414,5.1360455,0.6212108,0.15336901,0.15336901
66,39,4131,0.18714532,20.327631,5.13578,0.62117106,0.15336142,0.15336142
66,40,4132,0.18716604,20.329248,5.1355515,0.6211591,0.1533542,0.1533542
66,41,4133,0.1871784,20.330914,5.1353726,0.62112385,0.1533482,0.1533482
66,42,4134,0.18718311,20.330626,5.135248,0.6210974,0.1533447,0.1533447
66,43,4135,0.18719265,20.331553,5.135064,0.62106395,0.15333776,0.15333776
66,44,4136,0.1872052,20.33293,5.13491,0.62105256,0.15333137,0.15333137
66,45,4137,0.18721768,20.3339,5.134777,0.62104553,0.1533224,0.1533224
66,46,4138,0.18723068,20.335667,5.134616,0.6210363,0.15331788,0.15331788
66,47,4139,0.18724658,20.337883,5.134499,0.62106866,0.15330951,0.15330951
66,48,4140,0.18726355,20.340044,5.1343155,0.62106544,0.15330233,0.15330233
66,49,4141,0.18727979,20.342005,5.13419,0.62108576,0.15329708,0.15329708
66,50,4142,0.18729247,20.343819,5.133934,0.6210527,0.15329045,0.15329045
66,51,4143,0.1873037,20.345396,5.1337805,0.6210139,0.15328501,0.15328501
66,52,4144,0.18731184,20.34589,5.1336327,0.6210042,0.15327935,0.15327935
66,53,4145,0.18732122,20.34691,5.1334047,0.6209841,0.15326811,0.15326811
66,54,4146,0.18735045,20.348743,5.1331854,0.62096524,0.15326087,0.15326087
66,55,4147,0.18735626,20.34904,5.1330023,0.62098587,0.15325294,0.15325294
66,56,4148,0.18737857,20.351023,5.132862,0.62096274,0.1532483,0.1532483
66,57,4149,0.18740313,20.352608,5.1326375,0.6209256,0.15323941,0.15323941
66,58,4150,0.18741761,20.354282,5.1324496,0.6208861,0.15323542,0.15323542
66,59,4151,0.18743455,20.355791,5.1324368,0.6209134,0.15323573,0.15323573
66,60,4152,0.18745026,20.357327,5.132272,0.6208879,0.15322706,0.15322706
66,61,4153,0.18746124,20.358982,5.132217,0.62087727,0.15322076,0.15322076
67,0,4154,0.18747446,20.360617,5.132128,0.6208696,0.15321863,0.15321863
67,1,4155,0.18749024,20.362669,5.1319475,0.6208772,0.15320846,0.15320846
67,2,4156,0.18750177,20.364008,5.1318803,0.62085927,0.15320636,0.15320636
67,3,4157,0.18751866,20.366182,5.1316376,0.6208518,0.15319656,0.15319656
67,4,4158,0.18753129,20.367968,5.1314635,0.6208455,0.15318562,0.15318562
67,5,4159,0.18754694,20.370047,5.1312556,0.62078404,0.15318203,0.15318203
67,6,4160,0.18755509,20.370516,5.131094,0.6207685,0.15317678,0.15317678
67,7,4161,0.18757519,20.372795,5.1308637,0.6207777,0.15316837,0.15316837
67,8,4162,0.18759614,20.375107,5.1306806,0.62074304,0.15316494,0.15316494
67,9,4163,0.18761303,20.378323,5.1303954,0.6206987,0.15316123,0.15316123
67,10,4164,0.18762213,20.379648,5.1301355,0.62064826,0.15315318,0.15315318
67,11,4165,0.18763688,20.381687,5.1301003,0.62064457,0.15314877,0.15314877
67,12,4166,0.18765035,20.383577,5.129966,0.6206689,0.1531418,0.1531418
67,13,4167,0.18765503,20.3842,5.1297865,0.62063825,0.15313101,0.15313101
67,14,4168,0.18767083,20.385733,5.129567,0.6206123,0.15312466,0.15312466
67,15,4169,0.18768749,20.386871,5.1293545,0.6206013,0.15311413,0.15311413
67,16,4170,0.18769759,20.387693,5.1291337,0.62057537,0.15310806,0.15310806
67,17,4171,0.18770897,20.389208,5.128759,0.6205001,0.15309723,0.15309723
67,18,4172,0.1877312,20.39091,5.128585,0.6205069,0.15309115,0.15309115
67,19,4173,0.18774655,20.393133,5.12856,0.6205169,0.15308735,0.15308735
67,20,4174,0.18775597,20.394426,5.128358,0.62049466,0.15307856,0.15307856
67,21,4175,0.18776466,20.395527,5.1281776,0.620482,0.15307185,0.15307185
67,22,4176,0.18777692,20.39672,5.127918,0.62048954,0.15306589,0.15306589
67,23,4177,0.1877887,20.398155,5.1277537,0.62047464,0.15305686,0.15305686
67,24,4178,0.18780619,20.400787,5.127577,0.62043244,0.15305237,0.15305237
67,25,4179,0.18781194,20.401434,5.1273623,0.6203867,0.15304743,0.15304743
67,26,4180,0.18781601,20.40204,5.1271625,0.6203919,0.15304141,0.15304141
67,27,4181,0.18782571,20.403328,5.1269174,0.62037134,0.15303491,0.15303491
67,28,4182,0.1878315,20.40371,5.1267495,0.62035465,0.15303016,0.15303016
67,29,4183,0.18784168,20.40463,5.126534,0.62030256,0.15302503,0.15302503
67,30,4184,0.18784899,20.405443,5.126245,0.6202764,0.15301771,0.15301771
67,31,4185,0.18784861,20.40532,5.1259913,0.6202726,0.15301156,0.15301156
67,32,4186,0.1878612,20.407019,5.1258154,0.62030554,0.15300392,0.15300392
67,33,4187,0.18787733,20.40961,5.1255903,0.6203281,0.15299785,0.15299785
67,34,4188,0.1878821,20.410772,5.125402,0.6203136,0.1529888,0.1529888
67,35,4189,0.18790756,20.413567,5.1251626,0.6202771,0.15297575,0.15297575
67,36,4190,0.18791199,20.414442,5.125058,0.6202816,0.15297154,0.15297154
67,37,4191,0.1879203,20.414682,5.12497,0.6202957,0.15296623,0.15296623
67,38,4192,0.18793023,20.415453,5.124679,0.62027645,0.15295897,0.15295897
67,39,4193,0.1879466,20.417866,5.1244516,0.6202586,0.15295061,0.15295061
67,40,4194,0.18796289,20.419472,5.1242204,0.6202289,0.15294482,0.15294482
67,41,4195,0.1879727,20.420393,5.124041,0.6202324,0.15293637,0.15293637
67,42,4196,0.1879813,20.42078,5.123898,0.6202079,0.15293267,0.15293267
67,43,4197,0.18799299,20.421522,5.1237125,0.62017155,0.1529277,0.1529277
67,44,4198,0.18800166,20.422592,5.1234937,0.6201768,0.15292051,0.15292051
67,45,4199,0.18800941,20.423485,5.1232657,0.620129,0.15291476,0.15291476
67,46,4200,0.18801585,20.424702,5.1230273,0.62010366,0.15290482,0.15290482
67,47,4201,0.18803033,20.426601,5.1229315,0.6201117,0.15290315,0.15290315
67,48,4202,0.18804184,20.428442,5.1227765,0.620107,0.15289494,0.15289494
67,49,4203,0.18806118,20.430687,5.122499,0.62007594,0.1528843,0.1528843
67,50,4204,0.18807532,20.43153,5.122372,0.62009823,0.15288037,0.15288037
67,51,4205,0.18809459,20.432634,5.1221895,0.6200715,0.15287253,0.15287253
67,52,4206,0.18810815,20.434206,5.121964,0.6200671,0.15286401,0.15286401
67,53,4207,0.18811813,20.435556,5.121686,0.62004936,0.15285751,0.15285751
67,54,4208,0.18812883,20.437155,5.1215253,0.62004614,0.15284857,0.15284857
67,55,4209,0.1881333,20.437979,5.121477,0.6200735,0.15284672,0.15284672
67,56,4210,0.18814692,20.440624,5.1212883,0.62006694,0.15283668,0.15283668
67,57,4211,0.1881572,20.441992,5.1210527,0.62004566,0.15282767,0.15282767
67,58,4212,0.18817212,20.443928,5.1208353,0.62002635,0.15281792,0.15281792
67,59,4213,0.18818782,20.446617,5.120602,0.62000364,0.15281025,0.15281025
67,60,4214,0.1882031,20.44815,5.120514,0.6199881,0.15280552,0.15280552
67,61,4215,0.18821356,20.44947,5.120374,0.62000066,0.15280053,0.15280053
68,0,4216,0.18822943,20.45144,5.120157,0.6199915,0.15279146,0.15279146
68,1,4217,0.18824746,20.453438,5.119891,0.61996007,0.15278496,0.15278496
68,2,4218,0.18826148,20.453915,5.11975,0.6199513,0.1527826,0.1527826
68,3,4219,0.18826848,20.454956,5.1196976,0.6199483,0.15277477,0.15277477
68,4,4220,0.18827799,20.456415,5.1195364,0.6199404,0.1527662,0.1527662
68,5,4221,0.18829018,20.458164,5.1193666,0.61992824,0.15275802,0.15275802
68,6,4222,0.18830308,20.459307,5.119186,0.61993337,0.15275513,0.15275513
68,7,4223,0.18830863,20.459497,5.119009,0.6199168,0.15274929,0.15274929
68,8,4224,0.18832335,20.460833,5.118823,0.61991066,0.15274829,0.15274829
68,9,4225,0.18833692,20.4629,5.118606,0.6199001,0.15274157,0.15274157
68,10,4226,0.1883493,20.463737,5.1182847,0.61984324,0.15272993,0.15272993
68,11,4227,0.1883613,20.464272,5.1180983,0.61987865,0.15272145,0.15272145
68,12,4228,0.18836504,20.465069,5.1178603,0.6198221,0.15271449,0.15271449
68,13,4229,0.18837346,20.465872,5.117598,0.6197805,0.15270531,0.15270531
68,14,4230,0.18838425,20.467325,5.1173973,0.61977035,0.15269871,0.15269871
68,15,4231,0.18838778,20.467962,5.117166,0.6197112,0.15269086,0.15269086
68,16,4232,0.1883932,20.46864,5.116958,0.619668,0.15268682,0.15268682
68,17,4233,0.18839511,20.468912,5.116679,0.6196122,0.15268247,0.15268247
68,18,4234,0.18840763,20.470312,5.116487,0.6195793,0.15267684,0.15267684
68,19,4235,0.18841624,20.47157,5.116325,0.6195955,0.15266705,0.15266705
68,20,4236,0.18842536,20.473047,5.116206,0.61958766,0.15265787,0.15265787
68,21,4237,0.18844035,20.4736,5.1160326,0.6195993,0.15265143,0.15265143
68,22,4238,0.18846497,20.474773,5.115873,0.61956584,0.15264653,0.15264653
68,23,4239,0.18848248,20.475763,5.115676,0.61953276,0.152639,0.152639
68,24,4240,0.18849418,20.476387,5.115529,0.61950916,0.1526321,0.1526321
68,25,4241,0.18850827,20.478205,5.1154065,0.619459,0.15262982,0.15262982
68,26,4242,0.18852487,20.480314,5.115246,0.61942834,0.15263006,0.15263006
68,27,4243,0.18853605,20.482246,5.1150723,0.6194106,0.15262502,0.15262502
68,28,4244,0.1885531,20.484343,5.1148243,0.6193888,0.15261698,0.15261698
68,29,4245,0.1885733,20.487066,5.1146855,0.61941105,0.15261048,0.15261048
68,30,4246,0.18859223,20.48926,5.1145725,0.619457,0.15260364,0.15260364
68,31,4247,0.18860553,20.490461,5.1143284,0.6194181,0.15260212,0.15260212
68,32,4248,0.18862864,20.492188,5.114124,0.61941886,0.15259223,0.15259223
68,33,4249,0.1886359,20.492739,5.113904,0.6194141,0.15258281,0.15258281
68,34,4250,0.1886434,20.49336,5.1138644,0.61947167,0.15257718,0.15257718
68,35,4251,0.18865468,20.494514,5.113687,0.6194506,0.1525726,0.1525726
68,36,4252,0.18867305,20.496542,5.113499,0.6194058,0.15256849,0.15256849
68,37,4253,0.1886889,20.497408,5.113253,0.61935943,0.15255974,0.15255974
68,38,4254,0.18869942,20.498615,5.112964,0.6192946,0.1525489,0.1525489
68,39,4255,0.1887054,20.499086,5.112786,0.61931354,0.1525404,0.1525404
68,40,4256,0.18871859,20.5003,5.112509,0.6192766,0.15253294,0.15253294
68,41,4257,0.18873465,20.501045,5.1123786,0.61927444,0.15252997,0.15252997
68,42,4258,0.18874532,20.50207,5.1122117,0.61929226,0.15252104,0.15252104
68,43,4259,0.18875808,20.504015,5.11202,0.61929053,0.1525169,0.1525169
68,44,4260,0.18877077,20.505838,5.1117887,0.61928886,0.1525082,0.1525082
68,45,4261,0.18878525,20.508299,5.1116767,0.6192846,0.15250276,0.15250276
68,46,4262,0.18879685,20.50964,5.1115637,0.61926454,0.15250048,0.15250048
68,47,4263,0.18880874,20.51025,5.111402,0.6192371,0.15249003,0.15249003
68,48,4264,0.18882127,20.511776,5.111195,0.61919546,0.15248269,0.15248269
68,49,4265,0.18882874,20.512718,5.111,0.61921406,0.15247583,0.15247583
68,50,4266,0.1888391,20.514416,5.11078,0.61920244,0.1524694,0.1524694
68,51,4267,0.18885283,20.516403,5.110558,0.61919373,0.15246052,0.15246052
68,52,4268,0.18886548,20.517778,5.11026,0.61916107,0.1524542,0.1524542
68,53,4269,0.18887526,20.51807,5.1101384,0.61916125,0.15245056,0.15245056
68,54,4270,0.18888515,20.519423,5.1100454,0.61916137,0.15244542,0.15244542
68,55,4271,0.188905,20.521746,5.109898,0.61909264,0.1524358,0.1524358
68,56,4272,0.18891159,20.52306,5.109728,0.6190776,0.1524324,0.1524324
68,57,4273,0.18892398,20.524063,5.10954,0.619062,0.15242581,0.15242581
68,58,4274,0.1889435,20.526468,5.1093235,0.6190684,0.15242115,0.15242115
68,59,4275,0.1889586,20.527494,5.109174,0.61903185,0.15241855,0.15241855
68,60,4276,0.188968,20.528667,5.1089845,0.619014,0.15241274,0.15241274
68,61,4277,0.18898213,20.529497,5.1088305,0.6189845,0.15240638,0.15240638
69,0,4278,0.18899721,20.531454,5.1087584,0.61897886,0.15240029,0.15240029
69,1,4279,0.18901414,20.533175,5.1085796,0.61898535,0.15239297,0.15239297
69,2,4280,0.18902484,20.53398,5.1084094,0.6190013,0.15238246,0.15238246
69,3,4281,0.18903202,20.53464,5.108214,0.618985,0.152382,0.152382
69,4,4282,0.18904413,20.535202,5.108054,0.6189581,0.15237834,0.15237834
69,5,4283,0.18904965,20.536201,5.107873,0.6189215,0.15237205,0.15237205
69,6,4284,0.18905511,20.537209,5.107652,0.61893654,0.15236622,0.15236622
69,7,4285,0.18905947,20.537735,5.1073985,0.61889344,0.15236112,0.15236112
69,8,4286,0.18907598,20.539614,5.107145,0.6188806,0.15235502,0.15235502
69,9,4287,0.18908884,20.540691,5.1069283,0.61886925,0.15234639,0.15234639
69,10,4288,0.18910025,20.543083,5.106588,0.6188475,0.15233794,0.15233794
69,11,4289,0.1891105,20.54507,5.106484,0.6188829,0.15233421,0.15233421
69,12,4290,0.18911618,20.546164,5.106346,0.61885005,0.15233076,0.15233076
69,13,4291,0.18912229,20.547598,5.1062016,0.61889493,0.1523209,0.1523209
69,14,4292,0.18913308,20.549364,5.1060104,0.6189091,0.15231583,0.15231583
69,15,4293,0.18914643,20.550663,5.1058364,0.6188824,0.15230723,0.15230723
69,16,4294,0.18916121,20.552843,5.1056986,0.6188719,0.15229955,0.15229955
69,17,4295,0.18917266,20.553497,5.105588,0.6188628,0.15229204,0.15229204
69,18,4296,0.18919206,20.555717,5.105364,0.61879617,0.15228683,0.15228683
69,19,4297,0.18920502,20.556597,5.1051593,0.61879545,0.15228121,0.15228121
69,20,4298,0.1892232,20.558348,5.105019,0.6187968,0.15227774,0.15227774
69,21,4299,0.18923119,20.558708,5.104935,0.6188025,0.152271,0.152271
69,22,4300,0.18924126,20.560244,5.104903,0.61880404,0.15226558,0.15226558
69,23,4301,0.18925278,20.561855,5.1046886,0.6187906,0.15225588,0.15225588
69,24,4302,0.18926004,20.562618,5.1046066,0.61881053,0.15225193,0.15225193
69,25,4303,0.1892644,20.563152,5.1044064,0.6187862,0.15224662,0.15224662
69,26,4304,0.18927315,20.564238,5.1041627,0.618725,0.15223718,0.15223718
69,27,4305,0.18928495,20.56597,5.1039352,0.6186876,0.15222894,0.15222894
69,28,4306,0.18929586,20.567638,5.1037016,0.61869156,0.15222123,0.15222123
69,29,4307,0.18930104,20.568558,5.103521,0.6186577,0.15221414,0.15221414
69,30,4308,0.18932357,20.571407,5.1033316,0.61861664,0.15220834,0.15220834
69,31,4309,0.18933415,20.57213,5.1031055,0.6185942,0.15220071,0.15220071
69,32,4310,0.1893463,20.57333,5.1029363,0.61861897,0.15219742,0.15219742
69,33,4311,0.18935858,20.57459,5.102729,0.6186263,0.15219107,0.15219107
69,34,4312,0.18937601,20.576271,5.1025105,0.6186259,0.15218304,0.15218304
69,35,4313,0.18939558,20.5793,5.1024303,0.6186509,0.15217409,0.15217409
69,36,4314,0.18940976,20.581797,5.1023393,0.6186534,0.15216911,0.15216911
69,37,4315,0.18942447,20.584091,5.1021547,0.6186498,0.15216123,0.15216123
69,38,4316,0.18943977,20.585554,5.1018934,0.6186074,0.15215322,0.15215322
69,39,4317,0.18946074,20.587185,5.101695,0.6185939,0.15214539,0.15214539
69,40,4318,0.18947507,20.589184,5.1014953,0.6185749,0.15214242,0.15214242
69,41,4319,0.18948843,20.590384,5.101269,0.618553,0.1521361,0.1521361
69,42,4320,0.18949607,20.591099,5.101081,0.61857486,0.15213002,0.15213002
69,43,4321,0.18950665,20.592154,5.1008706,0.6185193,0.15212338,0.15212338
69,44,4322,0.18951437,20.592543,5.100666,0.61850405,0.15211698,0.15211698
69,45,4323,0.1895193,20.593193,5.1004558,0.6184606,0.1521122,0.1521122
69,46,4324,0.18952467,20.59378,5.1003103,0.61847866,0.15210664,0.15210664
69,47,4325,0.18952966,20.59422,5.1001096,0.61844283,0.15209894,0.15209894
69,48,4326,0.18954587,20.596064,5.0999312,0.6184369,0.15209375,0.15209375
69,49,4327,0.18956205,20.598068,5.099817,0.61841816,0.15208508,0.15208508
69,50,4328,0.18957408,20.599785,5.099685,0.6184328,0.15207784,0.15207784
69,51,4329,0.18958446,20.601374,5.0995083,0.6184637,0.15207215,0.15207215
69,52,4330,0.1895937,20.60201,5.0993586,0.6184366,0.15206784,0.15206784
69,53,4331,0.18960972,20.603838,5.099213,0.618455,0.15205981,0.15205981
69,54,4332,0.18962908,20.605343,5.0990777,0.6184918,0.1520546,0.1520546
69,55,4333,0.18964511,20.60716,5.098897,0.6184912,0.15204738,0.15204738
69,56,4334,0.18966047,20.608498,5.098839,0.6185014,0.15204541,0.15204541
69,57,4335,0.18967444,20.610056,5.098687,0.6184873,0.1520377,0.1520377
69,58,4336,0.18969461,20.611649,5.098508,0.61847365,0.15202922,0.15202922
69,59,4337,0.18969895,20.611807,5.098358,0.61847156,0.15202214,0.15202214
69,60,4338,0.18969995,20.611849,5.098231,0.61849624,0.15201332,0.15201332
69,61,4339,0.18971846,20.6142,5.0980406,0.61849725,0.152006,0.152006
70,0,4340,0.18972987,20.615473,5.097849,0.6184891,0.1520005,0.1520005
70,1,4341,0.18973738,20.616562,5.0976124,0.61846834,0.15199193,0.15199193
70,2,4342,0.18974328,20.617449,5.0974665,0.6184566,0.15199032,0.15199032
70,3,4343,0.18974833,20.617983,5.0974197,0.6184661,0.15198933,0.15198933
70,4,4344,0.18975198,20.618385,5.0974617,0.61848485,0.15198894,0.15198894
70,5,4345,0.18975893,20.619564,5.097289,0.6184845,0.15198334,0.15198334
70,6,4346,0.18976757,20.620998,5.097106,0.6184726,0.15197714,0.15197714
70,7,4347,0.18977493,20.621689,5.096879,0.61847866,0.15197085,0.15197085
70,8,4348,0.18977818,20.62266,5.09661,0.6184509,0.15196382,0.15196382
70,9,4349,0.18978487,20.623545,5.096443,0.61848503,0.15195568,0.15195568
70,10,4350,0.18979166,20.624737,5.0962176,0.61849844,0.1519473,0.1519473
70,11,4351,0.18980071,20.625618,5.0960155,0.618495,0.1519392,0.1519392
70,12,4352,0.18980251,20.626095,5.095905,0.61846966,0.15193337,0.15193337
70,13,4353,0.18981043,20.627453,5.095764,0.6184975,0.15192798,0.15192798
70,14,4354,0.18982024,20.628702,5.095541,0.61845577,0.15192004,0.15192004
70,15,4355,0.18983206,20.629543,5.0953226,0.61842364,0.1519141,0.1519141
70,16,4356,0.18983953,20.629587,5.095099,0.6184129,0.15190355,0.15190355
70,17,4357,0.18984848,20.63075,5.0949006,0.6184234,0.15189722,0.15189722
70,18,4358,0.18985781,20.631222,5.0947094,0.6183986,0.15188992,0.15188992
70,19,4359,0.18986861,20.632484,5.094585,0.6184093,0.15188497,0.15188497
70,20,4360,0.18989438,20.635567,5.09433,0.61838305,0.151874,0.151874
70,21,4361,0.18991108,20.637093,5.0941815,0.6183716,0.15186827,0.15186827
70,22,4362,0.18992098,20.63838,5.094033,0.6183871,0.15186194,0.15186194
70,23,4363,0.18992847,20.638836,5.0938063,0.61834884,0.15185611,0.15185611
70,24,4364,0.1899417,20.639997,5.0936165,0.61831737,0.15184969,0.15184969
70,25,4365,0.1899533,20.641241,5.0934334,0.6183222,0.1518445,0.1518445
70,26,4366,0.18996443,20.642805,5.0933394,0.6183408,0.15184334,0.15184334
70,27,4367,0.18998234,20.64507,5.093111,0.61832845,0.15183595,0.15183595
70,28,4368,0.18998756,20.64556,5.0928826,0.61831856,0.15182763,0.15182763
70,29,4369,0.19000185,20.647648,5.0928063,0.61831814,0.1518211,0.1518211
70,30,4370,0.19001892,20.649994,5.092703,0.6182956,0.15181847,0.15181847
70,31,4371,0.19004536,20.652077,5.092641,0.6183397,0.15181102,0.15181102
70,32,4372,0.19005796,20.653582,5.0924964,0.6183449,0.15180683,0.15180683
70,33,4373,0.19007963,20.656212,5.0923095,0.61833173,0.1518026,0.1518026
70,34,4374,0.19009195,20.657059,5.092067,0.61831003,0.15179516,0.15179516
70,35,4375,0.19010496,20.658268,5.091902,0.6183028,0.15179205,0.15179205
70,36,4376,0.1901207,20.660591,5.0916595,0.6182848,0.15178743,0.15178743
70,37,4377,0.19013242,20.66194,5.091395,0.6182648,0.15177894,0.15177894
70,38,4378,0.1901565,20.66556,5.091167,0.61824644,0.15177,0.15177
70,39,4379,0.19017458,20.668474,5.0909867,0.61820614,0.1517617,0.1517617
70,40,4380,0.1901902,20.66998,5.090803,0.61819917,0.15175526,0.15175526
70,41,4381,0.19019763,20.670345,5.090608,0.6182267,0.15174505,0.15174505
70,42,4382,0.19021057,20.671917,5.0903783,0.618196,0.15173906,0.15173906
70,43,4383,0.19021526,20.672394,5.0902185,0.6181779,0.15173362,0.15173362
70,44,4384,0.19023097,20.674799,5.0899653,0.618167,0.15172637,0.15172637
70,45,4385,0.19024561,20.676914,5.089796,0.61817575,0.15172139,0.15172139
70,46,4386,0.1902571,20.67744,5.08974,0.618182,0.15172057,0.15172057
70,47,4387,0.19026938,20.678177,5.089667,0.6181606,0.15171608,0.15171608
70,48,4388,0.19028632,20.679302,5.0894876,0.6181613,0.1517051,0.1517051
70,49,4389,0.19029124,20.679266,5.0893145,0.618135,0.15169643,0.15169643
70,50,4390,0.19030753,20.680628,5.0890493,0.6180899,0.15169,0.15169
70,51,4391,0.19031715,20.681723,5.0889482,0.6180395,0.15168507,0.15168507
70,52,4392,0.19033214,20.683247,5.0887866,0.61799306,0.15167855,0.15167855
70,53,4393,0.19033644,20.682995,5.088629,0.61796296,0.15167762,0.15167762
70,54,4394,0.19033894,20.682476,5.0883827,0.61792964,0.1516683,0.1516683
70,55,4395,0.19034795,20.683462,5.0882616,0.61789215,0.1516688,0.1516688
70,56,4396,0.19035858,20.684645,5.0880613,0.61791646,0.15165903,0.15165903
70,57,4397,0.19037257,20.685942,5.087908,0.617885,0.15165865,0.15165865
70,58,4398,0.1903877,20.686829,5.0877366,0.61792016,0.15164812,0.15164812
70,59,4399,0.19040208,20.68871,5.0876713,0.61790144,0.1516484,0.1516484
70,60,4400,0.19041248,20.689991,5.087494,0.6178856,0.15164112,0.15164112
70,61,4401,0.19042408,20.69075,5.0873184,0.6178813,0.1516367,0.1516367
71,0,4402,0.19043115,20.691341,5.0871887,0.6179264,0.15162627,0.15162627
71,1,4403,0.19044244,20.692268,5.086972,0.61792785,0.15161756,0.15161756
71,2,4404,0.19045655,20.693878,5.086759,0.6179028,0.151611,0.151611
71,3,4405,0.19047229,20.695349,5.086593,0.6178975,0.15160166,0.15160166
71,4,4406,0.19048357,20.697132,5.0864334,0.61788267,0.1515941,0.1515941
71,5,4407,0.19049297,20.698027,5.086285,0.61785823,0.15158954,0.15158954
71,6,4408,0.19050401,20.69809,5.0861397,0.61781836,0.15157971,0.15157971
71,7,4409,0.19050835,20.698744,5.085912,0.61779135,0.15156998,0.15156998
71,8,4410,0.19051671,20.699749,5.085761,0.61780554,0.15156402,0.15156402
71,9,4411,0.19052476,20.701155,5.0855455,0.61779404,0.15155505,0.15155505
71,10,4412,0.1905446,20.704369,5.08528,0.6177646,0.15154879,0.15154879
71,11,4413,0.19056424,20.706793,5.0850477,0.6177708,0.15154095,0.15154095
71,12,4414,0.19057521,20.708012,5.0847425,0.6177444,0.15153165,0.15153165
71,13,4415,0.19058052,20.7082,5.0845394,0.6177376,0.15152432,0.15152432
71,14,4416,0.19059058,20.709457,5.08435,0.6177327,0.15152062,0.15152062
71,15,4417,0.19060123,20.710606,5.084142,0.61776626,0.15151209,0.15151209
71,16,4418,0.19061759,20.713034,5.083931,0.6177589,0.15150473,0.15150473
71,17,4419,0.19062795,20.714422,5.083833,0.6177493,0.15149803,0.15149803
71,18,4420,0.19063532,20.715036,5.0835896,0.61769193,0.15149213,0.15149213
71,19,4421,0.19064726,20.716623,5.0834746,0.6176997,0.15148996,0.15148996
71,20,4422,0.19065611,20.717342,5.0834727,0.6177114,0.15148716,0.15148716
71,21,4423,0.19066206,20.71789,5.083483,0.6177222,0.15148522,0.15148522
71,22,4424,0.19066998,20.719345,5.0833416,0.61772054,0.15148246,0.15148246
71,23,4425,0.19069895,20.721031,5.083245,0.61774457,0.15147771,0.15147771
71,24,4426,0.1907095,20.722065,5.083094,0.61776227,0.15147199,0.15147199
71,25,4427,0.19071876,20.723387,5.0828586,0.6177246,0.15146801,0.15146801
71,26,4428,0.1907314,20.724953,5.0826235,0.61768156,0.15146117,0.15146117
71,27,4429,0.19073957,20.72544,5.0824,0.617663,0.15145046,0.15145046
71,28,4430,0.1907525,20.7271,5.0822406,0.61765754,0.15144488,0.15144488
71,29,4431,0.19076313,20.727772,5.0820804,0.6176242,0.15144067,0.15144067
71,30,4432,0.19076757,20.728237,5.081985,0.61763716,0.15143955,0.15143955
71,31,4433,0.19078219,20.729532,5.081833,0.6176029,0.1514305,0.1514305
71,32,4434,0.190793,20.730988,5.0816774,0.6175936,0.15142287,0.15142287
71,33,4435,0.19079964,20.731031,5.081551,0.6175436,0.15141527,0.15141527
71,34,4436,0.1908035,20.731453,5.081289,0.6175133,0.15141001,0.15141001
71,35,4437,0.19081698,20.732883,5.081078,0.617488,0.15140386,0.15140386
71,36,4438,0.19082184,20.733768,5.080812,0.6174726,0.15139581,0.15139581
71,37,4439,0.19082919,20.734198,5.080628,0.61745447,0.15139115,0.15139115
71,38,4440,0.19083384,20.734121,5.0804954,0.61740094,0.15139033,0.15139033
71,39,4441,0.1908434,20.735403,5.080333,0.61738557,0.1513856,0.1513856
71,40,4442,0.19085014,20.735565,5.0801463,0.617376,0.15138131,0.15138131
71,41,4443,0.19086781,20.736343,5.0799227,0.61739165,0.15137225,0.15137225
71,42,4444,0.1908745,20.736752,5.079661,0.6173745,0.15136382,0.15136382
71,43,4445,0.19088191,20.73768,5.0794115,0.6173398,0.15135588,0.15135588
71,44,4446,0.190887,20.738068,5.079252,0.61733264,0.15135108,0.15135108
71,45,4447,0.19090068,20.738857,5.0790367,0.6173279,0.15134107,0.15134107
71,46,4448,0.19090946,20.740341,5.0789075,0.6173203,0.15133639,0.15133639
71,47,4449,0.1909235,20.741737,5.0787716,0.6173249,0.15133262,0.15133262
71,48,4450,0.19093923,20.74354,5.07862,0.61730385,0.15132813,0.15132813
71,49,4451,0.19094926,20.744198,5.0784583,0.6172874,0.15131886,0.15131886
71,50,4452,0.19095589,20.745083,5.0782905,0.6172519,0.15131067,0.15131067
71,51,4453,0.1909654,20.745022,5.0781827,0.61724764,0.15131134,0.15131134
71,52,4454,0.19097129,20.745869,5.078054,0.61726826,0.15130854,0.15130854
71,53,4455,0.19098389,20.747366,5.0780067,0.6172663,0.15131004,0.15131004
71,54,4456,0.1909924,20.747911,5.077984,0.61734027,0.15130545,0.15130545
71,55,4457,0.19100359,20.749205,5.0777783,0.6172979,0.15129606,0.15129606
71,56,4458,0.1910159,20.751078,5.0775323,0.6172404,0.15128691,0.15128691
71,57,4459,0.19102672,20.752096,5.0773826,0.6172097,0.1512834,0.1512834
71,58,4460,0.19103168,20.752552,5.0772843,0.61721206,0.15128104,0.15128104
71,59,4461,0.19104092,20.752817,5.0771074,0.6171928,0.15127039,0.15127039
71,60,4462,0.1910542,20.75374,5.0769467,0.61715335,0.15126921,0.15126921
71,61,4463,0.19105937,20.753971,5.0769067,0.61713254,0.1512669,0.1512669
72,0,4464,0.19106364,20.75417,5.076803,0.6170998,0.1512611,0.1512611
72,1,4465,0.19107151,20.75503,5.076628,0.6171187,0.15125345,0.15125345
72,2,4466,0.19108488,20.757141,5.0764694,0.6171221,0.15124558,0.15124558
72,3,4467,0.19109724,20.75866,5.0762877,0.6171496,0.15123658,0.15123658
72,4,4468,0.19111016,20.75974,5.07609,0.61714375,0.15122782,0.15122782
72,5,4469,0.19113372,20.761438,5.0758567,0.61714363,0.15122108,0.15122108
72,6,4470,0.19114715,20.762897,5.0757008,0.61714363,0.15121487,0.15121487
72,7,4471,0.19116625,20.766119,5.075501,0.61711824,0.15120879,0.15120879
72,8,4472,0.19117624,20.76761,5.075294,0.6170798,0.15120098,0.15120098
72,9,4473,0.19119312,20.769142,5.075116,0.61705965,0.15119354,0.15119354
72,10,4474,0.19120806,20.769619,5.074929,0.6170494,0.1511878,0.1511878
72,11,4475,0.19121824,20.77128,5.0747585,0.6170293,0.1511823,0.1511823
72,12,4476,0.19122608,20.772123,5.0745153,0.61701715,0.15117484,0.15117484
72,13,4477,0.19123589,20.773151,5.0743904,0.61699986,0.15117244,0.15117244
72,14,4478,0.19124144,20.773895,5.074363,0.61697453,0.1511649,0.1511649
72,15,4479,0.19124967,20.774208,5.0742564,0.61692846,0.15115851,0.15115851
72,16,4480,0.1912525,20.77413,5.074089,0.61690366,0.15115213,0.15115213
72,17,4481,0.19125533,20.773643,5.073939,0.61687875,0.15114568,0.15114568
72,18,4482,0.19127448,20.776615,5.0737114,0.61685634,0.15113862,0.15113862
72,19,4483,0.19128323,20.777992,5.073614,0.61684275,0.1511364,0.1511364
72,20,4484,0.19130173,20.779955,5.0734787,0.6168287,0.15113032,0.15113032
72,21,4485,0.19131699,20.781792,5.0732694,0.6168052,0.1511233,0.1511233
72,22,4486,0.19132951,20.781889,5.073169,0.6167965,0.15111658,0.15111658
72,23,4487,0.19135675,20.783792,5.0730166,0.6167891,0.15111233,0.15111233
72,24,4488,0.19136798,20.785332,5.0728073,0.6167744,0.15110762,0.15110762
72,25,4489,0.1913831,20.787945,5.0725636,0.6167911,0.15110083,0.15110083
72,26,4490,0.19138573,20.787785,5.0723214,0.6168004,0.15109351,0.15109351
72,27,4491,0.19139075,20.788776,5.0720944,0.61680967,0.15108828,0.15108828
72,28,4492,0.1913999,20.788652,5.0718813,0.61677307,0.15108255,0.15108255
72,29,4493,0.19141561,20.788568,5.071776,0.61679286,0.15107864,0.15107864
72,30,4494,0.191419,20.788511,5.071637,0.6167701,0.15107626,0.15107626
72,31,4495,0.19142699,20.789383,5.0714946,0.61677736,0.1510718,0.1510718
72,32,4496,0.19143173,20.789898,5.071274,0.61677474,0.15106495,0.15106495
72,33,4497,0.19143777,20.791222,5.071101,0.61678916,0.15105653,0.15105653
72,34,4498,0.19145325,20.792786,5.0709133,0.6168,0.15104783,0.15104783
72,35,4499,0.19145748,20.79384,5.070814,0.61679304,0.15104179,0.15104179
72,36,4500,0.1914643,20.79483,5.070628,0.6167809,0.15103179,0.15103179
72,37,4501,0.19146706,20.795069,5.0704427,0.61676353,0.15102737,0.15102737
72,38,4502,0.19147722,20.796343,5.0702577,0.6167361,0.15102032,0.15102032
72,39,4503,0.19149093,20.797823,5.0701337,0.6167263,0.15101607,0.15101607
72,40,4504,0.19149305,20.798141,5.070019,0.6166928,0.15100732,0.15100732
72,41,4505,0.19150177,20.798876,5.0698957,0.61670846,0.15100507,0.15100507
72,42,4506,0.19151953,20.801401,5.0696898,0.61667603,0.15099984,0.15099984
72,43,4507,0.19153069,20.80242,5.069545,0.616638,0.15099591,0.15099591
72,44,4508,0.19154194,20.803844,5.0693793,0.6166478,0.15099125,0.15099125
72,45,4509,0.19155388,20.804926,5.069266,0.6166267,0.15099078,0.15099078
72,46,4510,0.19155964,20.805872,5.0691476,0.6166311,0.15098454,0.15098454
72,47,4511,0.19156572,20.805933,5.068977,0.61660856,0.15097883,0.15097883
72,48,4512,0.19157857,20.807308,5.068815,0.6165985,0.1509687,0.1509687
72,49,4513,0.19158344,20.807901,5.0686054,0.6165817,0.1509614,0.1509614
72,50,4514,0.19159818,20.808859,5.068505,0.61659867,0.15095876,0.15095876
72,51,4515,0.19161984,20.812027,5.0683208,0.6165667,0.1509565,0.1509565
72,52,4516,0.1916273,20.812798,5.06819,0.6165365,0.15095298,0.15095298
72,53,4517,0.19164205,20.814558,5.0680056,0.6165107,0.15094936,0.15094936
72,54,4518,0.19164914,20.81561,5.067846,0.6165154,0.15094478,0.15094478
72,55,4519,0.1916582,20.81643,5.067601,0.6165083,0.15093878,0.15093878
72,56,4520,0.19166806,20.818018,5.067449,0.616511,0.15093504,0.15093504
72,57,4521,0.19167912,20.819645,5.0672436,0.6165018,0.15092659,0.15092659
72,58,4522,0.191693,20.82145,5.0670233,0.6164987,0.15091836,0.15091836
72,59,4523,0.19170532,20.822683,5.0667677,0.6164899,0.15090929,0.15090929
72,60,4524,0.19171923,20.823767,5.066696,0.61648345,0.15090331,0.15090331
72,61,4525,0.19172245,20.823885,5.066673,0.6164904,0.15089905,0.15089905
73,0,4526,0.19172949,20.824099,5.0665326,0.61650133,0.15089306,0.15089306
73,1,4527,0.19173807,20.824299,5.066392,0.6164951,0.15089093,0.15089093
73,2,4528,0.19175014,20.825523,5.06621,0.6165039,0.15088509,0.15088509
73,3,4529,0.19177249,20.8266,5.0661,0.61651134,0.15087628,0.15087628
73,4,4530,0.1917838,20.827314,5.0659695,0.6165301,0.15087321,0.15087321
73,5,4531,0.19179806,20.828676,5.0658264,0.6165543,0.15086538,0.15086538
73,6,4532,0.19180855,20.829975,5.0656767,0.6165295,0.1508611,0.1508611
73,7,4533,0.19181809,20.830515,5.0654774,0.6164907,0.15085581,0.15085581
73,8,4534,0.1918255,20.831194,5.0653305,0.6164677,0.15084986,0.15084986
73,9,4535,0.19182941,20.831644,5.065143,0.6165036,0.15084459,0.15084459
73,10,4536,0.19184154,20.832203,5.0649858,0.61650175,0.15083984,0.15083984
73,11,4537,0.19184686,20.832857,5.0647855,0.6164715,0.15083173,0.15083173
73,12,4538,0.19184965,20.833097,5.06457,0.6164457,0.15082507,0.15082507
73,13,4539,0.19185497,20.832937,5.0644,0.6164304,0.15082303,0.15082303
73,14,4540,0.19186202,20.833588,5.0643287,0.61643285,0.15081696,0.15081696
73,15,4541,0.19186974,20.834831,5.06422,0.6164394,0.15081172,0.15081172
73,16,4542,0.19187999,20.835999,5.064084,0.6164355,0.1508044,0.1508044
73,17,4543,0.19188407,20.836529,5.0639286,0.6164061,0.15080287,0.15080287
73,18,4544,0.19189173,20.8376,5.0637565,0.61641145,0.1507961,0.1507961
73,19,4545,0.19191131,20.840506,5.0636616,0.6164078,0.15079434,0.15079434
73,20,4546,0.1919275,20.84224,5.0634217,0.6163649,0.15078714,0.15078714
73,21,4547,0.19193448,20.843346,5.0632257,0.6163851,0.15078029,0.15078029
73,22,4548,0.1919497,20.844873,5.062999,0.6163845,0.15077037,0.15077037
73,23,4549,0.19196095,20.845865,5.0628977,0.61638963,0.15077017,0.15077017
73,24,4550,0.19196612,20.846672,5.062763,0.61643505,0.15076579,0.15076579
73,25,4551,0.19198433,20.848778,5.062586,0.6164093,0.1507597,0.1507597
73,26,4552,0.19199094,20.849308,5.0624547,0.61638546,0.15075403,0.15075403
73,27,4553,0.19200197,20.850498,5.0622463,0.6164234,0.15074459,0.15074459
73,28,4554,0.1920096,20.851503,5.0621734,0.6164516,0.15074527,0.15074527
73,29,4555,0.19201963,20.853142,5.06199,0.61641383,0.15073836,0.15073836
73,30,4556,0.19202423,20.853456,5.0617995,0.6163853,0.15073207,0.15073207
73,31,4557,0.1920368,20.853764,5.061675,0.61635244,0.15072687,0.15072687
73,32,4558,0.19203389,20.853218,5.061461,0.61635303,0.15071969,0.15071969
73,33,4559,0.19204351,20.853716,5.061283,0.61632997,0.15071245,0.15071245
73,34,4560,0.19205162,20.854733,5.061181,0.61629844,0.15070863,0.15070863
73,35,4561,0.19205528,20.854885,5.0610394,0.6162973,0.15070274,0.15070274
73,36,4562,0.19206236,20.855984,5.0608587,0.6162981,0.15069589,0.15069589
73,37,4563,0.19206926,20.856453,5.060698,0.6162895,0.15069102,0.15069102
73,38,4564,0.19208091,20.857916,5.0605645,0.6162769,0.1506879,0.1506879
73,39,4565,0.19210252,20.861258,5.060378,0.6162539,0.15068154,0.15068154
73,40,4566,0.19212016,20.862984,5.060181,0.61622626,0.15067643,0.15067643
73,41,4567,0.19213307,20.864231,5.059982,0.6161936,0.15066898,0.15066898
73,42,4568,0.19214146,20.865313,5.0598044,0.61614966,0.15066326,0.15066326
73,43,4569,0.19215587,20.867214,5.0596476,0.6161451,0.15065555,0.15065555
73,44,4570,0.19216815,20.867409,5.059447,0.6161381,0.15064666,0.15064666
73,45,4571,0.19218317,20.869076,5.059262,0.61613256,0.15063824,0.15063824
73,46,4572,0.19218987,20.869995,5.059053,0.61608016,0.15063412,0.15063412
73,47,4573,0.19219948,20.870796,5.0588293,0.6160538,0.15062715,0.15062715
73,48,4574,0.19219907,20.870975,5.058634,0.61602604,0.15062335,0.15062335
73,49,4575,0.19221327,20.871794,5.058396,0.61600596,0.15061623,0.15061623
73,50,4576,0.19221883,20.87212,5.0581346,0.61595273,0.15060821,0.15060821
73,51,4577,0.19222626,20.872711,5.057868,0.6159016,0.15060097,0.15060097
73,52,4578,0.19223507,20.874092,5.0577025,0.61587644,0.15059108,0.15059108
73,53,4579,0.1922492,20.874859,5.0575323,0.61584127,0.1505838,0.1505838
73,54,4580,0.19225697,20.874748,5.0573115,0.6157852,0.15057811,0.15057811
73,55,4581,0.1922653,20.875021,5.0571213,0.6157958,0.15056998,0.15056998
73,56,4582,0.19227415,20.875608,5.0568733,0.615776,0.15056148,0.15056148
73,57,4583,0.19228594,20.87564,5.0566998,0.61573654,0.15055838,0.15055838
73,58,4584,0.19229591,20.877155,5.0565734,0.6157631,0.1505508,0.1505508
73,59,4585,0.1923049,20.877861,5.056437,0.61577773,0.15054277,0.15054277
73,60,4586,0.19231641,20.87973,5.056315,0.61578166,0.15054128,0.15054128
73,61,4587,0.1923225,20.88002,5.056142,0.6157864,0.15053952,0.15053952
74,0,4588,0.1923367,20.881388,5.055974,0.6157665,0.1505353,0.1505353
74,1,4589,0.1923475,20.88306,5.055742,0.61577964,0.15052928,0.15052928
74,2,4590,0.19235805,20.884285,5.055566,0.61576873,0.150524,0.150524
74,3,4591,0.19236585,20.885412,5.0554347,0.6157673,0.1505176,0.1505176
74,4,4592,0.19238159,20.887049,5.055271,0.61576605,0.15051594,0.15051594
74,5,4593,0.19239299,20.888618,5.055008,0.6157331,0.15050738,0.15050738
74,6,4594,0.19240563,20.890322,5.054895,0.6157698,0.15050207,0.15050207
74,7,4595,0.19241497,20.890242,5.0546913,0.6157569,0.15049477,0.15049477
74,8,4596,0.19242305,20.891413,5.0545416,0.6157142,0.15049091,0.15049091
74,9,4597,0.19243123,20.892685,5.054303,0.6156897,0.15048458,0.15048458
74,10,4598,0.19243789,20.893232,5.054145,0.6157033,0.15047865,0.15047865
74,11,4599,0.19244227,20.893679,5.053923,0.61568254,0.15047106,0.15047106
74,12,4600,0.192444,20.893726,5.053705,0.61566216,0.15046066,0.15046066
74,13,4601,0.19245374,20.894629,5.0535464,0.61570746,0.15045647,0.15045647
74,14,4602,0.19246773,20.89566,5.053477,0.6157021,0.15045257,0.15045257
74,15,4603,0.19247949,20.896969,5.053346,0.61568594,0.15044479,0.15044479
74,16,4604,0.19249806,20.89725,5.0531473,0.6156575,0.15043862,0.15043862
74,17,4605,0.19251297,20.898224,5.0529838,0.6156459,0.15043065,0.15043065
74,18,4606,0.19252367,20.899912,5.052798,0.6156221,0.15042447,0.15042447
74,19,4607,0.19253492,20.900753,5.0527177,0.6156429,0.15041876,0.15041876
74,20,4608,0.19255286,20.901888,5.052572,0.6156252,0.1504097,0.1504097
74,21,4609,0.19256112,20.90247,5.0525684,0.6156124,0.15041018,0.15041018
74,22,4610,0.19257589,20.903475,5.0524206,0.61558986,0.15040569,0.15040569
74,23,4611,0.1925849,20.904703,5.052216,0.615576,0.15039702,0.15039702
74,24,4612,0.19259417,20.905674,5.052101,0.6155806,0.15039185,0.15039185
74,25,4613,0.19259977,20.90601,5.0519958,0.6156032,0.15038514,0.15038514
74,26,4614,0.19261122,20.9068,5.051735,0.6155644,0.15037748,0.15037748
74,27,4615,0.19261974,20.907625,5.0515194,0.615575,0.1503717,0.1503717
74,28,4616,0.1926303,20.908371,5.051421,0.6155712,0.15036741,0.15036741
74,29,4617,0.1926502,20.911318,5.051293,0.6155881,0.15035889,0.15035889
74,30,4618,0.19266865,20.913074,5.0511127,0.6155462,0.15035231,0.15035231
74,31,4619,0.19267297,20.91333,5.0509458,0.61551696,0.15034676,0.15034676
74,32,4620,0.19269189,20.916084,5.050717,0.61548656,0.15033865,0.15033865
74,33,4621,0.19269997,20.917202,5.050503,0.6155102,0.15032916,0.15032916
74,34,4622,0.19270454,20.91743,5.050264,0.6154949,0.15031996,0.15031996
74,35,4623,0.19271661,20.918596,5.0500417,0.6154784,0.15031642,0.15031642
74,36,4624,0.19273132,20.920437,5.04977,0.615448,0.15031202,0.15031202
74,37,4625,0.19273978,20.921356,5.049588,0.61547816,0.15030429,0.15030429
74,38,4626,0.19275035,20.922882,5.0493894,0.6154709,0.1502969,0.1502969
74,39,4627,0.19275987,20.923727,5.04929,0.615483,0.15029272,0.15029272
74,40,4628,0.19277053,20.924932,5.0491447,0.61546624,0.15028845,0.15028845
74,41,4629,0.19278522,20.92583,5.049066,0.61545986,0.15028276,0.15028276
74,42,4630,0.19280954,20.927338,5.048937,0.61546063,0.15027586,0.15027586
74,43,4631,0.19282293,20.928493,5.0487895,0.61543053,0.15027134,0.15027134
74,44,4632,0.19282675,20.928223,5.048658,0.61540014,0.150266,0.150266
74,45,4633,0.19283237,20.928154,5.048525,0.615414,0.15026128,0.15026128
74,46,4634,0.19284882,20.93028,5.0483327,0.6153863,0.15025696,0.15025696
74,47,4635,0.1928621,20.931744,5.048107,0.6153472,0.15024929,0.15024929
74,48,4636,0.19287483,20.932964,5.0478983,0.6153372,0.15023929,0.15023929
74,49,4637,0.19288525,20.933594,5.04774,0.615329,0.15023421,0.15023421
74,50,4638,0.19289157,20.934135,5.0475197,0.6153115,0.15022394,0.15022394
74,51,4639,0.19289953,20.934483,5.047356,0.61529833,0.15021707,0.15021707
74,52,4640,0.19291325,20.936403,5.047198,0.6152943,0.15021028,0.15021028
74,53,4641,0.19292471,20.93856,5.047005,0.615269,0.15020284,0.15020284
74,54,4642,0.1929366,20.940554,5.0468254,0.61528206,0.15019478,0.15019478
74,55,4643,0.19295622,20.943087,5.046671,0.61529666,0.15019186,0.15019186
74,56,4644,0.19296184,20.943672,5.0464287,0.61528045,0.15018567,0.15018567
74,57,4645,0.1929723,20.944427,5.046196,0.61524075,0.15017667,0.15017667
74,58,4646,0.19298232,20.945246,5.0460563,0.6152673,0.15017016,0.15017016
74,59,4647,0.19298957,20.945179,5.045889,0.6152584,0.15016714,0.15016714
74,60,4648,0.19299807,20.945103,5.0456867,0.61523825,0.15015972,0.15015972
74,61,4649,0.19300556,20.944944,5.0455346,0.6152323,0.15015477,0.15015477
75,0,4650,0.19302553,20.94565,5.0453367,0.61519384,0.15014736,0.15014736
75,1,4651,0.19303492,20.945978,5.0451765,0.6152201,0.15014012,0.15014012
75,2,4652,0.19303972,20.9459,5.044954,0.61517954,0.15013191,0.15013191
75,3,4653,0.19305143,20.946972,5.0447965,0.61517864,0.15012585,0.15012585
75,4,4654,0.19306251,20.948563,5.044606,0.61514294,0.15012065,0.15012065
75,5,4655,0.19306786,20.949299,5.044404,0.6151413,0.15011321,0.15011321
75,6,4656,0.1930793,20.9509,5.0441732,0.61512876,0.1501065,0.1501065
75,7,4657,0.19309127,20.952597,5.0440297,0.6150991,0.1501019,0.1501019
75,8,4658,0.19309872,20.953773,5.0438952,0.61510175,0.15009753,0.15009753
75,9,4659,0.19310376,20.954496,5.0436873,0.6150589,0.15009244,0.15009244
75,10,4660,0.1931133,20.95564,5.043422,0.6150236,0.15008312,0.15008312
75,11,4661,0.19311368,20.955124,5.043171,0.6149976,0.15007617,0.15007617
75,12,4662,0.19312216,20.955854,5.0429173,0.6149771,0.15006976,0.15006976
75,13,4663,0.19313373,20.956081,5.04269,0.6149347,0.15006168,0.15006168
75,14,4664,0.19314542,20.956308,5.0424504,0.614901,0.15005699,0.15005699
75,15,4665,0.19315796,20.956728,5.0423727,0.6149176,0.15004726,0.15004726
75,16,4666,0.19317374,20.959124,5.042231,0.614939,0.1500411,0.1500411
75,17,4667,0.19319284,20.960827,5.0421414,0.6149775,0.15003388,0.15003388
75,18,4668,0.1932034,20.961704,5.0419703,0.6149687,0.15002638,0.15002638
75,19,4669,0.19323014,20.965275,5.0416827,0.6149131,0.15001954,0.15001954
75,20,4670,0.19324525,20.967304,5.041497,0.6148808,0.15001501,0.15001501
75,21,4671,0.19325745,20.969141,5.0412846,0.6148777,0.15000774,0.15000774
75,22,4672,0.19326511,20.969275,5.041146,0.61486346,0.15000351,0.15000351
75,23,4673,0.1932739,20.970778,5.041116,0.6148759,0.14999734,0.14999734
75,24,4674,0.19328424,20.972042,5.0411444,0.61489546,0.1499965,0.1499965
75,25,4675,0.19330268,20.973486,5.0409822,0.61492157,0.14998947,0.14998947
75,26,4676,0.19331235,20.97468,5.0408306,0.61492956,0.14998141,0.14998141
75,27,4677,0.193326,20.97615,5.040637,0.61493236,0.14997528,0.14997528
75,28,4678,0.19333565,20.977625,5.040414,0.6149085,0.1499657,0.1499657
75,29,4679,0.19335757,20.979124,5.0402403,0.6148797,0.14996067,0.14996067
75,30,4680,0.19337365,20.981186,5.040045,0.61483985,0.1499528,0.1499528
75,31,4681,0.19339034,20.983095,5.0398555,0.6148555,0.14994532,0.14994532
75,32,4682,0.19340964,20.984892,5.0397873,0.61489326,0.14994337,0.14994337
75,33,4683,0.19341931,20.985872,5.0396667,0.6148859,0.14993663,0.14993663
75,34,4684,0.19343142,20.987335,5.0394487,0.61489123,0.14992727,0.14992727
75,35,4685,0.19344354,20.988964,5.03924,0.6148938,0.14992176,0.14992176
75,36,4686,0.19345444,20.990294,5.0390196,0.61490214,0.14991082,0.14991082
75,37,4687,0.19346592,20.991602,5.0388494,0.6148945,0.14990358,0.14990358
75,38,4688,0.19347462,20.992575,5.038688,0.61490464,0.14989768,0.14989768
75,39,4689,0.19348639,20.993591,5.038583,0.61490417,0.14989182,0.14989182
75,40,4690,0.193499,20.994383,5.038434,0.614919,0.14988647,0.14988647
75,41,4691,0.19351397,20.996027,5.038336,0.6148933,0.14987998,0.14987998
75,42,4692,0.19352108,20.996586,5.038197,0.61489683,0.14987232,0.14987232
75,43,4693,0.19352917,20.997091,5.0380855,0.61492354,0.14987062,0.14987062
75,44,4694,0.19354504,20.998392,5.0379534,0.6149105,0.14986384,0.14986384
75,45,4695,0.19355246,20.99955,5.037806,0.61492795,0.14985912,0.14985912
75,46,4696,0.19356343,21.001253,5.037608,0.6149072,0.14985237,0.14985237
75,47,4697,0.19357325,21.003056,5.037355,0.6148726,0.14984566,0.14984566
75,48,4698,0.19358167,21.004087,5.03716,0.6148555,0.14983971,0.14983971
75,49,4699,0.19359168,21.005032,5.0370464,0.61489606,0.14982879,0.14982879
75,50,4700,0.19359905,21.005548,5.0369616,0.61491424,0.14982383,0.14982383
75,51,4701,0.19360608,21.006344,5.0368915,0.6149166,0.14982182,0.14982182
75,52,4702,0.19361505,21.007273,5.036764,0.61489946,0.14981985,0.14981985
75,53,4703,0.19362769,21.008474,5.036713,0.61490476,0.1498173,0.1498173
75,54,4704,0.19365038,21.009937,5.0365553,0.61489713,0.14981021,0.14981021
75,55,4705,0.19366406,21.01114,5.036378,0.6149026,0.14980586,0.14980586
75,56,4706,0.19366972,21.012182,5.0362587,0.6149266,0.14980099,0.14980099
75,57,4707,0.19367412,21.013237,5.0361753,0.6149529,0.14979774,0.14979774
75,58,4708,0.1936962,21.015951,5.0362363,0.61494017,0.1497924,0.1497924
75,59,4709,0.19371256,21.018324,5.0363083,0.61498106,0.14978719,0.14978719
75,60,4710,0.19372308,21.019733,5.0362244,0.6150013,0.14978367,0.14978367
75,61,4711,0.19373848,21.021667,5.0361986,0.6150495,0.14977904,0.14977904
76,0,4712,0.19375312,21.023712,5.036037,0.61503386,0.14977217,0.14977217
76,1,4713,0.19376512,21.02497,5.035804,0.61502206,0.14976633,0.14976633
76,2,4714,0.19377351,21.026203,5.0356307,0.6150408,0.14975719,0.14975719
76,3,4715,0.19378339,21.02765,5.0354643,0.61504054,0.14975281,0.14975281
76,4,4716,0.1937883,21.028536,5.0353556,0.6150334,0.1497511,0.1497511
76,5,4717,0.19379053,21.028889,5.03518,0.61500704,0.14974676,0.14974676
76,6,4718,0.19379488,21.028965,5.0352187,0.61503303,0.14974265,0.14974265
76,7,4719,0.19380245,21.029593,5.0351243,0.61502516,0.14973922,0.14973922
76,8,4720,0.19381937,21.031843,5.0350275,0.6150107,0.14973438,0.14973438
76,9,4721,0.19382527,21.032866,5.034921,0.61505646,0.14972565,0.14972565
76,10,4722,0.19384062,21.034367,5.0347667,0.61506546,0.14972378,0.14972378
76,11,4723,0.19384643,21.035397,5.034478,0.6150502,0.14971547,0.14971547
76,12,4724,0.19385293,21.036587,5.0342836,0.6150495,0.14971061,0.14971061
76,13,4725,0.1938648,21.037432,5.034047,0.61501634,0.14970654,0.14970654
76,14,4726,0.19387718,21.03833,5.033882,0.615042,0.14970012,0.14970012
76,15,4727,0.19388193,21.038809,5.0337167,0.61504835,0.14969501,0.14969501
76,16,4728,0.19389382,21.041111,5.0335164,0.61506724,0.14968622,0.14968622
76,17,4729,0.19391233,21.044054,5.033333,0.61504567,0.14967874,0.14967874
76,18,4730,0.19392377,21.04609,5.033156,0.6150825,0.14966854,0.14966854
76,19,4731,0.19392517,21.046757,5.0328913,0.61505604,0.14966108,0.14966108
76,20,4732,0.19393364,21.048195,5.032662,0.6150529,0.14965326,0.14965326
76,21,4733,0.19393711,21.048557,5.0324674,0.61505175,0.14964628,0.14964628
76,22,4734,0.19394025,21.049034,5.0323415,0.6150686,0.14964713,0.14964713
76,23,4735,0.19395028,21.050198,5.0321484,0.61508244,0.14964359,0.14964359
76,24,4736,0.19396487,21.051622,5.031925,0.6150726,0.14963575,0.14963575
76,25,4737,0.19397181,21.052736,5.0316978,0.6150655,0.14963177,0.14963177
76,26,4738,0.19397691,21.05329,5.031585,0.61507887,0.14962521,0.14962521
76,27,4739,0.1939872,21.054274,5.03148,0.61508834,0.14962204,0.14962204
76,28,4740,0.19399258,21.054283,5.031264,0.6150602,0.14961635,0.14961635
76,29,4741,0.19400355,21.055138,5.031127,0.6150527,0.14961092,0.14961092
76,30,4742,0.19402224,21.056658,5.0309887,0.6150742,0.149603,0.149603
76,31,4743,0.19403899,21.057997,5.0307784,0.6150569,0.14959635,0.14959635
76,32,4744,0.19404691,21.058516,5.0305815,0.61505353,0.14958759,0.14958759
76,33,4745,0.19405764,21.060022,5.030317,0.6150342,0.14958014,0.14958014
76,34,4746,0.19406259,21.060743,5.03012,0.61502206,0.14957277,0.14957277
76,35,4747,0.1940705,21.061884,5.029922,0.6149865,0.14956494,0.14956494
76,36,4748,0.19407362,21.06234,5.029721,0.61499166,0.14955981,0.14955981
76,37,4749,0.19408149,21.06302,5.0296254,0.61500645,0.14955764,0.14955764
76,38,4750,0.19409508,21.06387,5.029473,0.61497587,0.14955278,0.14955278
76,39,4751,0.1941041,21.06452,5.029372,0.61498326,0.14954701,0.14954701
76,40,4752,0.19411656,21.06635,5.0291886,0.61498827,0.14953902,0.14953902
76,41,4753,0.19413641,21.06929,5.0290804,0.61502695,0.14953536,0.14953536
76,42,4754,0.19414277,21.069857,5.0289145,0.61501545,0.14953059,0.14953059
76,43,4755,0.19416071,21.072084,5.0287995,0.6149918,0.14952487,0.14952487
76,44,4756,0.19417298,21.073572,5.028552,0.6149956,0.14951603,0.14951603
76,45,4757,0.19418526,21.075659,5.0283422,0.61502963,0.14950858,0.14950858
76,46,4758,0.19419715,21.07718,5.0281544,0.61501265,0.14949699,0.14949699
76,47,4759,0.1942086,21.078602,5.0280266,0.61505854,0.14949057,0.14949057
76,48,4760,0.19423035,21.080744,5.0278645,0.6150489,0.1494858,0.1494858
76,49,4761,0.19424346,21.081762,5.02767,0.6150253,0.14947735,0.14947735
76,50,4762,0.1942581,21.083035,5.027486,0.6150352,0.1494699,0.1494699
76,51,4763,0.19426808,21.08444,5.027347,0.61506945,0.14946228,0.14946228
76,52,4764,0.19427544,21.085432,5.027232,0.6150845,0.14945908,0.14945908
76,53,4765,0.19427833,21.08585,5.027086,0.6150942,0.14945559,0.14945559
76,54,4766,0.19428849,21.086855,5.026869,0.6150697,0.14944828,0.14944828
76,55,4767,0.19429524,21.087788,5.0266714,0.6150307,0.14944106,0.14944106
76,56,4768,0.19430678,21.089098,5.026499,0.6150423,0.14943925,0.14943925
76,57,4769,0.194319,21.08994,5.026222,0.6149947,0.1494324,0.1494324
76,58,4770,0.1943337,21.090689,5.0260124,0.6149763,0.14942627,0.14942627
76,59,4771,0.19434835,21.09268,5.025898,0.6150043,0.1494214,0.1494214
76,60,4772,0.1943587,21.094086,5.025729,0.61501676,0.14941704,0.14941704
76,61,4773,0.1943659,21.095118,5.0255327,0.6149887,0.14940852,0.14940852
77,0,4774,0.194372,21.095575,5.0254607,0.61497915,0.14940758,0.14940758
77,1,4775,0.19437802,21.096666,5.0253396,0.61496055,0.14940289,0.14940289
77,2,4776,0.19438478,21.09752,5.025257,0.6149889,0.14939825,0.14939825
77,3,4777,0.19439927,21.099892,5.0251055,0.61501443,0.1493907,0.1493907
77,4,4778,0.19440687,21.100552,5.0250597,0.61504745,0.14938588,0.14938588
77,5,4779,0.19441085,21.100777,5.024952,0.61507934,0.1493763,0.1493763
77,6,4780,0.19441456,21.100658,5.0248427,0.6150515,0.1493694,0.1493694
77,7,4781,0.19443046,21.101639,5.024755,0.6150524,0.14936705,0.14936705
77,8,4782,0.19443685,21.101734,5.0246572,0.61505383,0.14936027,0.14936027
77,9,4783,0.19444266,21.102285,5.0244727,0.6149912,0.1493539,0.1493539
77,10,4784,0.19444804,21.103004,5.0244193,0.61499184,0.1493475,0.1493475
77,11,4785,0.19445214,21.10299,5.024451,0.6150225,0.14934665,0.14934665
77,12,4786,0.19445929,21.103823,5.0243196,0.61501026,0.14934336,0.14934336
77,13,4787,0.19447507,21.105793,5.0242143,0.6150452,0.14933836,0.14933836
77,14,4788,0.19449118,21.108562,5.024028,0.61503255,0.14933635,0.14933635
77,15,4789,0.1945051,21.110249,5.0237865,0.6150382,0.14932969,0.14932969
77,16,4790,0.19450675,21.110811,5.023587,0.61503875,0.14932652,0.14932652
77,17,4791,0.19451766,21.11205,5.0234222,0.6149948,0.14931813,0.14931813
77,18,4792,0.19452342,21.112709,5.0234275,0.6150229,0.1493131,0.1493131
77,19,4793,0.19454086,21.11496,5.023314,0.61505723,0.1493115,0.1493115
77,20,4794,0.19455346,21.115484,5.023247,0.615057,0.14930658,0.14930658
77,21,4795,0.19457452,21.116486,5.023115,0.61505914,0.14930359,0.14930359
77,22,4796,0.19459274,21.118114,5.0229077,0.61502385,0.14929917,0.14929917
77,23,4797,0.19460118,21.119368,5.0227323,0.6150327,0.14929381,0.14929381
77,24,4798,0.19461003,21.120155,5.022591,0.6150298,0.14929073,0.14929073
77,25,4799,0.19462042,21.12143,5.0223203,0.61499685,0.14928095,0.14928095
77,26,4800,0.19463322,21.12209,5.022091,0.6149747,0.14927556,0.14927556
77,27,4801,0.19464274,21.123154,5.0218835,0.61496377,0.14927013,0.14927013
77,28,4802,0.19464779,21.12384,5.0217676,0.6149691,0.14926542,0.14926542
77,29,4803,0.1946589,21.125164,5.021684,0.6149526,0.14925876,0.14925876
77,30,4804,0.19466722,21.12622,5.021527,0.6149335,0.14925295,0.14925295
77,31,4805,0.19468194,21.127708,5.021394,0.61491203,0.14925016,0.14925016
77,32,4806,0.19469474,21.129477,5.021207,0.61490387,0.1492432,0.1492432
77,33,4807,0.19470398,21.130657,5.0211244,0.6149444,0.14923973,0.14923973
77,34,4808,0.19474232,21.13754,5.0209374,0.6149145,0.14923225,0.14923225
77,35,4809,0.19476604,21.141508,5.020852,0.6149169,0.14922822,0.14922822
77,36,4810,0.1947748,21.142933,5.0207024,0.61494195,0.14922242,0.14922242
77,37,4811,0.19478205,21.1437,5.0205536,0.6149516,0.14921334,0.14921334
77,38,4812,0.19478928,21.14457,5.020398,0.6149315,0.14921007,0.14921007
77,39,4813,0.19479911,21.14512,5.0202265,0.61492896,0.14920452,0.14920452
77,40,4814,0.19481172,21.145313,5.0200677,0.6149069,0.14919953,0.14919953
77,41,4815,0.19482118,21.146307,5.019912,0.6148714,0.14919512,0.14919512
77,42,4816,0.19482926,21.146847,5.0197325,0.61486816,0.14918758,0.14918758
77,43,4817,0.19484226,21.148432,5.0194597,0.61482507,0.14918122,0.14918122
77,44,4818,0.19485138,21.149906,5.01919,0.6147726,0.14917427,0.14917427
77,45,4819,0.19486097,21.151485,5.0189986,0.6147525,0.1491675,0.1491675
77,46,4820,0.19486493,21.151745,5.0188255,0.6147455,0.14916067,0.14916067
77,47,4821,0.19487587,21.152569,5.0186725,0.6147344,0.14915378,0.14915378
77,48,4822,0.19488743,21.153603,5.0184827,0.61471105,0.14914633,0.14914633
77,49,4823,0.19489609,21.154789,5.018299,0.6146952,0.14913562,0.14913562
77,50,4824,0.1949077,21.154995,5.0181594,0.6147152,0.14913175,0.14913175
77,51,4825,0.19492045,21.155945,5.0179653,0.61468136,0.14912325,0.14912325
77,52,4826,0.19492698,21.156544,5.017843,0.6146919,0.14911719,0.14911719
77,53,4827,0.19493277,21.156305,5.017719,0.6146971,0.1491107,0.1491107
77,54,4828,0.19494173,21.156378,5.017534,0.61469287,0.14910357,0.14910357
77,55,4829,0.19494632,21.157057,5.017387,0.6146991,0.14910027,0.14910027
77,56,4830,0.19495305,21.158005,5.0172896,0.61474025,0.14909919,0.14909919
77,57,4831,0.19495955,21.158318,5.017083,0.61470693,0.14909375,0.14909375
77,58,4832,0.19497445,21.159327,5.0168595,0.6147079,0.1490872,0.1490872
77,59,4833,0.19498238,21.159792,5.016625,0.61467963,0.1490805,0.1490805
77,60,4834,0.19498974,21.16133,5.016446,0.6146718,0.14907438,0.14907438
77,61,4835,0.19500595,21.16284,5.0163207,0.6146593,0.14906707,0.14906707
78,0,4836,0.19501029,21.16293,5.0162263,0.6146509,0.14906035,0.14906035
78,1,4837,0.1950211,21.163591,5.0160117,0.6146268,0.14905214,0.14905214
78,2,4838,0.19502723,21.16414,5.01588,0.614627,0.1490474,0.1490474
78,3,4839,0.19503535,21.165314,5.015757,0.6146272,0.14904098,0.14904098
78,4,4840,0.19503751,21.165033,5.015652,0.61465013,0.14903364,0.14903364
78,5,4841,0.19503632,21.164772,5.0155416,0.61466604,0.14902647,0.14902647
78,6,4842,0.19504751,21.166016,5.015401,0.61471176,0.14902021,0.14902021
78,7,4843,0.19506033,21.167105,5.015251,0.614714,0.14901692,0.14901692
78,8,4844,0.19506748,21.167778,5.015084,0.6146926,0.14900894,0.14900894
78,9,4845,0.19507328,21.168335,5.0149174,0.6147044,0.14900064,0.14900064
78,10,4846,0.19508621,21.169518,5.014695,0.61471117,0.1489945,0.1489945
78,11,4847,0.19509631,21.17075,5.0144973,0.61469865,0.14898664,0.14898664
78,12,4848,0.19510692,21.17234,5.0143743,0.6147176,0.14898278,0.14898278
78,13,4849,0.19512406,21.174892,5.014277,0.61474097,0.14897771,0.14897771
78,14,4850,0.19513264,21.176,5.01415,0.6147356,0.14897685,0.14897685
78,15,4851,0.19513561,21.175735,5.014015,0.6147025,0.14897072,0.14897072
78,16,4852,0.19514495,21.175714,5.013829,0.6146752,0.14896625,0.14896625
78,17,4853,0.19515413,21.176514,5.0136333,0.61465865,0.14895847,0.14895847
78,18,4854,0.19516477,21.176836,5.0134544,0.6146352,0.14895397,0.14895397
78,19,4855,0.19516906,21.176949,5.0132785,0.6146099,0.14895026,0.14895026
78,20,4856,0.19518283,21.17844,5.013172,0.61462,0.1489458,0.1489458
78,21,4857,0.1951876,21.178524,5.013029,0.6146078,0.14893647,0.14893647
78,22,4858,0.1952142,21.179703,5.0129538,0.6146396,0.1489343,0.1489343
78,23,4859,0.19521958,21.179888,5.0129113,0.6146874,0.14892972,0.14892972
78,24,4860,0.19523615,21.181065,5.012736,0.61469436,0.14892255,0.14892255
78,25,4861,0.19525167,21.182901,5.0125537,0.6147135,0.14891638,0.14891638
78,26,4862,0.19525917,21.184015,5.012452,0.6147421,0.14890854,0.14890854
78,27,4863,0.19527437,21.185987,5.0123644,0.61473453,0.1489053,0.1489053
78,28,4864,0.19528477,21.18699,5.0122914,0.6147677,0.14890432,0.14890432
78,29,4865,0.19529295,21.187893,5.012098,0.61478496,0.14889689,0.14889689
78,30,4866,0.19530386,21.189571,5.0119085,0.61477447,0.14889136,0.14889136
78,31,4867,0.1953223,21.191963,5.011742,0.6147753,0.14888172,0.14888172
78,32,4868,0.19533437,21.193542,5.0116577,0.61479026,0.14887571,0.14887571
78,33,4869,0.19534573,21.194906,5.0114775,0.6147723,0.1488719,0.1488719
78,34,4870,0.19536065,21.196741,5.0112815,0.6147621,0.14886694,0.14886694
78,35,4871,0.19536938,21.197725,5.0111327,0.6147612,0.14886443,0.14886443
78,36,4872,0.19538106,21.199852,5.010953,0.6147513,0.1488576,0.1488576
78,37,4873,0.19538914,21.201128,5.0107107,0.6147277,0.14885306,0.14885306
78,38,4874,0.19539896,21.201664,5.010584,0.61474967,0.14884779,0.14884779
78,39,4875,0.19540457,21.202621,5.010485,0.61476594,0.1488442,0.1488442
78,40,4876,0.19542068,21.204653,5.0103197,0.61474526,0.14883909,0.14883909
78,41,4877,0.19542092,21.204714,5.0101604,0.6147464,0.14883281,0.14883281
78,42,4878,0.19542983,21.20525,5.0099974,0.6146984,0.1488287,0.1488287
78,43,4879,0.19543776,21.206331,5.0098386,0.61469275,0.14882073,0.14882073
78,44,4880,0.19544414,21.207293,5.0097055,0.6146962,0.14881615,0.14881615
78,45,4881,0.19545485,21.208218,5.009596,0.61469346,0.1488107,0.1488107
78,46,4882,0.19546272,21.209314,5.0094285,0.61465836,0.14880484,0.14880484
78,47,4883,0.19546862,21.210274,5.009281,0.61465234,0.14879872,0.14879872
78,48,4884,0.19548514,21.211407,5.009144,0.61463225,0.14879411,0.14879411
78,49,4885,0.19548976,21.211748,5.00898,0.6146335,0.1487875,0.1487875
78,50,4886,0.1955029,21.213043,5.0088143,0.6146464,0.14878628,0.14878628
78,51,4887,0.19551837,21.214453,5.008589,0.61465245,0.14877817,0.14877817
78,52,4888,0.1955419,21.21613,5.008486,0.6146486,0.14877526,0.14877526
78,53,4889,0.19555168,21.21647,5.008363,0.61465985,0.14876877,0.14876877
78,54,4890,0.19556163,21.217384,5.0081544,0.6146452,0.14876387,0.14876387
78,55,4891,0.19557002,21.217983,5.0079193,0.6146159,0.14875978,0.14875978
78,56,4892,0.19558403,21.218878,5.007705,0.6145952,0.14875554,0.14875554
78,57,4893,0.19559784,21.220516,5.00744,0.614541,0.14874831,0.14874831
78,58,4894,0.19560936,21.22238,5.007249,0.61451316,0.14874141,0.14874141
78,59,4895,0.19561628,21.222696,5.0071287,0.61451924,0.1487373,0.1487373
78,60,4896,0.19562487,21.223099,5.0069175,0.614515,0.14872827,0.14872827
78,61,4897,0.1956293,21.223793,5.0067544,0.6144989,0.1487221,0.1487221
79,0,4898,0.1956315,21.224356,5.006581,0.6144737,0.14871512,0.14871512
79,1,4899,0.19563548,21.225014,5.006407,0.61448467,0.14871028,0.14871028
79,2,4900,0.1956453,21.226305,5.0062613,0.6145193,0.14870219,0.14870219
79,3,4901,0.19565776,21.226704,5.006175,0.61451554,0.14869964,0.14869964
79,4,4902,0.19566858,21.228292,5.006089,0.61450136,0.14869542,0.14869542
79,5,4903,0.19568023,21.229149,5.005934,0.61447144,0.14869209,0.14869209
79,6,4904,0.19568795,21.229757,5.0057626,0.6144775,0.14868681,0.14868681
79,7,4905,0.19569758,21.230602,5.005633,0.6144712,0.14868379,0.14868379
79,8,4906,0.19570696,21.231785,5.0054407,0.6144619,0.14867552,0.14867552
79,9,4907,0.19571126,21.232286,5.005291,0.61446583,0.14866818,0.14866818
79,10,4908,0.19571412,21.231947,5.005139,0.6144478,0.14866403,0.14866403
79,11,4909,0.19572102,21.232903,5.005054,0.614395,0.14866221,0.14866221
79,12,4910,0.19572316,21.232922,5.00489,0.61435556,0.14865653,0.14865653
79,13,4911,0.19573255,21.233622,5.0047517,0.6143452,0.14865163,0.14865163
79,14,4912,0.19574508,21.234476,5.004524,0.6143151,0.14864682,0.14864682
79,15,4913,0.19575384,21.235292,5.004394,0.6143118,0.14864142,0.14864142
79,16,4914,0.19576564,21.236715,5.0043106,0.61433905,0.14863777,0.14863777
79,17,4915,0.19577008,21.237299,5.0041704,0.61432874,0.14863336,0.14863336
79,18,4916,0.19578114,21.239107,5.003942,0.6143172,0.14862569,0.14862569
79,19,4917,0.19579406,21.240791,5.0037045,0.61429715,0.14862035,0.14862035
79,20,4918,0.19580239,21.241161,5.003494,0.6142739,0.14861618,0.14861618
79,21,4919,0.19581887,21.243149,5.0032964,0.6142685,0.14861114,0.14861114
79,22,4920,0.19584711,21.246927,5.003161,0.6142546,0.14860626,0.14860626
79,23,4921,0.195862,21.24841,5.002977,0.614258,0.14860076,0.14860076
79,24,4922,0.19586916,21.248909,5.0028543,0.6143149,0.14859617,0.14859617
79,25,4923,0.19587645,21.25005,5.0027122,0.6142833,0.14859234,0.14859234
79,26,4924,0.19589241,21.252575,5.002484,0.61425287,0.14858547,0.14858547
79,27,4925,0.19589692,21.252756,5.0022593,0.61421776,0.14857848,0.14857848
79,28,4926,0.19590554,21.253325,5.0020576,0.61421174,0.14857382,0.14857382
79,29,4927,0.1959231,21.254536,5.0019326,0.6142134,0.14857198,0.14857198
79,30,4928,0.19593276,21.256258,5.001828,0.6142378,0.14856616,0.14856616
79,31,4929,0.19594263,21.257347,5.0016127,0.6142456,0.14855844,0.14855844
79,32,4930,0.1959496,21.25878,5.001406,0.61423814,0.14855099,0.14855099
79,33,4931,0.19595556,21.26014,5.001206,0.61423314,0.14854571,0.14854571
79,34,4932,0.19596621,21.262115,5.000986,0.61420196,0.14854078,0.14854078
79,35,4933,0.19596557,21.26184,5.0008388,0.61417496,0.14853582,0.14853582
79,36,4934,0.19597255,21.261555,5.0006557,0.61414135,0.14853245,0.14853245
79,37,4935,0.1959868,21.262983,5.000585,0.61416316,0.14852619,0.14852619
79,38,4936,0.19599785,21.264194,5.0004506,0.61415905,0.14852548,0.14852548
79,39,4937,0.19600295,21.265152,5.0003457,0.61420166,0.14852168,0.14852168
79,40,4938,0.19601992,21.267477,5.000165,0.614207,0.14851256,0.14851256
79,41,4939,0.19603726,21.27024,4.9999614,0.6142239,0.14850344,0.14850344
79,42,4940,0.19604655,21.271246,4.999713,0.6142214,0.14849591,0.14849591
79,43,4941,0.19605473,21.272446,4.999568,0.6142217,0.14849527,0.14849527
79,44,4942,0.19606543,21.272625,4.999472,0.61424184,0.14849216,0.14849216
79,45,4943,0.19607371,21.273104,4.999285,0.61424106,0.14848614,0.14848614
79,46,4944,0.1960783,21.27337,4.999072,0.6142238,0.14847757,0.14847757
79,47,4945,0.1961051,21.2769,4.99892,0.6142172,0.14847162,0.14847162
79,48,4946,0.19611065,21.277603,4.998792,0.61421305,0.1484686,0.1484686
79,49,4947,0.19611593,21.278704,4.9987264,0.6142014,0.14846347,0.14846347
79,50,4948,0.1961257,21.279898,4.998626,0.6142149,0.14845845,0.14845845
79,51,4949,0.19613102,21.280268,4.998455,0.61422956,0.14845468,0.14845468
79,52,4950,0.1961414,21.281187,4.9983215,0.6142512,0.14844818,0.14844818
79,53,4951,0.1961472,21.281837,4.9981565,0.6142826,0.14844254,0.14844254
79,54,4952,0.19616067,21.284172,4.998077,0.6142862,0.14843857,0.14843857
79,55,4953,0.19616371,21.28445,4.9978623,0.6142547,0.14843234,0.14843234
79,56,4954,0.19616997,21.28552,4.9977384,0.61427736,0.14842765,0.14842765
79,57,4955,0.19618179,21.287453,4.9975657,0.61425984,0.14842384,0.14842384
79,58,4956,0.19619079,21.288767,4.997361,0.61423165,0.1484171,0.1484171
79,59,4957,0.19619706,21.289412,4.99724,0.614249,0.1484081,0.1484081
79,60,4958,0.19620875,21.290272,4.997048,0.6142387,0.14840224,0.14840224
79,61,4959,0.19622342,21.290993,4.9968557,0.6142344,0.1483945,0.1483945
80,0,4960,0.19623266,21.2918,4.996661,0.6142662,0.14838569,0.14838569
80,1,4961,0.19623543,21.292353,4.996482,0.61428106,0.14837945,0.14837945
80,2,4962,0.19625086,21.294193,4.9964137,0.61432654,0.14837123,0.14837123
80,3,4963,0.19626454,21.296362,4.9962344,0.6142952,0.14836518,0.14836518
80,4,4964,0.1962718,21.297306,4.9960313,0.6142802,0.14835896,0.14835896
80,5,4965,0.19628187,21.298166,4.9958463,0.6142616,0.14835304,0.14835304
80,6,4966,0.19628727,21.298971,4.9956536,0.61426824,0.14834708,0.14834708
80,7,4967,0.1962961,21.300238,4.995433,0.6142558,0.1483415,0.1483415
80,8,4968,0.19630162,21.300728,4.995351,0.614235,0.14833997,0.14833997
80,9,4969,0.19630316,21.300293,4.9952145,0.6142086,0.14833768,0.14833768
80,10,4970,0.19630736,21.300533,4.9950657,0.61422956,0.14833206,0.14833206
80,11,4971,0.19631785,21.30123,4.9949274,0.6141952,0.1483309,0.1483309
80,12,4972,0.19632974,21.302452,4.994717,0.6142069,0.14832145,0.14832145
80,13,4973,0.19633755,21.303476,4.9945045,0.61416894,0.14831927,0.14831927
80,14,4974,0.19635123,21.30566,4.9943705,0.6141765,0.14831597,0.14831597
80,15,4975,0.19635531,21.306286,4.9941826,0.6141948,0.14830804,0.14830804
80,16,4976,0.1963618,21.307266,4.994015,0.6142082,0.14830114,0.14830114
80,17,4977,0.19637953,21.309889,4.993791,0.61419547,0.14829414,0.14829414
80,18,4978,0.1963852,21.310455,4.993629,0.61417365,0.14828585,0.14828585
80,19,4979,0.19638954,21.310858,4.9934964,0.6141751,0.14828275,0.14828275
80,20,4980,0.19640753,21.31219,4.9932923,0.614132,0.14827965,0.14827965
80,21,4981,0.19641413,21.312967,4.9931874,0.61412895,0.1482741,0.1482741
80,22,4982,0.19642463,21.313913,4.9930363,0.61411864,0.14826721,0.14826721
80,23,4983,0.19643356,21.31558,4.992896,0.6141242,0.14826155,0.14826155
80,24,4984,0.19643745,21.316332,4.9926677,0.61412144,0.14825514,0.14825514
80,25,4985,0.19644387,21.317095,4.9924316,0.61410135,0.14824913,0.14824913
80,26,4986,0.19645059,21.318045,4.992208,0.614092,0.14824204,0.14824204
80,27,4987,0.19646075,21.31938,4.9919953,0.61406857,0.14823663,0.14823663
80,28,4988,0.19647412,21.319876,4.9918003,0.614033,0.14823128,0.14823128
80,29,4989,0.19648051,21.320766,4.99159,0.6140295,0.14822502,0.14822502
80,30,4990,0.19648856,21.321419,4.991491,0.6140378,0.1482205,0.1482205
80,31,4991,0.19649833,21.32182,4.9913306,0.6140155,0.14821121,0.14821121
80,32,4992,0.19650787,21.322733,4.9911246,0.61400235,0.14820546,0.14820546
80,33,4993,0.1965163,21.324106,4.99092,0.61398,0.14819905,0.14819905
80,34,4994,0.19652183,21.324574,4.990776,0.61395824,0.14819562,0.14819562
80,35,4995,0.19653311,21.326273,4.990645,0.6139807,0.14818987,0.14818987
80,36,4996,0.19653384,21.325714,4.9903836,0.6139502,0.14818242,0.14818242
80,37,4997,0.1965469,21.326723,4.990168,0.6139172,0.14817369,0.14817369
80,38,4998,0.19656344,21.328487,4.990035,0.6139273,0.14816625,0.14816625
80,39,4999,0.19656917,21.329012,4.989933,0.6139586,0.14815964,0.14815964
80,40,5000,0.19658044,21.330372,4.989827,0.6139691,0.14815226,0.14815226
80,41,5001,0.1965945,21.332567,4.989784,0.6139626,0.14815246,0.14815246
80,42,5002,0.19660483,21.334631,4.9896684,0.6139527,0.148149,0.148149
80,43,5003,0.19661632,21.33683,4.989471,0.6139353,0.14814447,0.14814447
80,44,5004,0.1966222,21.338438,4.989368,0.6139649,0.14813812,0.14813812
80,45,5005,0.19663265,21.33967,4.9892344,0.61396134,0.1481338,0.1481338
80,46,5006,0.1966433,21.340893,4.9891043,0.6139516,0.14812668,0.14812668
80,47,5007,0.19664928,21.341774,4.9890075,0.6139241,0.1481196,0.1481196
80,48,5008,0.19665475,21.342655,4.988898,0.6139192,0.14811578,0.14811578
80,49,5009,0.1966664,21.343767,4.9888263,0.6139465,0.14810622,0.14810622
80,50,5010,0.19667664,21.345383,4.9886866,0.61393356,0.14810054,0.14810054
80,51,5011,0.1966874,21.346111,4.988519,0.6139097,0.14809474,0.14809474
80,52,5012,0.19669838,21.347567,4.9883566,0.61392283,0.14808835,0.14808835
80,53,5013,0.19670767,21.348173,4.988142,0.6139024,0.14808075,0.14808075
80,54,5014,0.19671714,21.34864,4.987953,0.6138977,0.14807692,0.14807692
80,55,5015,0.1967279,21.34935,4.9877744,0.61386573,0.1480716,0.1480716
80,56,5016,0.19673601,21.350252,4.9876323,0.6138505,0.14806846,0.14806846
80,57,5017,0.19674158,21.350687,4.987495,0.61385065,0.14806339,0.14806339
80,58,5018,0.19674456,21.35105,4.9873695,0.6138838,0.14805725,0.14805725
80,59,5019,0.19675642,21.35157,4.9872174,0.61384803,0.1480539,0.1480539
80,60,5020,0.1967677,21.352962,4.987045,0.61381805,0.14804962,0.14804962
80,61,5021,0.19677263,21.353394,4.9868765,0.613816,0.14804482,0.14804482
81,0,5022,0.19677931,21.354788,4.9867797,0.6138145,0.14803827,0.14803827
81,1,5023,0.19679004,21.355982,4.986669,0.6137881,0.14803404,0.14803404
81,2,5024,0.19679525,21.356586,4.986542,0.6138015,0.14802875,0.14802875
81,3,5025,0.19680426,21.357723,4.9864497,0.6138316,0.14802454,0.14802454
81,4,5026,0.19680622,21.358164,4.9863315,0.61384743,0.14801717,0.14801717
81,5,5027,0.1968086,21.35859,4.986234,0.6138696,0.14801219,0.14801219
81,6,5028,0.19682229,21.360565,4.9859915,0.61385506,0.14800465,0.14800465
81,7,5029,0.19682941,21.361526,4.985853,0.61387753,0.14799729,0.14799729
81,8,5030,0.19684066,21.3629,4.985655,0.6138748,0.14798811,0.14798811
81,9,5031,0.19684872,21.363716,4.9854813,0.6138721,0.14797826,0.14797826
81,10,5032,0.19685927,21.364334,4.98527,0.6138381,0.14797136,0.14797136
81,11,5033,0.19686171,21.364588,4.9850802,0.61382693,0.14796555,0.14796555
81,12,5034,0.1968675,21.364725,4.9848895,0.6138271,0.14795731,0.14795731
81,13,5035,0.19687425,21.365404,4.9846845,0.61381745,0.14795046,0.14795046
81,14,5036,0.19688722,21.36632,4.9845257,0.6137911,0.147947,0.147947
81,15,5037,0.19689745,21.367405,4.9844065,0.61379224,0.14794396,0.14794396
81,16,5038,0.19690697,21.36911,4.9842005,0.6137817,0.14793575,0.14793575
81,17,5039,0.1969148,21.370617,4.983998,0.61378145,0.14792572,0.14792572
81,18,5040,0.19693126,21.372608,4.983841,0.6137753,0.14791775,0.14791775
81,19,5041,0.19694087,21.37449,4.983711,0.6137551,0.14791444,0.14791444
81,20,5042,0.19694477,21.375273,4.9835987,0.61375713,0.14791042,0.14791042
81,21,5043,0.19695581,21.376383,4.9834485,0.6137379,0.14790536,0.14790536
81,22,5044,0.19696443,21.376759,4.983279,0.6137087,0.14789987,0.14789987
81,23,5045,0.19697058,21.377602,4.983106,0.6137087,0.14789094,0.14789094
81,24,5046,0.19697963,21.378319,4.982958,0.613708,0.14788835,0.14788835
81,25,5047,0.19699427,21.379807,4.982688,0.61370146,0.14788142,0.14788142
81,26,5048,0.19700757,21.381092,4.982484,0.61370045,0.14787571,0.14787571
81,27,5049,0.19701537,21.381586,4.982325,0.61368966,0.14787148,0.14787148
81,28,5050,0.19702394,21.382399,4.9820824,0.61366284,0.14786485,0.14786485
81,29,5051,0.1970315,21.383316,4.981908,0.61366415,0.14785707,0.14785707
81,30,5052,0.1970361,21.38449,4.981739,0.61368215,0.14785558,0.14785558
81,31,5053,0.19704837,21.385906,4.9816933,0.61366284,0.14785495,0.14785495
81,32,5054,0.19705832,21.386549,4.9815645,0.6136766,0.14785038,0.14785038
81,33,5055,0.19706672,21.386919,4.981384,0.61367786,0.14784233,0.14784233
81,34,5056,0.19707645,21.38808,4.981198,0.6136879,0.1478358,0.1478358
81,35,5057,0.19709107,21.38993,4.981072,0.6136955,0.14783145,0.14783145
81,36,5058,0.19710073,21.391333,4.9809713,0.6136898,0.1478252,0.1478252
81,37,5059,0.19710757,21.392366,4.9809055,0.6136942,0.14782251,0.14782251
81,38,5060,0.19711289,21.393242,4.980718,0.6136952,0.1478142,0.1478142
81,39,5061,0.1971209,21.39404,4.980564,0.61369324,0.14781018,0.14781018
81,40,5062,0.19713128,21.395842,4.9803667,0.613671,0.1478049,0.1478049
81,41,5063,0.1971429,21.397713,4.980231,0.6136867,0.14780027,0.14780027
81,42,5064,0.1971536,21.399632,4.9800377,0.6136818,0.14779577,0.14779577
81,43,5065,0.19716008,21.400864,4.979953,0.6137198,0.14779189,0.14779189
81,44,5066,0.19717495,21.40303,4.9798717,0.61371756,0.14778948,0.14778948
81,45,5067,0.19718449,21.403984,4.9798293,0.6137158,0.14778695,0.14778695
81,46,5068,0.19719507,21.405636,4.979821,0.61375564,0.14778313,0.14778313
81,47,5069,0.19720545,21.40706,4.979722,0.6137416,0.1477808,0.1477808
81,48,5070,0.19720915,21.407684,4.9797196,0.6137635,0.14777838,0.14777838
81,49,5071,0.1972211,21.408981,4.979564,0.61373335,0.1477696,0.1477696
81,50,5072,0.19722907,21.410122,4.97947,0.6137419,0.14776736,0.14776736
81,51,5073,0.19723335,21.410686,4.9794087,0.6137431,0.1477645,0.1477645
81,52,5074,0.1972408,21.41151,4.979188,0.61370116,0.14775799,0.14775799
81,53,5075,0.19725144,21.412554,4.978993,0.6137166,0.14775151,0.14775151
81,54,5076,0.19725682,21.412573,4.9787745,0.6137447,0.14774188,0.14774188
81,55,5077,0.19725981,21.412525,4.9785886,0.61373806,0.14773694,0.14773694
81,56,5078,0.19726452,21.413103,4.978401,0.6136883,0.14772965,0.14772965
81,57,5079,0.19726998,21.413202,4.978187,0.6136647,0.1477252,0.1477252
81,58,5080,0.19727921,21.413635,4.9780083,0.61364925,0.14771865,0.14771865
81,59,5081,0.19728479,21.41384,4.977902,0.61368924,0.14771365,0.14771365
81,60,5082,0.1973007,21.4152,4.9777822,0.6137164,0.14770862,0.14770862
81,61,5083,0.19731349,21.416101,4.977612,0.6136804,0.14770265,0.14770265
82,0,5084,0.19732374,21.41629,4.977558,0.6136533,0.14770143,0.14770143
82,1,5085,0.19732434,21.416647,4.977422,0.6136724,0.14769742,0.14769742
82,2,5086,0.19732489,21.416569,4.977297,0.6136813,0.14769326,0.14769326
82,3,5087,0.19733465,21.418324,4.977135,0.61369336,0.14768818,0.14768818
82,4,5088,0.19734451,21.419537,4.9770017,0.6137245,0.14768218,0.14768218
82,5,5089,0.1973579,21.421816,4.976808,0.61369956,0.14767383,0.14767383
82,6,5090,0.19737023,21.42305,4.9766793,0.61372435,0.14766958,0.14766958
82,7,5091,0.19737852,21.423658,4.976553,0.6137247,0.14766346,0.14766346
82,8,5092,0.19738668,21.42487,4.976416,0.6136955,0.14765792,0.14765792
82,9,5093,0.19739306,21.42519,4.976201,0.61365974,0.14765115,0.14765115
82,10,5094,0.1974048,21.425434,4.9760356,0.61366326,0.1476499,0.1476499
82,11,5095,0.19741878,21.426222,4.975879,0.61363363,0.14764519,0.14764519
82,12,5096,0.19743595,21.427471,4.9757257,0.613613,0.1476418,0.1476418
82,13,5097,0.19743893,21.427526,4.9755607,0.61360884,0.14763333,0.14763333
82,14,5098,0.19744971,21.428997,4.9754014,0.6135891,0.14762962,0.14762962
82,15,5099,0.19746083,21.430527,4.975271,0.6136235,0.14762114,0.14762114
82,16,5100,0.19747135,21.432014,4.9751763,0.61362493,0.14761785,0.14761785
82,17,5101,0.19747794,21.432936,4.9750834,0.6136602,0.14760989,0.14760989
82,18,5102,0.19748494,21.433672,4.9749756,0.6136661,0.14760628,0.14760628
82,19,5103,0.19749549,21.434616,4.974982,0.6136906,0.14760216,0.14760216
82,20,5104,0.19750807,21.436666,4.974861,0.61368984,0.14760083,0.14760083
82,21,5105,0.19752322,21.438364,4.9747753,0.6136932,0.14759786,0.14759786
82,22,5106,0.19752595,21.439135,4.9745874,0.61367637,0.14758983,0.14758983
82,23,5107,0.19753912,21.440844,4.9744873,0.6136697,0.14758416,0.14758416
82,24,5108,0.19755442,21.441994,4.9743757,0.6136468,0.14757966,0.14757966
82,25,5109,0.1975685,21.442848,4.9742737,0.6136409,0.147576,0.147576
82,26,5110,0.19757167,21.443512,4.9741845,0.61366194,0.14756961,0.14756961
82,27,5111,0.19757861,21.443779,4.9740257,0.6136502,0.14756444,0.14756444
82,28,5112,0.19758534,21.444775,4.9738936,0.61366814,0.1475585,0.1475585
82,29,5113,0.19759226,21.445969,4.973686,0.6136513,0.14755355,0.14755355
82,30,5114,0.19760717,21.447662,4.9735646,0.61366737,0.1475486,0.1475486
82,31,5115,0.19761005,21.447817,4.9734206,0.6137018,0.14754446,0.14754446
82,32,5116,0.19762696,21.449179,4.9732456,0.6136973,0.14753911,0.14753911
82,33,5117,0.19763866,21.45098,4.9731,0.6136974,0.14753723,0.14753723
82,34,5118,0.1976487,21.45199,4.9728994,0.6136747,0.14753257,0.14753257
82,35,5119,0.19765276,21.451893,4.9727697,0.6136753,0.14752936,0.14752936
82,36,5120,0.19766438,21.452942,4.9725494,0.6136283,0.14752282,0.14752282
82,37,5121,0.19767767,21.45434,4.972434,0.61361855,0.1475194,0.1475194
82,38,5122,0.1976839,21.45479,4.9723845,0.61359346,0.1475175,0.1475175
82,39,5123,0.19769506,21.456041,4.972283,0.61353403,0.14751573,0.14751573
82,40,5124,0.19770749,21.456633,4.9721437,0.6135596,0.14751136,0.14751136
82,41,5125,0.19772401,21.459335,4.9720235,0.61354494,0.14750445,0.14750445
82,42,5126,0.1977404,21.461382,4.971843,0.61351514,0.14749822,0.14749822
82,43,5127,0.19774443,21.462128,4.9717674,0.61351085,0.14749414,0.14749414
82,44,5128,0.19775008,21.462107,4.971574,0.6134918,0.1474867,0.1474867
82,45,5129,0.19775839,21.462482,4.9714594,0.6135129,0.14748052,0.14748052
82,46,5130,0.19776472,21.462479,4.97121,0.6134752,0.14747144,0.14747144
82,47,5131,0.19777039,21.462746,4.9710503,0.61345726,0.14746767,0.14746767
82,48,5132,0.1977872,21.464342,4.9708447,0.61344546,0.14746206,0.14746206
82,49,5133,0.19779797,21.465757,4.970691,0.61343145,0.14745378,0.14745378
82,50,5134,0.19781454,21.467897,4.970508,0.61339617,0.14744721,0.14744721
82,51,5135,0.19782859,21.469286,4.970419,0.61338073,0.14744294,0.14744294
82,52,5136,0.19784123,21.470457,4.9702682,0.613393,0.14743888,0.14743888
82,53,5137,0.19785407,21.471952,4.970112,0.6133885,0.14743283,0.14743283
82,54,5138,0.19786784,21.47309,4.969944,0.6133849,0.14742601,0.14742601
82,55,5139,0.19787344,21.47393,4.9697633,0.61338943,0.14741781,0.14741781
82,56,5140,0.19787884,21.474627,4.969575,0.6133871,0.14741041,0.14741041
82,57,5141,0.19788694,21.47569,4.969345,0.61338425,0.14740373,0.14740373
82,58,5142,0.1979004,21.477169,4.96918,0.6133758,0.14740162,0.14740162
82,59,5143,0.19791266,21.477997,4.968981,0.61335355,0.14739537,0.14739537
82,60,5144,0.19792028,21.478584,4.9688406,0.6133361,0.1473916,0.1473916
82,61,5145,0.19792856,21.478722,4.9686995,0.6133363,0.14738788,0.14738788
83,0,5146,0.1979409,21.48055,4.968527,0.6133315,0.1473793,0.1473793
83,1,5147,0.19795102,21.481354,4.968365,0.61333835,0.14737491,0.14737491
83,2,5148,0.19796371,21.481606,4.9683485,0.6133732,0.14737225,0.14737225
83,3,5149,0.19797823,21.483316,4.9683084,0.6133588,0.14736922,0.14736922
83,4,5150,0.19799215,21.48424,4.9682612,0.6133931,0.1473649,0.1473649
83,5,5151,0.19800836,21.487144,4.9681606,0.61337996,0.14736058,0.14736058
83,6,5152,0.19801947,21.488926,4.968064,0.61340404,0.14735255,0.14735255
83,7,5153,0.19802357,21.489552,4.9679666,0.6134301,0.14734632,0.14734632
83,8,5154,0.19803628,21.491346,4.9677367,0.6134429,0.14733773,0.14733773
83,9,5155,0.19804156,21.492006,4.967545,0.6134524,0.14732935,0.14732935
83,10,5156,0.19804922,21.492556,4.967434,0.61344737,0.14732397,0.14732397
83,11,5157,0.19805394,21.493446,4.9673357,0.6134409,0.1473162,0.1473162
83,12,5158,0.19806145,21.49424,4.9672055,0.6134301,0.14731205,0.14731205
83,13,5159,0.19807273,21.494865,4.967073,0.6134283,0.14730754,0.14730754
83,14,5160,0.19807923,21.495564,4.9669333,0.6134148,0.1473053,0.1473053
83,15,5161,0.1980842,21.496096,4.9667645,0.6133938,0.14729896,0.14729896
83,16,5162,0.19808775,21.4965,4.966618,0.6134209,0.14728989,0.14728989
83,17,5163,0.19809422,21.4971,4.966437,0.61339355,0.14728707,0.14728707
83,18,5164,0.19810013,21.497423,4.966215,0.61336493,0.14728156,0.14728156
83,19,5165,0.19810455,21.497753,4.96608,0.6133477,0.1472745,0.1472745
83,20,5166,0.19811118,21.4978,4.965935,0.61331177,0.14727089,0.14727089
83,21,5167,0.1981225,21.498676,4.965715,0.61329365,0.14726274,0.14726274
83,22,5168,0.19812995,21.499102,4.9654894,0.61327696,0.14725535,0.14725535
83,23,5169,0.19813621,21.499916,4.9653773,0.6133324,0.14724961,0.14724961
83,24,5170,0.19814683,21.500643,4.96521,0.613344,0.14724487,0.14724487
83,25,5171,0.19816135,21.502361,4.965069,0.61336046,0.14724024,0.14724024
83,26,5172,0.19818139,21.504765,4.9649396,0.61338633,0.14723623,0.14723623
83,27,5173,0.19818996,21.505123,4.964806,0.61342376,0.1472299,0.1472299
83,28,5174,0.19819811,21.50604,4.9645987,0.6133941,0.14722483,0.14722483
83,29,5175,0.19821338,21.507437,4.964441,0.6133891,0.14722097,0.14722097
83,30,5176,0.19821909,21.50865,4.9643335,0.6134022,0.14721674,0.14721674
83,31,5177,0.19822487,21.509438,4.9641905,0.6133707,0.14721346,0.14721346
83,32,5178,0.19823086,21.51033,4.9640856,0.6133651,0.14721113,0.14721113
83,33,5179,0.19823864,21.511568,4.96405,0.6133886,0.14720681,0.14720681
83,34,5180,0.19825375,21.513308,4.963897,0.61338955,0.1472005,0.1472005
83,35,5181,0.19826536,21.515438,4.9637537,0.6134367,0.14719588,0.14719588
83,36,5182,0.19827798,21.517996,4.9635754,0.6134216,0.14719063,0.14719063
83,37,5183,0.19828886,21.519539,4.963407,0.61340433,0.14718749,0.14718749
83,38,5184,0.19829652,21.520332,4.963183,0.6133804,0.14718218,0.14718218
83,39,5185,0.19829983,21.520638,4.9629874,0.6133428,0.14717934,0.14717934
83,40,5186,0.1983032,21.520937,4.962827,0.61332893,0.14717366,0.14717366
83,41,5187,0.19831467,21.522669,4.9626565,0.6133195,0.14716959,0.14716959
83,42,5188,0.19832599,21.523651,4.9624963,0.61329746,0.14716758,0.14716758
83,43,5189,0.19833708,21.5247,4.9623346,0.613268,0.1471636,0.1471636
83,44,5190,0.19834012,21.524727,4.9622006,0.6132267,0.14715931,0.14715931
83,45,5191,0.19833687,21.524153,4.962028,0.61318755,0.14715329,0.14715329
83,46,5192,0.198341,21.524385,4.9619436,0.6132084,0.14715134,0.14715134
83,47,5193,0.1983478,21.52427,4.961796,0.6131637,0.14714456,0.14714456
83,48,5194,0.19835086,21.524271,4.9616194,0.613108,0.14713687,0.14713687
83,49,5195,0.19835778,21.524885,4.9614882,0.613141,0.1471348,0.1471348
83,50,5196,0.19836585,21.525658,4.96135,0.6131766,0.14712705,0.14712705
83,51,5197,0.19837403,21.526245,4.9611597,0.6131403,0.14712213,0.14712213
83,52,5198,0.1983835,21.527771,4.9609475,0.6131353,0.14711706,0.14711706
83,53,5199,0.19839838,21.52906,4.9607935,0.61313313,0.14711516,0.14711516
83,54,5200,0.19840896,21.52978,4.960588,0.6131121,0.14710806,0.14710806
83,55,5201,0.19841826,21.531584,4.9604297,0.6131103,0.14710425,0.14710425
83,56,5202,0.19843116,21.533165,4.9603353,0.6130746,0.14710175,0.14710175
83,57,5203,0.19844466,21.5352,4.960161,0.6130775,0.14709574,0.14709574
83,58,5204,0.19844905,21.535465,4.960034,0.6130823,0.14709069,0.14709069
83,59,5205,0.198453,21.536001,4.9599104,0.6130882,0.14708385,0.14708385
83,60,5206,0.19846216,21.536737,4.9598045,0.61309767,0.14707844,0.14707844
83,61,5207,0.19846751,21.536875,4.959686,0.6131129,0.14707337,0.14707337
84,0,5208,0.19847682,21.538029,4.9594626,0.6130657,0.14707084,0.14707084
84,1,5209,0.19848762,21.539406,4.959283,0.6130543,0.14706528,0.14706528
84,2,5210,0.19849636,21.540916,4.959159,0.6130582,0.14705943,0.14705943
84,3,5211,0.19850406,21.541512,4.959087,0.6130557,0.14705779,0.14705779
84,4,5212,0.198509,21.541885,4.9589496,0.61302984,0.1470547,0.1470547
84,5,5213,0.19852826,21.543344,4.9587984,0.6130157,0.14704959,0.14704959
84,6,5214,0.19853574,21.543905,4.9586453,0.6130042,0.14704415,0.14704415
84,7,5215,0.19854419,21.54538,4.9585376,0.61297107,0.14703892,0.14703892
84,8,5216,0.19855216,21.546074,4.9585376,0.6129765,0.14703797,0.14703797
84,9,5217,0.19855645,21.546549,4.9584236,0.612978,0.1470319,0.1470319
84,10,5218,0.19856343,21.547018,4.9583077,0.6129924,0.14702743,0.14702743
84,11,5219,0.1985752,21.548286,4.9581585,0.6129912,0.14702293,0.14702293
84,12,5220,0.19858955,21.54985,4.958045,0.6130153,0.14701667,0.14701667
84,13,5221,0.19859153,21.550304,4.957921,0.6130209,0.14701179,0.14701179
84,14,5222,0.19860329,21.5516,4.9577217,0.61301726,0.14700621,0.14700621
84,15,5223,0.19861251,21.55257,4.9575467,0.6130015,0.14700083,0.14700083
84,16,5224,0.19861552,21.552938,4.957339,0.6129743,0.14699188,0.14699188
84,17,5225,0.19861883,21.55305,4.9571595,0.61296237,0.14698298,0.14698298
84,18,5226,0.1986196,21.552998,4.9569554,0.6129622,0.14697748,0.14697748
84,19,5227,0.19862501,21.55349,4.9567842,0.6129522,0.1469734,0.1469734
84,20,5228,0.1986246,21.553305,4.95658,0.61293936,0.14696895,0.14696895
84,21,5229,0.19863844,21.554813,4.9564095,0.6129462,0.1469618,0.1469618
84,22,5230,0.19865319,21.55705,4.9562902,0.6129812,0.14696065,0.14696065
84,23,5231,0.19866517,21.558002,4.95613,0.6129853,0.14695661,0.14695661
84,24,5232,0.1986734,21.5589,4.9559264,0.612961,0.14695016,0.14695016
84,25,5233,0.19867794,21.559332,4.9557643,0.61293054,0.14694765,0.14694765
84,26,5234,0.19868866,21.56089,4.95568,0.6129538,0.14694373,0.14694373
84,27,5235,0.19869493,21.562243,4.955478,0.6129432,0.14693788,0.14693788
84,28,5236,0.19869879,21.562786,4.9553323,0.6129367,0.14693321,0.14693321
84,29,5237,0.19870529,21.563599,4.955225,0.6129144,0.14693049,0.14693049
84,30,5238,0.1987103,21.563402,4.955151,0.6129629,0.1469245,0.1469245
84,31,5239,0.19871843,21.564064,4.955033,0.61298174,0.1469203,0.1469203
84,32,5240,0.19872539,21.564964,4.95492,0.61295986,0.14691623,0.14691623
84,33,5241,0.19873247,21.566217,4.9547486,0.6129579,0.14691019,0.14691019
84,34,5242,0.19874917,21.567451,4.954586,0.6129461,0.1469046,0.1469046
84,35,5243,0.19874956,21.567036,4.9544153,0.61291414,0.14690034,0.14690034
84,36,5244,0.19876207,21.568647,4.954231,0.61291164,0.14689395,0.14689395
84,37,5245,0.1987691,21.56955,4.954114,0.61292416,0.14689043,0.14689043
84,38,5246,0.19878598,21.571451,4.953862,0.61288875,0.14688465,0.14688465
84,39,5247,0.19879487,21.572014,4.95378,0.6129249,0.1468809,0.1468809
84,40,5248,0.19880772,21.573717,4.9536095,0.61291444,0.14687178,0.14687178
84,41,5249,0.19881554,21.574656,4.953515,0.6129283,0.14686373,0.14686373
84,42,5250,0.19882353,21.57656,4.9533725,0.6129416,0.14686088,0.14686088
84,43,5251,0.19882888,21.577139,4.9532466,0.61295974,0.14685787,0.14685787
84,44,5252,0.19883984,21.578356,4.953067,0.61296767,0.14684969,0.14684969
84,45,5253,0.19884716,21.579155,4.9529085,0.6129584,0.14684354,0.14684354
84,46,5254,0.19885382,21.579582,4.9527187,0.6129361,0.14683786,0.14683786
84,47,5255,0.19885752,21.579834,4.952498,0.6129276,0.14683121,0.14683121
84,48,5256,0.19886604,21.581244,4.952362,0.61289304,0.14682733,0.14682733
84,49,5257,0.19888079,21.583328,4.952177,0.6128923,0.14682318,0.14682318
84,50,5258,0.19888598,21.583218,4.9520526,0.61288303,0.14681956,0.14681956
84,51,5259,0.19889343,21.58322,4.9519763,0.6128801,0.14681788,0.14681788
84,52,5260,0.19890267,21.58442,4.9518485,0.6128822,0.14680818,0.14680818
84,53,5261,0.19891042,21.58542,4.951741,0.6128689,0.1468054,0.1468054
84,54,5262,0.19891806,21.585812,4.9515886,0.6128562,0.14679798,0.14679798
84,55,5263,0.1989218,21.58569,4.9515057,0.61288035,0.14679915,0.14679915
84,56,5264,0.19893196,21.587053,4.951357,0.61286455,0.14679237,0.14679237
84,57,5265,0.19894332,21.5879,4.951213,0.61287826,0.14678523,0.14678523
84,58,5266,0.19896203,21.589323,4.9509754,0.6128665,0.14677776,0.14677776
84,59,5267,0.19897747,21.590462,4.9508934,0.61286366,0.14677505,0.14677505
84,60,5268,0.19898558,21.591633,4.950768,0.6129048,0.14676826,0.14676826
84,61,5269,0.19899014,21.592157,4.950604,0.612909,0.14676219,0.14676219
85,0,5270,0.19899926,21.592892,4.950458,0.61290383,0.14675501,0.14675501
85,1,5271,0.19900319,21.593422,4.9503613,0.6129317,0.14674963,0.14674963
85,2,5272,0.19901666,21.594725,4.9501777,0.61291003,0.14674766,0.14674766
85,3,5273,0.19903234,21.596394,4.949984,0.61291564,0.14674106,0.14674106
85,4,5274,0.19903985,21.597334,4.949823,0.6129039,0.1467363,0.1467363
85,5,5275,0.19904616,21.597872,4.9497924,0.6129059,0.14673367,0.14673367
85,6,5276,0.19905275,21.598154,4.9496894,0.61292064,0.14672837,0.14672837
85,7,5277,0.19905657,21.59881,4.949534,0.6128965,0.14672089,0.14672089
85,8,5278,0.19906212,21.59923,4.949339,0.612862,0.14671817,0.14671817
85,9,5279,0.19906498,21.599617,4.9492264,0.6128954,0.14671376,0.14671376
85,10,5280,0.19907512,21.601477,4.949048,0.61290044,0.14670573,0.14670573
85,11,5281,0.19908682,21.6033,4.948959,0.6129175,0.14670078,0.14670078
85,12,5282,0.19909425,21.604567,4.9488416,0.6129158,0.14669947,0.14669947
85,13,5283,0.19911346,21.607113,4.9486804,0.6129215,0.14669341,0.14669341
85,14,5284,0.19912583,21.608171,4.9485393,0.61290824,0.14668794,0.14668794
85,15,5285,0.19913048,21.609058,4.948369,0.6128807,0.14668086,0.14668086
85,16,5286,0.19913885,21.610153,4.9481916,0.6128442,0.14667633,0.14667633
85,17,5287,0.19914997,21.611217,4.9480176,0.6128466,0.1466734,0.1466734
85,18,5288,0.19915882,21.612173,4.947839,0.61281633,0.14666672,0.14666672
85,19,5289,0.19917291,21.613798,4.947754,0.6128182,0.14666066,0.14666066
85,20,5290,0.19918518,21.615658,4.947574,0.6128319,0.1466544,0.1466544
85,21,5291,0.19919246,21.616203,4.9474335,0.61283857,0.14664629,0.14664629
85,22,5292,0.19920297,21.617136,4.9472947,0.61282814,0.14663863,0.14663863
85,23,5293,0.19920959,21.61788,4.947168,0.612831,0.14663295,0.14663295
85,24,5294,0.19921872,21.61922,4.947107,0.61287224,0.14663021,0.14663021
85,25,5295,0.19923148,21.620724,4.9469137,0.6128403,0.1466257,0.1466257
85,26,5296,0.19923347,21.621317,4.9468226,0.6128752,0.14662074,0.14662074
85,27,5297,0.19924067,21.622606,4.9466558,0.61287826,0.14661293,0.14661293
85,28,5298,0.19925228,21.62395,4.9464774,0.6128625,0.14660749,0.14660749
85,29,5299,0.19925763,21.624168,4.946272,0.6128615,0.14660008,0.14660008
85,30,5300,0.19926354,21.624786,4.946103,0.6128489,0.14659283,0.14659283
85,31,5301,0.19927421,21.62557,4.945968,0.6128227,0.14658786,0.14658786
85,32,5302,0.1992798,21.626005,4.945807,0.61279774,0.14658476,0.14658476
85,33,5303,0.19928831,21.626514,4.945673,0.6127885,0.14658031,0.14658031
85,34,5304,0.19929929,21.627205,4.9455495,0.61279315,0.1465727,0.1465727
85,35,5305,0.19930698,21.627403,4.945375,0.6127773,0.14656655,0.14656655
85,36,5306,0.19931738,21.62891,4.94527,0.61280704,0.14656085,0.14656085
85,37,5307,0.199324,21.629244,4.9450817,0.61280984,0.14655474,0.14655474
85,38,5308,0.19933194,21.630808,4.94491,0.6128273,0.14654554,0.14654554
85,39,5309,0.1993407,21.631784,4.9447784,0.61285186,0.1465408,0.1465408
85,40,5310,0.19935006,21.632532,4.944628,0.61286837,0.14653172,0.14653172
85,41,5311,0.19935763,21.633492,4.944552,0.61287665,0.14652985,0.14652985
85,42,5312,0.19936453,21.633902,4.944314,0.6128644,0.146524,0.146524
85,43,5313,0.19937147,21.634594,4.944183,0.61284417,0.14652087,0.14652087
85,44,5314,0.19938532,21.63587,4.943975,0.6128449,0.14651161,0.14651161
85,45,5315,0.19939311,21.63639,4.94377,0.61282504,0.14650656,0.14650656
85,46,5316,0.19939934,21.637205,4.943639,0.61281,0.1465039,0.1465039
85,47,5317,0.1994142,21.639797,4.943454,0.6127582,0.14650047,0.14650047
85,48,5318,0.19942191,21.641361,4.943389,0.612782,0.14649737,0.14649737
85,49,5319,0.19943386,21.641895,4.9432755,0.6127918,0.14649233,0.14649233
85,50,5320,0.19944267,21.642998,4.9431334,0.61278594,0.1464883,0.1464883
85,51,5321,0.19945315,21.644539,4.942965,0.612775,0.14648159,0.14648159
85,52,5322,0.19946185,21.645155,4.942792,0.6127791,0.14647526,0.14647526
85,53,5323,0.19946632,21.646011,4.9425635,0.6127604,0.14646904,0.14646904
85,54,5324,0.19947049,21.646917,4.942368,0.6127397,0.1464621,0.1464621
85,55,5325,0.19947931,21.648134,4.94229,0.6127729,0.14645629,0.14645629
85,56,5326,0.19948478,21.648642,4.9421673,0.61278594,0.14645684,0.14645684
85,57,5327,0.19949166,21.648806,4.942097,0.6127797,0.14645289,0.14645289
85,58,5328,0.19949603,21.649115,4.9419622,0.6127595,0.14644726,0.14644726
85,59,5329,0.19950771,21.650606,4.9418297,0.6127706,0.14644143,0.14644143
85,60,5330,0.1995148,21.65136,4.9416814,0.61277896,0.14643647,0.14643647
85,61,5331,0.19953035,21.652254,4.941551,0.6127652,0.14642912,0.14642912
86,0,5332,0.19954145,21.65297,4.9413767,0.6127565,0.14642453,0.14642453
86,1,5333,0.199545,21.652853,4.9412856,0.6127782,0.14642078,0.14642078
86,2,5334,0.19955122,21.653294,4.9411497,0.61278224,0.1464122,0.1464122
86,3,5335,0.19955772,21.654228,4.9410233,0.6127483,0.14640984,0.14640984
86,4,5336,0.19956833,21.65572,4.9408965,0.6127408,0.14640224,0.14640224
86,5,5337,0.19957261,21.655603,4.9407606,0.61271596,0.14639772,0.14639772
86,6,5338,0.19957681,21.6561,4.940584,0.61270463,0.14639133,0.14639133
86,7,5339,0.19958448,21.657219,4.940384,0.6126936,0.14638455,0.14638455
86,8,5340,0.1995879,21.657116,4.9402785,0.61271185,0.14637987,0.14637987
86,9,5341,0.1995921,21.657166,4.9401727,0.61271393,0.14637583,0.14637583
86,10,5342,0.19959822,21.657795,4.9400697,0.61271775,0.14636917,0.14636917
86,11,5343,0.19960287,21.658476,4.939971,0.61272,0.14636199,0.14636199
86,12,5344,0.19961223,21.659632,4.939861,0.6127268,0.14635646,0.14635646
86,13,5345,0.1996254,21.660604,4.93969,0.61273885,0.14634995,0.14634995
86,14,5346,0.19963178,21.661812,4.9396315,0.61278427,0.14634892,0.14634892
86,15,5347,0.19963667,21.66242,4.939478,0.6127626,0.14634256,0.14634256
86,16,5348,0.19964206,21.663136,4.939304,0.61276776,0.14633732,0.14633732
86,17,5349,0.19965011,21.663334,4.939229,0.61277455,0.14633675,0.14633675
86,18,5350,0.19965558,21.663544,4.9390874,0.6127778,0.14633113,0.14633113
86,19,5351,0.19966045,21.66376,4.938811,0.61275125,0.14632335,0.14632335
86,20,5352,0.19966589,21.663937,4.9386415,0.61276364,0.14631678,0.14631678
86,21,5353,0.19967246,21.664017,4.938483,0.6127738,0.14631349,0.14631349
86,22,5354,0.19968368,21.665243,4.9382544,0.6127531,0.14630668,0.14630668
86,23,5355,0.1996918,21.666172,4.938123,0.6127337,0.14630008,0.14630008
86,24,5356,0.19969791,21.666838,4.9379444,0.6127808,0.14629582,0.14629582
86,25,5357,0.19970442,21.667553,4.9377456,0.6127597,0.14628983,0.14628983
86,26,5358,0.19971076,21.668348,4.9376016,0.61274856,0.14628637,0.14628637
86,27,5359,0.1997159,21.66883,4.9374766,0.61275584,0.1462823,0.1462823
86,28,5360,0.19972032,21.668823,4.937386,0.6127911,0.14627713,0.14627713
86,29,5361,0.19973093,21.6701,4.9372735,0.6128002,0.14627284,0.14627284
86,30,5362,0.19974554,21.67267,4.9371843,0.6128119,0.14627108,0.14627108
86,31,5363,0.1997633,21.675,4.9370656,0.61280084,0.14626814,0.14626814
86,32,5364,0.19977224,21.675692,4.93698,0.6127929,0.14626352,0.14626352
86,33,5365,0.1997771,21.676605,4.9368453,0.6128305,0.14625755,0.14625755
86,34,5366,0.19979174,21.678108,4.936661,0.6128015,0.14625005,0.14625005
86,35,5367,0.1998035,21.67873,4.936522,0.612812,0.14624579,0.14624579
86,36,5368,0.1998154,21.679491,4.936404,0.6128151,0.14624381,0.14624381
86,37,5369,0.19984153,21.681032,4.9362583,0.6128317,0.14623776,0.14623776
86,38,5370,0.19985493,21.68194,4.9361124,0.61284673,0.1462355,0.1462355
86,39,5371,0.19986631,21.683329,4.9359503,0.61284304,0.14623073,0.14623073
86,40,5372,0.19987226,21.684052,4.9358263,0.6128629,0.14622661,0.14622661
86,41,5373,0.1998781,21.685362,4.9356985,0.6129025,0.1462192,0.1462192
86,42,5374,0.19989133,21.687132,4.935534,0.6129103,0.14621234,0.14621234
86,43,5375,0.1999022,21.688923,4.935416,0.6129264,0.14620265,0.14620265
86,44,5376,0.19991219,21.690218,4.935307,0.6129309,0.14619802,0.14619802
86,45,5377,0.19992054,21.690907,4.935161,0.61293787,0.14619303,0.14619303
86,46,5378,0.1999283,21.692286,4.9350367,0.6129448,0.14618726,0.14618726
86,47,5379,0.19993347,21.692863,4.9348984,0.6129497,0.14618348,0.14618348
86,48,5380,0.19994073,21.69401,4.9347253,0.6129557,0.14617975,0.14617975
86,49,5381,0.19994813,21.69438,4.9345574,0.61295533,0.14617318,0.14617318
86,50,5382,0.19996178,21.696182,4.9344482,0.6129702,0.14617053,0.14617053
86,51,5383,0.19996938,21.696985,4.9343038,0.6129471,0.14616422,0.14616422
86,52,5384,0.1999751,21.69775,4.934176,0.6129365,0.14615913,0.14615913
86,53,5385,0.19998202,21.698206,4.934084,0.6129187,0.1461549,0.1461549
86,54,5386,0.19998859,21.698425,4.9339657,0.6129157,0.1461506,0.1461506
86,55,5387,0.20000705,21.699486,4.9338183,0.61290836,0.14614868,0.14614868
86,56,5388,0.20001373,21.69983,4.933683,0.6128914,0.146145,0.146145
86,57,5389,0.20002162,21.701012,4.9335065,0.612844,0.14613941,0.14613941
86,58,5390,0.20002878,21.702053,4.9333453,0.61284894,0.14613397,0.14613397
86,59,5391,0.20003508,21.702696,4.933163,0.612804,0.14613119,0.14613119
86,60,5392,0.20004117,21.70346,4.9330325,0.6128078,0.14612676,0.14612676
86,61,5393,0.20005089,21.704918,4.932855,0.61276996,0.14612168,0.14612168
87,0,5394,0.20005885,21.705633,4.932701,0.61273605,0.14611772,0.14611772
87,1,5395,0.20006436,21.706512,4.932542,0.61272323,0.14611225,0.14611225
87,2,5396,0.20007548,21.708092,4.932501,0.6127408,0.14610827,0.14610827
87,3,5397,0.20008284,21.708527,4.9324245,0.6127239,0.14610438,0.14610438
87,4,5398,0.20009395,21.709356,4.932443,0.6127378,0.14610183,0.14610183
87,5,5399,0.20010367,21.709915,4.9324703,0.6127363,0.14610222,0.14610222
87,6,5400,0.20011282,21.710835,4.9323707,0.6127309,0.14609915,0.14609915
87,7,5401,0.20011817,21.71134,4.9322553,0.6127346,0.14609633,0.14609633
87,8,5402,0.20012514,21.711597,4.932093,0.61271423,0.14608793,0.14608793
87,9,5403,0.20015462,21.716717,4.931952,0.61273503,0.14608262,0.14608262
87,10,5404,0.20016652,21.718035,4.931781,0.6127447,0.14607619,0.14607619
87,11,5405,0.20017678,21.718271,4.931584,0.61272514,0.14606781,0.14606781
87,12,5406,0.20017871,21.718256,4.931531,0.6127637,0.14606409,0.14606409
87,13,5407,0.20018409,21.718777,4.9313917,0.612746,0.14606331,0.14606331
87,14,5408,0.20018946,21.71925,4.931169,0.6127109,0.14605705,0.14605705
87,15,5409,0.20020063,21.720413,4.93094,0.61267203,0.14605251,0.14605251
87,16,5410,0.20020464,21.720255,4.930803,0.6126812,0.14604923,0.14604923
87,17,5411,0.20020823,21.72093,4.9305925,0.61264646,0.14604321,0.14604321
87,18,5412,0.20021257,21.72122,4.9304585,0.6126514,0.14603703,0.14603703
87,19,5413,0.20021543,21.721512,4.9303102,0.6126616,0.14603226,0.14603226
87,20,5414,0.20022428,21.722929,4.9301825,0.61268175,0.14602934,0.14602934
87,21,5415,0.20023146,21.72357,4.930017,0.61269164,0.14602424,0.14602424
87,22,5416,0.20023671,21.72358,4.9298167,0.61267865,0.14601812,0.14601812
87,23,5417,0.20024905,21.724762,4.9296284,0.612654,0.14601597,0.14601597
87,24,5418,0.20025781,21.725958,4.9295044,0.6126386,0.14601104,0.14601104
87,25,5419,0.20026724,21.72708,4.929348,0.6126276,0.14600459,0.14600459
87,26,5420,0.2002731,21.727833,4.9292116,0.6126218,0.14600284,0.14600284
87,27,5421,0.2002827,21.728947,4.9290614,0.61263925,0.14599817,0.14599817
87,28,5422,0.20029695,21.730251,4.928949,0.61264193,0.14599146,0.14599146
87,29,5423,0.2003079,21.731283,4.928865,0.6126431,0.14598536,0.14598536
87,30,5424,0.2003108,21.732174,4.9287605,0.6126285,0.14598235,0.14598235
87,31,5425,0.20031771,21.73275,4.928646,0.612641,0.1459758,0.1459758
87,32,5426,0.2003246,21.734135,4.9285035,0.6126374,0.14596851,0.14596851
87,33,5427,0.20032646,21.733868,4.9283986,0.61262983,0.14596352,0.14596352
87,34,5428,0.20033115,21.73433,4.9282293,0.61264193,0.1459561,0.1459561
87,35,5429,0.20034698,21.734854,4.928091,0.6126502,0.14594884,0.14594884
87,36,5430,0.20035288,21.734995,4.9278955,0.61264396,0.14594252,0.14594252
87,37,5431,0.20035994,21.735647,4.9276495,0.61264473,0.14593536,0.14593536
87,38,5432,0.20036733,21.73634,4.9274874,0.61267763,0.14593147,0.14593147
87,39,5433,0.20037878,21.73801,4.9273553,0.6126732,0.14592844,0.14592844
87,40,5434,0.2003879,21.738796,4.927267,0.6126868,0.14592274,0.14592274
87,41,5435,0.20039734,21.739655,4.927078,0.6126514,0.14591841,0.14591841
87,42,5436,0.20040345,21.740345,4.9270134,0.61265934,0.14591546,0.14591546
87,43,5437,0.20041592,21.741428,4.926902,0.61265343,0.14591135,0.14591135
87,44,5438,0.20042486,21.742332,4.9268374,0.61266863,0.14590676,0.14590676
87,45,5439,0.20043074,21.743023,4.926695,0.61265796,0.14590184,0.14590184
87,46,5440,0.20043214,21.742989,4.9265227,0.61266726,0.14589484,0.14589484
87,47,5441,0.20043996,21.743572,4.92636,0.61265254,0.1458888,0.1458888
87,48,5442,0.20044293,21.743938,4.9262385,0.612658,0.14588174,0.14588174
87,49,5443,0.20044565,21.74405,4.9260926,0.6126515,0.14587311,0.14587311
87,50,5444,0.2004528,21.744925,4.9259286,0.6126459,0.14586645,0.14586645
87,51,5445,0.20046729,21.74705,4.9257894,0.61263365,0.1458644,0.1458644
87,52,5446,0.20047286,21.746964,4.925691,0.6126304,0.14585932,0.14585932
87,53,5447,0.20047535,21.747005,4.9255533,0.6126164,0.14585589,0.14585589
87,54,5448,0.20048687,21.748426,4.9254093,0.61262,0.14585085,0.14585085
87,55,5449,0.20049134,21.748972,4.9252796,0.6125923,0.14584911,0.14584911
87,56,5450,0.20049563,21.750132,4.925194,0.61259574,0.14584719,0.14584719
87,57,5451,0.20050967,21.75135,4.92501,0.612576,0.14584176,0.14584176
87,58,5452,0.20051154,21.751095,4.9248586,0.6125548,0.1458396,0.1458396
87,59,5453,0.2005142,21.751282,4.924754,0.61255366,0.14583884,0.14583884
87,60,5454,0.20052327,21.752584,4.924694,0.6125893,0.14583322,0.14583322
87,61,5455,0.2005314,21.753231,4.9245324,0.6125727,0.14582957,0.14582957
88,0,5456,0.20054546,21.75505,4.9243994,0.6125994,0.14581989,0.14581989
88,1,5457,0.20054981,21.755798,4.924316,0.6126494,0.14581756,0.14581756
88,2,5458,0.20056431,21.755678,4.9242196,0.6126518,0.14581417,0.14581417
88,3,5459,0.20057386,21.756178,4.924144,0.6126124,0.14581212,0.14581212
88,4,5460,0.2005837,21.75709,4.923998,0.6125987,0.14580648,0.14580648
88,5,5461,0.20058319,21.75666,4.9240203,0.6126134,0.14580382,0.14580382
88,6,5462,0.20059878,21.757607,4.923946,0.61259687,0.14580138,0.14580138
88,7,5463,0.20060629,21.758,4.923846,0.6126565,0.1457961,0.1457961
88,8,5464,0.20061508,21.759827,4.923719,0.61266613,0.1457911,0.1457911
88,9,5465,0.20062009,21.760744,4.923464,0.61264265,0.14578527,0.14578527
88,10,5466,0.20062341,21.761852,4.9232836,0.6126126,0.1457823,0.1457823
88,11,5467,0.2006308,21.762749,4.923121,0.6126,0.14577614,0.14577614
88,12,5468,0.20062798,21.7626,4.922984,0.61260813,0.14576924,0.14576924
88,13,5469,0.20063254,21.76265,4.9228816,0.612617,0.1457643,0.1457643
88,14,5470,0.20064622,21.764433,4.922732,0.6126363,0.1457569,0.1457569
88,15,5471,0.20065944,21.766445,4.9225216,0.61261845,0.14574924,0.14574924
88,16,5472,0.20066294,21.76687,4.9223804,0.6126441,0.14574482,0.14574482
88,17,5473,0.20066956,21.767855,4.9222116,0.61263067,0.1457378,0.1457378
88,18,5474,0.20067704,21.769377,4.922076,0.6126216,0.14573249,0.14573249
88,19,5475,0.20069623,21.770613,4.9220243,0.6126532,0.14572784,0.14572784
88,20,5476,0.20070797,21.771536,4.92184,0.6126518,0.14572264,0.14572264
88,21,5477,0.20071858,21.772522,4.9216833,0.61263114,0.14571638,0.14571638
88,22,5478,0.20072962,21.774364,4.921554,0.6126377,0.14571026,0.14571026
88,23,5479,0.20074908,21.777857,4.921394,0.61264455,0.14570594,0.14570594
88,24,5480,0.20075938,21.779182,4.9212136,0.6125987,0.14570154,0.14570154
88,25,5481,0.20075892,21.779383,4.9210186,0.6125717,0.14569564,0.14569564
88,26,5482,0.20076592,21.779692,4.9208517,0.6125469,0.14568916,0.14568916
88,27,5483,0.20076899,21.77977,4.920755,0.6125251,0.14568758,0.14568758
88,28,5484,0.20077631,21.780222,4.9205914,0.61250407,0.14568226,0.14568226
88,29,5485,0.20078582,21.780384,4.92048,0.6125352,0.14567918,0.14567918
88,30,5486,0.20079342,21.781012,4.920343,0.6125497,0.14567445,0.14567445
88,31,5487,0.2008012,21.781778,4.920284,0.6125791,0.1456707,0.1456707
88,32,5488,0.20080474,21.78203,4.9201527,0.61256707,0.1456681,0.1456681
88,33,5489,0.20080794,21.782598,4.920056,0.612554,0.14566189,0.14566189
88,34,5490,0.20081505,21.78385,4.9198685,0.612538,0.1456579,0.1456579
88,35,5491,0.20082292,21.785149,4.9197245,0.6124939,0.14565752,0.14565752
88,36,5492,0.2008292,21.785906,4.919515,0.6124531,0.14565356,0.14565356
88,37,5493,0.20084104,21.78708,4.9193726,0.6124402,0.14565039,0.14565039
88,38,5494,0.20085244,21.78821,4.919198,0.6124399,0.14564615,0.14564615
88,39,5495,0.20086241,21.788496,4.919034,0.61242634,0.14564082,0.14564082
88,40,5496,0.20086758,21.788681,4.918967,0.61244464,0.14563549,0.14563549
88,41,5497,0.20086762,21.78828,4.9188313,0.6124592,0.14562958,0.14562958
88,42,5498,0.20088872,21.789026,4.918688,0.6124251,0.14562434,0.14562434
88,43,5499,0.20089366,21.789125,4.918476,0.6123558,0.14561829,0.14561829
88,44,5500,0.20089515,21.788937,4.91826,0.6123009,0.14561042,0.14561042
88,45,5501,0.20090276,21.789797,4.9181285,0.6122824,0.14560944,0.14560944
88,46,5502,0.20092754,21.793102,4.917988,0.6122625,0.14560597,0.14560597
88,47,5503,0.20094211,21.794582,4.917787,0.6122609,0.14560214,0.14560214
88,48,5504,0.20094731,21.795254,4.917661,0.61228687,0.14559552,0.14559552
88,49,5505,0.20095186,21.796179,4.917529,0.61228406,0.14559,0.14559
88,50,5506,0.20095913,21.797243,4.917357,0.6123102,0.14558151,0.14558151
88,51,5507,0.20096542,21.798223,4.917139,0.6122885,0.14557648,0.14557648
88,52,5508,0.20097364,21.799511,4.9169946,0.6122724,0.14557233,0.14557233
88,53,5509,0.20097715,21.799536,4.916913,0.61226463,0.14557037,0.14557037
88,54,5510,0.20098048,21.79952,4.916758,0.61224043,0.14556628,0.14556628
88,55,5511,0.20099093,21.799568,4.9165716,0.61222684,0.1455599,0.1455599
88,56,5512,0.20100039,21.800459,4.916454,0.6122281,0.14555378,0.14555378
88,57,5513,0.20100841,21.801546,4.9163165,0.6122119,0.14554808,0.14554808
88,58,5514,0.20101172,21.802187,4.916232,0.61220634,0.14554223,0.14554223
88,59,5515,0.20102094,21.802912,4.9161563,0.6122069,0.14553739,0.14553739
88,60,5516,0.20103072,21.804438,4.916008,0.6122096,0.14553124,0.14553124
88,61,5517,0.20103578,21.804657,4.915863,0.6122129,0.1455272,0.1455272
89,0,5518,0.20104837,21.806044,4.9156785,0.61218417,0.14551997,0.14551997
89,1,5519,0.20105262,21.806997,4.915576,0.61219245,0.14551567,0.14551567
89,2,5520,0.20105532,21.807554,4.9154687,0.6121862,0.14551435,0.14551435
89,3,5521,0.20106156,21.80835,4.9152813,0.6121558,0.14550918,0.14550918
89,4,5522,0.2010681,21.808954,4.9151196,0.6121509,0.1455055,0.1455055
89,5,5523,0.20107414,21.80919,4.9150043,0.61214346,0.14550285,0.14550285
89,6,5524,0.20108016,21.809301,4.914792,0.6121515,0.14549996,0.14549996
89,7,5525,0.20108965,21.811052,4.914675,0.6121762,0.14549346,0.14549346
89,8,5526,0.20109852,21.813208,4.9144826,0.6121652,0.14548713,0.14548713
89,9,5527,0.2010991,21.813686,4.914324,0.6121566,0.14548165,0.14548165
89,10,5528,0.20110436,21.813892,4.914164,0.612154,0.14547521,0.14547521
89,11,5529,0.20112425,21.814806,4.913997,0.6121551,0.1454727,0.1454727
89,12,5530,0.20113188,21.81527,4.9138417,0.6121433,0.14546856,0.14546856
89,13,5531,0.20114315,21.816101,4.9136925,0.6121645,0.1454627,0.1454627
89,14,5532,0.20116383,21.819172,4.9135966,0.6122037,0.1454583,0.1454583
89,15,5533,0.20117693,21.820206,4.913444,0.61220294,0.14545096,0.14545096
89,16,5534,0.201188,21.820827,4.913345,0.6122291,0.14544769,0.14544769
89,17,5535,0.20119746,21.821688,4.913202,0.6122379,0.14544174,0.14544174
89,18,5536,0.20121005,21.823032,4.913115,0.61224663,0.14543602,0.14543602
89,19,5537,0.20121673,21.8242,4.912952,0.6122567,0.14543197,0.14543197
89,20,5538,0.20122789,21.82525,4.912831,0.6122765,0.14542696,0.14542696
89,21,5539,0.20123562,21.82636,4.912698,0.61226916,0.14542069,0.14542069
89,22,5540,0.20124057,21.82729,4.912563,0.6123111,0.14541464,0.14541464
89,23,5541,0.20124982,21.827978,4.91245,0.61235,0.1454085,0.1454085
89,24,5542,0.20125881,21.829035,4.912362,0.61237705,0.14540608,0.14540608
89,25,5543,0.20126887,21.830658,4.912214,0.61239177,0.14539956,0.14539956
89,26,5544,0.20127423,21.831512,4.912144,0.61238885,0.14539397,0.14539397
89,27,5545,0.20128305,21.832544,4.9121003,0.61239165,0.1453904,0.1453904
89,28,5546,0.20128757,21.832626,4.912088,0.6123813,0.14538752,0.14538752
89,29,5547,0.20129696,21.833784,4.911916,0.6123528,0.14538752,0.14538752
89,30,5548,0.20130274,21.834707,4.9117417,0.6123249,0.14538181,0.14538181
89,31,5549,0.20131208,21.83527,4.911618,0.6123541,0.14537862,0.14537862
89,32,5550,0.20132212,21.836329,4.9115806,0.6123739,0.14537415,0.14537415
89,33,5551,0.20133078,21.836624,4.911496,0.61236286,0.14536859,0.14536859
89,34,5552,0.20135508,21.83954,4.9113526,0.6123427,0.14536136,0.14536136
89,35,5553,0.201366,21.840328,4.911196,0.61235714,0.14535446,0.14535446
89,36,5554,0.20137772,21.840494,4.9110684,0.61234915,0.1453515,0.1453515
89,37,5555,0.20138481,21.840975,4.9109282,0.61234534,0.14534515,0.14534515
89,38,5556,0.20138824,21.841019,4.910742,0.61231595,0.14533794,0.14533794
89,39,5557,0.20139593,21.841383,4.9105535,0.61230683,0.14533249,0.14533249
89,40,5558,0.20140186,21.842047,4.910375,0.612278,0.14532605,0.14532605
89,41,5559,0.201412,21.84319,4.9102325,0.6122991,0.14531948,0.14531948
89,42,5560,0.20141959,21.844233,4.910048,0.61228645,0.14531273,0.14531273
89,43,5561,0.20142375,21.844975,4.909909,0.6122838,0.14530791,0.14530791
89,44,5562,0.20142467,21.84484,4.909842,0.6122851,0.14530356,0.14530356
89,45,5563,0.2014251,21.844934,4.9098463,0.61227846,0.14530171,0.14530171
89,46,5564,0.20142879,21.8449,4.909723,0.6122753,0.14529964,0.14529964
89,47,5565,0.20144306,21.847183,4.9096494,0.61229515,0.14529333,0.14529333
89,48,5566,0.20144989,21.847715,4.9096,0.6123028,0.14529397,0.14529397
89,49,5567,0.20145744,21.84867,4.909491,0.61232203,0.14528783,0.14528783
89,50,5568,0.20146263,21.849268,4.909392,0.6123254,0.14528532,0.14528532
89,51,5569,0.20146862,21.849756,4.909321,0.6123321,0.1452818,0.1452818
89,52,5570,0.20148975,21.851597,4.9092317,0.6123788,0.14527519,0.14527519
89,53,5571,0.20150056,21.852926,4.9091396,0.61240745,0.14527005,0.14527005
89,54,5572,0.20150991,21.854042,4.9090023,0.61240506,0.14526446,0.14526446
89,55,5573,0.20151746,21.85516,4.9088707,0.6124242,0.14526002,0.14526002
89,56,5574,0.20152158,21.855858,4.9087353,0.6124336,0.14525686,0.14525686
89,57,5575,0.20152852,21.85686,4.908588,0.6124508,0.14525175,0.14525175
89,58,5576,0.20153682,21.85776,4.9085956,0.6124808,0.14524741,0.14524741
89,59,5577,0.20154443,21.858322,4.9085093,0.6124613,0.14524475,0.14524475
89,60,5578,0.2015478,21.858582,4.9084415,0.61248666,0.14524066,0.14524066
89,61,5579,0.20155478,21.859314,4.9083257,0.6124603,0.14523531,0.14523531
90,0,5580,0.20156193,21.860239,4.9082336,0.61247194,0.14522895,0.14522895
90,1,5581,0.20157549,21.861002,4.908147,0.61247575,0.14522302,0.14522302
90,2,5582,0.20157944,21.861744,4.9080296,0.6124676,0.14521924,0.14521924
90,3,5583,0.20158619,21.862036,4.907926,0.6124839,0.14521351,0.14521351
90,4,5584,0.20159256,21.861797,4.907822,0.6124564,0.14521196,0.14521196
90,5,5585,0.20160818,21.86418,4.907697,0.6124278,0.14520694,0.14520694
90,6,5586,0.20161411,21.865156,4.907594,0.6124663,0.14520079,0.14520079
90,7,5587,0.2016176,21.86504,4.9074316,0.6124548,0.14519553,0.14519553
90,8,5588,0.20162268,21.865929,4.907271,0.61243474,0.14519343,0.14519343
90,9,5589,0.2016334,21.866318,4.907158,0.61244214,0.14518744,0.14518744
90,10,5590,0.20164374,21.867298,4.9070582,0.6124537,0.14518511,0.14518511
90,11,5591,0.20165312,21.868511,4.906943,0.6124558,0.14517944,0.14517944
90,12,5592,0.20165792,21.869186,4.9067707,0.61246276,0.14517325,0.14517325
90,13,5593,0.20166358,21.869926,4.9066358,0.61248857,0.14516696,0.14516696
90,14,5594,0.20166785,21.87058,4.906517,0.61253726,0.14516176,0.14516176
90,15,5595,0.2016764,21.871443,4.9064145,0.61255765,0.1451545,0.1451545
90,16,5596,0.20168935,21.872362,4.906301,0.61256474,0.1451493,0.1451493
90,17,5597,0.20169853,21.87368,4.9061728,0.6125486,0.14514536,0.14514536
90,18,5598,0.2017051,21.874462,4.906053,0.6125485,0.14514288,0.14514288
90,19,5599,0.2017128,21.875072,4.9059315,0.6125565,0.14513795,0.14513795
90,20,5600,0.20172052,21.876026,4.905762,0.61254025,0.14513229,0.14513229
90,21,5601,0.20172647,21.876276,4.9056334,0.6125377,0.1451296,0.1451296
90,22,5602,0.20173608,21.876976,4.905454,0.61252075,0.14512235,0.14512235
90,23,5603,0.20174119,21.877756,4.905372,0.61252904,0.14511822,0.14511822
90,24,5604,0.20174788,21.878677,4.9052253,0.6125503,0.1451126,0.1451126
90,25,5605,0.20175833,21.88084,4.9051194,0.6125726,0.14510716,0.14510716
90,26,5606,0.20176396,21.88236,4.9049845,0.6125917,0.14510466,0.14510466
90,27,5607,0.20176986,21.882969,4.90488,0.6126047,0.14510028,0.14510028
90,28,5608,0.20178366,21.88471,4.904691,0.6125943,0.1450937,0.1450937
90,29,5609,0.20179637,21.886099,4.9045305,0.61257195,0.14508791,0.14508791
90,30,5610,0.20180711,21.886232,4.904397,0.61255604,0.1450837,0.1450837
90,31,5611,0.20183042,21.88707,4.9042397,0.61256045,0.14507943,0.14507943
90,32,5612,0.20183413,21.887653,4.904071,0.6125261,0.14507538,0.14507538
90,33,5613,0.20185283,21.890291,4.903962,0.61252755,0.1450722,0.1450722
90,34,5614,0.201859,21.890465,4.903847,0.6125313,0.14506675,0.14506675
90,35,5615,0.20186043,21.891018,4.9036813,0.6125342,0.14506488,0.14506488
90,36,5616,0.20187217,21.891937,4.9036036,0.61255366,0.14506274,0.14506274
90,37,5617,0.20188001,21.892227,4.9034395,0.6125465,0.14505543,0.14505543
90,38,5618,0.20188054,21.892017,4.9033217,0.61254716,0.14505185,0.14505185
90,39,5619,0.2018857,21.892466,4.9031034,0.61252373,0.14504391,0.14504391
90,40,5620,0.20188978,21.892683,4.902905,0.61251986,0.14503722,0.14503722
90,41,5621,0.20190142,21.894196,4.902708,0.6124798,0.14503168,0.14503168
90,42,5622,0.20190617,21.894958,4.902501,0.6124793,0.14502718,0.14502718
90,43,5623,0.20190917,21.894894,4.902341,0.6124663,0.14502302,0.14502302
90,44,5624,0.2019153,21.8959,4.9022136,0.6124477,0.14501797,0.14501797
90,45,5625,0.20192288,21.896786,4.902094,0.6124262,0.14501348,0.14501348
90,46,5626,0.20192885,21.896952,4.901968,0.6124153,0.14500792,0.14500792
90,47,5627,0.20193478,21.896883,4.9019203,0.61240727,0.14500618,0.14500618
90,48,5628,0.20194218,21.897436,4.9018497,0.6124094,0.14500535,0.14500535
90,49,5629,0.20196706,21.8997,4.901723,0.6124021,0.14500365,0.14500365
90,50,5630,0.20197728,21.901148,4.9015613,0.6123974,0.14500143,0.14500143
90,51,5631,0.2019864,21.901777,4.90142,0.6123913,0.14499933,0.14499933
90,52,5632,0.2019917,21.90255,4.9013233,0.6124002,0.14499494,0.14499494
90,53,5633,0.20199813,21.903341,4.90121,0.6123963,0.14498894,0.14498894
90,54,5634,0.20200449,21.90383,4.9010806,0.61241066,0.1449825,0.1449825
90,55,5635,0.20201296,21.904778,4.9008503,0.6123501,0.14497827,0.14497827
90,56,5636,0.20201977,21.906244,4.9007072,0.61233854,0.14497262,0.14497262
90,57,5637,0.20203316,21.907393,4.900623,0.61233085,0.14496922,0.14496922
90,58,5638,0.20204039,21.908396,4.9005136,0.6123167,0.14496541,0.14496541
90,59,5639,0.20205162,21.909424,4.900432,0.612318,0.14496532,0.14496532
90,60,5640,0.2020596,21.91048,4.900343,0.6122955,0.14496277,0.14496277
90,61,5641,0.20206527,21.910772,4.9002056,0.6122987,0.144959,0.144959
91,0,5642,0.20207316,21.911898,4.9000683,0.61233795,0.14495446,0.14495446
91,1,5643,0.20207864,21.912235,4.8999205,0.6123328,0.14495097,0.14495097
91,2,5644,0.20208116,21.91276,4.8997555,0.6123597,0.14494209,0.14494209
91,3,5645,0.20208989,21.913824,4.899562,0.6123589,0.14493461,0.14493461
91,4,5646,0.20209128,21.91393,4.899431,0.6123465,0.14492872,0.14492872
91,5,5647,0.20209639,21.91399,4.8993373,0.6123313,0.14492406,0.14492406
91,6,5648,0.20210731,21.915483,4.899147,0.6122942,0.14491853,0.14491853
91,7,5649,0.20211974,21.917215,4.899046,0.6123187,0.14491332,0.14491332
91,8,5650,0.20212413,21.917395,4.8989305,0.61230904,0.14490959,0.14490959
91,9,5651,0.20213336,21.918688,4.898794,0.6123014,0.14490826,0.14490826
91,10,5652,0.20214075,21.919939,4.8986416,0.61229557,0.14490299,0.14490299
91,11,5653,0.20214717,21.920914,4.8984776,0.6122702,0.14489757,0.14489757
91,12,5654,0.20214844,21.920643,4.898346,0.6122657,0.14489141,0.14489141
91,13,5655,0.2021533,21.92088,4.8981943,0.6122465,0.14488743,0.14488743
91,14,5656,0.20216295,21.922426,4.8979945,0.612248,0.14488198,0.14488198
91,15,5657,0.20218724,21.925434,4.897849,0.61223596,0.14487715,0.14487715
91,16,5658,0.2021931,21.926617,4.8977246,0.6122364,0.14487351,0.14487351
91,17,5659,0.20219958,21.926867,4.897631,0.61227316,0.14486971,0.14486971
91,18,5660,0.20221062,21.92803,4.8974876,0.61226463,0.14486425,0.14486425
91,19,5661,0.20221801,21.928644,4.897418,0.6122802,0.14486156,0.14486156
91,20,5662,0.20222968,21.93005,4.897215,0.61226076,0.14485373,0.14485373
91,21,5663,0.20223713,21.930727,4.897084,0.612259,0.14484957,0.14484957
91,22,5664,0.20224637,21.931726,4.8968883,0.6122305,0.14484106,0.14484106
91,23,5665,0.2022546,21.932001,4.8968496,0.61223346,0.14483622,0.14483622
91,24,5666,0.20225921,21.932095,4.896628,0.6121837,0.14483112,0.14483112
91,25,5667,0.20226415,21.932606,4.89651,0.61216116,0.14482807,0.14482807
91,26,5668,0.20226415,21.932215,4.896396,0.6121391,0.14482498,0.14482498
91,27,5669,0.20227209,21.932503,4.8962274,0.61212915,0.14482231,0.14482231
91,28,5670,0.20227893,21.932407,4.896164,0.61214936,0.14481443,0.14481443
91,29,5671,0.20229736,21.933361,4.8960004,0.61212623,0.1448077,0.1448077
91,30,5672,0.20230731,21.934277,4.8958545,0.61214066,0.14480102,0.14480102
91,31,5673,0.20231064,21.934574,4.895761,0.6121443,0.14479639,0.14479639
91,32,5674,0.20231597,21.935425,4.895691,0.6121218,0.14479212,0.14479212
91,33,5675,0.20232168,21.936274,4.8956313,0.6121653,0.1447927,0.1447927
91,34,5676,0.20232499,21.936468,4.8954797,0.612153,0.14478889,0.14478889
91,35,5677,0.20234145,21.938091,4.895317,0.6121312,0.14478749,0.14478749
91,36,5678,0.20235124,21.93942,4.8951883,0.61210424,0.1447848,0.1447848
91,37,5679,0.20235987,21.940432,4.895056,0.612064,0.14478122,0.14478122
91,38,5680,0.20237705,21.942728,4.894965,0.61205626,0.14477815,0.14477815
91,39,5681,0.2023854,21.942966,4.89476,0.6120368,0.14477272,0.14477272
91,40,5682,0.20238939,21.943089,4.8945646,0.6120188,0.14476943,0.14476943
91,41,5683,0.20239936,21.943676,4.894384,0.6120112,0.14476082,0.14476082
91,42,5684,0.20241216,21.9449,4.8941913,0.61199945,0.14475587,0.14475587
91,43,5685,0.20241943,21.945896,4.894009,0.6119848,0.144751,0.144751
91,44,5686,0.20243284,21.9474,4.89392,0.6120141,0.14474522,0.14474522
91,45,5687,0.2024452,21.949432,4.8938756,0.6120263,0.14474143,0.14474143
91,46,5688,0.20246875,21.953493,4.8938203,0.6120628,0.14473663,0.14473663
91,47,5689,0.2024777,21.954405,4.893705,0.61203665,0.14473343,0.14473343
91,48,5690,0.20249353,21.95639,4.8935595,0.6120422,0.14472698,0.14472698
91,49,5691,0.20250441,21.95766,4.8935,0.6120361,0.14472426,0.14472426
91,50,5692,0.20251438,21.958832,4.8933964,0.6120302,0.1447206,0.1447206
91,51,5693,0.20252647,21.96065,4.893236,0.6120037,0.1447151,0.1447151
91,52,5694,0.20253545,21.96142,4.8930545,0.6119851,0.14471053,0.14471053
91,53,5695,0.20254326,21.962471,4.892951,0.6119926,0.14470711,0.14470711
91,54,5696,0.20254868,21.962769,4.892804,0.6120008,0.144703,0.144703
91,55,5697,0.20255831,21.96381,4.8927073,0.6120081,0.14470018,0.14470018
91,56,5698,0.20256618,21.964739,4.892573,0.6120316,0.14469096,0.14469096
91,57,5699,0.20257324,21.965576,4.8924103,0.61203057,0.14468607,0.14468607
91,58,5700,0.20257685,21.965725,4.8923507,0.6120746,0.14468567,0.14468567
91,59,5701,0.20258436,21.96612,4.8922243,0.612091,0.14468038,0.14468038
91,60,5702,0.20259212,21.967142,4.8920326,0.61206406,0.14467607,0.14467607
91,61,5703,0.20260176,21.968128,4.891928,0.6120593,0.14467482,0.14467482
92,0,5704,0.20261239,21.969202,4.891726,0.6120269,0.14466758,0.14466758
92,1,5705,0.20262179,21.970087,4.891563,0.61200583,0.14466399,0.14466399
92,2,5706,0.20262572,21.970612,4.891409,0.6119725,0.14466028,0.14466028
92,3,5707,0.20263487,21.971539,4.891264,0.61197245,0.14465109,0.14465109
92,4,5708,0.20265815,21.971367,4.891131,0.6119623,0.1446473,0.1446473
92,5,5709,0.20266765,21.972157,4.8909903,0.61197793,0.14464056,0.14464056
92,6,5710,0.2026694,21.972328,4.8908434,0.6119807,0.14463355,0.14463355
92,7,5711,0.20267665,21.973131,4.8906517,0.61196387,0.1446263,0.1446263
92,8,5712,0.202681,21.973934,4.890489,0.61194855,0.14462133,0.14462133
92,9,5713,0.20268928,21.974663,4.8903484,0.61194724,0.14461707,0.14461707
92,10,5714,0.20269296,21.974289,4.8901787,0.61194044,0.14461067,0.14461067
92,11,5715,0.20269585,21.974274,4.890086,0.6119364,0.14460738,0.14460738
92,12,5716,0.20269999,21.97496,4.8900065,0.6119443,0.14460368,0.14460368
92,13,5717,0.20271659,21.976257,4.8898835,0.6119514,0.14459968,0.14459968
92,14,5718,0.20272946,21.977879,4.8897057,0.6119532,0.14459406,0.14459406
92,15,5719,0.20273684,21.979036,4.889604,0.6119675,0.14459048,0.14459048
92,16,5720,0.2027494,21.980711,4.8895416,0.6119796,0.14458567,0.14458567
92,17,5721,0.20275892,21.981705,4.8894176,0.61197877,0.14458168,0.14458168
92,18,5722,0.20276478,21.982271,4.88929,0.61197114,0.14457734,0.14457734
92,19,5723,0.20277175,21.98255,4.8891673,0.61197114,0.14457403,0.14457403
92,20,5724,0.20277482,21.982885,4.889007,0.61197585,0.14456911,0.14456911
92,21,5725,0.20278205,21.983782,4.8888535,0.61200494,0.14456274,0.14456274
92,22,5726,0.20278674,21.984339,4.8886824,0.6120221,0.14455464,0.14455464
92,23,5727,0.2027922,21.985188,4.8884587,0.6119872,0.14455082,0.14455082
92,24,5728,0.20279938,21.986015,4.8882356,0.6119429,0.14454646,0.14454646
92,25,5729,0.2028094,21.987206,4.8881226,0.61194354,0.14454226,0.14454226
92,26,5730,0.202813,21.987774,4.887977,0.611914,0.14453962,0.14453962
92,27,5731,0.20281515,21.98772,4.887881,0.6119308,0.14453432,0.14453432
92,28,5732,0.20281711,21.987621,4.8877826,0.6119228,0.14453235,0.14453235
92,29,5733,0.20283082,21.988619,4.887613,0.61191255,0.14452876,0.14452876
92,30,5734,0.2028378,21.98928,4.887497,0.61192375,0.14452578,0.14452578
92,31,5735,0.20284489,21.989676,4.887348,0.6119493,0.14451927,0.14451927
92,32,5736,0.20285326,21.990734,4.88724,0.6119449,0.14451525,0.14451525
92,33,5737,0.2028625,21.991703,4.887098,0.61195236,0.14451087,0.14451087
92,34,5738,0.20287442,21.993235,4.8869886,0.61194545,0.14450788,0.14450788
92,35,5739,0.20288444,21.994951,4.8868585,0.61193347,0.14450422,0.14450422
92,36,5740,0.20289458,21.996408,4.8867726,0.61192334,0.14449975,0.14449975
92,37,5741,0.20291135,21.997564,4.8866982,0.61193925,0.14449719,0.14449719
92,38,5742,0.2029244,21.998295,4.886574,0.6119254,0.14449286,0.14449286
92,39,5743,0.20293364,21.999424,4.8863883,0.6119436,0.14448488,0.14448488
92,40,5744,0.20294842,22.001259,4.8862166,0.6119086,0.14448003,0.14448003
92,41,5745,0.20295921,22.002003,4.8861084,0.6119011,0.14447829,0.14447829
92,42,5746,0.20296764,22.002697,4.8859296,0.61189723,0.1444705,0.1444705
92,43,5747,0.20297194,22.003056,4.885751,0.61188686,0.1444635,0.1444635
92,44,5748,0.2029756,22.003769,4.8855553,0.6118835,0.14445914,0.14445914
92,45,5749,0.20298454,22.004622,4.8854275,0.61187947,0.14445402,0.14445402
92,46,5750,0.20299128,22.005167,4.885344,0.6118811,0.14444743,0.14444743
92,47,5751,0.20299935,22.00567,4.8852205,0.61189914,0.14444621,0.14444621
92,48,5752,0.203006,22.00578,4.885196,0.6119302,0.14444387,0.14444387
92,49,5753,0.20301259,22.006882,4.885078,0.61192775,0.1444407,0.1444407
92,50,5754,0.20302159,22.008154,4.8849745,0.6119336,0.14443581,0.14443581
92,51,5755,0.20303547,22.01022,4.8849487,0.61195844,0.1444309,0.1444309
92,52,5756,0.20304886,22.012012,4.8849354,0.61199397,0.14442495,0.14442495
92,53,5757,0.20307112,22.012466,4.8848314,0.61196774,0.14442052,0.14442052
92,54,5758,0.20309317,22.012983,4.884681,0.6119382,0.14441884,0.14441884
92,55,5759,0.20310466,22.013443,4.8846483,0.6119345,0.14442042,0.14442042
92,56,5760,0.20310593,22.012955,4.8845887,0.6119446,0.14441346,0.14441346
92,57,5761,0.20311646,22.014444,4.884537,0.611938,0.14441283,0.14441283
92,58,5762,0.20312396,22.014671,4.8844132,0.6119241,0.14440872,0.14440872
92,59,5763,0.20313236,22.015701,4.8842335,0.61193275,0.14439997,0.14439997
92,60,5764,0.2031661,22.021454,4.884074,0.6119352,0.14439613,0.14439613
92,61,5765,0.20317942,22.021944,4.8839345,0.6119383,0.14438939,0.14438939
93,0,5766,0.2031848,22.022842,4.88378,0.61192834,0.14438492,0.14438492
93,1,5767,0.20319206,22.023932,4.883595,0.6119069,0.14437683,0.14437683
93,2,5768,0.20319608,22.024538,4.883431,0.61188984,0.14437114,0.14437114
93,3,5769,0.20320196,22.02539,4.8832555,0.61188173,0.14436448,0.14436448
93,4,5770,0.2032084,22.026005,4.8831034,0.6118807,0.14435835,0.14435835
93,5,5771,0.20322022,22.027245,4.882976,0.6119099,0.14435093,0.14435093
93,6,5772,0.20323572,22.028355,4.882777,0.6118991,0.1443449,0.1443449
93,7,5773,0.20323828,22.028542,4.882639,0.6118954,0.14433847,0.14433847
93,8,5774,0.20324753,22.029951,4.8824654,0.61190116,0.14433256,0.14433256
93,9,5775,0.20325768,22.030493,4.882312,0.611899,0.14432795,0.14432795
93,10,5776,0.20326665,22.031425,4.8822775,0.6119192,0.14432766,0.14432766
93,11,5777,0.2032749,22.032368,4.8821692,0.6119353,0.14432257,0.14432257
93,12,5778,0.20328934,22.035078,4.8820677,0.61194354,0.14431714,0.14431714
93,13,5779,0.20329504,22.035763,4.881988,0.61191714,0.14431554,0.14431554
93,14,5780,0.20330197,22.036314,4.8818126,0.6118872,0.14431044,0.14431044
93,15,5781,0.20330559,22.036633,4.8816276,0.6118681,0.14430635,0.14430635
93,16,5782,0.2033056,22.036047,4.881504,0.61187774,0.14430203,0.14430203
93,17,5783,0.20330954,22.036999,4.8813705,0.6118725,0.14429742,0.14429742
93,18,5784,0.20332037,22.038519,4.8812757,0.6118555,0.1442964,0.1442964
93,19,5785,0.2033273,22.03944,4.8811445,0.6118698,0.14429335,0.14429335
93,20,5786,0.20334415,22.042135,4.880992,0.6118686,0.14428832,0.14428832
93,21,5787,0.2033551,22.043951,4.880862,0.6118595,0.14428785,0.14428785
93,22,5788,0.20337342,22.047,4.880789,0.6118753,0.14428152,0.14428152
93,23,5789,0.20338991,22.049417,4.880696,0.6118765,0.14428152,0.14428152
93,24,5790,0.20339674,22.05061,4.8805523,0.61188704,0.14427818,0.14427818
93,25,5791,0.20340608,22.052002,4.8804407,0.6118964,0.14427347,0.14427347
93,26,5792,0.20341432,22.053045,4.880275,0.6118522,0.14426859,0.14426859
93,27,5793,0.20342866,22.054585,4.8802333,0.61188644,0.14426689,0.14426689
93,28,5794,0.2034317,22.054148,4.880125,0.61188495,0.1442637,0.1442637
93,29,5795,0.2034396,22.055271,4.87992,0.6118495,0.14425965,0.14425965
93,30,5796,0.20344618,22.055935,4.8797526,0.6118433,0.14425315,0.14425315
93,31,5797,0.20344925,22.056662,4.879533,0.6118144,0.14424616,0.14424616
93,32,5798,0.20346008,22.05817,4.879409,0.6118321,0.14423944,0.14423944
93,33,5799,0.20346573,22.058735,4.87926,0.61183685,0.14423248,0.14423248
93,34,5800,0.20347175,22.059216,4.879215,0.6118382,0.14422779,0.14422779
93,35,5801,0.2034828,22.060371,4.8791084,0.611859,0.14422338,0.14422338
93,36,5802,0.20349701,22.060526,4.8789496,0.6118785,0.14421539,0.14421539
93,37,5803,0.20350447,22.06088,4.8787603,0.61185044,0.14420754,0.14420754
93,38,5804,0.20351224,22.061872,4.8785334,0.61183375,0.14420122,0.14420122
93,39,5805,0.20351633,22.062227,4.878381,0.61181355,0.14419815,0.14419815
93,40,5806,0.20351665,22.062046,4.8782163,0.6117884,0.14419436,0.14419436
93,41,5807,0.20353496,22.061861,4.878065,0.61176044,0.14419216,0.14419216
93,42,5808,0.20354041,22.061691,4.877855,0.6117092,0.14418644,0.14418644
93,43,5809,0.2035437,22.062069,4.8776517,0.6116887,0.14418162,0.14418162
93,44,5810,0.20354201,22.061523,4.8774605,0.61166567,0.14417942,0.14417942
93,45,5811,0.20354703,22.06209,4.8772397,0.61165076,0.14417294,0.14417294
93,46,5812,0.20354828,22.062256,4.8771496,0.6116486,0.14416976,0.14416976
93,47,5813,0.20355324,22.06315,4.876953,0.61164385,0.14416303,0.14416303
93,48,5814,0.20355877,22.06324,4.876837,0.6116457,0.14415869,0.14415869
93,49,5815,0.20356782,22.064157,4.876767,0.61166286,0.14415497,0.14415497
93,50,5816,0.20357536,22.06451,4.876624,0.6116662,0.14415273,0.14415273
93,51,5817,0.2035786,22.064396,4.8764625,0.6116446,0.1441501,0.1441501
93,52,5818,0.20358941,22.065083,4.876298,0.6116142,0.14414735,0.14414735
93,53,5819,0.20359766,22.066145,4.8761344,0.6116063,0.1441415,0.1441415
93,54,5820,0.20360631,22.067133,4.876054,0.6116564,0.14413899,0.14413899
93,55,5821,0.20361215,22.06753,4.8759294,0.61164516,0.14413452,0.14413452
93,56,5822,0.20361851,22.068253,4.8757944,0.6116127,0.14413202,0.14413202
93,57,5823,0.2036229,22.0687,4.875622,0.61157566,0.14412653,0.14412653
93,58,5824,0.20363134,22.069893,4.8754516,0.61160946,0.14411753,0.14411753
93,59,5825,0.20363449,22.070017,4.8752813,0.61158705,0.14411269,0.14411269
93,60,5826,0.20363759,22.070412,4.8750916,0.61157924,0.14410543,0.14410543
93,61,5827,0.20363992,22.070871,4.87499,0.61156183,0.14410278,0.14410278
94,0,5828,0.20364621,22.071138,4.8748355,0.6115486,0.14409666,0.14409666
94,1,5829,0.2036492,22.071035,4.8746557,0.61151737,0.14409329,0.14409329
94,2,5830,0.20366174,22.071896,4.8744493,0.6114795,0.144087,0.144087
94,3,5831,0.20366777,22.072355,4.874229,0.6114521,0.1440816,0.1440816
94,4,5832,0.20368165,22.072157,4.874045,0.61143434,0.14407776,0.14407776
94,5,5833,0.20368707,22.072691,4.8738947,0.61146474,0.14407192,0.14407192
94,6,5834,0.20368877,22.072306,4.873743,0.6114603,0.14406641,0.14406641
94,7,5835,0.20369324,22.072683,4.873567,0.61143684,0.14406101,0.14406101
94,8,5836,0.20369965,22.07354,4.873426,0.6114273,0.14405562,0.14405562
94,9,5837,0.2037051,22.07424,4.8733096,0.611395,0.14405227,0.14405227
94,10,5838,0.203703,22.073837,4.873308,0.6114466,0.1440503,0.1440503
94,11,5839,0.20370874,22.074625,4.8731804,0.61143327,0.14404538,0.14404538
94,12,5840,0.2037168,22.075748,4.873083,0.61144555,0.14404273,0.14404273
94,13,5841,0.20372391,22.077085,4.8729954,0.61144423,0.14403749,0.14403749
94,14,5842,0.20373712,22.078756,4.87283,0.6114449,0.14403284,0.14403284
94,15,5843,0.20374589,22.080051,4.872679,0.6114459,0.14402948,0.14402948
94,16,5844,0.20374745,22.080204,4.8725543,0.6114539,0.14402485,0.14402485
94,17,5845,0.20374927,22.080238,4.8723717,0.6114466,0.14401941,0.14401941
94,18,5846,0.20375112,22.080719,4.8721995,0.6114002,0.1440168,0.1440168
94,19,5847,0.20377585,22.080393,4.8720536,0.61138046,0.14401297,0.14401297
94,20,5848,0.20378645,22.080812,4.871881,0.61134815,0.14401077,0.14401077
94,21,5849,0.20380612,22.082355,4.871725,0.61131495,0.14400777,0.14400777
94,22,5850,0.20381413,22.083622,4.87153,0.61128765,0.1440016,0.1440016
94,23,5851,0.20381658,22.084146,4.8713145,0.6112727,0.14399691,0.14399691
94,24,5852,0.20382014,22.084425,4.871115,0.61125994,0.14398976,0.14398976
94,25,5853,0.20382842,22.085722,4.870966,0.6112373,0.14398462,0.14398462
94,26,5854,0.20384437,22.087177,4.8708386,0.61124146,0.14397834,0.14397834
94,27,5855,0.20384704,22.087183,4.870718,0.611256,0.14396986,0.14396986
94,28,5856,0.20385018,22.087135,4.8706045,0.6112494,0.14396691,0.14396691
94,29,5857,0.20385607,22.087706,4.8704233,0.6112475,0.14396021,0.14396021
94,30,5858,0.20385657,22.087467,4.8702874,0.61126155,0.1439589,0.1439589
94,31,5859,0.20386268,22.088081,4.8701663,0.6112656,0.14395669,0.14395669
94,32,5860,0.2038704,22.088537,4.8700986,0.61128545,0.14395322,0.14395322
94,33,5861,0.20387787,22.089582,4.8699384,0.6112521,0.14394842,0.14394842
94,34,5862,0.2038867,22.090534,4.8698716,0.61127436,0.14394735,0.14394735
94,35,5863,0.20389429,22.091454,4.869705,0.61125183,0.14394474,0.14394474
94,36,5864,0.20391461,22.09459,4.8695984,0.61124116,0.14394306,0.14394306
94,37,5865,0.20392299,22.095623,4.8694572,0.6112237,0.14393641,0.14393641
94,38,5866,0.20393084,22.096518,4.8692884,0.61120516,0.14393304,0.14393304
94,39,5867,0.20393685,22.096691,4.869083,0.61117584,0.14392705,0.14392705
94,40,5868,0.20394534,22.09751,4.869024,0.61115193,0.14392716,0.14392716
94,41,5869,0.2039477,22.098072,4.8689456,0.6111642,0.14392266,0.14392266
94,42,5870,0.20395538,22.098822,4.868858,0.611146,0.14391899,0.14391899
94,43,5871,0.20395738,22.099056,4.868705,0.61111796,0.1439141,0.1439141
94,44,5872,0.20397373,22.10032,4.8685493,0.61110264,0.14391011,0.14391011
94,45,5873,0.20398171,22.101154,4.8684583,0.6111037,0.14390709,0.14390709
94,46,5874,0.20399162,22.102386,4.868297,0.6110966,0.14390041,0.14390041
94,47,5875,0.20399752,22.103363,4.8681355,0.6110929,0.14389572,0.14389572
94,48,5876,0.20400777,22.104177,4.8679442,0.61109865,0.14388867,0.14388867
94,49,5877,0.20402065,22.105255,4.86782,0.6111154,0.14388274,0.14388274
94,50,5878,0.20403735,22.106924,4.8676524,0.6111207,0.1438757,0.1438757
94,51,5879,0.2040456,22.107569,4.8675327,0.6111126,0.14387415,0.14387415
94,52,5880,0.2040563,22.108278,4.8673987,0.61108935,0.1438706,0.1438706
94,53,5881,0.20406787,22.109499,4.867271,0.61106694,0.14386751,0.14386751
94,54,5882,0.20407797,22.110891,4.867145,0.6110451,0.14386606,0.14386606
94,55,5883,0.2040842,22.111712,4.8670774,0.6110738,0.14386578,0.14386578
94,56,5884,0.20410046,22.11318,4.866987,0.61108774,0.14386149,0.14386149
94,57,5885,0.20411101,22.114178,4.8668513,0.6110719,0.14385776,0.14385776
94,58,5886,0.20411669,22.11419,4.866731,0.6110746,0.14385374,0.14385374
94,59,5887,0.20413102,22.115221,4.86656,0.61103815,0.14384866,0.14384866
94,60,5888,0.2041455,22.11684,4.866357,0.6110317,0.14384083,0.14384083
94,61,5889,0.2041506,22.117224,4.8661757,0.6110304,0.14383395,0.14383395
95,0,5890,0.20415425,22.117922,4.8660893,0.61105406,0.14382882,0.14382882
95,1,5891,0.20416132,22.118917,4.865958,0.61105984,0.14382274,0.14382274
95,2,5892,0.20417559,22.121164,4.865804,0.61108243,0.14381708,0.14381708
95,3,5893,0.2041856,22.122265,4.8656263,0.6110855,0.14380953,0.14380953
95,4,5894,0.20418857,22.123014,4.865475,0.6110937,0.14380431,0.14380431
95,5,5895,0.20419559,22.123068,4.8652854,0.6110822,0.14379844,0.14379844
95,6,5896,0.20420323,22.124117,4.865171,0.61110157,0.14379472,0.14379472
95,7,5897,0.20421702,22.126797,4.8650646,0.6110763,0.14379354,0.14379354
95,8,5898,0.20422289,22.126965,4.865006,0.61105907,0.14379254,0.14379254
95,9,5899,0.20422797,22.128231,4.8648553,0.61104214,0.1437896,0.1437896
95,10,5900,0.20423023,22.128258,4.8646293,0.6109906,0.14378203,0.14378203
95,11,5901,0.20423408,22.128614,4.8644533,0.61097425,0.14377652,0.14377652
95,12,5902,0.20424357,22.130123,4.8643317,0.61102504,0.14376889,0.14376889
95,13,5903,0.20424317,22.130579,4.8642693,0.6110552,0.14376436,0.14376436
95,14,5904,0.20424807,22.130936,4.864121,0.611046,0.14375797,0.14375797
95,15,5905,0.20425963,22.133043,4.8639827,0.61106026,0.14375263,0.14375263
95,16,5906,0.2042636,22.133116,4.8638473,0.6110445,0.14374852,0.14374852
95,17,5907,0.20427555,22.134256,4.8637385,0.61107016,0.14373963,0.14373963
95,18,5908,0.20429444,22.13653,4.8636184,0.6110546,0.14373465,0.14373465
95,19,5909,0.20429966,22.137066,4.863513,0.61107475,0.1437293,0.1437293
95,20,5910,0.20430869,22.137718,4.8633633,0.6110686,0.14372373,0.14372373
95,21,5911,0.20431907,22.138954,4.8632255,0.6110691,0.14371753,0.14371753
95,22,5912,0.2043348,22.140377,4.863047,0.6110615,0.14371194,0.14371194
95,23,5913,0.2043462,22.141209,4.86289,0.6110535,0.14370885,0.14370885
95,24,5914,0.20435746,22.14239,4.8626795,0.6110345,0.14370431,0.14370431
95,25,5915,0.20436455,22.142992,4.8625603,0.6110458,0.14370337,0.14370337
95,26,5916,0.20437443,22.14427,4.8624034,0.611027,0.14369954,0.14369954
95,27,5917,0.20437545,22.14458,4.8622575,0.6110081,0.14369626,0.14369626
95,28,5918,0.20438094,22.145504,4.8620915,0.6109727,0.14369301,0.14369301
95,29,5919,0.2043828,22.14553,4.8619146,0.6109693,0.14368603,0.14368603
95,30,5920,0.20438394,22.145695,4.8616905,0.61095816,0.1436807,0.1436807
95,31,5921,0.20438644,22.145855,4.861591,0.6109602,0.14367683,0.14367683
95,32,5922,0.20439173,22.146372,4.8615017,0.61099154,0.14367239,0.14367239
95,33,5923,0.20439889,22.146416,4.8614197,0.6109922,0.14366801,0.14366801
95,34,5924,0.2044191,22.14712,4.861296,0.6110206,0.14366384,0.14366384
95,35,5925,0.20442805,22.147654,4.861189,0.61102116,0.1436582,0.1436582
95,36,5926,0.20444092,22.149666,4.8611,0.6110348,0.14365295,0.14365295
95,37,5927,0.20445216,22.150833,4.861032,0.61106527,0.14364925,0.14364925
95,38,5928,0.204463,22.152672,4.860846,0.6110698,0.14364268,0.14364268
95,39,5929,0.20446713,22.15351,4.860679,0.6110966,0.14363721,0.14363721
95,40,5930,0.20447627,22.154617,4.8604584,0.6110708,0.14363049,0.14363049
95,41,5931,0.20448184,22.155806,4.8602705,0.61104375,0.14362685,0.14362685
95,42,5932,0.20449367,22.156534,4.8601184,0.61100644,0.14362206,0.14362206
95,43,5933,0.20449388,22.155926,4.859981,0.6109902,0.14361969,0.14361969
95,44,5934,0.20450625,22.156656,4.8598204,0.6109816,0.1436142,0.1436142
95,45,5935,0.20451036,22.156843,4.859647,0.6109422,0.14360759,0.14360759
95,46,5936,0.20451447,22.157198,4.859526,0.61092514,0.14360529,0.14360529
95,47,5937,0.20452167,22.157999,4.8594613,0.6109438,0.1436012,0.1436012
95,48,5938,0.20452815,22.158474,4.859334,0.6109668,0.14359893,0.14359893
95,49,5939,0.20452926,22.15861,4.859216,0.61100054,0.1435929,0.1435929
95,50,5940,0.20453262,22.158913,4.8590837,0.6109726,0.14359069,0.14359069
95,51,5941,0.20454061,22.159746,4.858928,0.61093515,0.1435848,0.1435848
95,52,5942,0.20455016,22.160477,4.8588104,0.61091834,0.14358006,0.14358006
95,53,5943,0.20456134,22.161705,4.8586597,0.61092997,0.14357471,0.14357471
95,54,5944,0.20455998,22.161081,4.858532,0.6109396,0.14356928,0.14356928
95,55,5945,0.20456022,22.16072,4.85837,0.61090726,0.14356461,0.14356461
95,56,5946,0.20456672,22.161165,4.858202,0.6108733,0.14356014,0.14356014
95,57,5947,0.2045781,22.162252,4.858047,0.6108533,0.14355804,0.14355804
95,58,5948,0.20458402,22.163021,4.8578506,0.6108292,0.14355372,0.14355372
95,59,5949,0.20459226,22.164116,4.857724,0.6108184,0.1435491,0.1435491
95,60,5950,0.20459716,22.164598,4.8575516,0.6107947,0.1435446,0.1435446
95,61,5951,0.20461062,22.166113,4.85743,0.6107934,0.14354259,0.14354259
96,0,5952,0.20462304,22.166225,4.8573422,0.61082107,0.14354196,0.14354196
96,1,5953,0.2046407,22.169191,4.857251,0.6108167,0.14353624,0.14353624
96,2,5954,0.20464718,22.170012,4.8571415,0.61081606,0.14353204,0.14353204
96,3,5955,0.2046557,22.170473,4.8570013,0.61080354,0.14352621,0.14352621
96,4,5956,0.20465763,22.170612,4.856873,0.61079925,0.14352025,0.14352025
96,5,5957,0.20466922,22.172182,4.856728,0.6108017,0.14351681,0.14351681
96,6,5958,0.20467547,22.173023,4.856635,0.61076385,0.1435142,0.1435142
96,7,5959,0.20468481,22.173918,4.8564863,0.6107579,0.1435096,0.1435096
96,8,5960,0.20470053,22.174015,4.8563256,0.61074245,0.14350662,0.14350662
96,9,5961,0.20470697,22.174381,4.8562613,0.6107607,0.14350252,0.14350252
96,10,5962,0.20471096,22.174837,4.8560863,0.61075693,0.14349848,0.14349848
96,11,5963,0.20472185,22.175753,4.8558774,0.6107595,0.14349203,0.14349203
96,12,5964,0.2047299,22.176317,4.855748,0.610777,0.14348495,0.14348495
96,13,5965,0.20473403,22.176802,4.8556857,0.61080116,0.14347862,0.14347862
96,14,5966,0.20474239,22.17819,4.855615,0.6108017,0.1434754,0.1434754
96,15,5967,0.20475127,22.179365,4.8554864,0.61082387,0.14346932,0.14346932
96,16,5968,0.20476058,22.180195,4.855352,0.6108127,0.14346509,0.14346509
96,17,5969,0.20476969,22.18093,4.8552384,0.6108136,0.1434618,0.1434618
96,18,5970,0.20478642,22.183165,4.8550982,0.610821,0.14345399,0.14345399
96,19,5971,0.20479119,22.18348,4.854948,0.610793,0.14345188,0.14345188
96,20,5972,0.20480189,22.184286,4.854837,0.6107947,0.14345033,0.14345033
96,21,5973,0.20481138,22.18521,4.8546968,0.61078584,0.14344563,0.14344563
96,22,5974,0.20481712,22.185736,4.854523,0.61074704,0.14344113,0.14344113
96,23,5975,0.20482138,22.186106,4.854305,0.6107413,0.14343421,0.14343421
96,24,5976,0.20483825,22.187075,4.8542094,0.61072636,0.14342684,0.14342684
96,25,5977,0.20485292,22.188612,4.854056,0.61072904,0.14342122,0.14342122
96,26,5978,0.20486239,22.188875,4.8540087,0.6107579,0.14341588,0.14341588
96,27,5979,0.20487158,22.189575,4.853881,0.61075824,0.14341044,0.14341044
96,28,5980,0.20488472,22.191208,4.853773,0.6107895,0.14340572,0.14340572
96,29,5981,0.2049001,22.193054,4.853673,0.61080235,0.14340167,0.14340167
96,30,5982,0.20491049,22.194445,4.8535695,0.61081564,0.1433996,0.1433996
96,31,5983,0.20491713,22.195307,4.8534784,0.6108432,0.14339378,0.14339378
96,32,5984,0.20492785,22.19721,4.8533244,0.61082,0.1433932,0.1433932
96,33,5985,0.20493847,22.198294,4.8531127,0.6107854,0.1433887,0.1433887
96,34,5986,0.20495269,22.19991,4.8529744,0.61078495,0.14338388,0.14338388
96,35,5987,0.20496047,22.201023,4.852856,0.61081994,0.14337727,0.14337727
96,36,5988,0.20496711,22.202045,4.852716,0.6108142,0.14337263,0.14337263
96,37,5989,0.20497538,22.202768,4.8525934,0.61082464,0.14337105,0.14337105
96,38,5990,0.20498192,22.203627,4.85239,0.610801,0.14336413,0.14336413
96,39,5991,0.20499513,22.205418,4.8522234,0.6107988,0.14335722,0.14335722
96,40,5992,0.20500636,22.20602,4.852116,0.610799,0.14335246,0.14335246
96,41,5993,0.20501825,22.2069,4.852031,0.61077386,0.14334774,0.14334774
96,42,5994,0.20502381,22.207325,4.851992,0.61078656,0.14334516,0.14334516
96,43,5995,0.20503348,22.207964,4.8519254,0.61082786,0.14333965,0.14333965
96,44,5996,0.20504434,22.209543,4.851784,0.6108117,0.14333369,0.14333369
96,45,5997,0.20505275,22.209743,4.8516555,0.61077774,0.14333202,0.14333202
96,46,5998,0.2050645,22.210342,4.8515177,0.61078405,0.1433265,0.1433265
96,47,5999,0.20507497,22.210989,4.8513274,0.6107529,0.14332232,0.14332232
96,48,6000,0.20508057,22.211828,4.8512535,0.61077857,0.14331937,0.14331937
96,49,6001,0.20508838,22.212774,4.851191,0.6107823,0.14331372,0.14331372
96,50,6002,0.20509292,22.213263,4.8511276,0.6108153,0.14330992,0.14330992
96,51,6003,0.20510426,22.214216,4.851017,0.6108191,0.14330594,0.14330594
96,52,6004,0.20510986,22.21526,4.8509192,0.6108307,0.14330098,0.14330098
96,53,6005,0.20512408,22.216665,4.8508544,0.6108376,0.1432979,0.1432979
96,54,6006,0.20513266,22.217415,4.850727,0.6108303,0.14329296,0.14329296
96,55,6007,0.20513701,22.218134,4.8506637,0.6108516,0.14328939,0.14328939
96,56,6008,0.20514917,22.219961,4.850582,0.6108843,0.14328758,0.14328758
96,57,6009,0.20516199,22.221556,4.8504906,0.6108918,0.14328367,0.14328367
96,58,6010,0.20517693,22.22174,4.8503575,0.6108718,0.14328173,0.14328173
96,59,6011,0.20517825,22.221672,4.850198,0.6108537,0.14327939,0.14327939
96,60,6012,0.20518374,22.222715,4.8500586,0.6108301,0.14327534,0.14327534
96,61,6013,0.20518902,22.22391,4.84992,0.61082464,0.14327139,0.14327139
97,0,6014,0.20520434,22.226234,4.849814,0.6108006,0.14326598,0.14326598
97,1,6015,0.20520729,22.226372,4.849699,0.61081225,0.1432594,0.1432594
97,2,6016,0.20521113,22.226686,4.8495617,0.61082804,0.1432542,0.1432542
97,3,6017,0.20521638,22.227612,4.8494635,0.61083144,0.1432505,0.1432505
97,4,6018,0.20522313,22.228783,4.849293,0.61081177,0.14324483,0.14324483
97,5,6019,0.2052398,22.230705,4.8491864,0.6107796,0.14324245,0.14324245
97,6,6020,0.20524615,22.231133,4.8490734,0.61078984,0.14323822,0.14323822
97,7,6021,0.20526768,22.23163,4.8489847,0.6107913,0.14323553,0.14323553
97,8,6022,0.20527382,22.2321,4.8488536,0.610777,0.14323227,0.14323227
97,9,6023,0.20528245,22.232944,4.8486714,0.61074996,0.14322478,0.14322478
97,10,6024,0.20528716,22.233313,4.848514,0.6107435,0.14322214,0.14322214
97,11,6025,0.20529641,22.235167,4.848366,0.61075234,0.14321469,0.14321469
97,12,6026,0.20530029,22.235426,4.848221,0.610746,0.14320986,0.14320986
97,13,6027,0.20530316,22.235626,4.848072,0.6107444,0.14320648,0.14320648
97,14,6028,0.2053095,22.236559,4.8479896,0.61073834,0.14320174,0.14320174
97,15,6029,0.20531908,22.23716,4.8478703,0.6107022,0.14319853,0.14319853
97,16,6030,0.20532736,22.236977,4.8477297,0.6106964,0.14319709,0.14319709
97,17,6031,0.20532972,22.23723,4.847604,0.6107145,0.14319514,0.14319514
97,18,6032,0.20534168,22.238165,4.847456,0.61068326,0.14319131,0.14319131
97,19,6033,0.20535523,22.239706,4.8473268,0.61069715,0.1431846,0.1431846
97,20,6034,0.20535977,22.239859,4.847192,0.6107286,0.14317796,0.14317796
97,21,6035,0.20537364,22.241423,4.847081,0.6107322,0.14317355,0.14317355
97,22,6036,0.20540455,22.243114,4.8469343,0.6107401,0.14316899,0.14316899
97,23,6037,0.20541652,22.244274,4.846805,0.6107256,0.14316541,0.14316541
97,24,6038,0.205434,22.246023,4.84665,0.6107041,0.14316079,0.14316079
97,25,6039,0.20543945,22.246712,4.846517,0.6106909,0.14315543,0.14315543
97,26,6040,0.20545104,22.248411,4.846394,0.61068964,0.14315201,0.14315201
97,27,6041,0.2054564,22.248774,4.8462424,0.6106981,0.14314595,0.14314595
97,28,6042,0.20545982,22.249401,4.8461137,0.61068976,0.14314307,0.14314307
97,29,6043,0.20546885,22.250792,4.8460245,0.61071336,0.14314093,0.14314093
97,30,6044,0.20547672,22.252178,4.8458576,0.61068547,0.14313728,0.14313728
97,31,6045,0.20549,22.254267,4.845693,0.6106823,0.1431322,0.1431322
97,32,6046,0.20550081,22.255486,4.845545,0.6107137,0.14312679,0.14312679
97,33,6047,0.20551214,22.25663,4.845441,0.61072075,0.14312194,0.14312194
97,34,6048,0.2055217,22.257841,4.8453116,0.61069375,0.1431146,0.1431146
97,35,6049,0.20553873,22.25889,4.8451877,0.6106961,0.14311093,0.14311093
97,36,6050,0.20555529,22.258837,4.8450403,0.6106896,0.14310716,0.14310716
97,37,6051,0.20555998,22.258892,4.844932,0.6106792,0.14310113,0.14310113
97,38,6052,0.20557521,22.260195,4.844805,0.61067814,0.14309575,0.14309575
97,39,6053,0.20558077,22.26094,4.844669,0.6106837,0.14309017,0.14309017
97,40,6054,0.20559125,22.261995,4.8445854,0.6106938,0.14308888,0.14308888
97,41,6055,0.20559688,22.26269,4.8444686,0.6106882,0.14308378,0.14308378
97,42,6056,0.20560291,22.26306,4.844368,0.6106676,0.1430799,0.1430799
97,43,6057,0.20561957,22.265724,4.844266,0.610656,0.14307708,0.14307708
97,44,6058,0.2056287,22.266817,4.8440995,0.6106354,0.14307192,0.14307192
97,45,6059,0.20563525,22.267155,4.8439617,0.61067665,0.14306203,0.14306203
97,46,6060,0.20564759,22.268108,4.8438993,0.6106933,0.14305882,0.14305882
97,47,6061,0.20566362,22.269386,4.843778,0.6106926,0.14305238,0.14305238
97,48,6062,0.20568027,22.271606,4.843641,0.6106974,0.14304806,0.14304806
97,49,6063,0.20568955,22.272337,4.8436427,0.61073107,0.14304759,0.14304759
97,50,6064,0.20569684,22.272978,4.843602,0.6107272,0.14304344,0.14304344
97,51,6065,0.20571089,22.273962,4.843531,0.61076224,0.14303763,0.14303763
97,52,6066,0.20571817,22.274828,4.8434644,0.6107745,0.1430358,0.1430358
97,53,6067,0.20572974,22.27616,4.843374,0.6107792,0.14303358,0.14303358
97,54,6068,0.20573777,22.276575,4.843245,0.6107923,0.14302875,0.14302875
97,55,6069,0.20574445,22.27706,4.8430963,0.6107844,0.14302547,0.14302547
97,56,6070,0.20574751,22.277817,4.8429093,0.6107948,0.14301828,0.14301828
97,57,6071,0.20575549,22.27905,4.8427315,0.61079717,0.14301421,0.14301421
97,58,6072,0.20576732,22.279745,4.842581,0.6107863,0.14300914,0.14300914
97,59,6073,0.2057777,22.281286,4.8424873,0.6107883,0.14300413,0.14300413
97,60,6074,0.20578614,22.282427,4.8424506,0.6107719,0.14300162,0.14300162
97,61,6075,0.20579608,22.283688,4.8423586,0.6107536,0.14300029,0.14300029
98,0,6076,0.20580466,22.285036,4.8422513,0.61076933,0.1429941,0.1429941
98,1,6077,0.20581272,22.285765,4.842163,0.6108175,0.14298832,0.14298832
98,2,6078,0.20583647,22.286737,4.842079,0.61083776,0.14298487,0.14298487
98,3,6079,0.20584175,22.287388,4.8419914,0.6108251,0.14298147,0.14298147
98,4,6080,0.20584245,22.287373,4.8419285,0.61080235,0.14297947,0.14297947
98,5,6081,0.20584491,22.287476,4.841838,0.6107792,0.14298154,0.14298154
98,6,6082,0.20585638,22.288708,4.8417797,0.6108467,0.14297882,0.14297882
98,7,6083,0.20586348,22.289902,4.841668,0.61086446,0.14297532,0.14297532
98,8,6084,0.2058713,22.291132,4.8415627,0.61087036,0.14297147,0.14297147
98,9,6085,0.20587447,22.29136,4.8414497,0.61087567,0.14297114,0.14297114
98,10,6086,0.20587568,22.291407,4.8412566,0.61085784,0.14296481,0.14296481
98,11,6087,0.20587826,22.291779,4.841077,0.6108277,0.14295967,0.14295967
98,12,6088,0.20588206,22.29246,4.8409247,0.61083037,0.14295414,0.14295414
98,13,6089,0.20588505,22.291962,4.8408546,0.61081517,0.14295349,0.14295349
98,14,6090,0.20588864,22.29245,4.840758,0.6108159,0.14294809,0.14294809
98,15,6091,0.20589162,22.292597,4.840557,0.6107779,0.14294146,0.14294146
98,16,6092,0.20590183,22.29325,4.840421,0.6107666,0.14293982,0.14293982
98,17,6093,0.20590748,22.293108,4.8402905,0.610773,0.14293443,0.14293443
98,18,6094,0.20591632,22.293917,4.8402014,0.6107994,0.14292893,0.14292893
98,19,6095,0.20592642,22.294363,4.8400903,0.610802,0.142923,0.142923
98,20,6096,0.20594087,22.295502,4.8399806,0.61078244,0.14292043,0.14292043
98,21,6097,0.20594709,22.296091,4.83982,0.61076427,0.14291511,0.14291511
98,22,6098,0.20595422,22.296244,4.8396535,0.6107383,0.14291033,0.14291033
98,23,6099,0.20596094,22.2969,4.839588,0.61074364,0.14290826,0.14290826
98,24,6100,0.20597056,22.29764,4.839534,0.61072516,0.14290626,0.14290626
98,25,6101,0.20598124,22.298727,4.839413,0.610706,0.14290652,0.14290652
98,26,6102,0.20599529,22.30052,4.8392186,0.61068743,0.1429025,0.1429025
98,27,6103,0.20600301,22.301344,4.8390956,0.6106934,0.14289753,0.14289753
98,28,6104,0.20601925,22.3036,4.838986,0.61070096,0.14289531,0.14289531
98,29,6105,0.20602684,22.304062,4.8387985,0.61067265,0.14289121,0.14289121
98,30,6106,0.20603558,22.304646,4.8386326,0.6106437,0.14288771,0.14288771
98,31,6107,0.20604429,22.304766,4.8384547,0.61060685,0.14288098,0.14288098
98,32,6108,0.2060549,22.30569,4.838373,0.6106301,0.14287871,0.14287871
98,33,6109,0.20606205,22.306639,4.838229,0.6106249,0.14287508,0.14287508
98,34,6110,0.2060713,22.307253,4.8381014,0.6106517,0.1428684,0.1428684
98,35,6111,0.2060737,22.3077,4.837974,0.6106643,0.14286417,0.14286417
98,36,6112,0.20607688,22.308367,4.837838,0.6106638,0.14285985,0.14285985
98,37,6113,0.20608154,22.308807,4.8377023,0.61066866,0.14285558,0.14285558
98,38,6114,0.20608541,22.308973,4.837526,0.6106818,0.14284825,0.14284825
98,39,6115,0.20608974,22.309214,4.837375,0.6106948,0.14284377,0.14284377
98,40,6116,0.20609236,22.309504,4.8372703,0.6106751,0.1428404,0.1428404
98,41,6117,0.20609489,22.30969,4.8371906,0.61069036,0.14283927,0.14283927
98,42,6118,0.20610835,22.311628,4.8370514,0.61070377,0.14283428,0.14283428
98,43,6119,0.2061167,22.31283,4.836852,0.610684,0.14282914,0.14282914
98,44,6120,0.2061302,22.314486,4.8367753,0.61066985,0.14282948,0.14282948
98,45,6121,0.20615128,22.316246,4.836728,0.6106727,0.14282851,0.14282851
98,46,6122,0.20615873,22.31678,4.8366427,0.6106825,0.14282387,0.14282387
98,47,6123,0.20616949,22.317537,4.836537,0.6106565,0.14282076,0.14282076
98,48,6124,0.20617387,22.317787,4.8364406,0.61067164,0.14281939,0.14281939
98,49,6125,0.20618258,22.318447,4.8362527,0.6106655,0.14281337,0.14281337
98,50,6126,0.20619285,22.318954,4.836057,0.6106429,0.1428086,0.1428086
98,51,6127,0.20619816,22.319523,4.835887,0.61063033,0.14280288,0.14280288
98,52,6128,0.20620298,22.320116,4.835726,0.6106307,0.14279753,0.14279753
98,53,6129,0.20620586,22.320223,4.835611,0.61061174,0.14279416,0.14279416
98,54,6130,0.20620759,22.320894,4.835472,0.6105915,0.1427857,0.1427857
98,55,6131,0.20622696,22.324219,4.8353148,0.61053896,0.1427847,0.1427847
98,56,6132,0.20623574,22.325714,4.8352027,0.6105148,0.14278387,0.14278387
98,57,6133,0.20623708,22.326221,4.8350096,0.6104912,0.1427784,0.1427784
98,58,6134,0.20623833,22.326681,4.8349075,0.6105004,0.14277619,0.14277619
98,59,6135,0.20624536,22.327946,4.8347507,0.61049134,0.14277081,0.14277081
98,60,6136,0.20624992,22.32817,4.834616,0.6105231,0.14276569,0.14276569
98,61,6137,0.20625831,22.328865,4.8344274,0.61049914,0.14276074,0.14276074
99,0,6138,0.20626745,22.329721,4.834234,0.61048377,0.14275652,0.14275652
99,1,6139,0.2062739,22.330267,4.834045,0.61047345,0.14275135,0.14275135
99,2,6140,0.2062789,22.330448,4.833916,0.61045367,0.14274752,0.14274752
99,3,6141,0.20628814,22.331215,4.833721,0.6104145,0.14274265,0.14274265
99,4,6142,0.20629816,22.331583,4.833588,0.610401,0.14273977,0.14273977
99,5,6143,0.20630777,22.332829,4.8335075,0.6104051,0.14273699,0.14273699
99,6,6144,0.20631342,22.333288,4.833349,0.61041075,0.14273192,0.14273192
99,7,6145,0.20631957,22.334034,4.8331847,0.6104058,0.1427248,0.1427248
99,8,6146,0.20633954,22.336548,4.8330355,0.61040664,0.1427213,0.1427213
99,9,6147,0.20634851,22.337185,4.8328385,0.6103953,0.1427181,0.1427181
99,10,6148,0.20635277,22.337538,4.8327255,0.61039716,0.14271447,0.14271447
99,11,6149,0.20635766,22.337337,4.8326178,0.61037713,0.14271209,0.14271209
99,12,6150,0.20636511,22.33799,4.83253,0.61035466,0.14270888,0.14270888
99,13,6151,0.20637903,22.339123,4.832471,0.61038315,0.14270431,0.14270431
99,14,6152,0.20638198,22.339176,4.8323317,0.61037576,0.14270067,0.14270067
99,15,6153,0.20638531,22.339382,4.832143,0.61034644,0.14269431,0.14269431
99,16,6154,0.20638213,22.338905,4.8319874,0.6103154,0.14268726,0.14268726
99,17,6155,0.20642583,22.344511,4.831899,0.61031973,0.14268324,0.14268324
99,18,6156,0.20644595,22.348255,4.831776,0.6103426,0.14268164,0.14268164
99,19,6157,0.20646328,22.350906,4.831663,0.61035913,0.14267927,0.14267927
99,20,6158,0.20648037,22.352997,4.8315206,0.610357,0.14267582,0.14267582
99,21,6159,0.20649111,22.354568,4.8314176,0.6103773,0.14267261,0.14267261
99,22,6160,0.20650065,22.356052,4.8312593,0.6103694,0.14266852,0.14266852
99,23,6161,0.20651187,22.357733,4.8311763,0.61039126,0.14266355,0.14266355
99,24,6162,0.2065213,22.35888,4.8310833,0.61040074,0.14265743,0.14265743
99,25,6163,0.2065297,22.359982,4.830942,0.6103683,0.14265399,0.14265399
99,26,6164,0.20653751,22.361168,4.8307433,0.6103478,0.14264706,0.14264706
99,27,6165,0.2065421,22.361975,4.8306813,0.6103418,0.14264591,0.14264591
99,28,6166,0.20655425,22.362946,4.8305545,0.61033833,0.14264354,0.14264354
99,29,6167,0.20656374,22.36371,4.830423,0.6103225,0.1426385,0.1426385
99,30,6168,0.20657462,22.364668,4.830262,0.61031145,0.14263646,0.14263646
99,31,6169,0.20658821,22.365757,4.830161,0.6103093,0.14262971,0.14262971
99,32,6170,0.2065959,22.365797,4.8300424,0.61032075,0.14262435,0.14262435
99,33,6171,0.20660073,22.366545,4.829989,0.6103497,0.14262128,0.14262128
99,34,6172,0.20660977,22.367725,4.8298583,0.6103379,0.1426179,0.1426179
99,35,6173,0.2066221,22.368727,4.829719,0.61031854,0.14261368,0.14261368
99,36,6174,0.20663172,22.369596,4.829568,0.6103354,0.1426076,0.1426076
99,37,6175,0.20663756,22.37042,4.8294477,0.610327,0.14260238,0.14260238
99,38,6176,0.20664808,22.371828,4.8293533,0.61030304,0.14260018,0.14260018
99,39,6177,0.20665638,22.372812,4.8292837,0.61030567,0.1425934,0.1425934
99,40,6178,0.2066649,22.374123,4.829174,0.6102996,0.14258853,0.14258853
99,41,6179,0.20667523,22.376108,4.8290353,0.6102916,0.14258215,0.14258215
99,42,6180,0.20668119,22.376143,4.828902,0.6103083,0.14257684,0.14257684
99,43,6181,0.20668828,22.376526,4.8288016,0.61026734,0.14257452,0.14257452
99,44,6182,0.20669386,22.376793,4.8287363,0.61025625,0.14256962,0.14256962
99,45,6183,0.20670734,22.378435,4.82865,0.6102401,0.14256631,0.14256631
99,46,6184,0.20671524,22.37898,4.828564,0.610231,0.14256395,0.14256395
99,47,6185,0.20672134,22.379911,4.82846,0.61026376,0.14256167,0.14256167
99,48,6186,0.20673434,22.381826,4.8283257,0.610259,0.14255753,0.14255753
99,49,6187,0.20674571,22.383623,4.828243,0.6102833,0.14255294,0.14255294
99,50,6188,0.20675714,22.384972,4.828157,0.61028755,0.14254929,0.14254929
99,51,6189,0.20676741,22.386196,4.827998,0.61027825,0.14254269,0.14254269
99,52,6190,0.20678128,22.387133,4.827837,0.61026776,0.14253987,0.14253987
99,53,6191,0.20679057,22.38754,4.827675,0.61026233,0.14253421,0.14253421
99,54,6192,0.20679933,22.38812,4.8275027,0.61025864,0.142528,0.142528
99,55,6193,0.20680033,22.38787,4.827385,0.61025894,0.14252418,0.14252418
99,56,6194,0.2068058,22.388508,4.8272896,0.6102442,0.14251883,0.14251883
99,57,6195,0.20680866,22.388256,4.8272285,0.6102376,0.14251605,0.14251605
99,58,6196,0.20681399,22.388828,4.8271546,0.61025304,0.14251128,0.14251128
99,59,6197,0.20681798,22.38954,4.827036,0.61022973,0.14250965,0.14250965
99,60,6198,0.20682272,22.389765,4.8269033,0.6102101,0.1425068,0.1425068
99,61,6199,0.20682041,22.389606,4.826743,0.6101633,0.14250153,0.14250153
