epoch,batch,global_step,d_loss,d_acc,g_loss,g_adv,g_recon,g_id
0,0,0,2.9731371,320.8572,19.825207,1.0720682,0.6740422,0.6740422
0,1,1,2.0177293,218.80817,17.794704,0.97278893,0.62417513,0.62417513
0,2,2,1.7851615,203.98895,16.725727,0.99535847,0.5827982,0.5827982
0,3,3,1.6358829,174.91765,15.814487,0.90623003,0.5517956,0.5517956
0,4,4,1.4230478,151.14224,15.119361,0.8474242,0.53407496,0.53407496
0,5,5,1.278872,136.83763,14.536133,0.800629,0.515694,0.515694
0,6,6,1.1618347,123.61877,14.224636,0.7613056,0.4942435,0.4942435
0,7,7,1.0840924,113.600746,13.857357,0.7241556,0.48197845,0.48197845
0,8,8,1.011087,106.00145,13.423861,0.69227344,0.4659571,0.4659571
0,9,9,0.956705,101.21088,13.053138,0.6632783,0.45033017,0.45033017
0,10,10,0.90981543,96.362495,12.776031,0.63258946,0.4401068,0.4401068
0,11,11,0.86812574,91.59283,12.501736,0.61236066,0.4298857,0.4298857
0,12,12,0.83793986,87.94583,12.309461,0.59268296,0.424418,0.424418
0,13,13,0.814113,85.36315,12.074972,0.5805547,0.41570652,0.41570652
0,14,14,0.786931,82.679726,11.865694,0.5694826,0.40755117,0.40755117
0,15,15,0.7658216,80.33403,11.698276,0.5655872,0.39912635,0.39912635
0,16,16,0.74838376,78.465805,11.547398,0.5559504,0.39548662,0.39548662
0,17,17,0.7366438,76.64509,11.391759,0.550157,0.388909,0.388909
0,18,18,0.72345126,75.05305,11.253874,0.5424308,0.38399932,0.38399932
0,19,19,0.70765334,73.45505,11.117515,0.5386383,0.3790141,0.3790141
0,20,20,0.69495296,72.14767,11.029406,0.5333133,0.37655318,0.37655318
0,21,21,0.68203646,70.7142,10.928069,0.52868295,0.3720066,0.3720066
0,22,22,0.67199564,69.32451,10.819924,0.5269106,0.36835873,0.36835873
0,23,23,0.6649437,68.509125,10.729567,0.5264656,0.36486456,0.36486456
0,24,24,0.6560043,67.83999,10.637484,0.52267617,0.36117688,0.36117688
0,25,25,0.6474874,66.94334,10.532572,0.5212075,0.35778788,0.35778788
0,26,26,0.638292,65.9147,10.463282,0.5202807,0.35557058,0.35557058
0,27,27,0.6310768,64.90669,10.386845,0.5193524,0.35265574,0.35265574
0,28,28,0.6228483,63.9948,10.304695,0.5171043,0.34998253,0.34998253
0,29,29,0.616415,63.22295,10.211016,0.516627,0.34631193,0.34631193
0,30,30,0.60860884,62.488663,10.135332,0.5141907,0.34415743,0.34415743
0,31,31,0.60162914,61.82816,10.090983,0.5112418,0.34229326,0.34229326
0,32,32,0.59557307,61.21081,10.072468,0.50683177,0.34101394,0.34101394
0,33,33,0.59038734,60.817574,10.01452,0.50821304,0.33913392,0.33913392
0,34,34,0.58714217,60.47468,9.947168,0.50646096,0.336059,0.336059
0,35,35,0.58301246,59.925926,9.880627,0.5056097,0.33342814,0.33342814
0,36,36,0.57904273,59.420406,9.833411,0.5047625,0.33118293,0.33118293
0,37,37,0.5741793,58.99798,9.802851,0.5028107,0.32943532,0.32943532
0,38,38,0.569312,58.453022,9.75404,0.5019891,0.32805112,0.32805112
0,39,39,0.56466234,57.995422,9.714294,0.49974138,0.32702768,0.32702768
0,40,40,0.5609732,57.70645,9.6748705,0.49625129,0.32537833,0.32537833
0,41,41,0.5568551,57.260906,9.640825,0.4933835,0.32476377,0.32476377
0,42,42,0.5527774,56.867428,9.589741,0.49299467,0.3228506,0.3228506
0,43,43,0.5488064,56.43938,9.542396,0.4935009,0.32092345,0.32092345
0,44,44,0.5445504,56.06667,9.509016,0.4937829,0.3197464,0.3197464
0,45,45,0.54137486,55.664444,9.462893,0.49475998,0.31832716,0.31832716
0,46,46,0.5393237,55.605114,9.427852,0.49574542,0.3167682,0.3167682
0,47,47,0.5362851,55.346107,9.38659,0.497455,0.31555593,0.31555593
0,48,48,0.5324807,55.042774,9.351865,0.4960639,0.3141974,0.3141974
0,49,49,0.52918434,54.79541,9.308114,0.49418035,0.3127938,0.3127938
0,50,50,0.5269904,54.54973,9.262364,0.4934307,0.31129956,0.31129956
0,51,51,0.5233687,54.185425,9.219493,0.49315503,0.31002834,0.31002834
0,52,52,0.5199075,53.87854,9.179427,0.493086,0.30868787,0.30868787
0,53,53,0.5162251,53.53949,9.135044,0.4908682,0.3075624,0.3075624
0,54,54,0.513455,53.259415,9.109483,0.49165213,0.30654687,0.30654687
0,55,55,0.5111507,53.048683,9.074776,0.4897647,0.3058495,0.3058495
0,56,56,0.50832874,52.79163,9.038765,0.4886587,0.30459836,0.30459836
0,57,57,0.50563496,52.566742,9.009329,0.4885167,0.3031692,0.3031692
0,58,58,0.5026498,52.35796,8.976144,0.4877015,0.30190587,0.30190587
0,59,59,0.49976057,52.15614,8.948208,0.48622793,0.30127504,0.30127504
0,60,60,0.49659985,51.914055,8.922457,0.4855352,0.30040088,0.30040088
0,61,61,0.49414372,51.689075,8.900444,0.4859916,0.29981524,0.29981524
1,0,62,0.4912957,51.46544,8.8740835,0.48600325,0.2985502,0.2985502
1,1,63,0.48928013,51.2722,8.848942,0.4861442,0.29765257,0.29765257
1,2,64,0.48658168,51.04064,8.821125,0.4859797,0.29670632,0.29670632
1,3,65,0.4839797,50.791348,8.802518,0.48794076,0.29539374,0.29539374
1,4,66,0.48116982,50.530838,8.776409,0.4870899,0.29471648,0.29471648
1,5,67,0.47858256,50.33896,8.748422,0.4863144,0.293879,0.293879
1,6,68,0.4763927,50.15605,8.729251,0.48549885,0.29275686,0.29275686
1,7,69,0.47415978,49.891407,8.703548,0.48488247,0.29178256,0.29178256
1,8,70,0.4723314,49.678574,8.675943,0.48282757,0.29094896,0.29094896
1,9,71,0.46978983,49.424297,8.656829,0.48234886,0.29012215,0.29012215
1,10,72,0.46728206,49.12046,8.632691,0.4826077,0.28946793,0.28946793
1,11,73,0.46493104,48.881607,8.607892,0.48326862,0.28893927,0.28893927
1,12,74,0.4626068,48.70075,8.582743,0.48347986,0.28799567,0.28799567
1,13,75,0.46060658,48.499508,8.563864,0.48259398,0.28767216,0.28767216
1,14,76,0.4583033,48.32145,8.545305,0.48141268,0.28710982,0.28710982
1,15,77,0.45592135,48.105885,8.52921,0.48027417,0.28666863,0.28666863
1,16,78,0.45323685,47.851055,8.501491,0.47971648,0.28591505,0.28591505
1,17,79,0.45067596,47.5773,8.47433,0.47881538,0.285009,0.285009
1,18,80,0.44806623,47.36459,8.4558735,0.4778293,0.2841178,0.2841178
1,19,81,0.44571173,47.14747,8.426212,0.47742516,0.28309333,0.28309333
1,20,82,0.44345254,46.94201,8.4069605,0.4769718,0.28245738,0.28245738
1,21,83,0.4415978,46.78442,8.392055,0.4759503,0.28192127,0.28192127
1,22,84,0.43909943,46.56487,8.378624,0.47544318,0.28142595,0.28142595
1,23,85,0.43738094,46.398384,8.370405,0.47648865,0.281271,0.281271
1,24,86,0.43555406,46.225887,8.347328,0.4762043,0.28043434,0.28043434
1,25,87,0.4336611,46.061634,8.340888,0.47612798,0.280049,0.280049
1,26,88,0.43143523,45.8539,8.3151245,0.47457823,0.27914473,0.27914473
1,27,89,0.42910337,45.655872,8.299651,0.47519398,0.27858427,0.27858427
1,28,90,0.42689675,45.441765,8.278861,0.47386232,0.27822006,0.27822006
1,29,91,0.42504108,45.24185,8.258253,0.4735659,0.27730823,0.27730823
1,30,92,0.42278898,45.02834,8.239304,0.47243425,0.27666795,0.27666795
1,31,93,0.4208352,44.865723,8.218967,0.4716435,0.2759503,0.2759503
1,32,94,0.41890642,44.6734,8.197909,0.47003505,0.2751734,0.2751734
1,33,95,0.41692483,44.52037,8.17488,0.4691193,0.27446496,0.27446496
1,34,96,0.41472864,44.31689,8.158061,0.4671536,0.27407503,0.27407503
1,35,97,0.41302592,44.18686,8.139628,0.46586952,0.273699,0.273699
1,36,98,0.4110349,44.00581,8.118306,0.4645198,0.27295986,0.27295986
1,37,99,0.40923703,43.83922,8.1043825,0.46430498,0.2725721,0.2725721
1,38,100,0.40724435,43.663498,8.092704,0.4630978,0.27190974,0.27190974
1,39,101,0.40551224,43.46752,8.082524,0.4630022,0.2714881,0.2714881
1,40,102,0.40373006,43.290634,8.068869,0.46348605,0.27101323,0.27101323
1,41,103,0.40178955,43.085926,8.050792,0.46224666,0.27044508,0.27044508
1,42,104,0.40018794,42.920864,8.029807,0.4597215,0.26988554,0.26988554
1,43,105,0.39835525,42.749508,8.015076,0.4604714,0.26953608,0.26953608
1,44,106,0.39619246,42.526413,7.995542,0.45952302,0.2689928,0.2689928
1,45,107,0.3944224,42.365765,7.9781036,0.4584652,0.26833412,0.26833412
1,46,108,0.3923537,42.173653,7.9610734,0.4569515,0.26785493,0.26785493
1,47,109,0.3907191,42.021305,7.9492846,0.45623398,0.2673526,0.2673526
1,48,110,0.38892275,41.84587,7.9325333,0.45534366,0.26661435,0.26661435
1,49,111,0.38701808,41.64758,7.921968,0.4557276,0.26623714,0.26623714
1,50,112,0.38527054,41.458786,7.910267,0.45570785,0.26596037,0.26596037
1,51,113,0.38367754,41.33242,7.897747,0.4537542,0.26546836,0.26546836
1,52,114,0.38176438,41.151546,7.881481,0.45200595,0.26502815,0.26502815
1,53,115,0.37995645,40.979534,7.8725896,0.4516535,0.26463944,0.26463944
1,54,116,0.3783521,40.82361,7.863626,0.4506706,0.26436836,0.26436836
1,55,117,0.37674737,40.62115,7.8491845,0.4488298,0.26389736,0.26389736
1,56,118,0.37529367,40.42615,7.829758,0.4475771,0.26313767,0.26313767
1,57,119,0.37396622,40.258957,7.815589,0.4455645,0.26275098,0.26275098
1,58,120,0.37259123,40.11562,7.8018217,0.4460649,0.2624135,0.2624135
1,59,121,0.37090984,39.917534,7.790388,0.4452221,0.26210546,0.26210546
1,60,122,0.36940122,39.744232,7.7831655,0.4439487,0.26169044,0.26169044
1,61,123,0.3679493,39.568245,7.7718067,0.4435566,0.26133874,0.26133874
2,0,124,0.36626282,39.380962,7.7585063,0.44210246,0.2608925,0.2608925
2,1,125,0.3648522,39.21813,7.7469316,0.4410526,0.26053447,0.26053447
2,2,126,0.36335394,39.055817,7.7372646,0.43943194,0.26017326,0.26017326
2,3,127,0.361966,38.90565,7.726787,0.43879518,0.2599678,0.2599678
2,4,128,0.36065662,38.778084,7.714633,0.43775782,0.2594738,0.2594738
2,5,129,0.3592802,38.638187,7.7057414,0.43716502,0.2590319,0.2590319
2,6,130,0.35792333,38.514,7.692485,0.43579274,0.25873843,0.25873843
2,7,131,0.35670313,38.38484,7.681076,0.4342712,0.25850278,0.25850278
2,8,132,0.35516676,38.232685,7.6684113,0.43294656,0.2580412,0.2580412
2,9,133,0.35399497,38.102127,7.6546736,0.43124938,0.2577568,0.2577568
2,10,134,0.35264224,37.938404,7.6410804,0.42925087,0.2571866,0.2571866
2,11,135,0.35137075,37.816826,7.6312532,0.42915013,0.25681952,0.25681952
2,12,136,0.3499102,37.651825,7.6168575,0.42776358,0.25638568,0.25638568
2,13,137,0.34859586,37.5032,7.6047115,0.42544746,0.25589663,0.25589663
2,14,138,0.34727848,37.349503,7.5938997,0.42365828,0.25558633,0.25558633
2,15,139,0.34632254,37.230145,7.584145,0.42433393,0.25530505,0.25530505
2,16,140,0.34500194,37.08829,7.574883,0.42531487,0.25500378,0.25500378
2,17,141,0.34379536,36.942623,7.565799,0.42466116,0.2548662,0.2548662
2,18,142,0.3425991,36.80313,7.557704,0.423609,0.25478402,0.25478402
2,19,143,0.34133983,36.650574,7.549792,0.42345583,0.25454167,0.25454167
2,20,144,0.3401777,36.523476,7.5418315,0.4235033,0.2542675,0.2542675
2,21,145,0.33895743,36.407574,7.5325875,0.4231772,0.25397468,0.25397468
2,22,146,0.3376616,36.268616,7.519262,0.42240638,0.2535886,0.2535886
2,23,147,0.33645296,36.130447,7.5085125,0.4209484,0.25325385,0.25325385
2,24,148,0.33523571,36.02271,7.495377,0.42046598,0.25288197,0.25288197
2,25,149,0.3339635,35.900307,7.484522,0.41992366,0.25246546,0.25246546
2,26,150,0.33273557,35.77582,7.4698896,0.41902798,0.25183252,0.25183252
2,27,151,0.3315272,35.65706,7.459471,0.41847154,0.25152206,0.25152206
2,28,152,0.3303374,35.536255,7.451506,0.41852015,0.25137004,0.25137004
2,29,153,0.32918447,35.438168,7.4443913,0.4177374,0.25110707,0.25110707
2,30,154,0.32801163,35.33416,7.4354906,0.41652092,0.25078893,0.25078893
2,31,155,0.32690132,35.2277,7.4253354,0.41658494,0.2504144,0.2504144
2,32,156,0.32578155,35.111435,7.4144764,0.4155957,0.25023812,0.25023812
2,33,157,0.324641,35.01972,7.4053755,0.41533783,0.25002882,0.25002882
2,34,158,0.3235759,34.91993,7.3960314,0.4143633,0.24981816,0.24981816
2,35,159,0.3226457,34.82362,7.3866487,0.4142618,0.24956968,0.24956968
2,36,160,0.3215177,34.69829,7.3785677,0.41396827,0.24925578,0.24925578
2,37,161,0.32052794,34.59596,7.3675222,0.41318908,0.2488717,0.2488717
2,38,162,0.31975418,34.513252,7.3604045,0.41388538,0.24863178,0.24863178
2,39,163,0.31887317,34.419266,7.3572197,0.413944,0.248298,0.248298
2,40,164,0.31798652,34.331615,7.3492584,0.414082,0.2480508,0.2480508
2,41,165,0.31714037,34.24422,7.3405266,0.41258204,0.2478179,0.2478179
2,42,166,0.3161984,34.16186,7.336672,0.41159254,0.24752682,0.24752682
2,43,167,0.315393,34.079327,7.336377,0.41138247,0.2474167,0.2474167
2,44,168,0.31443805,33.989365,7.3334794,0.41250223,0.24731538,0.24731538
2,45,169,0.31357467,33.89821,7.3265195,0.41282052,0.2470884,0.2470884
2,46,170,0.3125894,33.806847,7.321428,0.41256517,0.24707039,0.24707039
2,47,171,0.31165808,33.72417,7.313394,0.41236398,0.24676341,0.24676341
2,48,172,0.31083685,33.633125,7.305447,0.4120442,0.24647929,0.24647929
2,49,173,0.31001648,33.544518,7.2983975,0.41134214,0.2463676,0.2463676
2,50,174,0.3093132,33.479286,7.2909827,0.4108189,0.2460605,0.2460605
2,51,175,0.30848074,33.40369,7.2851477,0.41178522,0.2457618,0.2457618
2,52,176,0.30756325,33.299534,7.277606,0.41152644,0.24565734,0.24565734
2,53,177,0.30672166,33.20565,7.272479,0.41240925,0.24547605,0.24547605
2,54,178,0.305961,33.134098,7.267099,0.4117244,0.24544337,0.24544337
2,55,179,0.30513376,33.061535,7.2587304,0.4110379,0.24520506,0.24520506
2,56,180,0.30420417,32.954304,7.2471414,0.41002366,0.24476732,0.24476732
2,57,181,0.30352452,32.886833,7.2404876,0.40977633,0.24450552,0.24450552
2,58,182,0.30274332,32.81249,7.235096,0.40970498,0.24423203,0.24423203
2,59,183,0.3019641,32.73285,7.2278857,0.40964973,0.24399163,0.24399163
2,60,184,0.30114138,32.642197,7.2220783,0.40907422,0.24371682,0.24371682
2,61,185,0.30040503,32.54785,7.215756,0.40802276,0.24360247,0.24360247
3,0,186,0.2996866,32.466972,7.2075486,0.40853688,0.2433329,0.2433329
3,1,187,0.29889166,32.388668,7.198968,0.40806115,0.2429482,0.2429482
3,2,188,0.29808643,32.311066,7.194229,0.40724832,0.24275772,0.24275772
3,3,189,0.29730684,32.234356,7.1875143,0.4074356,0.24254774,0.24254774
3,4,190,0.29662412,32.178642,7.181261,0.4076429,0.24237189,0.24237189
3,5,191,0.29581022,32.115192,7.1743183,0.40784726,0.24215226,0.24215226
3,6,192,0.29506797,32.05449,7.1684427,0.4073337,0.2420609,0.2420609
3,7,193,0.29429996,31.978394,7.1625376,0.4066996,0.24187538,0.24187538
3,8,194,0.29363292,31.905973,7.1591077,0.40639544,0.24170682,0.24170682
3,9,195,0.2928568,31.825098,7.1552143,0.40591687,0.241596,0.241596
3,10,196,0.29223478,31.755512,7.147592,0.4057987,0.24133918,0.24133918
3,11,197,0.29152855,31.672352,7.1412687,0.406242,0.24108987,0.24108987
3,12,198,0.290756,31.599628,7.1347847,0.406588,0.24081749,0.24081749
3,13,199,0.29000014,31.527973,7.1287103,0.40633366,0.24061988,0.24061988
3,14,200,0.28931728,31.45271,7.125911,0.4061632,0.2405559,0.2405559
3,15,201,0.28876984,31.39509,7.1232185,0.40606108,0.240559,0.240559
3,16,202,0.28800267,31.305843,7.115984,0.40527186,0.24028039,0.24028039
3,17,203,0.28731555,31.220499,7.1119266,0.40545705,0.24002565,0.24002565
3,18,204,0.28654987,31.136835,7.103164,0.40432772,0.23980151,0.23980151
3,19,205,0.2859453,31.08059,7.096178,0.4041836,0.23954678,0.23954678
3,20,206,0.28528923,30.993874,7.0927186,0.4043364,0.23939376,0.23939376
3,21,207,0.28461397,30.926073,7.0905676,0.40542996,0.23927343,0.23927343
3,22,208,0.28403723,30.873371,7.086248,0.40550402,0.23910347,0.23910347
3,23,209,0.2834517,30.805773,7.080545,0.40516093,0.23894654,0.23894654
3,24,210,0.28269863,30.72179,7.072194,0.40429404,0.23861264,0.23861264
3,25,211,0.28196713,30.642159,7.066081,0.4036346,0.23836605,0.23836605
3,26,212,0.28127784,30.572914,7.0603156,0.40417102,0.23814139,0.23814139
3,27,213,0.28064483,30.50614,7.054194,0.40352848,0.23795617,0.23795617
3,28,214,0.28007865,30.439503,7.0521927,0.40307927,0.2377829,0.2377829
3,29,215,0.27957132,30.373932,7.0508704,0.40389365,0.23769186,0.23769186
3,30,216,0.27903253,30.322765,7.042851,0.40486985,0.23737298,0.23737298
3,31,217,0.27831307,30.24118,7.039862,0.40562016,0.23716302,0.23716302
3,32,218,0.27752882,30.151203,7.036243,0.40516084,0.23711586,0.23711586
3,33,219,0.27680945,30.075228,7.029587,0.4042414,0.23697835,0.23697835
3,34,220,0.2761019,29.996359,7.025312,0.4035714,0.23682122,0.23682122
3,35,221,0.2753815,29.925194,7.02066,0.40364683,0.23658763,0.23658763
3,36,222,0.274729,29.850441,7.0133824,0.40282425,0.23637433,0.23637433
3,37,223,0.27412486,29.793823,7.008981,0.40356153,0.23607852,0.23607852
3,38,224,0.27366224,29.75592,7.0045304,0.40379226,0.23600122,0.23600122
3,39,225,0.2732938,29.714405,7.0005827,0.40402117,0.23582713,0.23582713
3,40,226,0.2727507,29.65749,6.9956083,0.40362635,0.23563603,0.23563603
3,41,227,0.2722863,29.59902,6.990413,0.40322414,0.23543502,0.23543502
3,42,228,0.27183056,29.548996,6.984905,0.40350145,0.23515485,0.23515485
3,43,229,0.27130592,29.486788,6.9826064,0.40457466,0.23498107,0.23498107
3,44,230,0.2707673,29.435331,6.9784555,0.40513036,0.23475297,0.23475297
3,45,231,0.27017018,29.381117,6.976269,0.40547016,0.23468538,0.23468538
3,46,232,0.26974043,29.342724,6.973462,0.4065327,0.23455676,0.23455676
3,47,233,0.26928666,29.297293,6.9674115,0.4076746,0.23433234,0.23433234
3,48,234,0.26878476,29.241001,6.962633,0.4070751,0.23421179,0.23421179
3,49,235,0.26822114,29.188364,6.960543,0.40766367,0.23401465,0.23401465
3,50,236,0.2676192,29.122824,6.9552464,0.40772384,0.23389152,0.23389152
3,51,237,0.26714656,29.067554,6.9502907,0.40784818,0.23377804,0.23377804
3,52,238,0.26668382,29.010231,6.948581,0.40774184,0.23362072,0.23362072
3,53,239,0.26616412,28.95343,6.948967,0.4082934,0.23359025,0.23359025
3,54,240,0.26564443,28.897964,6.9471793,0.41015345,0.2334435,0.2334435
3,55,241,0.26512313,28.828218,6.941873,0.40962702,0.23324405,0.23324405
3,56,242,0.26451072,28.765652,6.9370832,0.40948343,0.23303856,0.23303856
3,57,243,0.26401654,28.704988,6.9307394,0.40875268,0.23279737,0.23279737
3,58,244,0.2635641,28.666887,6.9247003,0.40842915,0.23268656,0.23268656
3,59,245,0.2631361,28.615452,6.921069,0.4086333,0.23252212,0.23252212
3,60,246,0.2626679,28.567425,6.916512,0.40843707,0.23234376,0.23234376
3,61,247,0.26224518,28.514648,6.91185,0.40839744,0.23225188,0.23225188
4,0,248,0.2617406,28.466618,6.9078035,0.4093988,0.23210177,0.23210177
4,1,249,0.2612511,28.418287,6.9053698,0.41022572,0.23195414,0.23195414
4,2,250,0.26076382,28.374773,6.900256,0.4098841,0.23177482,0.23177482
4,3,251,0.26022422,28.318674,6.8979034,0.40992755,0.23164438,0.23164438
4,4,252,0.25973347,28.277212,6.8954268,0.41042554,0.23146911,0.23146911
4,5,253,0.259292,28.233927,6.8940077,0.41018164,0.23143908,0.23143908
4,6,254,0.2587398,28.173048,6.888422,0.40971366,0.23130965,0.23130965
4,7,255,0.25819266,28.11887,6.8833327,0.4092657,0.23109831,0.23109831
4,8,256,0.2577143,28.072695,6.879089,0.4095389,0.23092967,0.23092967
4,9,257,0.2571333,28.008646,6.877918,0.41015562,0.23083542,0.23083542
4,10,258,0.2566736,27.95542,6.875535,0.41148362,0.23070891,0.23070891
4,11,259,0.25623733,27.897444,6.8736043,0.41174552,0.23062591,0.23062591
4,12,260,0.25575408,27.85325,6.869434,0.4118153,0.23050083,0.23050083
4,13,261,0.25524536,27.799091,6.866575,0.41198322,0.23039116,0.23039116
4,14,262,0.25478047,27.738308,6.8617415,0.41164756,0.23011528,0.23011528
4,15,263,0.25425917,27.679014,6.859326,0.4115385,0.2300684,0.2300684
4,16,264,0.25398755,27.636969,6.854178,0.4118502,0.22984679,0.22984679
4,17,265,0.25345612,27.578766,6.850244,0.41174978,0.22974703,0.22974703
4,18,266,0.25311387,27.542833,6.8461967,0.41146594,0.22961947,0.22961947
4,19,267,0.2527814,27.502266,6.843028,0.41144377,0.22944644,0.22944644
4,20,268,0.25234705,27.464039,6.843025,0.41213048,0.2293791,0.2293791
4,21,269,0.25204664,27.43771,6.840552,0.41196942,0.22929466,0.22929466
4,22,270,0.25162694,27.4059,6.837339,0.41276965,0.2291223,0.2291223
4,23,271,0.25117472,27.36731,6.833366,0.41313896,0.2288878,0.2288878
4,24,272,0.2507987,27.339708,6.83071,0.41366327,0.22888207,0.22888207
4,25,273,0.25037524,27.300638,6.8264856,0.41411644,0.22873746,0.22873746
4,26,274,0.24992596,27.259995,6.823083,0.41402602,0.2286051,0.2286051
4,27,275,0.2494164,27.21306,6.8196874,0.41414395,0.22845721,0.22845721
4,28,276,0.24894924,27.168358,6.8149805,0.41464335,0.22822562,0.22822562
4,29,277,0.24845596,27.117956,6.8130727,0.41550136,0.22805054,0.22805054
4,30,278,0.2480963,27.084526,6.811449,0.4166596,0.22793542,0.22793542
4,31,279,0.2476455,27.03513,6.808124,0.41579494,0.2278967,0.2278967
4,32,280,0.2472151,26.992916,6.808311,0.41633767,0.22791994,0.22791994
4,33,281,0.24681027,26.94885,6.8051457,0.41625288,0.22780721,0.22780721
4,34,282,0.24644831,26.91631,6.8018103,0.41704327,0.22763595,0.22763595
4,35,283,0.24617782,26.88108,6.7996836,0.41679317,0.22753392,0.22753392
4,36,284,0.24574296,26.835772,6.7961755,0.41676128,0.22743268,0.22743268
4,37,285,0.24533886,26.783253,6.7964735,0.41708744,0.22745578,0.22745578
4,38,286,0.24504031,26.750942,6.7931066,0.41771424,0.22724457,0.22724457
4,39,287,0.24477722,26.732605,6.788418,0.41758505,0.22709343,0.22709343
4,40,288,0.24449414,26.711256,6.7857656,0.41796347,0.22688593,0.22688593
4,41,289,0.24414155,26.67532,6.783454,0.41805845,0.22673295,0.22673295
4,42,290,0.24374984,26.640976,6.7804713,0.41835427,0.22665498,0.22665498
4,43,291,0.24335894,26.601332,6.7784266,0.41927597,0.22659004,0.22659004
4,44,292,0.2429494,26.558256,6.775387,0.4195668,0.22650106,0.22650106
4,45,293,0.24247956,26.514984,6.7721605,0.41929877,0.2264322,0.2264322
4,46,294,0.24207778,26.48181,6.769449,0.41909778,0.22634168,0.22634168
4,47,295,0.2416563,26.442236,6.765724,0.41932154,0.22630346,0.22630346
4,48,296,0.2413002,26.401503,6.7613406,0.41933054,0.22614396,0.22614396
4,49,297,0.24091278,26.365774,6.7565756,0.4195402,0.22605735,0.22605735
4,50,298,0.24056962,26.32611,6.752968,0.41919592,0.2258547,0.2258547
4,51,299,0.24015373,26.275242,6.748333,0.41931188,0.2256594,0.2256594
4,52,300,0.23985729,26.226276,6.744846,0.41955587,0.22554906,0.22554906
4,53,301,0.23945479,26.179981,6.7406416,0.41944754,0.22541256,0.22541256
4,54,302,0.23915511,26.151365,6.739658,0.42005503,0.22535205,0.22535205
4,55,303,0.23883584,26.118786,6.736718,0.42031595,0.22531459,0.22531459
4,56,304,0.2385113,26.08173,6.734125,0.42002115,0.22520244,0.22520244
4,57,305,0.23817085,26.047771,6.732438,0.4204706,0.22507918,0.22507918
4,58,306,0.23782375,26.009256,6.7299323,0.42057398,0.22485444,0.22485444
4,59,307,0.2374378,25.970772,6.7269692,0.42120907,0.22470269,0.22470269
4,60,308,0.23703566,25.919453,6.723738,0.42138496,0.22463135,0.22463135
4,61,309,0.23660722,25.869251,6.720963,0.42148796,0.22450177,0.22450177
5,0,310,0.2361755,25.816654,6.716136,0.42100245,0.22440338,0.22440338
5,1,311,0.23585851,25.778038,6.7129283,0.42178518,0.22424445,0.22424445
5,2,312,0.23546673,25.739182,6.7123237,0.42355096,0.22416212,0.22416212
5,3,313,0.23508024,25.706356,6.708196,0.423261,0.22406773,0.22406773
5,4,314,0.23468676,25.668447,6.703581,0.4229311,0.22389376,0.22389376
5,5,315,0.23436561,25.637293,6.6996446,0.42326203,0.22374994,0.22374994
5,6,316,0.23392777,25.596697,6.696112,0.42349678,0.2235925,0.2235925
5,7,317,0.23364578,25.557745,6.6926975,0.42332184,0.22343226,0.22343226
5,8,318,0.23323098,25.509537,6.691957,0.42375472,0.22334443,0.22334443
5,9,319,0.23295867,25.483238,6.689547,0.42414194,0.2232744,0.2232744
5,10,320,0.23254116,25.438145,6.6878295,0.4241054,0.22322816,0.22322816
5,11,321,0.23220299,25.403017,6.685039,0.42390627,0.2231297,0.2231297
5,12,322,0.2318829,25.36416,6.68141,0.42358238,0.22302404,0.22302404
5,13,323,0.23155606,25.331554,6.6784286,0.42347232,0.22290298,0.22290298
5,14,324,0.23120977,25.28936,6.676504,0.42349,0.2228205,0.2228205
5,15,325,0.23081136,25.244886,6.674679,0.42306933,0.22280392,0.22280392
5,16,326,0.23042989,25.205595,6.6731167,0.4229952,0.22276506,0.22276506
5,17,327,0.23007512,25.171461,6.6711073,0.4237143,0.22268903,0.22268903
5,18,328,0.22971499,25.136694,6.668898,0.42403364,0.22258386,0.22258386
5,19,329,0.22937796,25.099218,6.6651716,0.4238386,0.22251002,0.22251002
5,20,330,0.22908765,25.072676,6.661427,0.42335773,0.22235833,0.22235833
5,21,331,0.2287721,25.044012,6.6606755,0.42288917,0.22221775,0.22221775
5,22,332,0.22843555,25.01635,6.660486,0.42335382,0.22210859,0.22210859
5,23,333,0.22812259,24.98534,6.657531,0.42316264,0.2219692,0.2219692
5,24,334,0.22778651,24.941553,6.653768,0.42260742,0.22184847,0.22184847
5,25,335,0.2274497,24.898457,6.6511045,0.42232245,0.22180596,0.22180596
5,26,336,0.22714211,24.872375,6.6495867,0.4232698,0.22168274,0.22168274
5,27,337,0.22680521,24.844131,6.6469417,0.42377076,0.22153911,0.22153911
5,28,338,0.22660503,24.819618,6.6439953,0.4241022,0.22142641,0.22142641
5,29,339,0.22632772,24.790752,6.6404333,0.4239783,0.22131458,0.22131458
5,30,340,0.22602718,24.754005,6.6370583,0.423415,0.22119905,0.22119905
5,31,341,0.22565097,24.715614,6.6329217,0.4237405,0.22100878,0.22100878
5,32,342,0.22532138,24.677917,6.629528,0.423592,0.22084531,0.22084531
5,33,343,0.2249873,24.640408,6.6268744,0.42352498,0.22074482,0.22074482
5,34,344,0.22466165,24.602919,6.6255245,0.42303982,0.22072348,0.22072348
5,35,345,0.2245304,24.581966,6.626126,0.4239724,0.22065243,0.22065243
5,36,346,0.22421697,24.542427,6.6244445,0.42434314,0.22060822,0.22060822
5,37,347,0.22405683,24.519093,6.621251,0.42442766,0.22053282,0.22053282
5,38,348,0.22374767,24.487242,6.6172466,0.42487568,0.22032039,0.22032039
5,39,349,0.22356462,24.459543,6.61525,0.42500183,0.2202231,0.2202231
5,40,350,0.22329499,24.427246,6.6140375,0.425877,0.22010942,0.22010942
5,41,351,0.22311564,24.400047,6.610779,0.4255557,0.2199688,0.2199688
5,42,352,0.22292262,24.373106,6.608828,0.42598912,0.2198389,0.2198389
5,43,353,0.2226596,24.345184,6.605986,0.42622045,0.21973333,0.21973333
5,44,354,0.22245544,24.325878,6.604832,0.42641622,0.2196618,0.2196618
5,45,355,0.22217487,24.297586,6.602766,0.42639628,0.21953435,0.21953435
5,46,356,0.22185443,24.261093,6.6018176,0.42670786,0.2194675,0.2194675
5,47,357,0.22151893,24.221325,6.601026,0.42696485,0.21938033,0.21938033
5,48,358,0.22127101,24.184278,6.6000166,0.4268339,0.21938045,0.21938045
5,49,359,0.22105552,24.164368,6.600606,0.42771333,0.2194428,0.2194428
5,50,360,0.22080307,24.134409,6.5991373,0.42777473,0.21932286,0.21932286
5,51,361,0.22057235,24.097834,6.5980964,0.4275651,0.2192882,0.2192882
5,52,362,0.22041583,24.085272,6.5956635,0.42772526,0.21921222,0.21921222
5,53,363,0.22016075,24.05024,6.5942225,0.42718944,0.21917811,0.21917811
5,54,364,0.2199137,24.030176,6.5915694,0.42722616,0.21905646,0.21905646
5,55,365,0.21971208,24.001898,6.5889497,0.4270672,0.21899155,0.21899155
5,56,366,0.2194128,23.971853,6.5848165,0.42681065,0.21883692,0.21883692
5,57,367,0.21915355,23.943447,6.582738,0.427161,0.21875937,0.21875937
5,58,368,0.21891782,23.914606,6.5791574,0.42701954,0.21868728,0.21868728
5,59,369,0.21874313,23.90103,6.578683,0.42780924,0.2185686,0.2185686
5,60,370,0.21846643,23.871935,6.5777597,0.4284072,0.21851128,0.21851128
5,61,371,0.21822184,23.850636,6.5751095,0.42860654,0.218441,0.218441
6,0,372,0.21793848,23.828321,6.5727534,0.42905113,0.21836856,0.21836856
6,1,373,0.217655,23.797024,6.571077,0.42921486,0.2183176,0.2183176
6,2,374,0.21742654,23.767025,6.5687194,0.42988953,0.218211,0.218211
6,3,375,0.21713912,23.738382,6.5669146,0.42991,0.21813495,0.21813495
6,4,376,0.21686858,23.714775,6.563828,0.43066671,0.21798307,0.21798307
6,5,377,0.21659893,23.684654,6.561491,0.4302452,0.21786804,0.21786804
6,6,378,0.2163486,23.653078,6.559506,0.4301366,0.21778633,0.21778633
6,7,379,0.21607795,23.623669,6.558919,0.43022385,0.2176977,0.2176977
6,8,380,0.2158623,23.59806,6.5565324,0.43056574,0.21753779,0.21753779
6,9,381,0.21566427,23.57843,6.554868,0.43045375,0.21746285,0.21746285
6,10,382,0.21546698,23.555738,6.5516725,0.43056938,0.21733753,0.21733753
6,11,383,0.2151872,23.52207,6.5490665,0.43054646,0.21725023,0.21725023
6,12,384,0.21498841,23.504757,6.546011,0.430335,0.2171501,0.2171501
6,13,385,0.21468289,23.468563,6.5429416,0.43048853,0.21701725,0.21701725
6,14,386,0.21441498,23.4359,6.540572,0.43062827,0.21688011,0.21688011
6,15,387,0.21414164,23.402828,6.5396304,0.43057427,0.21684432,0.21684432
6,16,388,0.21391335,23.372194,6.5365243,0.43072048,0.21671836,0.21671836
6,17,389,0.21371752,23.347158,6.5339537,0.43008706,0.21664362,0.21664362
6,18,390,0.21349367,23.325855,6.531484,0.43038106,0.21653123,0.21653123
6,19,391,0.21324524,23.29907,6.5288787,0.43050793,0.2164718,0.2164718
6,20,392,0.21300186,23.280182,6.5272884,0.4307628,0.21630318,0.21630318
6,21,393,0.21270134,23.248041,6.5253186,0.4310793,0.21616867,0.21616867
6,22,394,0.21245672,23.217854,6.521154,0.4309386,0.21601841,0.21601841
6,23,395,0.21224913,23.195782,6.520222,0.4313013,0.21594554,0.21594554
6,24,396,0.21197376,23.164745,6.5184536,0.43102145,0.21583469,0.21583469
6,25,397,0.2117638,23.144049,6.5189486,0.43191233,0.21583036,0.21583036
6,26,398,0.21145779,23.110895,6.517807,0.43212456,0.215737,0.215737
6,27,399,0.2112534,23.097157,6.516677,0.4325689,0.21564595,0.21564595
6,28,400,0.21100947,23.068628,6.515763,0.43273526,0.215616,0.215616
6,29,401,0.2107359,23.03637,6.514405,0.43272218,0.215557,0.215557
6,30,402,0.21051851,23.0098,6.513515,0.43274248,0.21550108,0.21550108
6,31,403,0.21030362,22.98421,6.514061,0.43293256,0.21550724,0.21550724
6,32,404,0.2100627,22.958675,6.513661,0.43336126,0.21541502,0.21541502
6,33,405,0.20981458,22.928099,6.512755,0.4337334,0.21534207,0.21534207
6,34,406,0.20962325,22.90589,6.510422,0.43369576,0.21524535,0.21524535
6,35,407,0.2094407,22.884258,6.5081964,0.43384486,0.21515982,0.21515982
6,36,408,0.20925286,22.871824,6.506954,0.43407488,0.21509762,0.21509762
6,37,409,0.20900361,22.844479,6.5048957,0.43470034,0.21503717,0.21503717
6,38,410,0.20875992,22.819138,6.504265,0.43464315,0.21500826,0.21500826
6,39,411,0.20851603,22.795984,6.5027747,0.43513155,0.21494126,0.21494126
6,40,412,0.20826074,22.763851,6.501712,0.4350469,0.21490988,0.21490988
6,41,413,0.20803279,22.737654,6.499237,0.4345976,0.21486609,0.21486609
6,42,414,0.20790133,22.722572,6.4976306,0.4353991,0.21479489,0.21479489
6,43,415,0.20764449,22.691227,6.497256,0.4360317,0.21471292,0.21471292
6,44,416,0.20741229,22.665068,6.496792,0.43641964,0.21461013,0.21461013
6,45,417,0.20717943,22.641335,6.4955096,0.43723655,0.21450046,0.21450046
6,46,418,0.20703468,22.62017,6.4930606,0.43726525,0.21437871,0.21437871
6,47,419,0.20685177,22.600868,6.491285,0.43729162,0.214252,0.214252
6,48,420,0.20666412,22.575542,6.4884253,0.43681875,0.21416369,0.21416369
6,49,421,0.20655917,22.566643,6.4858513,0.43632168,0.21405435,0.21405435
6,50,422,0.20640336,22.559574,6.4829917,0.4363438,0.21395425,0.21395425
6,51,423,0.20624384,22.536179,6.4810977,0.43632936,0.2138897,0.2138897
6,52,424,0.20601656,22.511314,6.479376,0.4368055,0.21381295,0.21381295
6,53,425,0.20585096,22.499302,6.4773955,0.4373181,0.21368809,0.21368809
6,54,426,0.2056804,22.481565,6.475177,0.43739882,0.21359336,0.21359336
6,55,427,0.20553485,22.467878,6.472544,0.43765414,0.21344581,0.21344581
6,56,428,0.20530728,22.444162,6.469087,0.4374881,0.21330146,0.21330146
6,57,429,0.20511189,22.423897,6.467377,0.4383592,0.21317123,0.21317123
6,58,430,0.20488706,22.398373,6.465435,0.43855605,0.21310301,0.21310301
6,59,431,0.20465903,22.372377,6.463067,0.43856177,0.21300124,0.21300124
6,60,432,0.20445639,22.350887,6.4614964,0.4388746,0.21289332,0.21289332
6,61,433,0.20424443,22.324999,6.461391,0.43904462,0.21285602,0.21285602
7,0,434,0.2040691,22.309294,6.4612446,0.43927214,0.21281315,0.21281315
7,1,435,0.20394768,22.292665,6.4604445,0.43981233,0.21269836,0.21269836
7,2,436,0.20380044,22.272196,6.459482,0.4401056,0.21263191,0.21263191
7,3,437,0.20358387,22.247366,6.4573526,0.4401504,0.21255939,0.21255939
7,4,438,0.203329,22.220356,6.453915,0.4401658,0.21241574,0.21241574
7,5,439,0.20313522,22.196512,6.4522643,0.44016206,0.21233924,0.21233924
7,6,440,0.20288995,22.171965,6.451277,0.440705,0.21231864,0.21231864
7,7,441,0.20267172,22.145544,6.4496493,0.4409155,0.21223117,0.21223117
7,8,442,0.2024627,22.125053,6.4472623,0.4411455,0.21215345,0.21215345
7,9,443,0.20239545,22.113651,6.4468117,0.44193232,0.2120887,0.2120887
7,10,444,0.20222062,22.093327,6.4459,0.4425267,0.21203211,0.21203211
7,11,445,0.20201242,22.069862,6.4451585,0.44313437,0.21203908,0.21203908
7,12,446,0.20183091,22.04813,6.4443445,0.44313556,0.2120583,0.2120583
7,13,447,0.20167314,22.032257,6.443406,0.44326368,0.21202704,0.21202704
7,14,448,0.20151056,22.01458,6.441524,0.44316798,0.2119987,0.2119987
7,15,449,0.20138338,22.002213,6.439711,0.44354412,0.21194077,0.21194077
7,16,450,0.20121641,21.98113,6.4391294,0.443836,0.21188644,0.21188644
7,17,451,0.20107105,21.971268,6.4379816,0.44397143,0.2118832,0.2118832
7,18,452,0.2008772,21.951166,6.4363823,0.4436672,0.21186139,0.21186139
7,19,453,0.20071852,21.936756,6.4344645,0.44354835,0.21171023,0.21171023
7,20,454,0.20048626,21.908642,6.432889,0.44312128,0.21172468,0.21172468
7,21,455,0.2002642,21.887585,6.4328513,0.4430833,0.2116401,0.2116401
7,22,456,0.20001802,21.85964,6.430622,0.4429587,0.21153253,0.21153253
7,23,457,0.19980472,21.835787,6.42948,0.44305292,0.21143399,0.21143399
7,24,458,0.19969638,21.82035,6.4271755,0.4434593,0.21136658,0.21136658
7,25,459,0.19952118,21.80422,6.4270983,0.4438921,0.21136025,0.21136025
7,26,460,0.19932863,21.78289,6.423828,0.44375226,0.21120554,0.21120554
7,27,461,0.19919357,21.767963,6.4226375,0.44399324,0.2111202,0.2111202
7,28,462,0.19900632,21.746212,6.4212275,0.44407433,0.21106136,0.21106136
7,29,463,0.19885108,21.729542,6.420988,0.44531086,0.21100579,0.21100579
7,30,464,0.19867367,21.709982,6.4190173,0.4454437,0.21089995,0.21089995
7,31,465,0.19853628,21.692879,6.418855,0.44603297,0.21082768,0.21082768
7,32,466,0.19836578,21.671469,6.4166427,0.44630492,0.21069151,0.21069151
7,33,467,0.19818944,21.652063,6.414732,0.44643417,0.21058105,0.21058105
7,34,468,0.19794545,21.625963,6.413223,0.44620368,0.21051769,0.21051769
7,35,469,0.19778582,21.613132,6.411788,0.44676882,0.21039912,0.21039912
7,36,470,0.19764465,21.59879,6.4112797,0.44692817,0.21035883,0.21035883
7,37,471,0.19745661,21.581234,6.4100904,0.44691095,0.21028574,0.21028574
7,38,472,0.19730218,21.560532,6.4100223,0.44773418,0.21022668,0.21022668
7,39,473,0.19715355,21.541586,6.408823,0.4477111,0.21020277,0.21020277
7,40,474,0.19703975,21.51883,6.407259,0.44824007,0.21012147,0.21012147
7,41,475,0.19690174,21.497559,6.406341,0.4484266,0.21013428,0.21013428
7,42,476,0.19673342,21.479755,6.405102,0.44896853,0.21004017,0.21004017
7,43,477,0.19652295,21.452532,6.403249,0.44935966,0.20998794,0.20998794
7,44,478,0.19631445,21.431828,6.4015083,0.44956383,0.20990801,0.20990801
7,45,479,0.1961683,21.412373,6.402426,0.44985005,0.20991448,0.20991448
7,46,480,0.19598497,21.393734,6.401484,0.45030165,0.20989318,0.20989318
7,47,481,0.195839,21.38204,6.3998084,0.45090026,0.20980887,0.20980887
7,48,482,0.1957016,21.36461,6.398254,0.45115107,0.20972967,0.20972967
7,49,483,0.19555773,21.354187,6.3966274,0.45199594,0.2095986,0.2095986
7,50,484,0.19542591,21.343163,6.396103,0.45236564,0.2095315,0.2095315
7,51,485,0.19530597,21.329964,6.394337,0.45233765,0.20946856,0.20946856
7,52,486,0.19513035,21.313433,6.392388,0.45247158,0.20937923,0.20937923
7,53,487,0.19495046,21.29298,6.3919196,0.45259282,0.20935883,0.20935883
7,54,488,0.19483465,21.278942,6.390983,0.453359,0.20927392,0.20927392
7,55,489,0.19467261,21.26168,6.388646,0.45350015,0.2091379,0.2091379
7,56,490,0.19449833,21.2438,6.386452,0.45326966,0.20906039,0.20906039
7,57,491,0.19433294,21.224066,6.383907,0.45307884,0.2089636,0.2089636
7,58,492,0.19423342,21.209951,6.382561,0.4534867,0.20889981,0.20889981
7,59,493,0.19409233,21.193882,6.382066,0.45397258,0.20888327,0.20888327
7,60,494,0.19394827,21.17771,6.3799534,0.45471895,0.20879437,0.20879437
7,61,495,0.19386525,21.16483,6.3785806,0.45529604,0.20871568,0.20871568
8,0,496,0.19373888,21.14703,6.3752174,0.45511276,0.20862535,0.20862535
8,1,497,0.19357334,21.132126,6.372756,0.4552654,0.20852046,0.20852046
8,2,498,0.19340013,21.119246,6.370044,0.45544314,0.20839228,0.20839228
8,3,499,0.19331661,21.10626,6.3695273,0.45578274,0.20831846,0.20831846
8,4,500,0.1931652,21.093124,6.368,0.45623267,0.20823716,0.20823716
8,5,501,0.19307475,21.088892,6.3669615,0.45693794,0.20810933,0.20810933
8,6,502,0.19294856,21.07624,6.3669586,0.45745632,0.20804264,0.20804264
8,7,503,0.19276622,21.055561,6.365111,0.4575917,0.20797603,0.20797603
8,8,504,0.19261265,21.035852,6.363865,0.45810646,0.20788802,0.20788802
8,9,505,0.19242069,21.01549,6.362019,0.45793796,0.2078462,0.2078462
8,10,506,0.19231576,21.00506,6.359814,0.45808142,0.20775183,0.20775183
8,11,507,0.19216102,20.991806,6.358346,0.4580801,0.20773135,0.20773135
8,12,508,0.19204813,20.980026,6.355556,0.4580832,0.20758851,0.20758851
8,13,509,0.1919083,20.969727,6.354547,0.45865005,0.20754656,0.20754656
8,14,510,0.19172275,20.947002,6.352779,0.45882612,0.2074764,0.2074764
8,15,511,0.19155279,20.927486,6.352387,0.45925257,0.20741428,0.20741428
8,16,512,0.19139373,20.90791,6.351327,0.45968488,0.20735589,0.20735589
8,17,513,0.1912229,20.887974,6.349422,0.4597113,0.20728043,0.20728043
8,18,514,0.19102806,20.868364,6.347704,0.45972633,0.20719357,0.20719357
8,19,515,0.19092599,20.854437,6.3466625,0.46018317,0.20717585,0.20717585
8,20,516,0.19074652,20.831055,6.345022,0.46030158,0.20712774,0.20712774
8,21,517,0.19066314,20.81992,6.342633,0.4604462,0.20706077,0.20706077
8,22,518,0.19053856,20.806587,6.341996,0.46111417,0.20699105,0.20699105
8,23,519,0.19039553,20.79203,6.340879,0.46142608,0.20697078,0.20697078
8,24,520,0.19028518,20.779306,6.3395724,0.46176404,0.20690888,0.20690888
8,25,521,0.19010645,20.761698,6.3384695,0.461628,0.20687701,0.20687701
8,26,522,0.19006322,20.75491,6.3371863,0.46209466,0.20681214,0.20681214
8,27,523,0.18993023,20.738873,6.336584,0.4631888,0.20677824,0.20677824
8,28,524,0.18980053,20.728245,6.33506,0.46314406,0.206726,0.206726
8,29,525,0.1896918,20.719538,6.335055,0.4631801,0.20670377,0.20670377
8,30,526,0.18953124,20.701082,6.334031,0.46343163,0.2066635,0.2066635
8,31,527,0.18948625,20.688036,6.332438,0.4635723,0.20656809,0.20656809
8,32,528,0.18938492,20.67338,6.331291,0.4637508,0.20649749,0.20649749
8,33,529,0.18927471,20.661795,6.331197,0.46407488,0.2064548,0.2064548
8,34,530,0.18914858,20.653109,6.331782,0.4649266,0.20640193,0.20640193
8,35,531,0.18901986,20.640148,6.33068,0.4653762,0.20632783,0.20632783
8,36,532,0.1889098,20.626514,6.3288403,0.46525678,0.2062272,0.2062272
8,37,533,0.18876076,20.607468,6.3270993,0.46515188,0.20616564,0.20616564
8,38,534,0.18860738,20.588875,6.3251486,0.4648763,0.20613146,0.20613146
8,39,535,0.1885136,20.577196,6.324713,0.46489093,0.20608555,0.20608555
8,40,536,0.18842863,20.567226,6.323699,0.46520758,0.20602621,0.20602621
8,41,537,0.18827969,20.552788,6.3222156,0.46522084,0.20595594,0.20595594
8,42,538,0.1881616,20.542278,6.3207903,0.46512106,0.20590648,0.20590648
8,43,539,0.18804075,20.52518,6.320179,0.4653632,0.2058326,0.2058326
8,44,540,0.18789285,20.509048,6.319609,0.4651754,0.20576175,0.20576175
8,45,541,0.18786186,20.496002,6.3178697,0.4652819,0.20568419,0.20568419
8,46,542,0.18771255,20.476173,6.3180323,0.4653766,0.20569514,0.20569514
8,47,543,0.18758647,20.46065,6.3170776,0.46547422,0.20564778,0.20564778
8,48,544,0.18743888,20.440172,6.316183,0.46565366,0.20562126,0.20562126
8,49,545,0.18734659,20.42611,6.3152347,0.46568257,0.20556934,0.20556934
8,50,546,0.18723992,20.410036,6.3136625,0.46579635,0.20557198,0.20557198
8,51,547,0.18708605,20.392336,6.312589,0.46588045,0.20552148,0.20552148
8,52,548,0.18693903,20.375706,6.310904,0.46571946,0.20546809,0.20546809
8,53,549,0.18679415,20.358423,6.3093505,0.46591482,0.2053613,0.2053613
8,54,550,0.18671553,20.3489,6.3089385,0.46603858,0.20534743,0.20534743
8,55,551,0.18660271,20.336311,6.3065224,0.46604225,0.20526493,0.20526493
8,56,552,0.18652183,20.329792,6.3063626,0.4658211,0.2052906,0.2052906
8,57,553,0.18646404,20.328386,6.306713,0.4662117,0.2052942,0.2052942
8,58,554,0.18631425,20.312126,6.305731,0.46625566,0.20521918,0.20521918
8,59,555,0.18619567,20.301863,6.304574,0.46640974,0.20517159,0.20517159
8,60,556,0.186073,20.289022,6.303138,0.46678314,0.20509201,0.20509201
8,61,557,0.18595041,20.277853,6.302063,0.46718627,0.20502715,0.20502715
9,0,558,0.18580142,20.261356,6.300788,0.46743715,0.20497382,0.20497382
9,1,559,0.18567485,20.242695,6.301516,0.46802416,0.2049872,0.2049872
9,2,560,0.18553236,20.230177,6.300268,0.46812624,0.20495786,0.20495786
9,3,561,0.18541092,20.220266,6.299594,0.46886772,0.20487686,0.20487686
9,4,562,0.18528895,20.201176,6.299926,0.46909449,0.20482844,0.20482844
9,5,563,0.18513742,20.183136,6.2994943,0.46905097,0.20482913,0.20482913
9,6,564,0.18500239,20.17007,6.298265,0.46940935,0.20475933,0.20475933
9,7,565,0.18489733,20.151157,6.296724,0.46953753,0.20469229,0.20469229
9,8,566,0.18476656,20.137327,6.295891,0.46977326,0.20463759,0.20463759
9,9,567,0.1846646,20.12876,6.294913,0.4703659,0.20458892,0.20458892
9,10,568,0.1845381,20.110065,6.2930217,0.47023717,0.20454656,0.20454656
9,11,569,0.1844353,20.103273,6.2924643,0.4707752,0.20450306,0.20450306
9,12,570,0.18436317,20.099323,6.2901134,0.47087586,0.20440762,0.20440762
9,13,571,0.18422508,20.0882,6.288391,0.47120714,0.20434664,0.20434664
9,14,572,0.18408875,20.0745,6.286495,0.47124845,0.2042696,0.2042696
9,15,573,0.1839338,20.061026,6.285685,0.47150865,0.20423885,0.20423885
9,16,574,0.18377998,20.046976,6.2836065,0.47140273,0.20417766,0.20417766
9,17,575,0.18368733,20.036892,6.282088,0.47177568,0.20410809,0.20410809
9,18,576,0.1835417,20.019358,6.281432,0.4722146,0.20402715,0.20402715
9,19,577,0.18341708,20.00779,6.2790046,0.47228694,0.20395844,0.20395844
9,20,578,0.18328464,19.994883,6.2781286,0.47260296,0.20391391,0.20391391
9,21,579,0.1831721,19.979254,6.276619,0.4729822,0.20385657,0.20385657
9,22,580,0.18306276,19.960222,6.275895,0.47347638,0.20383123,0.20383123
9,23,581,0.18293208,19.943851,6.2755284,0.4737389,0.20381545,0.20381545
9,24,582,0.18283331,19.939083,6.273707,0.4739292,0.20372988,0.20372988
9,25,583,0.18271211,19.927797,6.2725635,0.4742447,0.20365407,0.20365407
9,26,584,0.18257998,19.91086,6.2716947,0.47448757,0.20358765,0.20358765
9,27,585,0.18247187,19.895796,6.2705255,0.47467068,0.2035363,0.2035363
9,28,586,0.18234724,19.878456,6.268911,0.4747807,0.20346305,0.20346305
9,29,587,0.18225038,19.867737,6.267399,0.47503018,0.20341302,0.20341302
9,30,588,0.18210173,19.851145,6.2656093,0.4752863,0.20330401,0.20330401
9,31,589,0.18201649,19.837696,6.2660575,0.4756419,0.20330869,0.20330869
9,32,590,0.18190804,19.825975,6.264528,0.47525668,0.20324181,0.20324181
9,33,591,0.18185674,19.820646,6.263623,0.47516862,0.2031804,0.2031804
9,34,592,0.18173379,19.809372,6.262703,0.47556835,0.20310861,0.20310861
9,35,593,0.18159977,19.79615,6.2616997,0.47605357,0.20306322,0.20306322
9,36,594,0.18150708,19.786839,6.259918,0.47617152,0.20301527,0.20301527
9,37,595,0.18145318,19.775705,6.258773,0.47648564,0.20296991,0.20296991
9,38,596,0.18132403,19.764145,6.2590327,0.47685352,0.20293824,0.20293824
9,39,597,0.18121569,19.7523,6.257834,0.4769236,0.20287839,0.20287839
9,40,598,0.18111685,19.74038,6.255876,0.47699973,0.20281214,0.20281214
9,41,599,0.18102786,19.72962,6.2544127,0.47688764,0.20278661,0.20278661
9,42,600,0.18090299,19.716873,6.253302,0.47681466,0.20272698,0.20272698
9,43,601,0.18079673,19.70487,6.2507105,0.47650906,0.20263533,0.20263533
9,44,602,0.18069167,19.69628,6.2501054,0.47691974,0.20254426,0.20254426
9,45,603,0.1806303,19.688759,6.249441,0.47734535,0.20246841,0.20246841
9,46,604,0.18052404,19.677866,6.2493634,0.47759312,0.2024821,0.2024821
9,47,605,0.1804073,19.665411,6.2483544,0.47811583,0.2024069,0.2024069
9,48,606,0.18028529,19.653454,6.246144,0.47815007,0.202349,0.202349
9,49,607,0.18021214,19.641518,6.2449927,0.47893274,0.20227,0.20227
9,50,608,0.18006943,19.625929,6.243015,0.47897795,0.20224068,0.20224068
9,51,609,0.18003784,19.616117,6.242187,0.47945192,0.20215303,0.20215303
9,52,610,0.17993478,19.605646,6.2408156,0.4792931,0.2021046,0.2021046
9,53,611,0.1798803,19.593987,6.2403092,0.47995573,0.20206213,0.20206213
9,54,612,0.17976554,19.58207,6.239407,0.47986233,0.20201875,0.20201875
9,55,613,0.17970212,19.578957,6.2388387,0.48011592,0.20198694,0.20198694
9,56,614,0.17960154,19.565763,6.2363734,0.4799831,0.2019194,0.2019194
9,57,615,0.17949766,19.554604,6.235731,0.48031572,0.2019044,0.2019044
9,58,616,0.17939685,19.540382,6.235689,0.48105624,0.2018714,0.2018714
9,59,617,0.17932242,19.529793,6.235017,0.48170024,0.20182578,0.20182578
9,60,618,0.1792423,19.522148,6.233706,0.48176822,0.20174207,0.20174207
9,61,619,0.17912617,19.509571,6.2334867,0.4818945,0.20170285,0.20170285
10,0,620,0.17900331,19.49731,6.232921,0.4820506,0.20169082,0.20169082
10,1,621,0.17888229,19.47982,6.2328496,0.48214668,0.20163561,0.20163561
10,2,622,0.17877606,19.464918,6.2321177,0.4821356,0.20161946,0.20161946
10,3,623,0.17870414,19.456957,6.230397,0.48249778,0.20154808,0.20154808
10,4,624,0.17864096,19.451931,6.228754,0.48322478,0.20147768,0.20147768
10,5,625,0.17855741,19.442537,6.2276917,0.48370242,0.20143129,0.20143129
10,6,626,0.17848077,19.429762,6.2271047,0.4837559,0.20138516,0.20138516
10,7,627,0.17834209,19.41764,6.22553,0.48405904,0.20132709,0.20132709
10,8,628,0.17825031,19.404667,6.224656,0.48459804,0.20126967,0.20126967
10,9,629,0.1781476,19.394913,6.2239623,0.48502865,0.20119818,0.20119818
10,10,630,0.17801282,19.379442,6.221989,0.48517284,0.20111626,0.20111626
10,11,631,0.17789316,19.364716,6.2209606,0.4853415,0.20104034,0.20104034
10,12,632,0.17777587,19.349167,6.218786,0.48519528,0.20092803,0.20092803
10,13,633,0.17768478,19.34297,6.217861,0.48518184,0.20091286,0.20091286
10,14,634,0.17761001,19.336117,6.2174397,0.48521242,0.2008931,0.2008931
10,15,635,0.1774945,19.322205,6.2163024,0.48569366,0.20083402,0.20083402
10,16,636,0.17740536,19.31058,6.2155776,0.48590648,0.20077367,0.20077367
10,17,637,0.17734022,19.303957,6.2147913,0.4859439,0.20076323,0.20076323
10,18,638,0.17727357,19.297367,6.2146163,0.48619482,0.20074171,0.20074171
10,19,639,0.1771648,19.285046,6.213329,0.4861051,0.20066297,0.20066297
10,20,640,0.1770598,19.271646,6.212674,0.48585698,0.20062941,0.20062941
10,21,641,0.17697114,19.261234,6.211411,0.48582804,0.20054369,0.20054369
10,22,642,0.17689742,19.25201,6.2111063,0.48627716,0.20048878,0.20048878
10,23,643,0.17679878,19.235914,6.209659,0.4867275,0.20043008,0.20043008
10,24,644,0.17668433,19.222263,6.209298,0.48750368,0.20036642,0.20036642
10,25,645,0.17660597,19.209637,6.2077293,0.48758072,0.20031157,0.20031157
10,26,646,0.17655948,19.201908,6.207519,0.4881895,0.20028782,0.20028782
10,27,647,0.17644922,19.194557,6.207099,0.48832417,0.20024806,0.20024806
10,28,648,0.1764086,19.195757,6.206573,0.48851132,0.20018376,0.20018376
10,29,649,0.17638858,19.186152,6.206284,0.4884601,0.2001605,0.2001605
10,30,650,0.1762908,19.17485,6.205752,0.48864925,0.20009385,0.20009385
10,31,651,0.17620353,19.163698,6.2048173,0.48900065,0.20007747,0.20007747
10,32,652,0.17612322,19.153399,6.2048287,0.48891467,0.20004462,0.20004462
10,33,653,0.17601162,19.143358,6.203857,0.48922446,0.20000002,0.20000002
10,34,654,0.17592028,19.132782,6.202794,0.4894972,0.19994833,0.19994833
10,35,655,0.17588212,19.118584,6.2014785,0.4895315,0.19990823,0.19990823
10,36,656,0.17580226,19.108143,6.2007875,0.48996255,0.19987409,0.19987409
10,37,657,0.17569819,19.097563,6.2003183,0.49047282,0.19981338,0.19981338
10,38,658,0.17564015,19.092794,6.1994734,0.49103823,0.1997542,0.1997542
10,39,659,0.1755344,19.083363,6.1986485,0.49135646,0.19966862,0.19966862
10,40,660,0.17544359,19.072474,6.1975136,0.49144128,0.19964498,0.19964498
10,41,661,0.17534772,19.063238,6.1960635,0.49147516,0.19959241,0.19959241
10,42,662,0.17522453,19.053278,6.1947904,0.49132705,0.19956155,0.19956155
10,43,663,0.1751352,19.04567,6.194245,0.49166834,0.19954662,0.19954662
10,44,664,0.17506295,19.036066,6.1930943,0.4918811,0.19950192,0.19950192
10,45,665,0.17498511,19.024988,6.191685,0.49209368,0.19944736,0.19944736
10,46,666,0.1750061,19.028648,6.1909533,0.49288458,0.19940938,0.19940938
10,47,667,0.174927,19.016306,6.189564,0.49302825,0.19934247,0.19934247
10,48,668,0.17485413,19.008732,6.188673,0.49290738,0.1992987,0.1992987
10,49,669,0.17478079,19.003387,6.1882434,0.4930005,0.19931497,0.19931497
10,50,670,0.17469223,18.995296,6.18776,0.49327603,0.19929115,0.19929115
10,51,671,0.17460346,18.98879,6.1866813,0.49362773,0.19924021,0.19924021
10,52,672,0.17451045,18.97826,6.1853757,0.49359283,0.19918863,0.19918863
10,53,673,0.17446685,18.969322,6.1847305,0.4935199,0.19916084,0.19916084
10,54,674,0.17438687,18.96098,6.1833644,0.49347097,0.19910662,0.19910662
10,55,675,0.17428738,18.949543,6.1820445,0.49344346,0.19908369,0.19908369
10,56,676,0.17420569,18.94041,6.180429,0.4934143,0.19905405,0.19905405
10,57,677,0.17417078,18.930208,6.180376,0.493989,0.1990412,0.1990412
10,58,678,0.17406943,18.915466,6.1809616,0.49451256,0.19902612,0.19902612
10,59,679,0.17396396,18.906435,6.179615,0.49493143,0.19895718,0.19895718
10,60,680,0.17390403,18.901516,6.1785874,0.4952212,0.1988911,0.1988911
10,61,681,0.17382923,18.893719,6.177092,0.49498966,0.19886859,0.19886859
11,0,682,0.1737932,18.889061,6.1757755,0.49538067,0.19878246,0.19878246
11,1,683,0.17368586,18.877121,6.174052,0.49542865,0.19871175,0.19871175
11,2,684,0.1735923,18.869099,6.172773,0.4954846,0.19863024,0.19863024
11,3,685,0.17348996,18.858078,6.1709976,0.49582943,0.19857508,0.19857508
11,4,686,0.1734114,18.849499,6.1695685,0.49610752,0.19850919,0.19850919
11,5,687,0.17329948,18.836342,6.167975,0.49631402,0.19845876,0.19845876
11,6,688,0.17327228,18.8299,6.166447,0.49630716,0.19841377,0.19841377
11,7,689,0.17324416,18.83022,6.165305,0.49666375,0.19839627,0.19839627
11,8,690,0.1731412,18.815697,6.1644573,0.4967853,0.19835685,0.19835685
11,9,691,0.17305833,18.80721,6.1635113,0.4968955,0.19831271,0.19831271
11,10,692,0.17296621,18.795464,6.1625237,0.4969685,0.19828787,0.19828787
11,11,693,0.17288812,18.785503,6.161068,0.49730062,0.1982144,0.1982144
11,12,694,0.17277887,18.772434,6.160238,0.497532,0.1981781,0.1981781
11,13,695,0.17268342,18.761417,6.158883,0.4977153,0.19810468,0.19810468
11,14,696,0.1725763,18.747557,6.1578846,0.4977918,0.19806379,0.19806379
11,15,697,0.17250234,18.735773,6.157518,0.49792045,0.19808279,0.19808279
11,16,698,0.1724233,18.726902,6.1563964,0.4980942,0.19803132,0.19803132
11,17,699,0.1723491,18.720728,6.1546974,0.49810144,0.19799758,0.19799758
11,18,700,0.17228177,18.716446,6.1532545,0.49792808,0.19794738,0.19794738
11,19,701,0.17218652,18.708162,6.1526012,0.498368,0.19789991,0.19789991
11,20,702,0.17207342,18.69708,6.1510262,0.49821058,0.19784984,0.19784984
11,21,703,0.17198539,18.6873,6.1502056,0.49825752,0.19781494,0.19781494
11,22,704,0.1718882,18.675426,6.1493044,0.49867123,0.19778508,0.19778508
11,23,705,0.17179695,18.663097,6.1490345,0.49898514,0.19776548,0.19776548
11,24,706,0.17173794,18.66023,6.1484647,0.4991253,0.19769093,0.19769093
11,25,707,0.17165117,18.653605,6.1475773,0.4991956,0.19762401,0.19762401
11,26,708,0.17156811,18.646755,6.14771,0.49929392,0.19757839,0.19757839
11,27,709,0.17148913,18.639275,6.147564,0.49996722,0.1975441,0.1975441
11,28,710,0.1714057,18.632198,6.146533,0.49987656,0.19749701,0.19749701
11,29,711,0.17137039,18.631222,6.1465425,0.5002691,0.19747531,0.19747531
11,30,712,0.17129047,18.62337,6.146133,0.50048816,0.19742838,0.19742838
11,31,713,0.17117497,18.609343,6.145236,0.5006353,0.19736795,0.19736795
11,32,714,0.1710613,18.598007,6.1442003,0.5007171,0.19733046,0.19733046
11,33,715,0.17098844,18.591946,6.143075,0.5010442,0.19728625,0.19728625
11,34,716,0.17087556,18.581177,6.1429396,0.5012622,0.19725524,0.19725524
11,35,717,0.17076427,18.569454,6.1418567,0.50133276,0.1972227,0.1972227
11,36,718,0.1707052,18.55827,6.141587,0.50147194,0.19718862,0.19718862
11,37,719,0.17058574,18.547953,6.14151,0.5015319,0.19714274,0.19714274
11,38,720,0.1705069,18.542744,6.140433,0.50206983,0.19709304,0.19709304
11,39,721,0.17046005,18.5426,6.139109,0.5025824,0.19703287,0.19703287
11,40,722,0.17039315,18.535194,6.1377797,0.50306606,0.19697183,0.19697183
11,41,723,0.17030196,18.526897,6.137493,0.50365835,0.19692187,0.19692187
11,42,724,0.17025906,18.520605,6.1364784,0.50397146,0.19686301,0.19686301
11,43,725,0.1701908,18.512636,6.135451,0.5038447,0.19681762,0.19681762
11,44,726,0.1701218,18.506298,6.134917,0.50421804,0.196785,0.196785
11,45,727,0.17000367,18.494701,6.1353016,0.50446945,0.19680977,0.19680977
11,46,728,0.16995199,18.48826,6.133554,0.5045318,0.19673243,0.19673243
11,47,729,0.16992772,18.484444,6.132945,0.5045746,0.19671313,0.19671313
11,48,730,0.16984299,18.473206,6.131901,0.50485384,0.19667359,0.19667359
11,49,731,0.16977912,18.468044,6.1321588,0.505019,0.19661893,0.19661893
11,50,732,0.16968861,18.459257,6.1324587,0.5055146,0.19660042,0.19660042
11,51,733,0.16963074,18.453253,6.1321697,0.5060207,0.1965621,0.1965621
11,52,734,0.16959204,18.449259,6.131244,0.5059664,0.19653215,0.19653215
11,53,735,0.16951077,18.4407,6.1305423,0.5062606,0.19651456,0.19651456
11,54,736,0.16943538,18.434408,6.1298003,0.50653213,0.1964579,0.1964579
11,55,737,0.16938308,18.43178,6.129237,0.50686234,0.19640826,0.19640826
11,56,738,0.16928604,18.422367,6.1285067,0.5070313,0.19638139,0.19638139
11,57,739,0.16924798,18.411123,6.127449,0.50726664,0.19634803,0.19634803
11,58,740,0.16916722,18.40094,6.1281934,0.5078956,0.19636355,0.19636355
11,59,741,0.1690833,18.3947,6.127007,0.5084962,0.19632426,0.19632426
11,60,742,0.16897771,18.384848,6.1267686,0.5089464,0.19634783,0.19634783
11,61,743,0.16888928,18.376451,6.125976,0.5093532,0.19629653,0.19629653
12,0,744,0.16881196,18.36952,6.1242456,0.50935996,0.19621629,0.19621629
12,1,745,0.16874984,18.362354,6.123164,0.5097674,0.19619086,0.19619086
12,2,746,0.16866225,18.351225,6.1225357,0.5100554,0.19615693,0.19615693
12,3,747,0.16861922,18.349358,6.123075,0.5107741,0.19615525,0.19615525
12,4,748,0.16855338,18.340925,6.122501,0.5107442,0.19613212,0.19613212
12,5,749,0.16846967,18.330463,6.1219525,0.5114208,0.19610976,0.19610976
12,6,750,0.16839002,18.320766,6.121602,0.5118977,0.19609423,0.19609423
12,7,751,0.16833125,18.313494,6.120493,0.5119576,0.19604728,0.19604728
12,8,752,0.16827278,18.305359,6.119284,0.5119927,0.19600965,0.19600965
12,9,753,0.168226,18.302435,6.1180396,0.5123762,0.19596761,0.19596761
12,10,754,0.16812968,18.292284,6.1169806,0.5128607,0.19591962,0.19591962
12,11,755,0.16805255,18.287533,6.116459,0.51272947,0.19589992,0.19589992
12,12,756,0.16797283,18.28175,6.11588,0.51315576,0.19584775,0.19584775
12,13,757,0.16794413,18.273739,6.1143265,0.5130655,0.1958112,0.1958112
12,14,758,0.1678821,18.26632,6.112789,0.5129477,0.19574556,0.19574556
12,15,759,0.16779026,18.25591,6.11183,0.51312226,0.19569358,0.19569358
12,16,760,0.16771874,18.248194,6.11177,0.5131696,0.19571075,0.19571075
12,17,761,0.1676664,18.240135,6.1104035,0.513283,0.19565693,0.19565693
12,18,762,0.16760218,18.233162,6.1091843,0.51335615,0.1956234,0.1956234
12,19,763,0.16754642,18.227825,6.108332,0.51369566,0.1955797,0.1955797
12,20,764,0.16746151,18.219652,6.107582,0.51376295,0.19552718,0.19552718
12,21,765,0.16739511,18.21465,6.106409,0.5140226,0.19547956,0.19547956
12,22,766,0.16735305,18.208952,6.10533,0.51374894,0.19545564,0.19545564
12,23,767,0.16730124,18.205336,6.105688,0.5140547,0.19541436,0.19541436
12,24,768,0.16720825,18.19476,6.1055374,0.51436645,0.19540116,0.19540116
12,25,769,0.16714124,18.186565,6.104594,0.51449037,0.19533394,0.19533394
12,26,770,0.16709653,18.185701,6.10323,0.51455426,0.19527933,0.19527933
12,27,771,0.16704163,18.179298,6.1018863,0.5145298,0.1952318,0.1952318
12,28,772,0.16697484,18.170218,6.101135,0.5146299,0.1952143,0.1952143
12,29,773,0.16691774,18.163029,6.1005363,0.514803,0.19518487,0.19518487
12,30,774,0.16683322,18.15619,6.0999184,0.5148585,0.19516118,0.19516118
12,31,775,0.16677435,18.14899,6.0990725,0.51504487,0.19512323,0.19512323
12,32,776,0.16671646,18.142128,6.098549,0.5153467,0.19507948,0.19507948
12,33,777,0.16662548,18.133158,6.0975814,0.5154818,0.1950389,0.1950389
12,34,778,0.16655415,18.125639,6.0967827,0.51554394,0.19502345,0.19502345
12,35,779,0.16647264,18.118958,6.0962715,0.515819,0.19500574,0.19500574
12,36,780,0.16643977,18.110859,6.09542,0.5160239,0.19496788,0.19496788
12,37,781,0.16639349,18.105883,6.094029,0.5160531,0.19490378,0.19490378
12,38,782,0.16635919,18.103868,6.0924788,0.5161349,0.19483171,0.19483171
12,39,783,0.1662936,18.095285,6.092087,0.51636416,0.19483317,0.19483317
12,40,784,0.16623941,18.090607,6.0912504,0.51656985,0.19480091,0.19480091
12,41,785,0.16617455,18.085974,6.091589,0.51700765,0.1947588,0.1947588
12,42,786,0.16609341,18.077528,6.090979,0.51731485,0.19471525,0.19471525
12,43,787,0.16603652,18.073711,6.09018,0.51745373,0.19468392,0.19468392
12,44,788,0.16597317,18.065971,6.0888486,0.51736015,0.1946379,0.1946379
12,45,789,0.16589172,18.054945,6.087919,0.5171028,0.19461137,0.19461137
12,46,790,0.16579838,18.04434,6.0868206,0.5172053,0.19455929,0.19455929
12,47,791,0.16573212,18.034607,6.0859504,0.51741505,0.19450785,0.19450785
12,48,792,0.16570005,18.027681,6.0857162,0.51802987,0.19445066,0.19445066
12,49,793,0.16564813,18.02098,6.0849347,0.5182905,0.19442172,0.19442172
12,50,794,0.1655896,18.01536,6.0839663,0.5187308,0.19436738,0.19436738
12,51,795,0.16550815,18.005957,6.082929,0.5187141,0.19431867,0.19431867
12,52,796,0.16543621,17.997366,6.0821686,0.5189366,0.19429177,0.19429177
12,53,797,0.16535217,17.988953,6.0820312,0.5190471,0.19430801,0.19430801
12,54,798,0.16528264,17.980375,6.081499,0.51898926,0.19427894,0.19427894
12,55,799,0.16520597,17.973042,6.081528,0.51931065,0.19428723,0.19428723
12,56,800,0.16512507,17.966621,6.0822005,0.5199149,0.19424638,0.19424638
12,57,801,0.16506028,17.960392,6.081876,0.52007514,0.19422525,0.19422525
12,58,802,0.16499542,17.95385,6.0808806,0.5200861,0.19420403,0.19420403
12,59,803,0.16495147,17.945536,6.0796323,0.52018636,0.19417259,0.19417259
12,60,804,0.16488379,17.935661,6.077474,0.519885,0.19411159,0.19411159
12,61,805,0.16480836,17.926905,6.076345,0.5201486,0.19405682,0.19405682
13,0,806,0.16476743,17.922508,6.075219,0.5201166,0.19400555,0.19400555
13,1,807,0.16472667,17.9136,6.074252,0.5201015,0.19397017,0.19397017
13,2,808,0.16464186,17.90396,6.0734143,0.5202793,0.19392717,0.19392717
13,3,809,0.1645861,17.894121,6.072759,0.5205798,0.19391139,0.19391139
13,4,810,0.16452157,17.886295,6.0724616,0.521095,0.1938642,0.1938642
13,5,811,0.16444978,17.88044,6.071229,0.52115536,0.19378601,0.19378601
13,6,812,0.16438586,17.870598,6.0702763,0.5210541,0.193741,0.193741
13,7,813,0.16429168,17.860916,6.06902,0.52088404,0.19369732,0.19369732
13,8,814,0.16421117,17.853794,6.0677395,0.52079254,0.19365124,0.19365124
13,9,815,0.16414511,17.844023,6.0670114,0.5207424,0.19362551,0.19362551
13,10,816,0.16405913,17.836908,6.06713,0.52124673,0.19362229,0.19362229
13,11,817,0.16398466,17.827623,6.066634,0.52157193,0.19359998,0.19359998
13,12,818,0.16392665,17.822405,6.0648303,0.5216395,0.19352452,0.19352452
13,13,819,0.16385855,17.81611,6.06434,0.5219789,0.19350463,0.19350463
13,14,820,0.16380733,17.809544,6.062971,0.52200675,0.193478,0.193478
13,15,821,0.16375497,17.802979,6.0619082,0.5218142,0.19344285,0.19344285
13,16,822,0.16371457,17.805408,6.0610046,0.5220646,0.19342318,0.19342318
13,17,823,0.16367148,17.80445,6.061213,0.5221535,0.19343139,0.19343139
13,18,824,0.16359502,17.795673,6.060534,0.52260095,0.19339493,0.19339493
13,19,825,0.16352835,17.78957,6.0602627,0.52285844,0.19334708,0.19334708
13,20,826,0.16349694,17.78304,6.0596504,0.5227883,0.19331682,0.19331682
13,21,827,0.16342598,17.776903,6.058432,0.5226415,0.19328853,0.19328853
13,22,828,0.1634036,17.770744,6.0574284,0.5225536,0.19322702,0.19322702
13,23,829,0.16333362,17.762306,6.0563335,0.5224543,0.1931616,0.1931616
13,24,830,0.1632585,17.751722,6.0557723,0.5224685,0.19313002,0.19313002
13,25,831,0.16318423,17.738733,6.05477,0.5222477,0.19308661,0.19308661
13,26,832,0.16313519,17.735968,6.0544534,0.5228081,0.19306141,0.19306141
13,27,833,0.16305886,17.728773,6.0541186,0.5231436,0.1930259,0.1930259
13,28,834,0.16301423,17.723919,6.053307,0.5233306,0.19298184,0.19298184
13,29,835,0.16297114,17.72259,6.0530024,0.5236098,0.19295576,0.19295576
13,30,836,0.16288559,17.713818,6.0521894,0.52373767,0.1929354,0.1929354
13,31,837,0.16283223,17.711369,6.051539,0.5241746,0.19289757,0.19289757
13,32,838,0.16276461,17.704647,6.050622,0.52438426,0.19285625,0.19285625
13,33,839,0.16268238,17.69645,6.0502543,0.52488,0.1928232,0.1928232
13,34,840,0.1626231,17.689081,6.0499268,0.5251362,0.1927838,0.1927838
13,35,841,0.16256386,17.681568,6.049332,0.5253425,0.19274214,0.19274214
13,36,842,0.1625241,17.674124,6.0486164,0.5253862,0.19270575,0.19270575
13,37,843,0.1624504,17.664953,6.04731,0.525591,0.19266288,0.19266288
13,38,844,0.16240889,17.662764,6.046199,0.5257777,0.19260351,0.19260351
13,39,845,0.16234884,17.655777,6.045289,0.5260916,0.19255881,0.19255881
13,40,846,0.16229305,17.649664,6.0444846,0.5263099,0.19249965,0.19249965
13,41,847,0.16224243,17.6462,6.04376,0.5266009,0.19248123,0.19248123
13,42,848,0.16221783,17.64231,6.042685,0.526656,0.19243255,0.19243255
13,43,849,0.16214857,17.63633,6.041837,0.5265535,0.19241068,0.19241068
13,44,850,0.1620804,17.630417,6.0407977,0.526703,0.19236441,0.19236441
13,45,851,0.16203317,17.6215,6.0401316,0.5267141,0.19233575,0.19233575
13,46,852,0.16201465,17.619848,6.038853,0.5266806,0.19227107,0.19227107
13,47,853,0.16196653,17.615171,6.0376563,0.5267136,0.19224402,0.19224402
13,48,854,0.16190094,17.60759,6.0373225,0.52670735,0.1922101,0.1922101
13,49,855,0.16185729,17.60174,6.037143,0.5269472,0.19218682,0.19218682
13,50,856,0.16181454,17.595505,6.0357523,0.5270443,0.19213285,0.19213285
13,51,857,0.161778,17.591213,6.0344577,0.5268915,0.19208966,0.19208966
13,52,858,0.16174747,17.584425,6.0339656,0.52703816,0.19204603,0.19204603
13,53,859,0.1616611,17.576042,6.0332947,0.5274151,0.19203286,0.19203286
13,54,860,0.1617164,17.588085,6.0327897,0.5279157,0.1919876,0.1919876
13,55,861,0.16169769,17.590797,6.032646,0.52822816,0.191964,0.191964
13,56,862,0.16169152,17.585316,6.0329003,0.528474,0.1919684,0.1919684
13,57,863,0.16166642,17.58255,6.0330377,0.5286292,0.1919582,0.1919582
13,58,864,0.16165218,17.576275,6.0323167,0.52894855,0.19191304,0.19191304
13,59,865,0.16162232,17.571247,6.0316,0.5293779,0.1918682,0.1918682
13,60,866,0.16156593,17.564405,6.030699,0.5295518,0.19181612,0.19181612
13,61,867,0.16150852,17.556568,6.030007,0.52979773,0.19179015,0.19179015
14,0,868,0.1614471,17.550707,6.029134,0.5298161,0.19175747,0.19175747
14,1,869,0.16139632,17.5452,6.0280275,0.5297043,0.19174504,0.19174504
14,2,870,0.16136126,17.541573,6.027341,0.5298659,0.19168831,0.19168831
14,3,871,0.16127568,17.53273,6.0268188,0.5297525,0.19167584,0.19167584
14,4,872,0.16120315,17.524681,6.0260973,0.5297455,0.19163771,0.19163771
14,5,873,0.1611367,17.515877,6.0255504,0.52977103,0.19157538,0.19157538
14,6,874,0.16107094,17.508144,6.0245447,0.5299731,0.19150907,0.19150907
14,7,875,0.16100329,17.500029,6.0239687,0.53019,0.1914764,0.1914764
14,8,876,0.16093284,17.492476,6.023037,0.53029996,0.19142811,0.19142811
14,9,877,0.1608549,17.48631,6.0218635,0.53050005,0.19138739,0.19138739
14,10,878,0.16077924,17.476896,6.020882,0.5307108,0.19134147,0.19134147
14,11,879,0.16070423,17.46895,6.020568,0.5312434,0.19132778,0.19132778
14,12,880,0.16067918,17.463243,6.019476,0.5311791,0.19128764,0.19128764
14,13,881,0.16064861,17.463139,6.0190535,0.5313966,0.19125748,0.19125748
14,14,882,0.16058767,17.457727,6.01848,0.5315282,0.19121759,0.19121759
14,15,883,0.16051447,17.44932,6.0177717,0.5316991,0.19116104,0.19116104
14,16,884,0.16045909,17.445213,6.016666,0.53144735,0.1911372,0.1911372
14,17,885,0.16038871,17.43744,6.0152564,0.5317785,0.19108935,0.19108935
14,18,886,0.16035992,17.433378,6.015129,0.53195,0.19107963,0.19107963
14,19,887,0.16034362,17.429499,6.0141273,0.5322421,0.19103359,0.19103359
14,20,888,0.16031772,17.423918,6.0141582,0.5324101,0.19099103,0.19099103
14,21,889,0.16026458,17.420065,6.0132995,0.5325752,0.1909352,0.1909352
14,22,890,0.16022044,17.414604,6.0124216,0.5327269,0.19088353,0.19088353
14,23,891,0.16016252,17.407295,6.0110583,0.53288174,0.19084245,0.19084245
14,24,892,0.16011643,17.400629,6.0103865,0.53304434,0.19083527,0.19083527
14,25,893,0.16008171,17.397394,6.010852,0.53325087,0.19084018,0.19084018
14,26,894,0.16002128,17.390768,6.010433,0.5334536,0.19083154,0.19083154
14,27,895,0.159951,17.38283,6.010129,0.53376114,0.19080175,0.19080175
14,28,896,0.15994291,17.384846,6.0094175,0.5338934,0.19078356,0.19078356
14,29,897,0.15989476,17.380936,6.0084143,0.5340053,0.19075167,0.19075167
14,30,898,0.15984538,17.376682,6.007628,0.5342702,0.19070597,0.19070597
14,31,899,0.15978527,17.36765,6.006744,0.5339998,0.19067319,0.19067319
14,32,900,0.15975961,17.365698,6.0058913,0.53425866,0.19064203,0.19064203
14,33,901,0.15971322,17.35939,6.005325,0.5341061,0.19062,0.19062
14,34,902,0.15966365,17.354034,6.004978,0.5339162,0.1906173,0.1906173
14,35,903,0.15961793,17.348934,6.0047736,0.5342581,0.19058149,0.19058149
14,36,904,0.15956376,17.343409,6.0038395,0.53414124,0.19053388,0.19053388
14,37,905,0.15951392,17.335577,6.003445,0.5343049,0.1905096,0.1905096
14,38,906,0.15948778,17.33183,6.0026484,0.53454983,0.19047244,0.19047244
14,39,907,0.15943673,17.324797,6.001656,0.5344978,0.19044593,0.19044593
14,40,908,0.1593887,17.316648,6.000183,0.53453207,0.19039753,0.19039753
14,41,909,0.15933925,17.309072,5.999491,0.5344554,0.19039817,0.19039817
14,42,910,0.15928113,17.301064,5.998876,0.53442806,0.19039267,0.19039267
14,43,911,0.15922059,17.298328,5.9981675,0.5347323,0.19036588,0.19036588
14,44,912,0.15917662,17.293629,5.9975824,0.53498816,0.19034982,0.19034982
14,45,913,0.15912768,17.291584,5.997306,0.53520674,0.1903487,0.1903487
14,46,914,0.15907109,17.288095,5.9970813,0.5354863,0.19034632,0.19034632
14,47,915,0.15901765,17.281399,5.997477,0.53560907,0.19035122,0.19035122
14,48,916,0.15898278,17.275541,5.997004,0.5358758,0.19034122,0.19034122
14,49,917,0.15893534,17.271435,5.9962735,0.5358127,0.19030045,0.19030045
14,50,918,0.1589009,17.269928,5.995817,0.5361551,0.19026466,0.19026466
14,51,919,0.15885532,17.263725,5.994728,0.53647363,0.19022378,0.19022378
14,52,920,0.15881336,17.257307,5.9930444,0.53626055,0.1901613,0.1901613
14,53,921,0.15877602,17.250128,5.9923496,0.5366314,0.19012986,0.19012986
14,54,922,0.15872148,17.24218,5.99171,0.53671414,0.19010204,0.19010204
14,55,923,0.15867461,17.239704,5.9915752,0.5368954,0.19007768,0.19007768
14,56,924,0.15861432,17.233715,5.9912715,0.536945,0.1900505,0.1900505
14,57,925,0.1585873,17.231903,5.9911633,0.53704125,0.19004408,0.19004408
14,58,926,0.15853448,17.225998,5.990736,0.5371759,0.19001979,0.19001979
14,59,927,0.15847775,17.219225,5.990078,0.5371683,0.18998624,0.18998624
14,60,928,0.15844396,17.216059,5.989314,0.53735673,0.1899357,0.1899357
14,61,929,0.1583921,17.211407,5.9886727,0.53754735,0.18990974,0.18990974
15,0,930,0.15834555,17.20552,5.987573,0.5376398,0.18988521,0.18988521
15,1,931,0.15826717,17.19761,5.986147,0.53768736,0.1898309,0.1898309
15,2,932,0.15819722,17.190653,5.9852943,0.5379077,0.1897913,0.1897913
15,3,933,0.15815817,17.186811,5.984282,0.5378925,0.18976614,0.18976614
15,4,934,0.15811683,17.18262,5.9833093,0.5380742,0.18974344,0.18974344
15,5,935,0.15806134,17.173666,5.9827957,0.5383333,0.1897143,0.1897143
15,6,936,0.1580054,17.169205,5.982308,0.5385626,0.18968658,0.18968658
15,7,937,0.15794665,17.16085,5.98092,0.5386019,0.1896415,0.1896415
15,8,938,0.15791363,17.156002,5.980647,0.5388868,0.18961649,0.18961649
15,9,939,0.15785539,17.150452,5.980392,0.539176,0.18960117,0.18960117
15,10,940,0.15779209,17.144558,5.979412,0.5391581,0.18955794,0.18955794
15,11,941,0.15774167,17.138676,5.979034,0.5393889,0.1895183,0.1895183
15,12,942,0.15767889,17.130411,5.9787087,0.53965235,0.189499,0.189499
15,13,943,0.15760723,17.122704,5.97845,0.53982794,0.18947425,0.18947425
15,14,944,0.15752953,17.111774,5.9778357,0.53980124,0.18945356,0.18945356
15,15,945,0.15748677,17.10474,5.9776125,0.53986514,0.18945538,0.18945538
15,16,946,0.15743005,17.097507,5.977163,0.53994864,0.18942519,0.18942519
15,17,947,0.15738896,17.094246,5.976409,0.54028475,0.18939832,0.18939832
15,18,948,0.15735614,17.091377,5.976017,0.54071635,0.18936262,0.18936262
15,19,949,0.15731029,17.08824,5.9750857,0.5406262,0.18933281,0.18933281
15,20,950,0.15727927,17.08611,5.974237,0.5408483,0.18930544,0.18930544
15,21,951,0.15724236,17.08127,5.9740977,0.5410899,0.189274,0.189274
15,22,952,0.15718925,17.07593,5.974098,0.54147065,0.18924695,0.18924695
15,23,953,0.15711492,17.068096,5.973885,0.5416471,0.1892555,0.1892555
15,24,954,0.15710157,17.06528,5.97325,0.54173696,0.18921483,0.18921483
15,25,955,0.15708604,17.059677,5.9731655,0.54215294,0.18919,0.18919
15,26,956,0.15710682,17.058979,5.9731874,0.54249257,0.1891503,0.1891503
15,27,957,0.15707815,17.056444,5.9730215,0.5427396,0.18912499,0.18912499
15,28,958,0.1570418,17.049322,5.9725156,0.542908,0.18909416,0.18909416
15,29,959,0.15700035,17.04268,5.9718447,0.5431679,0.1890554,0.1890554
15,30,960,0.1569579,17.037302,5.971232,0.5430315,0.18903092,0.18903092
15,31,961,0.1569368,17.034508,5.9705796,0.5432759,0.18898796,0.18898796
15,32,962,0.15689076,17.028877,5.970088,0.54336643,0.18895142,0.18895142
15,33,963,0.15684924,17.028042,5.968957,0.54326546,0.18891247,0.18891247
15,34,964,0.15680984,17.024591,5.968089,0.5434645,0.18888246,0.18888246
15,35,965,0.15675887,17.016342,5.9671135,0.543608,0.18885645,0.18885645
15,36,966,0.1567318,17.010206,5.9667115,0.5438847,0.1888335,0.1888335
15,37,967,0.1566772,17.004745,5.966388,0.544005,0.1888332,0.1888332
15,38,968,0.15663889,17.002932,5.9654827,0.54418606,0.18880606,0.18880606
15,39,969,0.15662809,16.99659,5.964574,0.5443335,0.18876101,0.18876101
15,40,970,0.15659282,16.993673,5.963508,0.5442634,0.18873884,0.18873884
15,41,971,0.1565625,16.98905,5.962578,0.54440683,0.18871221,0.18871221
15,42,972,0.15650994,16.982384,5.9618464,0.54469764,0.18868057,0.18868057
15,43,973,0.15648507,16.979805,5.960972,0.54505616,0.1886436,0.1886436
15,44,974,0.15645063,16.976063,5.9608464,0.54517967,0.18860966,0.18860966
15,45,975,0.15641667,16.97206,5.960257,0.5452065,0.18856457,0.18856457
15,46,976,0.15638618,16.969303,5.9598846,0.54556197,0.188525,0.188525
15,47,977,0.15634109,16.96541,5.95979,0.54602116,0.18850008,0.18850008
15,48,978,0.15628672,16.958588,5.9585276,0.546053,0.18844308,0.18844308
15,49,979,0.1562452,16.953272,5.9581437,0.5461741,0.18841214,0.18841214
15,50,980,0.15620716,16.951138,5.9577403,0.54641074,0.18836008,0.18836008
15,51,981,0.15616684,16.94772,5.957507,0.54666716,0.18833543,0.18833543
15,52,982,0.15613405,16.944069,5.957306,0.5467736,0.18832976,0.18832976
15,53,983,0.15611206,16.942362,5.9572415,0.54735094,0.18832095,0.18832095
15,54,984,0.15607062,16.93539,5.956714,0.5473526,0.1883305,0.1883305
15,55,985,0.15601756,16.930576,5.9565115,0.54766977,0.18830684,0.18830684
15,56,986,0.15597278,16.927881,5.9555697,0.5480438,0.18826452,0.18826452
15,57,987,0.15591416,16.921387,5.9549384,0.54812175,0.18823302,0.18823302
15,58,988,0.15586051,16.915798,5.953767,0.54803216,0.1882165,0.1882165
15,59,989,0.15583673,16.911901,5.9526997,0.54788697,0.18818577,0.18818577
15,60,990,0.15579066,16.907442,5.952398,0.54794765,0.18817298,0.18817298
15,61,991,0.15575433,16.90517,5.951983,0.54837203,0.18812369,0.18812369
16,0,992,0.15571332,16.90121,5.951099,0.5484825,0.18809947,0.18809947
16,1,993,0.1556792,16.89538,5.9502716,0.5485364,0.18805526,0.18805526
16,2,994,0.1556411,16.89316,5.9495077,0.5486884,0.18802214,0.18802214
16,3,995,0.15559751,16.887436,5.9489093,0.5486959,0.18800238,0.18800238
16,4,996,0.15555477,16.882267,5.947827,0.5487848,0.18796848,0.18796848
16,5,997,0.15551108,16.878708,5.947691,0.54922545,0.18794897,0.18794897
16,6,998,0.155457,16.872507,5.947104,0.5494609,0.18791857,0.18791857
16,7,999,0.15542665,16.870062,5.9462233,0.54940087,0.18787004,0.18787004
16,8,1000,0.15539034,16.863934,5.9458528,0.54964364,0.18783382,0.18783382
16,9,1001,0.15536703,16.86244,5.9445996,0.54962575,0.18779656,0.18779656
16,10,1002,0.1553421,16.858915,5.9440866,0.5498258,0.18776198,0.18776198
16,11,1003,0.15529996,16.853456,5.942988,0.5498156,0.18771084,0.18771084
16,12,1004,0.15523683,16.848103,5.9420595,0.55008566,0.18766567,0.18766567
16,13,1005,0.15518156,16.843098,5.941558,0.55023015,0.18764134,0.18764134
16,14,1006,0.15516475,16.840113,5.9404283,0.5502338,0.1876056,0.1876056
16,15,1007,0.1551301,16.836468,5.9394035,0.55031407,0.18757714,0.18757714
16,16,1008,0.1550896,16.833893,5.9385056,0.5504582,0.18753284,0.18753284
16,17,1009,0.15507618,16.828217,5.938017,0.5504555,0.18753056,0.18753056
16,18,1010,0.15503722,16.826403,5.937518,0.55043286,0.18749398,0.18749398
16,19,1011,0.15498865,16.820263,5.936512,0.55057615,0.18745558,0.18745558
16,20,1012,0.15496376,16.813164,5.935881,0.5509098,0.18741882,0.18741882
16,21,1013,0.1549384,16.80553,5.9350843,0.55080205,0.18738618,0.18738618
16,22,1014,0.15490589,16.802376,5.934768,0.5511194,0.18736257,0.18736257
16,23,1015,0.15484878,16.796356,5.934688,0.5511488,0.18737938,0.18737938
16,24,1016,0.15480562,16.791885,5.933605,0.55123264,0.18732578,0.18732578
16,25,1017,0.15477206,16.789133,5.9330087,0.55149317,0.1873017,0.1873017
16,26,1018,0.15472172,16.782833,5.9326096,0.5515549,0.18730533,0.18730533
16,27,1019,0.15469012,16.779375,5.932186,0.5517396,0.1872911,0.1872911
16,28,1020,0.15465194,16.775063,5.9313912,0.55190307,0.18724883,0.18724883
16,29,1021,0.15462086,16.772593,5.93069,0.551979,0.18720219,0.18720219
16,30,1022,0.15456966,16.765903,5.9304466,0.552272,0.18717657,0.18717657
16,31,1023,0.154522,16.759438,5.9297347,0.5523846,0.18714976,0.18714976
16,32,1024,0.15450862,16.760422,5.9288845,0.55246586,0.18712841,0.18712841
16,33,1025,0.15449354,16.759834,5.9279623,0.55240154,0.18710652,0.18710652
16,34,1026,0.15444964,16.755585,5.9272223,0.55259633,0.18710731,0.18710731
16,35,1027,0.1543956,16.74822,5.926837,0.552716,0.18708637,0.18708637
16,36,1028,0.15434934,16.743538,5.926117,0.55275255,0.18706618,0.18706618
16,37,1029,0.15430534,16.736183,5.9264135,0.55302227,0.18705334,0.18705334
16,38,1030,0.15424277,16.72925,5.925453,0.55295837,0.18702142,0.18702142
16,39,1031,0.15422326,16.726812,5.9248285,0.55311984,0.18698874,0.18698874
16,40,1032,0.15418942,16.723553,5.9247556,0.5535569,0.18696734,0.18696734
16,41,1033,0.15415981,16.71761,5.9239182,0.55370885,0.18692471,0.18692471
16,42,1034,0.15411624,16.713306,5.9230328,0.5537767,0.1868899,0.1868899
16,43,1035,0.1540871,16.710192,5.922227,0.55385643,0.18685056,0.18685056
16,44,1036,0.15403666,16.70395,5.921271,0.55389875,0.18682882,0.18682882
16,45,1037,0.15402004,16.703062,5.9200525,0.5537307,0.18679467,0.18679467
16,46,1038,0.15399282,16.698732,5.9191937,0.55371314,0.18677063,0.18677063
16,47,1039,0.15395752,16.694098,5.9188156,0.5539661,0.18672714,0.18672714
16,48,1040,0.1539036,16.686472,5.9180765,0.5539078,0.18669353,0.18669353
16,49,1041,0.15387142,16.68252,5.917425,0.5538993,0.18666027,0.18666027
16,50,1042,0.15384454,16.680439,5.9166994,0.55394983,0.18663739,0.18663739
16,51,1043,0.15381967,16.677835,5.9159846,0.5541154,0.18659805,0.18659805
16,52,1044,0.15377861,16.66996,5.915254,0.5541982,0.18653414,0.18653414
16,53,1045,0.15374976,16.667103,5.914855,0.55439126,0.18652005,0.18652005
16,54,1046,0.15372099,16.663504,5.9144154,0.55459094,0.18649673,0.18649673
16,55,1047,0.15368758,16.656708,5.9134693,0.5545625,0.18646796,0.18646796
16,56,1048,0.15365708,16.653526,5.9129696,0.5545833,0.18643112,0.18643112
16,57,1049,0.15362921,16.649446,5.9121785,0.55471337,0.1864147,0.1864147
16,58,1050,0.153584,16.644222,5.911878,0.5549949,0.18639019,0.18639019
16,59,1051,0.1535579,16.643194,5.9124928,0.5554157,0.18638341,0.18638341
16,60,1052,0.15355232,16.6439,5.912297,0.5556973,0.18634541,0.18634541
16,61,1053,0.15354311,16.64539,5.9119,0.5557309,0.18631068,0.18631068
17,0,1054,0.15352023,16.642254,5.9116583,0.55592924,0.18628867,0.18628867
17,1,1055,0.15350486,16.638762,5.911218,0.55595344,0.1862487,0.1862487
17,2,1056,0.15347195,16.635561,5.9100995,0.55576456,0.18620998,0.18620998
17,3,1057,0.15347229,16.63467,5.9092054,0.5558147,0.18619305,0.18619305
17,4,1058,0.15344843,16.62996,5.9087243,0.5559366,0.18620586,0.18620586
17,5,1059,0.15342592,16.627659,5.9083266,0.55606127,0.18617658,0.18617658
17,6,1060,0.15337585,16.621416,5.907784,0.5561587,0.18616006,0.18616006
17,7,1061,0.15332146,16.61618,5.906608,0.5563006,0.1861089,0.1861089
17,8,1062,0.15327501,16.609652,5.906232,0.55649257,0.18609402,0.18609402
17,9,1063,0.15324743,16.606773,5.9057097,0.5565672,0.18606912,0.18606912
17,10,1064,0.15321238,16.603167,5.904838,0.55679315,0.18603158,0.18603158
17,11,1065,0.15319389,16.602474,5.903817,0.55700815,0.18597986,0.18597986
17,12,1066,0.15313907,16.59731,5.9031563,0.55722886,0.18594758,0.18594758
17,13,1067,0.15310186,16.59326,5.9027357,0.55728537,0.18590434,0.18590434
17,14,1068,0.15307796,16.590807,5.9020395,0.55759597,0.18588844,0.18588844
17,15,1069,0.15306377,16.58825,5.901863,0.5579554,0.18586318,0.18586318
17,16,1070,0.15301988,16.58413,5.9015703,0.5581267,0.18584932,0.18584932
17,17,1071,0.15300536,16.583412,5.901195,0.55834365,0.18583146,0.18583146
17,18,1072,0.15296702,16.581038,5.9006753,0.55835104,0.18579449,0.18579449
17,19,1073,0.15291482,16.575022,5.9002037,0.558338,0.18576883,0.18576883
17,20,1074,0.15288328,16.573456,5.8995347,0.5584221,0.18573052,0.18573052
17,21,1075,0.15287286,16.57153,5.8988824,0.55844355,0.18569703,0.18569703
17,22,1076,0.15283613,16.565454,5.898379,0.55876476,0.18566084,0.18566084
17,23,1077,0.15279225,16.560106,5.8976746,0.55879366,0.1856436,0.1856436
17,24,1078,0.15276587,16.555885,5.896859,0.55890673,0.18562311,0.18562311
17,25,1079,0.15273516,16.552528,5.8967867,0.55912364,0.18562189,0.18562189
17,26,1080,0.15270534,16.550457,5.89634,0.559387,0.18558256,0.18558256
17,27,1081,0.15267923,16.54608,5.896248,0.5595612,0.1855617,0.1855617
17,28,1082,0.15268677,16.545362,5.8955607,0.5597609,0.18553531,0.18553531
17,29,1083,0.15266505,16.539536,5.8948216,0.55982625,0.1855105,0.1855105
17,30,1084,0.15262997,16.533098,5.894012,0.5597015,0.18549913,0.18549913
17,31,1085,0.15261623,16.534218,5.8937526,0.55995566,0.1854632,0.1854632
17,32,1086,0.15257546,16.529089,5.893776,0.56029576,0.1854477,0.1854477
17,33,1087,0.15254626,16.527163,5.893681,0.560456,0.18542214,0.18542214
17,34,1088,0.15251538,16.524939,5.893067,0.56063974,0.18539569,0.18539569
17,35,1089,0.15247546,16.522032,5.8925276,0.5608027,0.18536454,0.18536454
17,36,1090,0.1524464,16.5218,5.891746,0.5608953,0.18532848,0.18532848
17,37,1091,0.15241827,16.516972,5.8911924,0.56101286,0.1852956,0.1852956
17,38,1092,0.1523751,16.512463,5.8901505,0.56095177,0.1852715,0.1852715
17,39,1093,0.15237042,16.50985,5.889519,0.5609078,0.18522723,0.18522723
17,40,1094,0.15232599,16.50562,5.888975,0.5608476,0.18521401,0.18521401
17,41,1095,0.15228944,16.499462,5.888821,0.56111854,0.18521504,0.18521504
17,42,1096,0.15225354,16.49376,5.8885407,0.56128615,0.18519767,0.18519767
17,43,1097,0.15220307,16.488726,5.8881187,0.5615172,0.18514916,0.18514916
17,44,1098,0.1521729,16.485533,5.8877034,0.56171167,0.18511946,0.18511946
17,45,1099,0.15213224,16.481886,5.886626,0.5617153,0.18508531,0.18508531
17,46,1100,0.152101,16.476006,5.8857875,0.5618473,0.18504976,0.18504976
17,47,1101,0.15206265,16.47073,5.8850436,0.56189054,0.18502697,0.18502697
17,48,1102,0.15204096,16.469957,5.8845773,0.56220734,0.18498588,0.18498588
17,49,1103,0.15202856,16.471355,5.8842745,0.5624308,0.1849687,0.1849687
17,50,1104,0.15198886,16.467709,5.8836417,0.5624518,0.18493436,0.18493436
17,51,1105,0.15194824,16.462921,5.88315,0.5626171,0.18492731,0.18492731
17,52,1106,0.15189588,16.456839,5.8827453,0.56282395,0.18490523,0.18490523
17,53,1107,0.15185004,16.453356,5.882606,0.5633097,0.18487209,0.18487209
17,54,1108,0.15186179,16.455751,5.8820276,0.56323135,0.18483749,0.18483749
17,55,1109,0.151842,16.452944,5.8819623,0.5633453,0.18480891,0.18480891
17,56,1110,0.15180287,16.447361,5.8815775,0.56349504,0.1847994,0.1847994
17,57,1111,0.1517782,16.44471,5.880675,0.5633559,0.18477325,0.18477325
17,58,1112,0.15175089,16.443184,5.8797216,0.5633851,0.18474095,0.18474095
17,59,1113,0.1517081,16.437943,5.879073,0.5635509,0.18471652,0.18471652
17,60,1114,0.15165782,16.43252,5.878525,0.56369084,0.18468769,0.18468769
17,61,1115,0.15161896,16.42923,5.878332,0.56384045,0.18466789,0.18466789
18,0,1116,0.15161896,16.430286,5.8778133,0.56388,0.18462645,0.18462645
18,1,1117,0.15158758,16.426483,5.8769336,0.5640077,0.18459797,0.18459797
18,2,1118,0.15155351,16.421406,5.8761907,0.56405425,0.1845704,0.1845704
18,3,1119,0.15152326,16.417465,5.8754206,0.5639459,0.18453419,0.18453419
18,4,1120,0.15149626,16.41509,5.874793,0.56410486,0.18449922,0.18449922
18,5,1121,0.15145746,16.41077,5.8743305,0.56427675,0.18445396,0.18445396
18,6,1122,0.15140688,16.405409,5.873926,0.56442636,0.184446,0.184446
18,7,1123,0.15138754,16.402487,5.8738847,0.56479824,0.18443917,0.18443917
18,8,1124,0.15138279,16.403988,5.8737955,0.5650293,0.18443745,0.18443745
18,9,1125,0.151345,16.400423,5.87321,0.56511974,0.18441719,0.18441719
18,10,1126,0.15130688,16.39694,5.8727355,0.56536376,0.1843922,0.1843922
18,11,1127,0.15127552,16.393362,5.8722234,0.56553304,0.18437168,0.18437168
18,12,1128,0.15123624,16.388695,5.8720007,0.56571716,0.18437083,0.18437083
18,13,1129,0.15121745,16.38569,5.8714643,0.5657074,0.18435454,0.18435454
18,14,1130,0.15117753,16.38166,5.871173,0.56574863,0.18434493,0.18434493
18,15,1131,0.15115651,16.380888,5.8708134,0.5658734,0.18430553,0.18430553
18,16,1132,0.15113336,16.3782,5.870533,0.56602675,0.18429066,0.18429066
18,17,1133,0.15109846,16.373133,5.870159,0.5662464,0.18428305,0.18428305
18,18,1134,0.15107653,16.368814,5.8696446,0.56611675,0.18429083,0.18429083
18,19,1135,0.1510646,16.363039,5.8690352,0.56598514,0.18426175,0.18426175
18,20,1136,0.15104234,16.360546,5.868415,0.5660114,0.18424222,0.18424222
18,21,1137,0.15102272,16.356468,5.8681264,0.5663046,0.184225,0.184225
18,22,1138,0.15099043,16.352308,5.867626,0.5665421,0.18419577,0.18419577
18,23,1139,0.1509717,16.351208,5.866771,0.56664205,0.18416642,0.18416642
18,24,1140,0.15094373,16.348803,5.8659654,0.56662506,0.18413348,0.18413348
18,25,1141,0.15091978,16.345316,5.865112,0.56665736,0.18409842,0.18409842
18,26,1142,0.15089306,16.341772,5.8648252,0.56670606,0.1840908,0.1840908
18,27,1143,0.15085775,16.338188,5.8643894,0.56662273,0.18408632,0.18408632
18,28,1144,0.15084878,16.335089,5.8639235,0.566734,0.18407726,0.18407726
18,29,1145,0.15081987,16.328245,5.8636794,0.5669982,0.184068,0.184068
18,30,1146,0.1507981,16.32481,5.8634806,0.5671169,0.18405932,0.18405932
18,31,1147,0.15076834,16.322044,5.8625603,0.56717473,0.18402465,0.18402465
18,32,1148,0.15074715,16.31823,5.8622227,0.56751835,0.18400824,0.18400824
18,33,1149,0.15070513,16.3138,5.8617563,0.5676393,0.18397245,0.18397245
18,34,1150,0.15067694,16.310421,5.8611984,0.56755364,0.18394318,0.18394318
18,35,1151,0.15063635,16.30624,5.860423,0.5676588,0.18390682,0.18390682
18,36,1152,0.15062992,16.30088,5.859709,0.56751186,0.18389061,0.18389061
18,37,1153,0.150605,16.299417,5.8595147,0.5675973,0.18387674,0.18387674
18,38,1154,0.150549,16.292059,5.8587527,0.56759936,0.1838605,0.1838605
18,39,1155,0.15049978,16.286728,5.858155,0.5676409,0.18382278,0.18382278
18,40,1156,0.15047577,16.283888,5.8573346,0.56761694,0.18378827,0.18378827
18,41,1157,0.15045401,16.279058,5.8569717,0.5676437,0.18376075,0.18376075
18,42,1158,0.15041421,16.273235,5.856477,0.5677505,0.18373047,0.18373047
18,43,1159,0.15037426,16.269646,5.856244,0.56795675,0.18370195,0.18370195
18,44,1160,0.15033491,16.266129,5.855507,0.567816,0.18368347,0.18368347
18,45,1161,0.15030533,16.26408,5.85531,0.5681159,0.18365252,0.18365252
18,46,1162,0.15025721,16.25736,5.854988,0.5683164,0.18363741,0.18363741
18,47,1163,0.15022343,16.254696,5.854412,0.5684205,0.1836172,0.1836172
18,48,1164,0.1502038,16.253443,5.853575,0.56848353,0.18357342,0.18357342
18,49,1165,0.15018328,16.25077,5.852885,0.568394,0.18354262,0.18354262
18,50,1166,0.15016693,16.249546,5.85314,0.56843495,0.18352391,0.18352391
18,51,1167,0.15014666,16.246128,5.852736,0.5687478,0.18349633,0.18349633
18,52,1168,0.15013088,16.240599,5.8523903,0.56871414,0.18348147,0.18348147
18,53,1169,0.15010881,16.239101,5.8521037,0.56883997,0.1834433,0.1834433
18,54,1170,0.15010585,16.237446,5.8513823,0.56899136,0.18341821,0.18341821
18,55,1171,0.1500785,16.235125,5.8510323,0.5690777,0.1833764,0.1833764
18,56,1172,0.1500346,16.229582,5.85049,0.56901073,0.18335482,0.18335482
18,57,1173,0.150032,16.226715,5.8502893,0.56945026,0.18333131,0.18333131
18,58,1174,0.15000656,16.221214,5.8504996,0.5695079,0.18333797,0.18333797
18,59,1175,0.14998865,16.220146,5.850754,0.56981343,0.18332502,0.18332502
18,60,1176,0.14996195,16.217768,5.850198,0.56979245,0.18329693,0.18329693
18,61,1177,0.14994903,16.217522,5.850075,0.56991106,0.18328448,0.18328448
19,0,1178,0.14991602,16.215302,5.8494406,0.57012725,0.18326046,0.18326046
19,1,1179,0.14987692,16.211601,5.8486204,0.5702343,0.18322766,0.18322766
19,2,1180,0.14985076,16.208195,5.8480115,0.5703621,0.18320277,0.18320277
19,3,1181,0.14982505,16.203087,5.8474317,0.57037675,0.18318856,0.18318856
19,4,1182,0.14980751,16.200447,5.8471365,0.57050616,0.18316908,0.18316908
19,5,1183,0.14979826,16.198137,5.847024,0.5705774,0.18317914,0.18317914
19,6,1184,0.1497783,16.195427,5.8462687,0.57070005,0.18316075,0.18316075
19,7,1185,0.14973961,16.190857,5.8458233,0.57090586,0.183127,0.183127
19,8,1186,0.1497004,16.186417,5.8452663,0.5710761,0.18310122,0.18310122
19,9,1187,0.14968368,16.183912,5.84438,0.57114816,0.183061,0.183061
19,10,1188,0.14964972,16.181692,5.844196,0.5714277,0.18303889,0.18303889
19,11,1189,0.14963019,16.181269,5.843936,0.5714736,0.18300205,0.18300205
19,12,1190,0.149603,16.177654,5.8435874,0.57161385,0.18298836,0.18298836
19,13,1191,0.14959413,16.174728,5.843578,0.5718786,0.18296099,0.18296099
19,14,1192,0.14954728,16.170116,5.8437314,0.572049,0.18294734,0.18294734
19,15,1193,0.14954542,16.173166,5.843437,0.57229733,0.18292102,0.18292102
19,16,1194,0.1495159,16.170559,5.8432503,0.5726225,0.1829087,0.1829087
19,17,1195,0.14949211,16.167746,5.8425436,0.5728735,0.18287577,0.18287577
19,18,1196,0.14947996,16.164333,5.8420053,0.5731039,0.18283582,0.18283582
19,19,1197,0.14946781,16.16573,5.8411403,0.5732574,0.18279667,0.18279667
19,20,1198,0.14948821,16.169474,5.840691,0.57345635,0.18277603,0.18277603
19,21,1199,0.14948286,16.168598,5.8399105,0.5733944,0.18274108,0.18274108
19,22,1200,0.14946465,16.166636,5.8392987,0.5733944,0.18271635,0.18271635
19,23,1201,0.14943561,16.163462,5.8391848,0.5735946,0.18269229,0.18269229
19,24,1202,0.14942044,16.163544,5.8386307,0.5735937,0.18266946,0.18266946
19,25,1203,0.1493739,16.157663,5.8380246,0.5736658,0.18264134,0.18264134
19,26,1204,0.14933942,16.154232,5.8372746,0.5739294,0.18260695,0.18260695
19,27,1205,0.14932138,16.150013,5.836293,0.5738467,0.18257964,0.18257964
19,28,1206,0.14929572,16.14488,5.8354654,0.5738649,0.18254957,0.18254957
19,29,1207,0.14927256,16.142467,5.8352995,0.57386494,0.18253265,0.18253265
19,30,1208,0.14925583,16.142008,5.834727,0.5740665,0.18251029,0.18251029
19,31,1209,0.14924067,16.14077,5.8340907,0.5740668,0.18249631,0.18249631
19,32,1210,0.1492106,16.137487,5.8337507,0.57413906,0.18248124,0.18248124
19,33,1211,0.14919135,16.134912,5.8334985,0.5742727,0.18245515,0.18245515
19,34,1212,0.14915717,16.131975,5.8329816,0.57430327,0.18243164,0.18243164
19,35,1213,0.1491232,16.127365,5.832162,0.57418716,0.18240756,0.18240756
19,36,1214,0.14908193,16.123104,5.8314233,0.5740766,0.18238612,0.18238612
19,37,1215,0.14902665,16.116465,5.830878,0.57391095,0.18237491,0.18237491
19,38,1216,0.14899242,16.11263,5.8299556,0.5737803,0.18235329,0.18235329
19,39,1217,0.14897813,16.112015,5.8297224,0.5739045,0.18233405,0.18233405
19,40,1218,0.14892666,16.107412,5.829241,0.5740585,0.18231197,0.18231197
19,41,1219,0.14891088,16.10528,5.828403,0.5741249,0.1822827,0.1822827
19,42,1220,0.14889924,16.103416,5.8275685,0.5741774,0.18225539,0.18225539
19,43,1221,0.14885984,16.098911,5.82695,0.5742972,0.1822189,0.1822189
19,44,1222,0.14883846,16.097223,5.8263135,0.5743484,0.18218136,0.18218136
19,45,1223,0.14882673,16.096523,5.8256392,0.57436144,0.1821423,0.1821423
19,46,1224,0.1488065,16.093658,5.825542,0.57448244,0.18211628,0.18211628
19,47,1225,0.14879817,16.092834,5.8253913,0.5745005,0.18212128,0.18212128
19,48,1226,0.14877059,16.090172,5.825709,0.57474864,0.18211006,0.18211006
19,49,1227,0.14873022,16.08538,5.825612,0.57483697,0.18210143,0.18210143
19,50,1228,0.14868712,16.080614,5.8252654,0.57512796,0.1820858,0.1820858
19,51,1229,0.14865851,16.078268,5.824879,0.575142,0.18208621,0.18208621
19,52,1230,0.14863147,16.074463,5.824567,0.57508063,0.18206938,0.18206938
19,53,1231,0.14858264,16.069344,5.8239007,0.5750535,0.18205161,0.18205161
19,54,1232,0.148552,16.065577,5.822998,0.57513255,0.18202685,0.18202685
19,55,1233,0.14854221,16.066875,5.8222175,0.5753596,0.1819825,0.1819825
19,56,1234,0.14851427,16.063087,5.8218536,0.5758111,0.18196918,0.18196918
19,57,1235,0.14849257,16.060287,5.821023,0.57591414,0.18193904,0.18193904
19,58,1236,0.14846179,16.056362,5.820523,0.57606286,0.18189923,0.18189923
19,59,1237,0.14844745,16.054502,5.8201838,0.5761459,0.18186352,0.18186352
19,60,1238,0.14843488,16.050632,5.8192186,0.5761021,0.18182358,0.18182358
19,61,1239,0.14842044,16.047016,5.8186274,0.57596993,0.18182218,0.18182218
20,0,1240,0.14840323,16.045155,5.818266,0.5761832,0.18179749,0.18179749
20,1,1241,0.14837989,16.041296,5.8178606,0.57629985,0.18176875,0.18176875
20,2,1242,0.14836392,16.038254,5.8176355,0.57646066,0.18174346,0.18174346
20,3,1243,0.14833206,16.036192,5.8176537,0.5767283,0.18170927,0.18170927
20,4,1244,0.14831576,16.032732,5.81726,0.57687044,0.18168578,0.18168578
20,5,1245,0.14827877,16.02785,5.816914,0.5770796,0.18165804,0.18165804
20,6,1246,0.1482653,16.024778,5.8164186,0.57707727,0.18163279,0.18163279
20,7,1247,0.14823674,16.020483,5.816135,0.5773451,0.18161501,0.18161501
20,8,1248,0.14821544,16.018442,5.8155456,0.5774081,0.18159133,0.18159133
20,9,1249,0.14820877,16.018353,5.8153386,0.5776366,0.18156672,0.18156672
20,10,1250,0.14818168,16.015821,5.815295,0.57772267,0.18154207,0.18154207
20,11,1251,0.148146,16.01156,5.8153405,0.57785845,0.18154041,0.18154041
20,12,1252,0.14814653,16.014063,5.8149767,0.57813025,0.18150182,0.18150182
20,13,1253,0.14813238,16.013393,5.8144464,0.5782887,0.18147118,0.18147118
20,14,1254,0.14812528,16.014072,5.813601,0.57830167,0.18143679,0.18143679
20,15,1255,0.14810234,16.010195,5.813144,0.5784998,0.18140554,0.18140554
20,16,1256,0.14805844,16.005043,5.812674,0.5784512,0.18137923,0.18137923
20,17,1257,0.1480391,16.002096,5.8122864,0.5785293,0.18136102,0.18136102
20,18,1258,0.14800888,15.99665,5.8116455,0.5786082,0.18133715,0.18133715
20,19,1259,0.14799953,15.99511,5.8108807,0.5786334,0.18131208,0.18131208
20,20,1260,0.14797741,15.992353,5.8112793,0.5787509,0.18131638,0.18131638
20,21,1261,0.14794014,15.988392,5.8106103,0.5786663,0.1812875,0.1812875
20,22,1262,0.1479331,15.989438,5.8100953,0.578751,0.18126325,0.18126325
20,23,1263,0.14789659,15.98467,5.809664,0.5788658,0.18124354,0.18124354
20,24,1264,0.14786914,15.981134,5.809032,0.57882804,0.18122724,0.18122724
20,25,1265,0.1478236,15.975178,5.80861,0.5788041,0.18121348,0.18121348
20,26,1266,0.14781235,15.972474,5.8078685,0.5787021,0.1812073,0.1812073
20,27,1267,0.14778453,15.969717,5.8075194,0.5787774,0.18118083,0.18118083
20,28,1268,0.14774181,15.964783,5.80768,0.57894975,0.18119062,0.18119062
20,29,1269,0.14771643,15.962061,5.8070126,0.57889575,0.18116987,0.18116987
20,30,1270,0.14769822,15.959976,5.806285,0.57898164,0.1811383,0.1811383
20,31,1271,0.14767475,15.956127,5.8057,0.57911325,0.18111338,0.18111338
20,32,1272,0.14767228,15.954635,5.8052835,0.57912725,0.18107899,0.18107899
20,33,1273,0.14764567,15.951101,5.805095,0.57912713,0.18106742,0.18106742
20,34,1274,0.14762574,15.946457,5.8048167,0.57940614,0.18103698,0.18103698
20,35,1275,0.14759617,15.942198,5.8039403,0.5794971,0.1809915,0.1809915
20,36,1276,0.14757882,15.939429,5.803506,0.57951784,0.18096738,0.18096738
20,37,1277,0.14757185,15.93746,5.8030887,0.5794084,0.18095827,0.18095827
20,38,1278,0.14756012,15.937752,5.80256,0.5794553,0.18092622,0.18092622
20,39,1279,0.14754146,15.933378,5.802258,0.579446,0.18090633,0.18090633
20,40,1280,0.14752069,15.931326,5.802121,0.5796545,0.18089025,0.18089025
20,41,1281,0.14751485,15.928862,5.8017955,0.5797292,0.18090187,0.18090187
20,42,1282,0.14750329,15.928359,5.801263,0.5797865,0.18087783,0.18087783
20,43,1283,0.14748572,15.925601,5.80079,0.5798693,0.18085769,0.18085769
20,44,1284,0.14747073,15.923632,5.800023,0.57984287,0.18082404,0.18082404
20,45,1285,0.14745769,15.922064,5.799366,0.5797476,0.18078865,0.18078865
20,46,1286,0.14744,15.921232,5.798931,0.57979083,0.18075866,0.18075866
20,47,1287,0.14741692,15.919906,5.7982183,0.579669,0.18073134,0.18073134
20,48,1288,0.14742202,15.918982,5.797997,0.5798123,0.18069945,0.18069945
20,49,1289,0.14740767,15.915349,5.7976556,0.57995987,0.18069048,0.18069048
20,50,1290,0.14740042,15.91408,5.797267,0.58015877,0.1806807,0.1806807
20,51,1291,0.14739631,15.912658,5.796646,0.580149,0.18065178,0.18065178
20,52,1292,0.14737102,15.910247,5.796015,0.580003,0.18063627,0.18063627
20,53,1293,0.14734653,15.908594,5.7954445,0.58025247,0.18060228,0.18060228
20,54,1294,0.1473437,15.90545,5.7948728,0.58034396,0.18058822,0.18058822
20,55,1295,0.14732146,15.902676,5.7942533,0.58044034,0.18056966,0.18056966
20,56,1296,0.14729059,15.899476,5.794249,0.5805839,0.18057019,0.18057019
20,57,1297,0.14726226,15.895322,5.793836,0.5806687,0.18055683,0.18055683
20,58,1298,0.14723271,15.892516,5.7937436,0.58088183,0.18053317,0.18053317
20,59,1299,0.14719935,15.888959,5.793732,0.58099526,0.18050808,0.18050808
20,60,1300,0.147176,15.886921,5.7930164,0.58107656,0.18048452,0.18048452
20,61,1301,0.14716525,15.884397,5.792753,0.58123577,0.18047474,0.18047474
21,0,1302,0.14713699,15.879811,5.7927465,0.58136046,0.18045579,0.18045579
21,1,1303,0.14713013,15.878693,5.7924013,0.5816245,0.1804206,0.1804206
21,2,1304,0.14712776,15.876746,5.7919364,0.58181053,0.18039516,0.18039516
21,3,1305,0.14710271,15.872882,5.7912784,0.5818291,0.1803607,0.1803607
21,4,1306,0.14708938,15.871567,5.7907157,0.581909,0.18034776,0.18034776
21,5,1307,0.14706433,15.867988,5.790278,0.5818961,0.1803364,0.1803364
21,6,1308,0.14703807,15.864765,5.7896023,0.5818658,0.18031311,0.18031311
21,7,1309,0.14701392,15.8625965,5.7888155,0.58189756,0.18028578,0.18028578
21,8,1310,0.14700085,15.860256,5.788171,0.5819689,0.18024579,0.18024579
21,9,1311,0.14697741,15.858587,5.7881756,0.5820785,0.18024494,0.18024494
21,10,1312,0.1469526,15.855715,5.7874427,0.5819479,0.18021931,0.18021931
21,11,1313,0.14693241,15.85335,5.786913,0.58188635,0.18020637,0.18020637
21,12,1314,0.14690009,15.850237,5.7866106,0.58192265,0.1801918,0.1801918
21,13,1315,0.14688092,15.847746,5.786229,0.5819689,0.18017234,0.18017234
21,14,1316,0.14685969,15.844718,5.7851896,0.58189917,0.18013895,0.18013895
21,15,1317,0.1468441,15.843744,5.78523,0.58201474,0.18013957,0.18013957
21,16,1318,0.14681593,15.8401985,5.7853265,0.5820562,0.18014048,0.18014048
21,17,1319,0.14678407,15.835826,5.785062,0.58222383,0.18012911,0.18012911
21,18,1320,0.14674836,15.830737,5.7852736,0.582459,0.18011469,0.18011469
21,19,1321,0.1467334,15.82813,5.784924,0.58262557,0.18009225,0.18009225
21,20,1322,0.14671755,15.825584,5.784348,0.58265454,0.18005754,0.18005754
21,21,1323,0.14672077,15.82387,5.7839684,0.58274573,0.1800307,0.1800307
21,22,1324,0.1466989,15.821016,5.7835937,0.5828151,0.17999482,0.17999482
21,23,1325,0.14668064,15.817123,5.782928,0.58284235,0.17996487,0.17996487
21,24,1326,0.14666271,15.813734,5.78291,0.58308494,0.1799429,0.1799429
21,25,1327,0.146647,15.811255,5.782632,0.58312047,0.17992637,0.17992637
21,26,1328,0.14664221,15.811987,5.7825255,0.58338696,0.17991397,0.17991397
21,27,1329,0.146614,15.809912,5.7818894,0.58336675,0.17989548,0.17989548
21,28,1330,0.14660765,15.810421,5.781566,0.5835742,0.17987724,0.17987724
21,29,1331,0.14659232,15.807512,5.781204,0.5836076,0.17987387,0.17987387
21,30,1332,0.14657214,15.806312,5.7808013,0.5837268,0.17984343,0.17984343
21,31,1333,0.1465335,15.802423,5.780226,0.583696,0.17982945,0.17982945
21,32,1334,0.1465002,15.799572,5.779825,0.5839621,0.17981178,0.17981178
21,33,1335,0.1464631,15.794727,5.779383,0.58392745,0.17979906,0.17979906
21,34,1336,0.14644569,15.791127,5.778701,0.5838311,0.17977042,0.17977042
21,35,1337,0.14642161,15.787026,5.778178,0.583719,0.17975594,0.17975594
21,36,1338,0.14640445,15.784418,5.777937,0.5838847,0.17972837,0.17972837
21,37,1339,0.14638737,15.78134,5.777605,0.58389264,0.17971031,0.17971031
21,38,1340,0.14635353,15.776589,5.7773166,0.5839244,0.17970157,0.17970157
21,39,1341,0.14633803,15.774432,5.776618,0.5839447,0.17967507,0.17967507
21,40,1342,0.1463052,15.771538,5.776226,0.5839312,0.17965166,0.17965166
21,41,1343,0.14627871,15.767595,5.7756243,0.5840217,0.17962407,0.17962407
21,42,1344,0.1462542,15.764758,5.7750783,0.5840398,0.17960145,0.17960145
21,43,1345,0.14621794,15.7621355,5.774704,0.584141,0.17957203,0.17957203
21,44,1346,0.14621629,15.76269,5.774591,0.58420676,0.17955966,0.17955966
21,45,1347,0.14619906,15.761325,5.774097,0.5844134,0.17955066,0.17955066
21,46,1348,0.14618012,15.759094,5.7737827,0.58462155,0.17952998,0.17952998
21,47,1349,0.14616154,15.755558,5.7731013,0.5846575,0.17950726,0.17950726
21,48,1350,0.14614064,15.75277,5.772418,0.5846647,0.17948325,0.17948325
21,49,1351,0.14611568,15.749579,5.7721734,0.58470124,0.17946851,0.17946851
21,50,1352,0.14610559,15.748516,5.771852,0.58484143,0.17943603,0.17943603
21,51,1353,0.1460793,15.743724,5.771103,0.584797,0.17940618,0.17940618
21,52,1354,0.14606047,15.740663,5.770875,0.58485293,0.17939477,0.17939477
21,53,1355,0.14602871,15.737194,5.7704124,0.58482313,0.17937236,0.17937236
21,54,1356,0.14601225,15.73379,5.7699504,0.5848591,0.17935343,0.17935343
21,55,1357,0.14599243,15.729559,5.769582,0.58478206,0.17935583,0.17935583
21,56,1358,0.14598553,15.73,5.7693353,0.58511317,0.17933442,0.17933442
21,57,1359,0.14598104,15.731464,5.7691274,0.5853875,0.17930213,0.17930213
21,58,1360,0.14598286,15.730897,5.768419,0.58537096,0.17928258,0.17928258
21,59,1361,0.14599732,15.729044,5.7680063,0.5854473,0.17928164,0.17928164
21,60,1362,0.14598632,15.727201,5.767864,0.5855983,0.17926812,0.17926812
21,61,1363,0.14595559,15.724643,5.7675686,0.5857841,0.17924717,0.17924717
22,0,1364,0.1459414,15.721917,5.766924,0.5857857,0.1792188,0.1792188
22,1,1365,0.14593053,15.720537,5.7663393,0.585891,0.179197,0.179197
22,2,1366,0.1459265,15.718513,5.7659564,0.5860499,0.17917816,0.17917816
22,3,1367,0.14590348,15.716026,5.765402,0.58616364,0.1791576,0.1791576
22,4,1368,0.14587635,15.713228,5.765195,0.5861998,0.17914867,0.17914867
22,5,1369,0.1458668,15.712198,5.764993,0.5863225,0.17912376,0.17912376
22,6,1370,0.14586487,15.711037,5.764442,0.5863117,0.17909835,0.17909835
22,7,1371,0.14585976,15.708333,5.7643447,0.5864209,0.1790929,0.1790929
22,8,1372,0.14583275,15.704104,5.7638674,0.5864243,0.17906377,0.17906377
22,9,1373,0.14581326,15.701832,5.7635098,0.5865879,0.17903766,0.17903766
22,10,1374,0.14579642,15.699148,5.7631383,0.58663714,0.1790185,0.1790185
22,11,1375,0.14576417,15.696446,5.7629538,0.5868825,0.1789897,0.1789897
22,12,1376,0.1457355,15.693669,5.762585,0.5871277,0.17897752,0.17897752
22,13,1377,0.14572969,15.693506,5.7618284,0.5871483,0.17895539,0.17895539
22,14,1378,0.14572318,15.693659,5.761563,0.5872249,0.17893037,0.17893037
22,15,1379,0.14572506,15.695185,5.7610126,0.58741134,0.17889926,0.17889926
22,16,1380,0.14571755,15.693606,5.7600155,0.5872829,0.17887804,0.17887804
22,17,1381,0.14569965,15.691689,5.7594657,0.5872985,0.17886904,0.17886904
22,18,1382,0.14568837,15.689603,5.7587323,0.5872201,0.17884895,0.17884895
22,19,1383,0.14566952,15.686963,5.758524,0.58746815,0.17883858,0.17883858
22,20,1384,0.1456538,15.685567,5.7581525,0.5875959,0.1788111,0.1788111
22,21,1385,0.14563566,15.683595,5.7578382,0.58774334,0.17878848,0.17878848
22,22,1386,0.14561214,15.678677,5.757805,0.5878437,0.17879283,0.17879283
22,23,1387,0.14560303,15.676972,5.7574854,0.5879526,0.17878024,0.17878024
22,24,1388,0.14559573,15.675193,5.756787,0.58794016,0.17875463,0.17875463
22,25,1389,0.14560574,15.677212,5.7565265,0.58810246,0.17872488,0.17872488
22,26,1390,0.14562005,15.678832,5.756006,0.58816874,0.17870802,0.17870802
22,27,1391,0.14561322,15.678075,5.755563,0.5882863,0.17868769,0.17868769
22,28,1392,0.14559531,15.676972,5.7549486,0.58846694,0.17864566,0.17864566
22,29,1393,0.14557418,15.675017,5.7543826,0.58855486,0.17862394,0.17862394
22,30,1394,0.1455532,15.673502,5.753884,0.58864266,0.1786015,0.1786015
22,31,1395,0.1455326,15.6719265,5.7532773,0.5885638,0.17857704,0.17857704
22,32,1396,0.14553623,15.671719,5.7533092,0.5887584,0.17858195,0.17858195
22,33,1397,0.14552942,15.671107,5.752934,0.5888411,0.17856202,0.17856202
22,34,1398,0.1455224,15.670216,5.7526484,0.58898336,0.17855586,0.17855586
22,35,1399,0.145504,15.668241,5.752362,0.5891159,0.1785368,0.1785368
22,36,1400,0.14548744,15.665213,5.751947,0.58923656,0.17850824,0.17850824
22,37,1401,0.14545888,15.662525,5.7513866,0.58929336,0.1784828,0.1784828
22,38,1402,0.1454517,15.659952,5.7512155,0.5893655,0.17846209,0.17846209
22,39,1403,0.14543957,15.659934,5.7511,0.58960134,0.17843899,0.17843899
22,40,1404,0.14541939,15.656811,5.7508655,0.58951217,0.1784464,0.1784464
22,41,1405,0.14539945,15.654508,5.750647,0.5896431,0.17842565,0.17842565
22,42,1406,0.14537352,15.65117,5.7501006,0.589606,0.17839986,0.17839986
22,43,1407,0.1453596,15.650983,5.749756,0.5896654,0.17838816,0.17838816
22,44,1408,0.14535236,15.649623,5.749515,0.58978057,0.17836985,0.17836985
22,45,1409,0.14533776,15.646426,5.748962,0.58985025,0.17833723,0.17833723
22,46,1410,0.14531414,15.642816,5.7487154,0.58981967,0.17832181,0.17832181
22,47,1411,0.14529476,15.642653,5.748455,0.5900806,0.17830028,0.17830028
22,48,1412,0.14527886,15.639147,5.74814,0.5900242,0.1783004,0.1783004
22,49,1413,0.14526501,15.6377125,5.7479362,0.590002,0.17828795,0.17828795
22,50,1414,0.14525385,15.638206,5.7478256,0.5902083,0.17824814,0.17824814
22,51,1415,0.14523968,15.63611,5.7474756,0.59033686,0.17822883,0.17822883
22,52,1416,0.14523402,15.634634,5.746778,0.5902901,0.17820908,0.17820908
22,53,1417,0.14522998,15.633217,5.7464356,0.59047484,0.17817657,0.17817657
22,54,1418,0.14522438,15.63233,5.746086,0.59058315,0.17815448,0.17815448
22,55,1419,0.14521532,15.632838,5.745004,0.59049636,0.17812322,0.17812322
22,56,1420,0.14522457,15.632169,5.7444377,0.5905027,0.17808752,0.17808752
22,57,1421,0.14520837,15.630812,5.7444043,0.59061056,0.1780792,0.1780792
22,58,1422,0.14518106,15.62798,5.744284,0.590754,0.17805372,0.17805372
22,59,1423,0.1451847,15.626174,5.743924,0.5907586,0.17803653,0.17803653
22,60,1424,0.14517726,15.625032,5.743322,0.5907772,0.1780019,0.1780019
22,61,1425,0.14518394,15.626794,5.7429147,0.59092635,0.17798081,0.17798081
23,0,1426,0.14517336,15.62528,5.7426114,0.591016,0.177954,0.177954
23,1,1427,0.1451523,15.623352,5.7419324,0.59104776,0.17792955,0.17792955
23,2,1428,0.14513434,15.620243,5.7417216,0.59115034,0.17791566,0.17791566
23,3,1429,0.1451097,15.616122,5.7414875,0.5913359,0.17789982,0.17789982
23,4,1430,0.1450968,15.613538,5.740883,0.59145546,0.17787857,0.17787857
23,5,1431,0.14508191,15.613177,5.7402096,0.5914676,0.17785983,0.17785983
23,6,1432,0.14509323,15.611657,5.740024,0.5914777,0.17784165,0.17784165
23,7,1433,0.14508529,15.612647,5.739539,0.59151244,0.17781018,0.17781018
23,8,1434,0.14506829,15.610084,5.7393374,0.591394,0.17780247,0.17780247
23,9,1435,0.14505878,15.608936,5.7390223,0.59158254,0.17778182,0.17778182
23,10,1436,0.14504142,15.605983,5.7385035,0.5916684,0.17775959,0.17775959
23,11,1437,0.14502716,15.603159,5.738064,0.59173095,0.1777304,0.1777304
23,12,1438,0.14501145,15.601728,5.7376857,0.5917917,0.17770408,0.17770408
23,13,1439,0.14500275,15.6014805,5.737572,0.5920031,0.1776898,0.1776898
23,14,1440,0.1449883,15.599262,5.7371383,0.59199226,0.17769012,0.17769012
23,15,1441,0.14499262,15.597588,5.7368903,0.59221125,0.17766435,0.17766435
23,16,1442,0.14497977,15.595847,5.7365894,0.5923565,0.17764202,0.17764202
23,17,1443,0.14495099,15.592625,5.735832,0.59239924,0.17761904,0.17761904
23,18,1444,0.14494585,15.590227,5.7355356,0.5924073,0.17762086,0.17762086
23,19,1445,0.14492762,15.587396,5.73491,0.59230167,0.17760353,0.17760353
23,20,1446,0.14494443,15.589777,5.734212,0.592411,0.17758366,0.17758366
23,21,1447,0.14493456,15.5865555,5.73346,0.59251046,0.17756294,0.17756294
23,22,1448,0.14493,15.584929,5.7328334,0.5924255,0.17753468,0.17753468
23,23,1449,0.14491466,15.585308,5.7326403,0.59280455,0.17751098,0.17751098
23,24,1450,0.1448981,15.583223,5.731974,0.5927776,0.17749248,0.17749248
23,25,1451,0.14488699,15.581584,5.731514,0.592984,0.17746687,0.17746687
23,26,1452,0.14487384,15.581414,5.7312055,0.5930262,0.17743738,0.17743738
23,27,1453,0.14486721,15.580758,5.7307086,0.5931358,0.17742376,0.17742376
23,28,1454,0.14485137,15.577191,5.730031,0.59311175,0.1773988,0.1773988
23,29,1455,0.14484759,15.576139,5.7294693,0.59306216,0.17738806,0.17738806
23,30,1456,0.14483377,15.575075,5.7292066,0.5930703,0.17738552,0.17738552
23,31,1457,0.14482372,15.571392,5.7289324,0.5933241,0.17736857,0.17736857
23,32,1458,0.14481549,15.568641,5.7283826,0.59338164,0.17734618,0.17734618
23,33,1459,0.14480332,15.566784,5.7280617,0.59348834,0.17732523,0.17732523
23,34,1460,0.14479434,15.567234,5.727442,0.5935407,0.17730202,0.17730202
23,35,1461,0.14477834,15.566768,5.7270584,0.5935679,0.17728557,0.17728557
23,36,1462,0.14475553,15.564296,5.7269754,0.5937753,0.17726932,0.17726932
23,37,1463,0.14473853,15.560816,5.7265425,0.5938332,0.17725137,0.17725137
23,38,1464,0.14475253,15.561342,5.726251,0.593801,0.17723136,0.17723136
23,39,1465,0.14474711,15.561878,5.72574,0.59386754,0.17720371,0.17720371
23,40,1466,0.14474207,15.561703,5.7256474,0.5939671,0.17718188,0.17718188
23,41,1467,0.14473236,15.5605345,5.725341,0.5941344,0.17716713,0.17716713
23,42,1468,0.14473349,15.557748,5.7245026,0.59412795,0.17715216,0.17715216
23,43,1469,0.14471884,15.55537,5.7240663,0.59428483,0.17713092,0.17713092
23,44,1470,0.14472362,15.554768,5.723738,0.5943202,0.17711732,0.17711732
23,45,1471,0.1447131,15.554587,5.7234144,0.594531,0.17708716,0.17708716
23,46,1472,0.14470433,15.552843,5.7228165,0.5944833,0.17705865,0.17705865
23,47,1473,0.1446907,15.550661,5.7224245,0.5944975,0.17704538,0.17704538
23,48,1474,0.14467758,15.5495825,5.722016,0.5945123,0.17702906,0.17702906
23,49,1475,0.14465232,15.547005,5.7213054,0.5945074,0.17700751,0.17700751
23,50,1476,0.14463498,15.544732,5.72061,0.59440714,0.17698829,0.17698829
23,51,1477,0.1446307,15.544422,5.72004,0.59465736,0.17696618,0.17696618
23,52,1478,0.14461401,15.541416,5.7193584,0.59472,0.17693213,0.17693213
23,53,1479,0.14459981,15.5399475,5.718902,0.5948299,0.17692086,0.17692086
23,54,1480,0.14460227,15.53882,5.718452,0.5949779,0.17691094,0.17691094
23,55,1481,0.14460059,15.537607,5.7177706,0.59500355,0.17688644,0.17688644
23,56,1482,0.14457618,15.536088,5.7175193,0.595096,0.17686959,0.17686959
23,57,1483,0.14456877,15.53545,5.7171707,0.5951935,0.17685387,0.17685387
23,58,1484,0.1445565,15.535384,5.716754,0.5953185,0.17683002,0.17683002
23,59,1485,0.1445589,15.534696,5.716361,0.5953444,0.17680533,0.17680533
23,60,1486,0.14455335,15.53407,5.7161937,0.5954359,0.17678249,0.17678249
23,61,1487,0.14453894,15.531984,5.7157683,0.5954556,0.17678033,0.17678033
24,0,1488,0.14453016,15.529755,5.715202,0.59550655,0.17674455,0.17674455
24,1,1489,0.14451143,15.527566,5.714833,0.5955245,0.17672688,0.17672688
24,2,1490,0.1445,15.526551,5.7145834,0.59569657,0.17669412,0.17669412
24,3,1491,0.14448985,15.523972,5.7144957,0.5959526,0.17666978,0.17666978
24,4,1492,0.14449574,15.523296,5.7139587,0.59609973,0.17663443,0.17663443
24,5,1493,0.1444906,15.523094,5.713474,0.5960759,0.1766168,0.1766168
24,6,1494,0.14448336,15.523094,5.7131367,0.5962581,0.17659132,0.17659132
24,7,1495,0.14447136,15.520972,5.7125845,0.5963239,0.17657499,0.17657499
24,8,1496,0.14445254,15.51905,5.7119923,0.59629977,0.17654464,0.17654464
24,9,1497,0.14445159,15.521023,5.711364,0.5962803,0.17650954,0.17650954
24,10,1498,0.14444724,15.519646,5.711336,0.59636796,0.17649163,0.17649163
24,11,1499,0.14442246,15.516344,5.711387,0.5965117,0.17647973,0.17647973
24,12,1500,0.14439616,15.513137,5.710934,0.59672993,0.1764462,0.1764462
24,13,1501,0.14436993,15.510305,5.7103157,0.59669834,0.17643543,0.17643543
24,14,1502,0.14434823,15.508312,5.7099495,0.59669244,0.17642437,0.17642437
24,15,1503,0.14432517,15.506357,5.7094874,0.59680897,0.17641278,0.17641278
24,16,1504,0.1443091,15.504642,5.70914,0.59698576,0.17638586,0.17638586
24,17,1505,0.14430293,15.505159,5.708954,0.5970949,0.1763711,0.1763711
24,18,1506,0.1442796,15.503876,5.7087393,0.59726644,0.17637022,0.17637022
24,19,1507,0.14426845,15.502493,5.708382,0.5972429,0.17634867,0.17634867
24,20,1508,0.14426452,15.502554,5.708169,0.59736437,0.17634058,0.17634058
24,21,1509,0.1442461,15.499542,5.7076206,0.5974213,0.17631966,0.17631966
24,22,1510,0.1442329,15.496302,5.7069874,0.5974882,0.17629413,0.17629413
24,23,1511,0.14422083,15.494537,5.7068644,0.59764636,0.17628352,0.17628352
24,24,1512,0.14421129,15.493573,5.7064047,0.59764355,0.17624961,0.17624961
24,25,1513,0.1442127,15.493623,5.706146,0.5979115,0.17622688,0.17622688
24,26,1514,0.14419922,15.491869,5.705995,0.59811383,0.17621593,0.17621593
24,27,1515,0.14417416,15.488779,5.7060866,0.5981719,0.17620075,0.17620075
24,28,1516,0.14416626,15.487984,5.706123,0.59825766,0.17619765,0.17619765
24,29,1517,0.14415543,15.487223,5.705703,0.59834206,0.17618053,0.17618053
24,30,1518,0.14414617,15.485449,5.705335,0.598359,0.17615855,0.17615855
24,31,1519,0.14413789,15.484998,5.7050786,0.59849954,0.17613913,0.17613913
24,32,1520,0.14412415,15.484921,5.704697,0.5985785,0.17611966,0.17611966
24,33,1521,0.14410838,15.483029,5.704358,0.598765,0.17608562,0.17608562
24,34,1522,0.1440889,15.479766,5.7038136,0.5988435,0.17606369,0.17606369
24,35,1523,0.14407998,15.47696,5.7032113,0.59895366,0.1760413,0.1760413
24,36,1524,0.14407162,15.476227,5.702399,0.5990105,0.17601551,0.17601551
24,37,1525,0.14407042,15.475048,5.7020164,0.59916,0.17599417,0.17599417
24,38,1526,0.14406621,15.474695,5.701367,0.5991893,0.17597255,0.17597255
24,39,1527,0.1440486,15.473467,5.701057,0.59923583,0.17596212,0.17596212
24,40,1528,0.14404517,15.471496,5.7010274,0.59944654,0.17596987,0.17596987
24,41,1529,0.14403653,15.467993,5.700557,0.5994441,0.1759635,0.1759635
24,42,1530,0.14404435,15.467733,5.70042,0.5997197,0.17594811,0.17594811
24,43,1531,0.14403701,15.466562,5.6998167,0.59961724,0.17593773,0.17593773
24,44,1532,0.14403121,15.46501,5.6991844,0.5997803,0.17591289,0.17591289
24,45,1533,0.14401063,15.46179,5.698635,0.6000175,0.17589378,0.17589378
24,46,1534,0.14399424,15.458974,5.6983886,0.6000364,0.17588092,0.17588092
24,47,1535,0.14397383,15.456757,5.698034,0.60011536,0.17586708,0.17586708
24,48,1536,0.14396903,15.457037,5.697699,0.600223,0.17583975,0.17583975
24,49,1537,0.14395386,15.455156,5.696975,0.600271,0.17580292,0.17580292
24,50,1538,0.14396374,15.455411,5.6964545,0.60024256,0.17578353,0.17578353
24,51,1539,0.1439531,15.453556,5.6959524,0.60025936,0.17575626,0.17575626
24,52,1540,0.14395507,15.4537525,5.6953335,0.600275,0.17573097,0.17573097
24,53,1541,0.14395374,15.453872,5.695218,0.60031015,0.17571887,0.17571887
24,54,1542,0.1439349,15.452348,5.694943,0.60038066,0.17570706,0.17570706
24,55,1543,0.14393654,15.452355,5.6947975,0.60049844,0.17568882,0.17568882
24,56,1544,0.143949,15.453967,5.6947074,0.60059285,0.17568554,0.17568554
24,57,1545,0.14395562,15.453071,5.6943226,0.60065055,0.1756754,0.1756754
24,58,1546,0.14394547,15.451386,5.6939764,0.6007076,0.17567341,0.17567341
24,59,1547,0.14393641,15.449434,5.6935315,0.60091335,0.17565215,0.17565215
24,60,1548,0.14392613,15.448955,5.693277,0.6009222,0.17563199,0.17563199
24,61,1549,0.14391294,15.447312,5.6929035,0.6009443,0.17561857,0.17561857
25,0,1550,0.14391533,15.446846,5.692698,0.60117245,0.17559454,0.17559454
25,1,1551,0.143891,15.443407,5.692399,0.6012332,0.17558366,0.17558366
25,2,1552,0.14388464,15.441775,5.6923504,0.6013312,0.17556804,0.17556804
25,3,1553,0.14387739,15.440708,5.691907,0.60151434,0.17555027,0.17555027
25,4,1554,0.14388165,15.441982,5.6914034,0.60159725,0.1755252,0.1755252
25,5,1555,0.14386506,15.440106,5.6913304,0.6017873,0.17550369,0.17550369
25,6,1556,0.14385405,15.437797,5.690966,0.6017128,0.17550483,0.17550483
25,7,1557,0.14384104,15.436882,5.690589,0.60187423,0.1754796,0.1754796
25,8,1558,0.14382711,15.43523,5.6898813,0.60183126,0.17546439,0.17546439
25,9,1559,0.14381212,15.432908,5.6897545,0.6019142,0.17545243,0.17545243
25,10,1560,0.14379996,15.431267,5.689376,0.60196906,0.17542562,0.17542562
25,11,1561,0.14378467,15.429168,5.6891513,0.6019891,0.17542276,0.17542276
25,12,1562,0.14378834,15.428042,5.6889677,0.60219413,0.1754135,0.1754135
25,13,1563,0.1437613,15.425244,5.6887007,0.6022029,0.17539914,0.17539914
25,14,1564,0.14374772,15.423807,5.688483,0.60233265,0.17537855,0.17537855
25,15,1565,0.143727,15.42134,5.688273,0.60241777,0.17537202,0.17537202
25,16,1566,0.143726,15.422336,5.687641,0.6024564,0.17534095,0.17534095
25,17,1567,0.14371684,15.421068,5.687376,0.6024485,0.17533238,0.17533238
25,18,1568,0.1437209,15.418975,5.6872807,0.602441,0.17533483,0.17533483
25,19,1569,0.14371549,15.41822,5.6866136,0.60246927,0.1753089,0.1753089
25,20,1570,0.14369863,15.416137,5.6864085,0.60258853,0.17529587,0.17529587
25,21,1571,0.14368783,15.414485,5.686049,0.6027498,0.1752766,0.1752766
25,22,1572,0.14369029,15.414622,5.6855392,0.60275006,0.17526864,0.17526864
25,23,1573,0.14369076,15.413351,5.685219,0.60275656,0.1752444,0.1752444
25,24,1574,0.14367712,15.411313,5.684689,0.60275704,0.17521988,0.17521988
25,25,1575,0.1436869,15.410796,5.68456,0.60301375,0.17521663,0.17521663
25,26,1576,0.14369348,15.410906,5.6840014,0.6030726,0.17520173,0.17520173
25,27,1577,0.14369467,15.408743,5.683608,0.60309964,0.17518166,0.17518166
25,28,1578,0.14368072,15.407515,5.683293,0.6031392,0.17517474,0.17517474
25,29,1579,0.14369252,15.408432,5.6829348,0.6031832,0.17515647,0.17515647
25,30,1580,0.14367819,15.406208,5.6827416,0.60335994,0.17513825,0.17513825
25,31,1581,0.14366373,15.403548,5.6823726,0.6034832,0.17511371,0.17511371
25,32,1582,0.14366004,15.401981,5.6819563,0.6036073,0.1750858,0.1750858
25,33,1583,0.14365989,15.401788,5.6813846,0.6037475,0.17505758,0.17505758
25,34,1584,0.14366028,15.400228,5.6808224,0.60388035,0.17504238,0.17504238
25,35,1585,0.14365746,15.400341,5.6804986,0.60403806,0.17502236,0.17502236
25,36,1586,0.14363906,15.398364,5.68006,0.60402393,0.17500436,0.17500436
25,37,1587,0.14363363,15.39625,5.6794176,0.60395354,0.1749834,0.1749834
25,38,1588,0.143636,15.396044,5.679064,0.60412467,0.17496252,0.17496252
25,39,1589,0.14363864,15.395628,5.6784654,0.6041425,0.17494038,0.17494038
25,40,1590,0.1436424,15.395522,5.678164,0.6041744,0.1749325,0.1749325
25,41,1591,0.14364737,15.397122,5.6774855,0.60438085,0.17490402,0.17490402
25,42,1592,0.14365122,15.39641,5.6771293,0.60456705,0.17488268,0.17488268
25,43,1593,0.14365047,15.395882,5.676363,0.60462576,0.17485362,0.17485362
25,44,1594,0.14364785,15.39574,5.6760316,0.6046452,0.17483094,0.17483094
25,45,1595,0.14363587,15.394597,5.67565,0.6048172,0.17481138,0.17481138
25,46,1596,0.14363,15.394968,5.67482,0.60476565,0.17478333,0.17478333
25,47,1597,0.14363822,15.395495,5.674607,0.60503346,0.1747585,0.1747585
25,48,1598,0.143621,15.393228,5.6744075,0.6052048,0.17475154,0.17475154
25,49,1599,0.14362472,15.393116,5.6741505,0.6052372,0.17474164,0.17474164
25,50,1600,0.14363307,15.393255,5.67408,0.6052859,0.17474408,0.17474408
25,51,1601,0.14363316,15.392177,5.6734347,0.60523593,0.17472322,0.17472322
25,52,1602,0.14362916,15.389431,5.6729984,0.60525113,0.17470315,0.17470315
25,53,1603,0.14362583,15.388492,5.672716,0.6052914,0.17468399,0.17468399
25,54,1604,0.14361405,15.387116,5.6722674,0.60520476,0.17467113,0.17467113
25,55,1605,0.14360173,15.385187,5.671896,0.6052256,0.17464583,0.17464583
25,56,1606,0.14357731,15.382197,5.671566,0.6052869,0.17462157,0.17462157
25,57,1607,0.14358518,15.381792,5.671112,0.6054539,0.17460327,0.17460327
25,58,1608,0.14359069,15.382237,5.67078,0.60550386,0.17458077,0.17458077
25,59,1609,0.14358875,15.384826,5.6703653,0.6055234,0.17456771,0.17456771
25,60,1610,0.14358543,15.38412,5.669836,0.60542846,0.17454419,0.17454419
25,61,1611,0.14358583,15.382346,5.669439,0.6054284,0.17453611,0.17453611
26,0,1612,0.14357924,15.38052,5.6689095,0.60533386,0.17452309,0.17452309
26,1,1613,0.14355746,15.377598,5.6684313,0.6052622,0.17450407,0.17450407
26,2,1614,0.14355096,15.37572,5.6676097,0.60519457,0.17447825,0.17447825
26,3,1615,0.1435368,15.373489,5.6673512,0.6052837,0.17446691,0.17446691
26,4,1616,0.14352484,15.371334,5.666958,0.60538805,0.17444767,0.17444767
26,5,1617,0.14353718,15.371239,5.6666718,0.60545194,0.17443101,0.17443101
26,6,1618,0.14352337,15.36941,5.6662793,0.6056691,0.17440622,0.17440622
26,7,1619,0.14350477,15.366797,5.6658945,0.6057339,0.17439504,0.17439504
26,8,1620,0.14348133,15.364372,5.665468,0.6057691,0.17437275,0.17437275
26,9,1621,0.14347805,15.364453,5.6649456,0.60573864,0.1743551,0.1743551
26,10,1622,0.14348868,15.366027,5.6644015,0.6058078,0.17433557,0.17433557
26,11,1623,0.14348248,15.365371,5.6639595,0.60585177,0.17431511,0.17431511
26,12,1624,0.14346753,15.364226,5.663346,0.6057617,0.17428698,0.17428698
26,13,1625,0.143464,15.362777,5.662739,0.6056344,0.1742756,0.1742756
26,14,1626,0.14345717,15.360224,5.6621947,0.6055288,0.17426611,0.17426611
26,15,1627,0.14346233,15.35856,5.661861,0.6057704,0.17424962,0.17424962
26,16,1628,0.14345914,15.355912,5.661713,0.60584044,0.17423433,0.17423433
26,17,1629,0.14345384,15.354681,5.6613355,0.60588205,0.17422056,0.17422056
26,18,1630,0.14343584,15.35239,5.6610546,0.6060155,0.174205,0.174205
26,19,1631,0.1434282,15.350966,5.6606383,0.60620165,0.17418464,0.17418464
26,20,1632,0.14342687,15.351205,5.6600347,0.60621107,0.17415544,0.17415544
26,21,1633,0.14342365,15.350844,5.6594987,0.6062794,0.17414038,0.17414038
26,22,1634,0.14341152,15.349822,5.6586533,0.60621774,0.17412814,0.17412814
26,23,1635,0.14340626,15.34952,5.658032,0.606105,0.17410505,0.17410505
26,24,1636,0.14340529,15.349674,5.657911,0.6061472,0.17410617,0.17410617
26,25,1637,0.14341068,15.3481245,5.6574273,0.60627604,0.17407395,0.17407395
26,26,1638,0.1434124,15.348238,5.6570644,0.60620934,0.17405169,0.17405169
26,27,1639,0.14341278,15.348112,5.656474,0.60629475,0.17402545,0.17402545
26,28,1640,0.14341852,15.345758,5.6559215,0.6063536,0.17399406,0.17399406
26,29,1641,0.14340651,15.343491,5.655927,0.60654926,0.17400028,0.17400028
26,30,1642,0.14339834,15.341661,5.6556478,0.606487,0.17397836,0.17397836
26,31,1643,0.1433881,15.341094,5.6554284,0.6065326,0.17397106,0.17397106
26,32,1644,0.14338332,15.34134,5.655229,0.60654473,0.17395681,0.17395681
26,33,1645,0.14338234,15.3402405,5.654725,0.6065133,0.1739418,0.1739418
26,34,1646,0.14339277,15.341546,5.6546674,0.6068022,0.17393062,0.17393062
26,35,1647,0.1433996,15.341516,5.654192,0.60692513,0.17390922,0.17390922
26,36,1648,0.14338347,15.3400135,5.653919,0.60694593,0.17389962,0.17389962
26,37,1649,0.14337821,15.339526,5.6537986,0.6069358,0.17388335,0.17388335
26,38,1650,0.14337185,15.337581,5.6536875,0.60699856,0.17388548,0.17388548
26,39,1651,0.14337969,15.33934,5.6532183,0.6071204,0.1738593,0.1738593
26,40,1652,0.14337522,15.33787,5.652703,0.60705596,0.17384054,0.17384054
26,41,1653,0.14337239,15.336839,5.6521926,0.60706013,0.17381415,0.17381415
26,42,1654,0.14336509,15.335957,5.651728,0.6071596,0.17379022,0.17379022
26,43,1655,0.1433711,15.335509,5.6513467,0.60714364,0.17378347,0.17378347
26,44,1656,0.1433753,15.336403,5.650993,0.6071711,0.17376329,0.17376329
26,45,1657,0.14337568,15.3340845,5.651053,0.6073496,0.17374896,0.17374896
26,46,1658,0.14337465,15.33334,5.651008,0.60755944,0.17373893,0.17373893
26,47,1659,0.14336488,15.332735,5.6509256,0.60758185,0.17371376,0.17371376
26,48,1660,0.14335954,15.332511,5.6507235,0.60764885,0.17370683,0.17370683
26,49,1661,0.14335592,15.33223,5.650347,0.6076191,0.17369534,0.17369534
26,50,1662,0.14334518,15.331268,5.650333,0.6076751,0.17369089,0.17369089
26,51,1663,0.14333037,15.329212,5.6498103,0.60765415,0.17367521,0.17367521
26,52,1664,0.14332181,15.326775,5.6498137,0.60764784,0.17367758,0.17367758
26,53,1665,0.14331488,15.326437,5.6493096,0.60770845,0.17365117,0.17365117
26,54,1666,0.14333165,15.3247385,5.6488223,0.60771614,0.17363134,0.17363134
26,55,1667,0.14333946,15.3237,5.6484437,0.60771126,0.17362238,0.17362238
26,56,1668,0.14333056,15.320797,5.6478534,0.6076837,0.17360781,0.17360781
26,57,1669,0.14333504,15.321022,5.6478176,0.60780966,0.1735927,0.1735927
26,58,1670,0.14332871,15.320739,5.6474423,0.6079444,0.17356874,0.17356874
26,59,1671,0.14332667,15.319836,5.6471357,0.60804355,0.17355426,0.17355426
26,60,1672,0.14331728,15.318647,5.647085,0.608397,0.17354354,0.17354354
26,61,1673,0.14330599,15.316597,5.647151,0.6087472,0.17353514,0.17353514
27,0,1674,0.14331588,15.318099,5.646773,0.60881215,0.1735085,0.1735085
27,1,1675,0.14331625,15.319639,5.646347,0.6089553,0.17348328,0.17348328
27,2,1676,0.14331761,15.320303,5.6461654,0.60917306,0.17345907,0.17345907
27,3,1677,0.14332083,15.320821,5.645906,0.60933506,0.17344613,0.17344613
27,4,1678,0.14331087,15.320126,5.645752,0.60947305,0.17344573,0.17344573
27,5,1679,0.14330477,15.3184595,5.645332,0.60938823,0.17343071,0.17343071
27,6,1680,0.14329985,15.317022,5.6451883,0.60942733,0.17343315,0.17343315
27,7,1681,0.14329311,15.315933,5.644829,0.60954994,0.17341442,0.17341442
27,8,1682,0.14328957,15.314251,5.6446843,0.60968035,0.17340499,0.17340499
27,9,1683,0.14327925,15.312177,5.644847,0.6098477,0.17339548,0.17339548
27,10,1684,0.1432806,15.311299,5.644561,0.6098916,0.17338726,0.17338726
27,11,1685,0.14327694,15.3094,5.6442547,0.6098861,0.1733761,0.1733761
27,12,1686,0.14328137,15.308893,5.6439924,0.6099005,0.17337069,0.17337069
27,13,1687,0.14328176,15.308663,5.643713,0.6100677,0.1733528,0.1733528
27,14,1688,0.14328201,15.307468,5.643252,0.6101644,0.17333546,0.17333546
27,15,1689,0.14331147,15.311852,5.642804,0.61020017,0.17332132,0.17332132
27,16,1690,0.14329931,15.31079,5.642501,0.6102988,0.17331327,0.17331327
27,17,1691,0.14330342,15.311107,5.6421347,0.6103548,0.17329834,0.17329834
27,18,1692,0.1433003,15.310218,5.6421013,0.6104419,0.17328666,0.17328666
27,19,1693,0.14329265,15.307972,5.642279,0.61058205,0.17326955,0.17326955
27,20,1694,0.14328036,15.306284,5.642356,0.61087793,0.17324753,0.17324753
27,21,1695,0.14329223,15.306226,5.6418815,0.61087286,0.17323141,0.17323141
27,22,1696,0.14329028,15.304938,5.641668,0.61090076,0.1732151,0.1732151
27,23,1697,0.14328432,15.303137,5.6413474,0.61098844,0.17319138,0.17319138
27,24,1698,0.14327893,15.301561,5.6412306,0.61117893,0.17318238,0.17318238
27,25,1699,0.14327598,15.300627,5.6410837,0.6114002,0.17316964,0.17316964
27,26,1700,0.1432783,15.3010845,5.6409864,0.6115473,0.1731541,0.1731541
27,27,1701,0.14329958,15.304444,5.6405125,0.6116822,0.1731308,0.1731308
27,28,1702,0.14329614,15.303784,5.6399145,0.6117304,0.17312066,0.17312066
27,29,1703,0.14330935,15.305027,5.639198,0.61173254,0.17308898,0.17308898
27,30,1704,0.14330219,15.304706,5.638794,0.61180925,0.17306803,0.17306803
27,31,1705,0.14329351,15.30247,5.6385007,0.61178535,0.17306057,0.17306057
27,32,1706,0.1432918,15.30131,5.638025,0.6117402,0.17304182,0.17304182
27,33,1707,0.14329192,15.300541,5.6376424,0.6117325,0.1730357,0.1730357
27,34,1708,0.14329952,15.300399,5.6371694,0.6116965,0.17302367,0.17302367
27,35,1709,0.1432926,15.299441,5.636725,0.61179006,0.17300884,0.17300884
27,36,1710,0.14327054,15.297452,5.636071,0.6118011,0.17299312,0.17299312
27,37,1711,0.14326604,15.296549,5.635668,0.61185527,0.17296796,0.17296796
27,38,1712,0.1432837,15.295553,5.635159,0.61193097,0.17295115,0.17295115
27,39,1713,0.14328109,15.294611,5.634993,0.612127,0.17293379,0.17293379
27,40,1714,0.14327827,15.293698,5.634666,0.6122534,0.17291498,0.17291498
27,41,1715,0.14329472,15.295421,5.634242,0.61239445,0.17289265,0.17289265
27,42,1716,0.14329724,15.294753,5.634025,0.61251456,0.17287181,0.17287181
27,43,1717,0.14329198,15.294963,5.633695,0.61254513,0.17286013,0.17286013
27,44,1718,0.143282,15.293837,5.6336174,0.6125446,0.17284538,0.17284538
27,45,1719,0.14327756,15.292965,5.633317,0.6125763,0.1728248,0.1728248
27,46,1720,0.1432765,15.291876,5.6330914,0.61265206,0.17281936,0.17281936
27,47,1721,0.1432785,15.292069,5.63252,0.61265576,0.17279068,0.17279068
27,48,1722,0.1432752,15.291807,5.632004,0.6126486,0.17276977,0.17276977
27,49,1723,0.14326802,15.290093,5.6320167,0.6129903,0.17274927,0.17274927
27,50,1724,0.14327173,15.28998,5.631743,0.6131226,0.17272632,0.17272632
27,51,1725,0.14330181,15.295246,5.631525,0.61319065,0.1727157,0.1727157
27,52,1726,0.14332184,15.297153,5.6314616,0.61333364,0.1726974,0.1726974
27,53,1727,0.14332652,15.29766,5.631339,0.6134165,0.17270546,0.17270546
27,54,1728,0.1433368,15.298998,5.630907,0.61343485,0.17268282,0.17268282
27,55,1729,0.14334558,15.298563,5.6304936,0.6135316,0.17266269,0.17266269
27,56,1730,0.14334606,15.298059,5.6303787,0.61352897,0.1726627,0.1726627
27,57,1731,0.1433433,15.296385,5.6301823,0.61359715,0.17266044,0.17266044
27,58,1732,0.14334354,15.293491,5.629835,0.61353225,0.17265505,0.17265505
27,59,1733,0.14336243,15.293147,5.629497,0.61355114,0.17264006,0.17264006
27,60,1734,0.1433627,15.29141,5.6287155,0.613477,0.1726225,0.1726225
27,61,1735,0.14336915,15.29007,5.62798,0.61345583,0.17259394,0.17259394
28,0,1736,0.14335114,15.287575,5.627396,0.6133175,0.17257254,0.17257254
28,1,1737,0.14336166,15.2892,5.6270337,0.61333513,0.17256144,0.17256144
28,2,1738,0.1433561,15.287155,5.6264944,0.61331815,0.17253672,0.17253672
28,3,1739,0.14334914,15.287025,5.6263447,0.6134553,0.1725275,0.1725275
28,4,1740,0.14334643,15.286133,5.6260743,0.6135826,0.17251532,0.17251532
28,5,1741,0.1433408,15.284617,5.625917,0.6137311,0.17249562,0.17249562
28,6,1742,0.14333017,15.283736,5.6257668,0.6137919,0.17248635,0.17248635
28,7,1743,0.14332631,15.282123,5.625349,0.61385685,0.17246243,0.17246243
28,8,1744,0.14333954,15.28344,5.6248393,0.61386615,0.17243594,0.17243594
28,9,1745,0.14334714,15.282838,5.624367,0.613854,0.17241848,0.17241848
28,10,1746,0.14334717,15.282877,5.6242366,0.61400276,0.17241037,0.17241037
28,11,1747,0.14333087,15.28084,5.6240506,0.6140248,0.17240927,0.17240927
28,12,1748,0.14333361,15.280385,5.623696,0.61404663,0.17240234,0.17240234
28,13,1749,0.14332978,15.279219,5.6235957,0.6141531,0.1723943,0.1723943
28,14,1750,0.14333983,15.279624,5.6231956,0.61423653,0.17237863,0.17237863
28,15,1751,0.14333728,15.278542,5.6227393,0.61433166,0.17236105,0.17236105
28,16,1752,0.14333507,15.276454,5.622132,0.6142944,0.1723474,0.1723474
28,17,1753,0.1433384,15.276032,5.6218524,0.6143475,0.17233416,0.17233416
28,18,1754,0.14332697,15.272747,5.621589,0.61437577,0.17231397,0.17231397
28,19,1755,0.14333461,15.273094,5.621338,0.6144655,0.17229684,0.17229684
28,20,1756,0.143337,15.273693,5.6205955,0.6144622,0.1722675,0.1722675
28,21,1757,0.14333092,15.27226,5.620341,0.61450005,0.17226446,0.17226446
28,22,1758,0.14333571,15.271744,5.6199393,0.61453235,0.17224257,0.17224257
28,23,1759,0.14334291,15.271075,5.6198683,0.6146989,0.17223349,0.17223349
28,24,1760,0.14334801,15.269695,5.619496,0.6147449,0.17220701,0.17220701
28,25,1761,0.1433652,15.270837,5.6190577,0.61482364,0.17218353,0.17218353
28,26,1762,0.14336126,15.269932,5.618442,0.61480004,0.1721624,0.1721624
28,27,1763,0.14337084,15.270231,5.6181097,0.6149406,0.17214693,0.17214693
28,28,1764,0.14335743,15.268059,5.6178684,0.6150707,0.17213713,0.17213713
28,29,1765,0.1433554,15.2665615,5.61766,0.61503446,0.1721272,0.1721272
28,30,1766,0.14335406,15.265155,5.617075,0.61494154,0.17211153,0.17211153
28,31,1767,0.14335255,15.264738,5.6168375,0.6150642,0.17208882,0.17208882
28,32,1768,0.14335343,15.2641325,5.6164427,0.61515766,0.1720717,0.1720717
28,33,1769,0.14335987,15.264029,5.61626,0.6153295,0.17206784,0.17206784
28,34,1770,0.14336887,15.264747,5.6160045,0.6153291,0.1720518,0.1720518
28,35,1771,0.143379,15.265794,5.615747,0.6153865,0.17203073,0.17203073
28,36,1772,0.14340277,15.267006,5.615609,0.61535746,0.17202142,0.17202142
28,37,1773,0.14340636,15.267694,5.615274,0.61537135,0.1719952,0.1719952
28,38,1774,0.14340761,15.267989,5.614916,0.6153845,0.17198347,0.17198347
28,39,1775,0.14340177,15.266307,5.6148744,0.61545885,0.17197792,0.17197792
28,40,1776,0.14339909,15.26486,5.6143856,0.6153583,0.17196842,0.17196842
28,41,1777,0.14339605,15.263292,5.6139836,0.6154017,0.17195734,0.17195734
28,42,1778,0.14339969,15.261644,5.613305,0.6154034,0.17193429,0.17193429
28,43,1779,0.1434013,15.260368,5.613165,0.61543185,0.17192437,0.17192437
28,44,1780,0.14340526,15.260151,5.6129947,0.61563265,0.171908,0.171908
28,45,1781,0.14340693,15.260858,5.61263,0.61574847,0.1718907,0.1718907
28,46,1782,0.14340769,15.259775,5.6120777,0.6157264,0.17186844,0.17186844
28,47,1783,0.14341617,15.259086,5.6116076,0.61568063,0.17184676,0.17184676
28,48,1784,0.14340597,15.257398,5.6112213,0.61562926,0.17183003,0.17183003
28,49,1785,0.14341412,15.257448,5.6108875,0.6156532,0.17181271,0.17181271
28,50,1786,0.1434111,15.2549715,5.6108184,0.6157299,0.1717976,0.1717976
28,51,1787,0.14340256,15.253857,5.610509,0.6157664,0.17177148,0.17177148
28,52,1788,0.14340484,15.252432,5.610161,0.61573005,0.17175694,0.17175694
28,53,1789,0.14340883,15.251475,5.6098433,0.61581373,0.17174907,0.17174907
28,54,1790,0.14340538,15.248913,5.6094465,0.61594385,0.17173518,0.17173518
28,55,1791,0.14340335,15.248354,5.60897,0.61606836,0.17171746,0.17171746
28,56,1792,0.14341317,15.250683,5.608637,0.6161658,0.1717102,0.1717102
28,57,1793,0.14340869,15.251115,5.6080627,0.6161322,0.1716869,0.1716869
28,58,1794,0.14340708,15.251171,5.6076856,0.6162341,0.17166477,0.17166477
28,59,1795,0.14341362,15.251017,5.6072655,0.61620325,0.17164883,0.17164883
28,60,1796,0.14341657,15.25068,5.60684,0.6161815,0.17163642,0.17163642
28,61,1797,0.14341304,15.249188,5.60658,0.6161753,0.17163272,0.17163272
29,0,1798,0.1434063,15.247114,5.6060734,0.6161701,0.17161699,0.17161699
29,1,1799,0.143409,15.248418,5.605694,0.6161183,0.17160076,0.17160076
29,2,1800,0.14340854,15.247747,5.605174,0.6160546,0.1715793,0.1715793
29,3,1801,0.14339668,15.245855,5.604685,0.6160655,0.17155592,0.17155592
29,4,1802,0.14339162,15.244638,5.604201,0.6161045,0.17152923,0.17152923
29,5,1803,0.14340256,15.246248,5.603948,0.6162442,0.17151435,0.17151435
29,6,1804,0.14339897,15.245584,5.603724,0.61641854,0.17149866,0.17149866
29,7,1805,0.14340147,15.2454195,5.6035166,0.6164804,0.17148255,0.17148255
29,8,1806,0.14341462,15.247175,5.603233,0.61658776,0.17146629,0.17146629
29,9,1807,0.14341876,15.247056,5.602878,0.61660737,0.17144941,0.17144941
29,10,1808,0.14341953,15.246084,5.6024055,0.61670667,0.171423,0.171423
29,11,1809,0.14341292,15.244743,5.6022215,0.6166954,0.17141654,0.17141654
29,12,1810,0.14341265,15.244019,5.601662,0.6166915,0.17139985,0.17139985
29,13,1811,0.1434058,15.241666,5.601449,0.61680514,0.1713982,0.1713982
29,14,1812,0.14341074,15.241673,5.601482,0.61688966,0.17138967,0.17138967
29,15,1813,0.14341389,15.2416525,5.601426,0.6169583,0.17137045,0.17137045
29,16,1814,0.1434268,15.242603,5.6013546,0.6170913,0.17134473,0.17134473
29,17,1815,0.14344054,15.244108,5.6013665,0.6171761,0.17134069,0.17134069
29,18,1816,0.14345646,15.244621,5.6012526,0.61725026,0.17133123,0.17133123
29,19,1817,0.14347365,15.244908,5.601096,0.6173371,0.17132145,0.17132145
29,20,1818,0.14348894,15.247143,5.600964,0.61739784,0.17131343,0.17131343
29,21,1819,0.14348997,15.24845,5.6004853,0.617533,0.17130211,0.17130211
29,22,1820,0.14348873,15.247786,5.600144,0.617485,0.17128643,0.17128643
29,23,1821,0.14348687,15.247354,5.599902,0.61756504,0.17127205,0.17127205
29,24,1822,0.14348315,15.2466955,5.599431,0.6175449,0.17124546,0.17124546
29,25,1823,0.14349052,15.246743,5.5991597,0.6174866,0.1712297,0.1712297
29,26,1824,0.14351732,15.249151,5.5988264,0.6175473,0.17121857,0.17121857
29,27,1825,0.14351472,15.249433,5.598452,0.6175909,0.17121093,0.17121093
29,28,1826,0.1435225,15.248947,5.5980496,0.6177027,0.17119855,0.17119855
29,29,1827,0.14351702,15.247047,5.5978136,0.6178455,0.17118074,0.17118074
29,30,1828,0.14351518,15.246521,5.597436,0.6179822,0.17116463,0.17116463
29,31,1829,0.1435115,15.246593,5.5971932,0.61802673,0.17115705,0.17115705
29,32,1830,0.1435102,15.247069,5.596555,0.6180087,0.17113519,0.17113519
29,33,1831,0.14350973,15.246277,5.596113,0.61801004,0.17111763,0.17111763
29,34,1832,0.14350948,15.245634,5.5955906,0.6180608,0.1710922,0.1710922
29,35,1833,0.14351961,15.245088,5.595177,0.61806905,0.17108007,0.17108007
29,36,1834,0.14353035,15.245136,5.5948124,0.6181322,0.17106357,0.17106357
29,37,1835,0.14352876,15.244701,5.594429,0.61817724,0.1710488,0.1710488
29,38,1836,0.1435341,15.2448845,5.594038,0.6182264,0.17103802,0.17103802
29,39,1837,0.14352345,15.24202,5.5936575,0.6182067,0.17103012,0.17103012
29,40,1838,0.14352758,15.242171,5.59336,0.61821324,0.17101203,0.17101203
29,41,1839,0.14353064,15.241812,5.593087,0.6182057,0.17098281,0.17098281
29,42,1840,0.14353341,15.240653,5.59292,0.6182019,0.17098142,0.17098142
29,43,1841,0.14352989,15.239532,5.592675,0.6182864,0.17096612,0.17096612
29,44,1842,0.14354125,15.240431,5.5921903,0.6182812,0.17094748,0.17094748
29,45,1843,0.14354382,15.2398405,5.592053,0.61838144,0.17092884,0.17092884
29,46,1844,0.143564,15.240666,5.591797,0.6184547,0.17091542,0.17091542
29,47,1845,0.14357585,15.2407055,5.591478,0.6184401,0.17089719,0.17089719
29,48,1846,0.14357933,15.239641,5.590964,0.61839557,0.17088693,0.17088693
29,49,1847,0.14360295,15.239632,5.5906496,0.6184082,0.1708766,0.1708766
29,50,1848,0.14360759,15.238975,5.590419,0.6183805,0.17086065,0.17086065
29,51,1849,0.14361052,15.238417,5.590218,0.61843234,0.17085154,0.17085154
29,52,1850,0.14361453,15.236852,5.589783,0.6183917,0.17083336,0.17083336
29,53,1851,0.1436033,15.235582,5.589541,0.6184691,0.17081656,0.17081656
29,54,1852,0.1436021,15.234322,5.5895166,0.6185401,0.170811,0.170811
29,55,1853,0.14361581,15.235557,5.5889497,0.61859566,0.17078714,0.17078714
29,56,1854,0.14361247,15.234216,5.588544,0.6187251,0.17077099,0.17077099
29,57,1855,0.1436216,15.234507,5.58818,0.6187889,0.17075989,0.17075989
29,58,1856,0.14362574,15.233614,5.5879326,0.6188818,0.17075914,0.17075914
29,59,1857,0.14363989,15.23504,5.587584,0.61907744,0.17074144,0.17074144
29,60,1858,0.14366604,15.239331,5.5871677,0.61900955,0.17071094,0.17071094
29,61,1859,0.14368662,15.241392,5.586879,0.6190314,0.17070192,0.17070192
30,0,1860,0.1437,15.240337,5.5865774,0.6190768,0.17068249,0.17068249
30,1,1861,0.14370196,15.240076,5.5861554,0.6190291,0.17066887,0.17066887
30,2,1862,0.14370324,15.238744,5.585876,0.6192323,0.17064013,0.17064013
30,3,1863,0.14371356,15.239286,5.5852275,0.61929667,0.17061621,0.17061621
30,4,1864,0.14372489,15.238733,5.5850224,0.6194087,0.17061047,0.17061047
30,5,1865,0.14372371,15.237573,5.5846386,0.6193079,0.17060441,0.17060441
30,6,1866,0.14372931,15.238026,5.584677,0.61935544,0.17059706,0.17059706
30,7,1867,0.14371778,15.236285,5.584647,0.6194389,0.17059192,0.17059192
30,8,1868,0.14374492,15.236659,5.584473,0.6195816,0.17057735,0.17057735
30,9,1869,0.14375125,15.237511,5.5840397,0.6196876,0.17056437,0.17056437
30,10,1870,0.14375544,15.2371855,5.5836277,0.6197255,0.17054167,0.17054167
30,11,1871,0.14377558,15.237817,5.5831513,0.61977243,0.17051654,0.17051654
30,12,1872,0.14377816,15.23709,5.5827894,0.61983323,0.17050217,0.17050217
30,13,1873,0.14377822,15.2356415,5.582292,0.6199824,0.17047803,0.17047803
30,14,1874,0.1437758,15.234902,5.5817895,0.6200016,0.17044826,0.17044826
30,15,1875,0.14378235,15.236332,5.5817056,0.6200647,0.17043512,0.17043512
30,16,1876,0.14377747,15.236471,5.581489,0.6202522,0.17041264,0.17041264
30,17,1877,0.14378059,15.236756,5.5810823,0.62024003,0.17039138,0.17039138
30,18,1878,0.14379627,15.239057,5.580721,0.62027746,0.17037344,0.17037344
30,19,1879,0.14381564,15.240824,5.5803857,0.6203197,0.17036147,0.17036147
30,20,1880,0.14381936,15.240296,5.5798798,0.6203573,0.17034434,0.17034434
30,21,1881,0.14382724,15.24095,5.5794916,0.62030625,0.17033546,0.17033546
30,22,1882,0.14384824,15.243483,5.5790577,0.62038255,0.17031728,0.17031728
30,23,1883,0.14384504,15.242544,5.5787983,0.6205458,0.17029108,0.17029108
30,24,1884,0.14384702,15.24111,5.578238,0.62062883,0.17027071,0.17027071
30,25,1885,0.14385414,15.240487,5.577728,0.62066704,0.1702413,0.1702413
30,26,1886,0.14385542,15.2401495,5.577539,0.62078094,0.17024192,0.17024192
30,27,1887,0.14386734,15.241194,5.5773196,0.62081146,0.17022958,0.17022958
30,28,1888,0.14387974,15.241939,5.576996,0.6208322,0.17021488,0.17021488
30,29,1889,0.1438821,15.241843,5.576809,0.62094057,0.17020097,0.17020097
30,30,1890,0.14388916,15.242466,5.5764785,0.62105924,0.17018056,0.17018056
30,31,1891,0.14388849,15.241334,5.5760345,0.6211142,0.17016257,0.17016257
30,32,1892,0.1438938,15.240708,5.5754285,0.6210016,0.17014378,0.17014378
30,33,1893,0.1438944,15.2397785,5.574924,0.62098473,0.17012526,0.17012526
30,34,1894,0.14389208,15.23878,5.5745006,0.62103015,0.17011252,0.17011252
30,35,1895,0.14389622,15.237926,5.5740495,0.6210641,0.17009285,0.17009285
30,36,1896,0.14390329,15.237013,5.5734334,0.6210409,0.1700651,0.1700651
30,37,1897,0.14390977,15.237331,5.573268,0.6210931,0.17005707,0.17005707
30,38,1898,0.14392263,15.237752,5.5731688,0.621269,0.17005026,0.17005026
30,39,1899,0.14393476,15.238564,5.5730104,0.6213368,0.17004728,0.17004728
30,40,1900,0.1439462,15.238747,5.572629,0.6213741,0.170038,0.170038
30,41,1901,0.14395887,15.241164,5.5722775,0.6214246,0.17002654,0.17002654
30,42,1902,0.14397393,15.242526,5.5719094,0.6214822,0.17001767,0.17001767
30,43,1903,0.14399588,15.243699,5.571399,0.6214872,0.16999996,0.16999996
30,44,1904,0.1439994,15.2439375,5.570984,0.6215279,0.1699943,0.1699943
30,45,1905,0.14400193,15.243849,5.5707374,0.62151057,0.1699837,0.1699837
30,46,1906,0.14400297,15.243138,5.5702424,0.62147546,0.16995873,0.16995873
30,47,1907,0.14401442,15.244788,5.5699525,0.6215249,0.16994724,0.16994724
30,48,1908,0.14401594,15.244743,5.5696874,0.6216012,0.16993491,0.16993491
30,49,1909,0.14403015,15.244511,5.5692296,0.6216602,0.1699112,0.1699112
30,50,1910,0.1440356,15.244139,5.5689,0.6217092,0.1698936,0.1698936
30,51,1911,0.14403033,15.242582,5.568551,0.6217655,0.1698819,0.1698819
30,52,1912,0.14404115,15.242274,5.568312,0.6217919,0.16987199,0.16987199
30,53,1913,0.14404215,15.240788,5.5680304,0.62177896,0.169865,0.169865
30,54,1914,0.14405121,15.240455,5.56764,0.6218481,0.16983664,0.16983664
30,55,1915,0.1440547,15.240426,5.5676193,0.62192804,0.16983047,0.16983047
30,56,1916,0.14405748,15.239972,5.567385,0.62191015,0.16982704,0.16982704
30,57,1917,0.14405087,15.239477,5.567047,0.62195414,0.16981411,0.16981411
30,58,1918,0.14405993,15.239571,5.566582,0.6219574,0.16979708,0.16979708
30,59,1919,0.14405623,15.237962,5.5661683,0.6219628,0.1697814,0.1697814
30,60,1920,0.14405715,15.237369,5.5657783,0.6220869,0.16975823,0.16975823
30,61,1921,0.14406088,15.237644,5.5655317,0.6222082,0.16974291,0.16974291
31,0,1922,0.14407638,15.238836,5.5651217,0.6221946,0.16972607,0.16972607
31,1,1923,0.14408028,15.2386265,5.5646286,0.62218446,0.16970931,0.16970931
31,2,1924,0.14409012,15.239877,5.5643682,0.6222119,0.16969492,0.16969492
31,3,1925,0.14410545,15.238726,5.56403,0.6222464,0.16968267,0.16968267
31,4,1926,0.14410964,15.237411,5.5638213,0.622291,0.16968173,0.16968173
31,5,1927,0.14411795,15.238248,5.5634537,0.6223839,0.16966827,0.16966827
31,6,1928,0.14412521,15.236855,5.5634394,0.62252146,0.16965805,0.16965805
31,7,1929,0.1441294,15.237385,5.563312,0.62268233,0.1696527,0.1696527
31,8,1930,0.1441351,15.237199,5.5628805,0.6227075,0.16963744,0.16963744
31,9,1931,0.14413884,15.236312,5.5626416,0.6227672,0.1696313,0.1696313
31,10,1932,0.14413399,15.235323,5.5622816,0.6227709,0.16961952,0.16961952
31,11,1933,0.14413807,15.236193,5.5619264,0.6226614,0.16961436,0.16961436
31,12,1934,0.14414667,15.237856,5.561756,0.6227056,0.16959463,0.16959463
31,13,1935,0.14414695,15.2372465,5.561493,0.62281686,0.16958445,0.16958445
31,14,1936,0.14415562,15.236202,5.561214,0.6227425,0.16958952,0.16958952
31,15,1937,0.14416918,15.237048,5.560776,0.62271965,0.16957359,0.16957359
31,16,1938,0.14417899,15.238382,5.560309,0.62272316,0.16955557,0.16955557
31,17,1939,0.14420402,15.238614,5.5597734,0.6227463,0.16952993,0.16952993
31,18,1940,0.14420691,15.238378,5.5595818,0.6228348,0.16950807,0.16950807
31,19,1941,0.14421473,15.238568,5.559375,0.62300074,0.16949917,0.16949917
31,20,1942,0.1442241,15.239012,5.558831,0.6229606,0.16947739,0.16947739
31,21,1943,0.14422283,15.239136,5.5583754,0.622891,0.16945955,0.16945955
31,22,1944,0.14423463,15.238842,5.558375,0.6230767,0.16945432,0.16945432
31,23,1945,0.14423718,15.238765,5.5580235,0.6230216,0.16943845,0.16943845
31,24,1946,0.1442613,15.241904,5.557808,0.6230661,0.16943152,0.16943152
31,25,1947,0.14426565,15.242169,5.5576525,0.6231863,0.16942465,0.16942465
31,26,1948,0.14427012,15.242061,5.5572896,0.62319785,0.16940103,0.16940103
31,27,1949,0.14427614,15.242097,5.557074,0.62322176,0.16938387,0.16938387
31,28,1950,0.14427507,15.241075,5.5569544,0.623338,0.16937533,0.16937533
31,29,1951,0.14427751,15.240441,5.556698,0.62341154,0.16935009,0.16935009
31,30,1952,0.14427659,15.239609,5.5562897,0.6233458,0.16934077,0.16934077
31,31,1953,0.1442821,15.239094,5.55581,0.6232491,0.16932918,0.16932918
31,32,1954,0.14429308,15.239838,5.5552635,0.62321573,0.16930865,0.16930865
31,33,1955,0.14429891,15.239864,5.554871,0.62319374,0.16929305,0.16929305
31,34,1956,0.14430782,15.239425,5.55468,0.6232642,0.16928795,0.16928795
31,35,1957,0.14431925,15.238799,5.5542808,0.623282,0.16926636,0.16926636
31,36,1958,0.14432332,15.238688,5.554079,0.62335634,0.169261,0.169261
31,37,1959,0.14433596,15.23854,5.5537577,0.6233763,0.16924143,0.16924143
31,38,1960,0.14434928,15.240385,5.5533643,0.6234388,0.1692166,0.1692166
31,39,1961,0.14437348,15.242964,5.5532355,0.62346727,0.16920964,0.16920964
31,40,1962,0.14437559,15.242487,5.5530596,0.6235043,0.16920526,0.16920526
31,41,1963,0.14438668,15.244555,5.5528593,0.6236066,0.16918981,0.16918981
31,42,1964,0.14438437,15.243372,5.552752,0.6237114,0.16917637,0.16917637
31,43,1965,0.14440274,15.244162,5.552524,0.6238347,0.16916505,0.16916505
31,44,1966,0.14440325,15.2436,5.552054,0.62391645,0.16914877,0.16914877
31,45,1967,0.14440654,15.243784,5.5517626,0.62396157,0.16913526,0.16913526
31,46,1968,0.1444053,15.243075,5.551549,0.62404424,0.16912408,0.16912408
31,47,1969,0.14441828,15.242791,5.5514154,0.6241265,0.1691088,0.1691088
31,48,1970,0.14442831,15.242547,5.550857,0.6240836,0.16909309,0.16909309
31,49,1971,0.1444577,15.243983,5.550659,0.624161,0.16908604,0.16908604
31,50,1972,0.14447008,15.243983,5.5505357,0.62420756,0.16907395,0.16907395
31,51,1973,0.14447458,15.24309,5.5502067,0.6242153,0.16906555,0.16906555
31,52,1974,0.14449309,15.24264,5.5500975,0.6243011,0.1690508,0.1690508
31,53,1975,0.14451176,15.244344,5.549626,0.6242783,0.16903242,0.16903242
31,54,1976,0.14451398,15.244675,5.549323,0.62428874,0.169018,0.169018
31,55,1977,0.14452055,15.245095,5.5491843,0.6243854,0.16899857,0.16899857
31,56,1978,0.14452565,15.245888,5.549063,0.624535,0.16899636,0.16899636
31,57,1979,0.14453603,15.246164,5.5489926,0.62457204,0.16898575,0.16898575
31,58,1980,0.14455819,15.249287,5.548449,0.6245562,0.16896442,0.16896442
31,59,1981,0.14457971,15.250036,5.548372,0.6245614,0.16895457,0.16895457
31,60,1982,0.14458634,15.249816,5.5479856,0.6246028,0.16893536,0.16893536
31,61,1983,0.14461012,15.251809,5.5474296,0.6246317,0.16891275,0.16891275
32,0,1984,0.14462128,15.252723,5.546916,0.62469506,0.16888914,0.16888914
32,1,1985,0.144623,15.252418,5.546565,0.6246827,0.16887432,0.16887432
32,2,1986,0.14464448,15.254484,5.5459704,0.6246364,0.16884182,0.16884182
32,3,1987,0.14466551,15.256688,5.545556,0.62464136,0.1688255,0.1688255
32,4,1988,0.1446662,15.255648,5.5451922,0.6246265,0.1688045,0.1688045
32,5,1989,0.14467286,15.255385,5.544703,0.6246771,0.16878903,0.16878903
32,6,1990,0.14468326,15.255862,5.5443707,0.62479347,0.16877943,0.16877943
32,7,1991,0.1446837,15.254569,5.543984,0.62478656,0.16876169,0.16876169
32,8,1992,0.14469111,15.255201,5.5435324,0.6248156,0.16874748,0.16874748
32,9,1993,0.14468434,15.253867,5.54341,0.6249436,0.16874214,0.16874214
32,10,1994,0.1446937,15.254853,5.5434074,0.6249356,0.1687294,0.1687294
32,11,1995,0.14469637,15.255266,5.543043,0.6249273,0.1687134,0.1687134
32,12,1996,0.1447103,15.255463,5.542866,0.62501645,0.16869791,0.16869791
32,13,1997,0.1447249,15.256077,5.5424924,0.62507695,0.16867504,0.16867504
32,14,1998,0.14472653,15.255422,5.54244,0.6251381,0.16867661,0.16867661
32,15,1999,0.1447227,15.25436,5.5421424,0.6251994,0.16865823,0.16865823
32,16,2000,0.14472911,15.253838,5.5418324,0.62519693,0.1686414,0.1686414
32,17,2001,0.14473937,15.254179,5.541453,0.62529933,0.16862041,0.16862041
32,18,2002,0.1447531,15.254657,5.541189,0.6253763,0.16860203,0.16860203
32,19,2003,0.14476648,15.254828,5.5408664,0.6253868,0.1685879,0.1685879
32,20,2004,0.14477225,15.254098,5.5405297,0.6254433,0.16856478,0.16856478
32,21,2005,0.14478439,15.254429,5.5402827,0.62553865,0.16854721,0.16854721
32,22,2006,0.14479367,15.254315,5.539946,0.6256104,0.16853136,0.16853136
32,23,2007,0.14479615,15.254331,5.539629,0.6257167,0.16851084,0.16851084
32,24,2008,0.14480138,15.254241,5.539332,0.6258021,0.16849819,0.16849819
32,25,2009,0.14481404,15.25487,5.5392823,0.6258496,0.16849099,0.16849099
32,26,2010,0.1448189,15.254664,5.53916,0.62583524,0.16849117,0.16849117
32,27,2011,0.14483042,15.255269,5.5388474,0.6258276,0.16847686,0.16847686
32,28,2012,0.14482598,15.254625,5.5386415,0.625847,0.16846688,0.16846688
32,29,2013,0.14484163,15.256196,5.538285,0.6258705,0.16845468,0.16845468
32,30,2014,0.1448518,15.2558775,5.537823,0.62586904,0.168447,0.168447
32,31,2015,0.14485615,15.254803,5.5377765,0.62601084,0.16843873,0.16843873
32,32,2016,0.14486401,15.254611,5.5374794,0.6260457,0.16842647,0.16842647
32,33,2017,0.14488068,15.256967,5.5371532,0.6260438,0.16840923,0.16840923
32,34,2018,0.14489704,15.259319,5.536661,0.6261,0.168389,0.168389
32,35,2019,0.14491507,15.259266,5.5363355,0.62623197,0.16836724,0.16836724
32,36,2020,0.14492957,15.259999,5.5360427,0.6262812,0.16835333,0.16835333
32,37,2021,0.14494583,15.262762,5.535779,0.62634414,0.16834182,0.16834182
32,38,2022,0.14494884,15.2632,5.5357747,0.62650657,0.16833337,0.16833337
32,39,2023,0.14496112,15.263494,5.5356193,0.6264585,0.16831878,0.16831878
32,40,2024,0.14496428,15.263987,5.5355115,0.626437,0.1683164,0.1683164
32,41,2025,0.14496502,15.263382,5.5353684,0.6265208,0.16831292,0.16831292
32,42,2026,0.14497712,15.263203,5.5353,0.6265532,0.16831195,0.16831195
32,43,2027,0.14498249,15.263181,5.5354114,0.6264793,0.1683251,0.1683251
32,44,2028,0.14499748,15.264632,5.5350757,0.6264266,0.16832222,0.16832222
32,45,2029,0.14500242,15.2636795,5.5349507,0.6263992,0.16831319,0.16831319
32,46,2030,0.1450308,15.264891,5.534842,0.62658036,0.1683032,0.1683032
32,47,2031,0.14503387,15.264404,5.534484,0.6264824,0.1682909,0.1682909
32,48,2032,0.1450413,15.264755,5.5341835,0.62656075,0.1682741,0.1682741
32,49,2033,0.14505105,15.263597,5.5339227,0.6265563,0.1682528,0.1682528
32,50,2034,0.14505239,15.261767,5.533567,0.6264769,0.16824098,0.16824098
32,51,2035,0.14505951,15.259513,5.5332456,0.6263908,0.1682301,0.1682301
32,52,2036,0.1450634,15.258071,5.5330095,0.62632704,0.1682163,0.1682163
32,53,2037,0.14507243,15.258619,5.53287,0.62635326,0.16821149,0.16821149
32,54,2038,0.14507782,15.258811,5.5328035,0.6264924,0.16821192,0.16821192
32,55,2039,0.1450822,15.258309,5.5324736,0.6265522,0.1681968,0.1681968
32,56,2040,0.14510323,15.258905,5.532125,0.62651855,0.16818576,0.16818576
32,57,2041,0.14511347,15.259145,5.531879,0.6265781,0.1681789,0.1681789
32,58,2042,0.14512423,15.259881,5.531516,0.626682,0.16816378,0.16816378
32,59,2043,0.14512783,15.260652,5.531082,0.6267196,0.16814685,0.16814685
32,60,2044,0.14512864,15.260201,5.5307484,0.6268042,0.1681337,0.1681337
32,61,2045,0.14514005,15.262458,5.530242,0.6267657,0.16812518,0.16812518
33,0,2046,0.14514779,15.262961,5.529665,0.6266787,0.16810454,0.16810454
33,1,2047,0.14515442,15.262562,5.5293694,0.62665284,0.16809282,0.16809282
33,2,2048,0.14516066,15.262789,5.52884,0.62661576,0.16807681,0.16807681
33,3,2049,0.14516836,15.262519,5.5286336,0.62666434,0.16807227,0.16807227
33,4,2050,0.14517766,15.262106,5.52829,0.6267097,0.16805594,0.16805594
33,5,2051,0.14518292,15.261221,5.527667,0.6266296,0.16803142,0.16803142
33,6,2052,0.14520499,15.262419,5.527158,0.6266118,0.16802096,0.16802096
33,7,2053,0.1452229,15.263587,5.5267115,0.6267046,0.16800842,0.16800842
33,8,2054,0.14523183,15.262347,5.5262785,0.62669843,0.16798806,0.16798806
33,9,2055,0.14523669,15.26204,5.5262117,0.6267443,0.16797495,0.16797495
33,10,2056,0.14525008,15.263163,5.5259385,0.62676656,0.16795823,0.16795823
33,11,2057,0.14525959,15.2632475,5.5256042,0.62673813,0.16794367,0.16794367
33,12,2058,0.14526844,15.26393,5.525206,0.62679565,0.1679277,0.1679277
33,13,2059,0.14528103,15.26396,5.524739,0.62688357,0.16790088,0.16790088
33,14,2060,0.14529322,15.2634945,5.5242743,0.6268479,0.1678842,0.1678842
33,15,2061,0.14531773,15.265208,5.524101,0.6269528,0.1678712,0.1678712
33,16,2062,0.1453272,15.26564,5.5236206,0.62705684,0.16785328,0.16785328
33,17,2063,0.14533618,15.266636,5.523427,0.62715846,0.16783501,0.16783501
33,18,2064,0.14534846,15.268093,5.5232806,0.6272821,0.16781567,0.16781567
33,19,2065,0.14535764,15.268212,5.523154,0.6272914,0.16780892,0.16780892
33,20,2066,0.1453711,15.269186,5.523041,0.62732947,0.1678047,0.1678047
33,21,2067,0.14537854,15.269652,5.5229073,0.62740016,0.16779944,0.16779944
33,22,2068,0.14539042,15.270103,5.522556,0.6274358,0.16778749,0.16778749
33,23,2069,0.14540175,15.269892,5.522418,0.6274191,0.16777885,0.16777885
33,24,2070,0.14542176,15.271202,5.5220146,0.6274143,0.16777016,0.16777016
33,25,2071,0.1454215,15.270576,5.5219555,0.6275465,0.16777043,0.16777043
33,26,2072,0.14544086,15.272331,5.5217266,0.6277193,0.16775298,0.16775298
33,27,2073,0.14544922,15.273081,5.5215607,0.6277575,0.16773374,0.16773374
33,28,2074,0.145458,15.273422,5.5214057,0.62785465,0.16772749,0.16772749
33,29,2075,0.14545685,15.273754,5.5211506,0.62795526,0.16771382,0.16771382
33,30,2076,0.1454523,15.272832,5.5207243,0.6278993,0.16769677,0.16769677
33,31,2077,0.14547262,15.2751875,5.520616,0.62799174,0.16768377,0.16768377
33,32,2078,0.14548326,15.275513,5.520593,0.6280985,0.167676,0.167676
33,33,2079,0.14549483,15.275675,5.520336,0.6281945,0.16765746,0.16765746
33,34,2080,0.14550638,15.276393,5.5201473,0.62817436,0.16764732,0.16764732
33,35,2081,0.14552452,15.277752,5.51986,0.6281559,0.1676341,0.1676341
33,36,2082,0.14554235,15.278432,5.519637,0.62822783,0.16762404,0.16762404
33,37,2083,0.14555284,15.279267,5.5193353,0.6281414,0.16761447,0.16761447
33,38,2084,0.14556013,15.279278,5.5190463,0.628176,0.16760242,0.16760242
33,39,2085,0.14558822,15.282276,5.518658,0.62818533,0.1675851,0.1675851
33,40,2086,0.14560096,15.282575,5.5182643,0.6282998,0.1675658,0.1675658
33,41,2087,0.14562008,15.284157,5.518061,0.6284004,0.16755797,0.16755797
33,42,2088,0.14562884,15.285388,5.5177674,0.6283542,0.16754209,0.16754209
33,43,2089,0.14563346,15.2859535,5.517409,0.6283768,0.16752967,0.16752967
33,44,2090,0.14564702,15.286505,5.5169344,0.6283212,0.16751409,0.16751409
33,45,2091,0.14565597,15.287116,5.516612,0.6284416,0.16749959,0.16749959
33,46,2092,0.14566365,15.286768,5.516153,0.6284084,0.16748478,0.16748478
33,47,2093,0.14567871,15.2872925,5.515918,0.6285578,0.16746765,0.16746765
33,48,2094,0.14568603,15.285641,5.516059,0.62872726,0.16746175,0.16746175
33,49,2095,0.1457046,15.286695,5.5156274,0.62872505,0.1674462,0.1674462
33,50,2096,0.14571948,15.286822,5.5152817,0.6286976,0.16742879,0.16742879
33,51,2097,0.14573894,15.290284,5.5151205,0.62883216,0.16740753,0.16740753
33,52,2098,0.14575651,15.291971,5.5149794,0.6288461,0.16740967,0.16740967
33,53,2099,0.14576425,15.293381,5.5145125,0.6288309,0.1673898,0.1673898
33,54,2100,0.14578098,15.29465,5.5142674,0.6288888,0.16738155,0.16738155
33,55,2101,0.1457917,15.295249,5.514061,0.628975,0.16737348,0.16737348
33,56,2102,0.14581075,15.296835,5.513834,0.62909305,0.16736192,0.16736192
33,57,2103,0.14581521,15.296477,5.513465,0.6290611,0.16735134,0.16735134
33,58,2104,0.14583217,15.297166,5.513255,0.6291343,0.16733475,0.16733475
33,59,2105,0.14583807,15.296904,5.5129848,0.629212,0.16732213,0.16732213
33,60,2106,0.14587085,15.298477,5.5124946,0.6292109,0.16730608,0.16730608
33,61,2107,0.14588952,15.29958,5.5120425,0.6292102,0.16728936,0.16728936
34,0,2108,0.14589739,15.300647,5.511639,0.6291427,0.1672691,0.1672691
34,1,2109,0.14591339,15.302274,5.511561,0.62927455,0.16726404,0.16726404
34,2,2110,0.14591292,15.301121,5.5114455,0.6293596,0.16725963,0.16725963
34,3,2111,0.14591749,15.300831,5.511196,0.6294279,0.16724294,0.16724294
34,4,2112,0.14591716,15.300208,5.510889,0.62948287,0.16723277,0.16723277
34,5,2113,0.14592788,15.301354,5.5105395,0.6295733,0.16721332,0.16721332
34,6,2114,0.14593579,15.301791,5.5102415,0.6295911,0.16720341,0.16720341
34,7,2115,0.14595157,15.301618,5.509952,0.6297034,0.16719617,0.16719617
34,8,2116,0.14595777,15.301371,5.50987,0.62975943,0.16719623,0.16719623
34,9,2117,0.14595675,15.300899,5.509424,0.6297086,0.16718529,0.16718529
34,10,2118,0.14596966,15.301268,5.509137,0.62981397,0.16717078,0.16717078
34,11,2119,0.14597987,15.301839,5.5087423,0.62979865,0.16716027,0.16716027
34,12,2120,0.14599131,15.302568,5.5084057,0.6298689,0.16714603,0.16714603
34,13,2121,0.1460025,15.302568,5.50797,0.6298867,0.16713493,0.16713493
34,14,2122,0.14600113,15.301937,5.5077024,0.62986267,0.16711394,0.16711394
34,15,2123,0.14600003,15.301577,5.5075316,0.62995416,0.16711012,0.16711012
34,16,2124,0.14601196,15.302131,5.5072227,0.62996924,0.16709271,0.16709271
34,17,2125,0.14601548,15.301505,5.506901,0.62998015,0.16707984,0.16707984
34,18,2126,0.14602475,15.301293,5.5065236,0.6299707,0.16706678,0.16706678
34,19,2127,0.14603133,15.30084,5.506079,0.6300324,0.1670493,0.1670493
34,20,2128,0.1460321,15.299803,5.5058103,0.63012135,0.16703801,0.16703801
34,21,2129,0.14604113,15.2999935,5.505424,0.6302033,0.16702016,0.16702016
34,22,2130,0.14606386,15.302703,5.5051055,0.63025546,0.16700739,0.16700739
34,23,2131,0.14609216,15.304652,5.5047393,0.630375,0.16698986,0.16698986
34,24,2132,0.1461213,15.308285,5.50435,0.63044655,0.1669757,0.1669757
34,25,2133,0.14613816,15.311061,5.5039344,0.63055927,0.16695482,0.16695482
34,26,2134,0.14615223,15.31176,5.5034885,0.6305744,0.16693884,0.16693884
34,27,2135,0.14616737,15.312626,5.50296,0.63057756,0.16692585,0.16692585
34,28,2136,0.14617486,15.313289,5.502364,0.6305599,0.16690685,0.16690685
34,29,2137,0.14618248,15.313178,5.5020394,0.63054794,0.1669012,0.1669012
34,30,2138,0.14618832,15.312971,5.501604,0.63058865,0.16687624,0.16687624
34,31,2139,0.14619297,15.31315,5.5012856,0.63057476,0.16687088,0.16687088
34,32,2140,0.14619711,15.313463,5.5011663,0.6307142,0.16685645,0.16685645
34,33,2141,0.14620069,15.313816,5.5010953,0.6307877,0.1668504,0.1668504
34,34,2142,0.14619194,15.3124485,5.500479,0.630771,0.1668332,0.1668332
34,35,2143,0.1462158,15.313992,5.4998784,0.6307311,0.166811,0.166811
34,36,2144,0.14621776,15.314534,5.499466,0.6307058,0.1667948,0.1667948
34,37,2145,0.14623019,15.314324,5.4991226,0.6306724,0.16677724,0.16677724
34,38,2146,0.14623153,15.313315,5.4989057,0.63081104,0.1667559,0.1667559
34,39,2147,0.14624333,15.312942,5.4987464,0.6308721,0.1667403,0.1667403
34,40,2148,0.14625621,15.314001,5.4984155,0.63091874,0.1667259,0.1667259
34,41,2149,0.14626756,15.314267,5.4980154,0.63084406,0.16671431,0.16671431
34,42,2150,0.14627741,15.314492,5.497527,0.630821,0.16669315,0.16669315
34,43,2151,0.14628118,15.313092,5.4970512,0.6307625,0.16667289,0.16667289
34,44,2152,0.14630385,15.316105,5.496656,0.6308254,0.16665466,0.16665466
34,45,2153,0.14631203,15.316375,5.4965215,0.63097614,0.16664594,0.16664594
34,46,2154,0.14632286,15.317387,5.496179,0.6310631,0.16662715,0.16662715
34,47,2155,0.14634132,15.317785,5.495871,0.6311267,0.1666094,0.1666094
34,48,2156,0.14635727,15.319519,5.495612,0.6311074,0.16659403,0.16659403
34,49,2157,0.14636578,15.319678,5.4952693,0.63108855,0.16658562,0.16658562
34,50,2158,0.14636707,15.319485,5.494988,0.6310528,0.16657923,0.16657923
34,51,2159,0.14637756,15.319678,5.4946756,0.63096136,0.1665747,0.1665747
34,52,2160,0.14638232,15.319201,5.4945745,0.63103014,0.16656923,0.16656923
34,53,2161,0.14638737,15.319154,5.4943166,0.63106465,0.16655432,0.16655432
34,54,2162,0.14640343,15.319723,5.4940195,0.631049,0.1665422,0.1665422
34,55,2163,0.14641678,15.321094,5.493676,0.6310224,0.16653098,0.16653098
34,56,2164,0.14642453,15.321205,5.493429,0.63101,0.16652167,0.16652167
34,57,2165,0.14642778,15.321441,5.4932904,0.6310621,0.16651657,0.16651657
34,58,2166,0.1464335,15.322254,5.4929843,0.63113445,0.16650026,0.16650026
34,59,2167,0.14644726,15.324494,5.4926662,0.6310846,0.16648665,0.16648665
34,60,2168,0.1464526,15.324934,5.4920945,0.63101476,0.16646956,0.16646956
34,61,2169,0.1464602,15.325035,5.491997,0.63102317,0.1664541,0.1664541
35,0,2170,0.14645334,15.3237295,5.491801,0.6310349,0.16644397,0.16644397
35,1,2171,0.14645697,15.322983,5.4914727,0.631008,0.16643135,0.16643135
35,2,2172,0.14647663,15.323877,5.491279,0.630978,0.16642123,0.16642123
35,3,2173,0.14649671,15.324428,5.4912405,0.6310325,0.16641727,0.16641727
35,4,2174,0.14651428,15.325524,5.4909153,0.63107127,0.16640462,0.16640462
35,5,2175,0.14652565,15.327032,5.4905896,0.6311462,0.16638942,0.16638942
35,6,2176,0.14653908,15.326762,5.4901724,0.63117945,0.16636357,0.16636357
35,7,2177,0.14654607,15.326818,5.489917,0.6312095,0.16635263,0.16635263
35,8,2178,0.1465524,15.326569,5.489553,0.6312277,0.16633347,0.16633347
35,9,2179,0.1465576,15.326808,5.489215,0.63128275,0.16631982,0.16631982
35,10,2180,0.1465586,15.326595,5.488974,0.63129985,0.1663117,0.1663117
35,11,2181,0.14657195,15.327292,5.4884996,0.6312609,0.16629246,0.16629246
35,12,2182,0.14659327,15.329325,5.4880843,0.6312172,0.16627733,0.16627733
35,13,2183,0.1466096,15.331164,5.4877377,0.63118964,0.16626929,0.16626929
35,14,2184,0.14661103,15.331027,5.487386,0.6311942,0.16625609,0.16625609
35,15,2185,0.14661385,15.330674,5.4871097,0.6312267,0.1662472,0.1662472
35,16,2186,0.14661156,15.329933,5.486879,0.63125587,0.16623676,0.16623676
35,17,2187,0.14661118,15.329486,5.4865656,0.6312736,0.16622682,0.16622682
35,18,2188,0.14661998,15.330927,5.4861403,0.63132703,0.16620101,0.16620101
35,19,2189,0.14663024,15.33086,5.485732,0.63135254,0.16618487,0.16618487
35,20,2190,0.14663008,15.330667,5.485499,0.6313692,0.16617194,0.16617194
35,21,2191,0.14664263,15.330643,5.4849896,0.63131374,0.16615134,0.16615134
35,22,2192,0.14665663,15.331999,5.4845195,0.6314051,0.16613291,0.16613291
35,23,2193,0.146661,15.331114,5.484052,0.63134956,0.16611892,0.16611892
35,24,2194,0.14667502,15.333239,5.4838953,0.63146126,0.16610745,0.16610745
35,25,2195,0.14669085,15.333994,5.4835763,0.6315785,0.1660951,0.1660951
35,26,2196,0.1467025,15.334751,5.483386,0.63163763,0.16608976,0.16608976
35,27,2197,0.14671826,15.336039,5.4829245,0.6316386,0.16607323,0.16607323
35,28,2198,0.14672436,15.336451,5.482412,0.63169223,0.16605458,0.16605458
35,29,2199,0.14673318,15.336808,5.481965,0.6316664,0.16604829,0.16604829
35,30,2200,0.14674774,15.33738,5.4817743,0.6317478,0.1660434,0.1660434
35,31,2201,0.14675348,15.338596,5.481536,0.63184035,0.16603634,0.16603634
35,32,2202,0.14676145,15.338858,5.4813743,0.63195795,0.16601907,0.16601907
35,33,2203,0.14677885,15.340984,5.48124,0.6320543,0.16601299,0.16601299
35,34,2204,0.14679286,15.341876,5.4807825,0.6320028,0.16600569,0.16600569
35,35,2205,0.14680186,15.343276,5.480423,0.6319697,0.16599868,0.16599868
35,36,2206,0.14681578,15.344185,5.4801235,0.6320182,0.16598836,0.16598836
35,37,2207,0.14682895,15.344107,5.479494,0.63205564,0.16596195,0.16596195
35,38,2208,0.14683884,15.344092,5.4792337,0.63207966,0.16594464,0.16594464
35,39,2209,0.1468511,15.344574,5.478708,0.63211155,0.16592194,0.16592194
35,40,2210,0.1468572,15.343937,5.4784923,0.63217866,0.16590811,0.16590811
35,41,2211,0.14685985,15.342829,5.4782357,0.63219863,0.16590808,0.16590808
35,42,2212,0.14687394,15.343851,5.4779787,0.6322607,0.16590047,0.16590047
35,43,2213,0.14688355,15.343944,5.477756,0.632315,0.16588244,0.16588244
35,44,2214,0.14689013,15.343949,5.4776964,0.6324178,0.16587698,0.16587698
35,45,2215,0.14690894,15.3453455,5.477417,0.6324942,0.16586314,0.16586314
35,46,2216,0.14693832,15.347232,5.4772468,0.63264334,0.1658466,0.1658466
35,47,2217,0.14696215,15.349434,5.477026,0.63284165,0.16583435,0.16583435
35,48,2218,0.14699227,15.351338,5.4767847,0.63285697,0.1658198,0.1658198
35,49,2219,0.1470123,15.353277,5.4762025,0.6327614,0.1658007,0.1658007
35,50,2220,0.14702126,15.354332,5.475928,0.63279796,0.16578634,0.16578634
35,51,2221,0.14702047,15.353513,5.4757676,0.6328145,0.16578053,0.16578053
35,52,2222,0.14702684,15.35452,5.4754767,0.6328473,0.16577043,0.16577043
35,53,2223,0.1470337,15.354854,5.4754214,0.63296884,0.16574733,0.16574733
35,54,2224,0.14704688,15.354824,5.4750643,0.63292813,0.16573624,0.16573624
35,55,2225,0.14706652,15.355483,5.4749546,0.6328978,0.16572498,0.16572498
35,56,2226,0.1470789,15.356824,5.4747233,0.6329069,0.16571616,0.16571616
35,57,2227,0.14708038,15.355283,5.4746733,0.63294035,0.1657074,0.1657074
35,58,2228,0.1470871,15.354787,5.4744496,0.6329773,0.1656969,0.1656969
35,59,2229,0.14709814,15.355417,5.4742274,0.63300997,0.16567352,0.16567352
35,60,2230,0.14711179,15.357071,5.4740887,0.6330865,0.16565786,0.16565786
35,61,2231,0.14712375,15.358382,5.474046,0.6331911,0.16565198,0.16565198
36,0,2232,0.14712092,15.357889,5.473902,0.6332643,0.16563728,0.16563728
36,1,2233,0.14712349,15.358303,5.4736896,0.6332649,0.16563207,0.16563207
36,2,2234,0.14712471,15.358133,5.473503,0.63323206,0.16562383,0.16562383
36,3,2235,0.14713669,15.360242,5.4732156,0.63327384,0.16561164,0.16561164
36,4,2236,0.14714426,15.360743,5.472866,0.6332519,0.16559254,0.16559254
36,5,2237,0.14715533,15.360838,5.4725704,0.6332474,0.16557197,0.16557197
36,6,2238,0.14716023,15.361406,5.4722047,0.6333312,0.1655594,0.1655594
36,7,2239,0.14715973,15.361219,5.4718146,0.6333717,0.16554597,0.16554597
36,8,2240,0.14716008,15.36173,5.471429,0.63334626,0.16554044,0.16554044
36,9,2241,0.14717132,15.362829,5.470983,0.6333243,0.16552813,0.16552813
36,10,2242,0.14717348,15.363381,5.4707503,0.63337547,0.16551347,0.16551347
36,11,2243,0.147183,15.364221,5.470559,0.6334003,0.16550735,0.16550735
36,12,2244,0.14718182,15.363449,5.470129,0.6333877,0.16549045,0.16549045
36,13,2245,0.14719263,15.3637905,5.4696913,0.63341784,0.16547179,0.16547179
36,14,2246,0.14720277,15.364489,5.4693713,0.6334096,0.16545965,0.16545965
36,15,2247,0.14721598,15.365526,5.4691343,0.63351685,0.16544485,0.16544485
36,16,2248,0.14722593,15.366033,5.468866,0.633513,0.16542737,0.16542737
36,17,2249,0.14723381,15.367418,5.468618,0.6336225,0.16541588,0.16541588
36,18,2250,0.1472369,15.367505,5.4683776,0.63372386,0.16540335,0.16540335
36,19,2251,0.14724132,15.368092,5.467979,0.6336712,0.16539551,0.16539551
36,20,2252,0.14725411,15.368753,5.4678783,0.6337591,0.16538242,0.16538242
36,21,2253,0.14726126,15.368586,5.467503,0.6337754,0.16536832,0.16536832
36,22,2254,0.147277,15.369877,5.467432,0.63389266,0.1653617,0.1653617
36,23,2255,0.14728394,15.371464,5.4673276,0.6339,0.16534849,0.16534849
36,24,2256,0.1472944,15.372612,5.467111,0.63396657,0.16533545,0.16533545
36,25,2257,0.14731202,15.37372,5.4666862,0.63388914,0.16532193,0.16532193
36,26,2258,0.14731729,15.374459,5.4664087,0.63393193,0.16531081,0.16531081
36,27,2259,0.14732406,15.374319,5.4662533,0.6338975,0.16531174,0.16531174
36,28,2260,0.14733352,15.375074,5.465898,0.63385963,0.16530511,0.16530511
36,29,2261,0.14733708,15.3746395,5.4654546,0.63383806,0.16529316,0.16529316
36,30,2262,0.14734961,15.376225,5.4652557,0.63387656,0.16527548,0.16527548
36,31,2263,0.14735435,15.375916,5.4651046,0.63396895,0.16526012,0.16526012
36,32,2264,0.14736122,15.375882,5.464802,0.6339581,0.16524325,0.16524325
36,33,2265,0.14738224,15.377331,5.4644136,0.633971,0.1652262,0.1652262
36,34,2266,0.14740612,15.378976,5.4641623,0.6339782,0.1652158,0.1652158
36,35,2267,0.14743109,15.380848,5.4637337,0.6340164,0.16520263,0.16520263
36,36,2268,0.14743209,15.381244,5.4634852,0.63405836,0.16518648,0.16518648
36,37,2269,0.14743173,15.380918,5.463608,0.6342443,0.16518432,0.16518432
36,38,2270,0.1474358,15.380401,5.463484,0.63428324,0.16516978,0.16516978
36,39,2271,0.1474511,15.38097,5.463549,0.6342882,0.16516255,0.16516255
36,40,2272,0.14749673,15.384462,5.4634824,0.6343162,0.16515696,0.16515696
36,41,2273,0.14753765,15.385729,5.4636045,0.63440424,0.16514696,0.16514696
36,42,2274,0.14758877,15.3869095,5.463511,0.6344997,0.16512483,0.16512483
36,43,2275,0.14762515,15.387707,5.4633346,0.6345349,0.16511284,0.16511284
36,44,2276,0.14764327,15.388548,5.4632254,0.6346094,0.16509165,0.16509165
36,45,2277,0.14765722,15.390317,5.4632196,0.6346537,0.16509098,0.16509098
36,46,2278,0.1476668,15.391366,5.4629993,0.6348037,0.1650859,0.1650859
36,47,2279,0.14768861,15.395633,5.4627285,0.6348976,0.16506964,0.16506964
36,48,2280,0.14771792,15.400946,5.462711,0.63503104,0.16506271,0.16506271
36,49,2281,0.14773595,15.40464,5.4625273,0.6351356,0.16505022,0.16505022
36,50,2282,0.14775276,15.406508,5.461983,0.63515425,0.16502573,0.16502573
36,51,2283,0.14776841,15.4089,5.4617295,0.6351414,0.16502476,0.16502476
36,52,2284,0.14778063,15.409557,5.461337,0.6351363,0.16501714,0.16501714
36,53,2285,0.147787,15.410191,5.4610515,0.6351056,0.16500928,0.16500928
36,54,2286,0.1478,15.411287,5.460907,0.63515174,0.16499522,0.16499522
36,55,2287,0.14780423,15.411599,5.460523,0.6351722,0.16497572,0.16497572
36,56,2288,0.14781487,15.411821,5.460234,0.6351614,0.16496594,0.16496594
36,57,2289,0.14782995,15.412852,5.4597588,0.6352316,0.16494834,0.16494834
36,58,2290,0.14784053,15.413438,5.4594393,0.63519925,0.16493665,0.16493665
36,59,2291,0.14784914,15.413361,5.4589667,0.635201,0.1649269,0.1649269
36,60,2292,0.14786133,15.414387,5.4585342,0.6351853,0.16490702,0.16490702
36,61,2293,0.14786637,15.414031,5.458157,0.635214,0.16489519,0.16489519
37,0,2294,0.14786886,15.4143095,5.4578476,0.63527584,0.16487595,0.16487595
37,1,2295,0.14786747,15.413612,5.4574275,0.6352559,0.16486007,0.16486007
37,2,2296,0.14787601,15.414223,5.4571867,0.63532877,0.16484737,0.16484737
37,3,2297,0.1478726,15.4136715,5.456727,0.63534325,0.16482277,0.16482277
37,4,2298,0.14788544,15.415157,5.4564776,0.6353459,0.16481228,0.16481228
37,5,2299,0.14789107,15.415483,5.456041,0.6353795,0.16479827,0.16479827
37,6,2300,0.14789489,15.415363,5.455804,0.6354303,0.16478972,0.16478972
37,7,2301,0.14790164,15.417056,5.4555936,0.6354821,0.16477607,0.16477607
37,8,2302,0.14790638,15.418953,5.455292,0.6355227,0.16476302,0.16476302
37,9,2303,0.14791238,15.41886,5.4548745,0.63557845,0.16474856,0.16474856
37,10,2304,0.14792576,15.419685,5.4546084,0.6356726,0.1647349,0.1647349
37,11,2305,0.14793333,15.419938,5.4544697,0.635822,0.16472466,0.16472466
37,12,2306,0.14793843,15.420362,5.4543276,0.6359281,0.16470754,0.16470754
37,13,2307,0.14794758,15.420553,5.4538693,0.6358925,0.16468745,0.16468745
37,14,2308,0.14795402,15.421154,5.45348,0.6359436,0.16467357,0.16467357
37,15,2309,0.14795184,15.420667,5.4532695,0.6359313,0.16466543,0.16466543
37,16,2310,0.14796282,15.420389,5.45272,0.6358479,0.16465671,0.16465671
37,17,2311,0.14796671,15.420395,5.452423,0.6358794,0.16464047,0.16464047
37,18,2312,0.14797556,15.419873,5.4521785,0.63595057,0.1646368,0.1646368
37,19,2313,0.14799407,15.421409,5.4517546,0.6359457,0.16462351,0.16462351
37,20,2314,0.14801216,15.422872,5.4512978,0.6359452,0.16460304,0.16460304
37,21,2315,0.14801422,15.422648,5.451073,0.6359759,0.16459224,0.16459224
37,22,2316,0.14803779,15.426238,5.4508996,0.63605374,0.16458762,0.16458762
37,23,2317,0.14806412,15.428424,5.4506283,0.6360396,0.16457032,0.16457032
37,24,2318,0.14807698,15.429952,5.4504304,0.6360763,0.1645578,0.1645578
37,25,2319,0.14809479,15.431844,5.450259,0.6360995,0.1645596,0.1645596
37,26,2320,0.14811283,15.433025,5.4500537,0.6361471,0.16455339,0.16455339
37,27,2321,0.14812294,15.43493,5.4497185,0.63616997,0.16454253,0.16454253
37,28,2322,0.14813226,15.434742,5.4494214,0.6361929,0.1645314,0.1645314
37,29,2323,0.14813592,15.434506,5.449173,0.6362421,0.16452146,0.16452146
37,30,2324,0.1481356,15.434424,5.4490485,0.63633657,0.16451594,0.16451594
37,31,2325,0.14813632,15.434158,5.4486856,0.6363271,0.16450338,0.16450338
37,32,2326,0.14813885,15.43394,5.448267,0.63633436,0.1644917,0.1644917
37,33,2327,0.14815396,15.434009,5.447755,0.63635117,0.16447034,0.16447034
37,34,2328,0.1481625,15.434572,5.4474607,0.63639635,0.16447051,0.16447051
37,35,2329,0.14817668,15.435603,5.44715,0.63635993,0.16446409,0.16446409
37,36,2330,0.14819203,15.437931,5.4471254,0.63646924,0.16445641,0.16445641
37,37,2331,0.14820161,15.438364,5.446737,0.63642466,0.1644392,0.1644392
37,38,2332,0.14822254,15.441553,5.4463944,0.6364275,0.16442837,0.16442837
37,39,2333,0.14824732,15.442538,5.445979,0.63639426,0.16441765,0.16441765
37,40,2334,0.14825983,15.4439,5.4456024,0.63634926,0.16440438,0.16440438
37,41,2335,0.14826757,15.443802,5.4452496,0.6363119,0.16439341,0.16439341
37,42,2336,0.14827266,15.444051,5.4451075,0.6363586,0.16437922,0.16437922
37,43,2337,0.14827636,15.444124,5.444977,0.63643974,0.16436534,0.16436534
37,44,2338,0.14827707,15.443678,5.4447374,0.63638926,0.16435687,0.16435687
37,45,2339,0.14829408,15.445131,5.4443846,0.63643914,0.16434401,0.16434401
37,46,2340,0.14830789,15.445632,5.4441633,0.6364079,0.16433132,0.16433132
37,47,2341,0.14831382,15.445744,5.4439874,0.6363847,0.16431804,0.16431804
37,48,2342,0.14832605,15.446308,5.443779,0.63645005,0.16430816,0.16430816
37,49,2343,0.14833629,15.4467125,5.4436016,0.63648665,0.16430604,0.16430604
37,50,2344,0.14835747,15.448371,5.4433956,0.63652027,0.16429448,0.16429448
37,51,2345,0.14835721,15.448107,5.443114,0.63653386,0.16427779,0.16427779
37,52,2346,0.14836946,15.448602,5.442751,0.6365657,0.16426349,0.16426349
37,53,2347,0.14839125,15.450409,5.4424825,0.6365817,0.1642517,0.1642517
37,54,2348,0.14840582,15.4506,5.442243,0.63660294,0.16423617,0.16423617
37,55,2349,0.14840859,15.450424,5.442022,0.6367286,0.16422343,0.16422343
37,56,2350,0.14841866,15.452139,5.4416056,0.63677853,0.16421485,0.16421485
37,57,2351,0.14843926,15.454478,5.441258,0.63676786,0.16420825,0.16420825
37,58,2352,0.14846072,15.456856,5.44098,0.63679945,0.1642033,0.1642033
37,59,2353,0.14846855,15.457848,5.441079,0.63693774,0.16419916,0.16419916
37,60,2354,0.1484865,15.458751,5.4410915,0.63696843,0.16420162,0.16420162
37,61,2355,0.1485031,15.459618,5.4407663,0.6370192,0.16419257,0.16419257
38,0,2356,0.14851755,15.46174,5.4405875,0.6370125,0.16419272,0.16419272
38,1,2357,0.14853477,15.4634695,5.4401712,0.6369792,0.16417736,0.16417736
38,2,2358,0.14854506,15.463803,5.439917,0.6370642,0.16417105,0.16417105
38,3,2359,0.14854659,15.464464,5.4396358,0.6371051,0.16415149,0.16415149
38,4,2360,0.14855114,15.465029,5.4391623,0.6371166,0.16413477,0.16413477
38,5,2361,0.1485667,15.466454,5.4386444,0.63707715,0.1641185,0.1641185
38,6,2362,0.1485946,15.469843,5.4381933,0.63714707,0.16409779,0.16409779
38,7,2363,0.14860092,15.470009,5.4379487,0.6371578,0.16408986,0.16408986
38,8,2364,0.14859927,15.469941,5.437576,0.6371626,0.16407,0.16407
38,9,2365,0.14861692,15.47144,5.4374247,0.63726896,0.16405515,0.16405515
38,10,2366,0.14862555,15.472158,5.4372234,0.63733673,0.1640443,0.1640443
38,11,2367,0.1486314,15.472778,5.4370832,0.63736045,0.16403711,0.16403711
38,12,2368,0.14865166,15.475535,5.436839,0.63741004,0.16402411,0.16402411
38,13,2369,0.14866489,15.477536,5.4366465,0.6375546,0.16400892,0.16400892
38,14,2370,0.14867862,15.479216,5.436361,0.6376213,0.1639961,0.1639961
38,15,2371,0.14868963,15.480557,5.436027,0.63763434,0.16397497,0.16397497
38,16,2372,0.14870828,15.481457,5.435633,0.63766855,0.16396269,0.16396269
38,17,2373,0.14872357,15.481737,5.4352765,0.63777673,0.16394933,0.16394933
38,18,2374,0.14872855,15.481535,5.4351397,0.6377503,0.16394484,0.16394484
38,19,2375,0.14874189,15.48245,5.434913,0.63778055,0.16393998,0.16393998
38,20,2376,0.14875859,15.483472,5.4346046,0.63780254,0.16392788,0.16392788
38,21,2377,0.14877318,15.484172,5.434178,0.6378224,0.16391672,0.16391672
38,22,2378,0.14878194,15.485146,5.4337955,0.63778716,0.16391239,0.16391239
38,23,2379,0.14879197,15.4872465,5.4335036,0.6378913,0.16388838,0.16388838
38,24,2380,0.1488052,15.489151,5.4332047,0.6378942,0.1638695,0.1638695
38,25,2381,0.14882585,15.490932,5.432938,0.63789773,0.16385396,0.16385396
38,26,2382,0.14884879,15.494821,5.4326653,0.6379227,0.16384727,0.16384727
38,27,2383,0.14886117,15.49676,5.432318,0.6380302,0.16383015,0.16383015
38,28,2384,0.14888273,15.497947,5.431872,0.6380053,0.16381064,0.16381064
38,29,2385,0.14889337,15.49861,5.4317117,0.6380931,0.1638058,0.1638058
38,30,2386,0.14890966,15.5002775,5.431428,0.63810486,0.16379637,0.16379637
38,31,2387,0.14891937,15.501453,5.4310527,0.63811135,0.16378057,0.16378057
38,32,2388,0.14893077,15.503268,5.4307814,0.6381491,0.16376674,0.16376674
38,33,2389,0.14893875,15.503764,5.4306445,0.63827634,0.16376026,0.16376026
38,34,2390,0.14894247,15.503892,5.430384,0.6383232,0.16374943,0.16374943
38,35,2391,0.14895354,15.5054245,5.4299474,0.6383084,0.16373798,0.16373798
38,36,2392,0.14895785,15.505928,5.4298215,0.63840103,0.16372615,0.16372615
38,37,2393,0.14899738,15.51181,5.4296737,0.63844615,0.16371763,0.16371763
38,38,2394,0.14901987,15.515274,5.429595,0.63851047,0.16371365,0.16371365
38,39,2395,0.14903213,15.516096,5.429407,0.63860404,0.16370322,0.16370322
38,40,2396,0.14904855,15.517177,5.429401,0.63870543,0.16369608,0.16369608
38,41,2397,0.14907485,15.520146,5.429256,0.6387997,0.16368961,0.16368961
38,42,2398,0.1490969,15.522668,5.429115,0.63894594,0.16367352,0.16367352
38,43,2399,0.14911254,15.524453,5.4288692,0.6389975,0.16365787,0.16365787
38,44,2400,0.14912865,15.525097,5.4285464,0.6390679,0.16364379,0.16364379
38,45,2401,0.14914802,15.526967,5.4282303,0.63909215,0.16363262,0.16363262
38,46,2402,0.1491606,15.527815,5.4278398,0.6390622,0.16361775,0.16361775
38,47,2403,0.1491688,15.528706,5.4276857,0.6391467,0.16360396,0.16360396
38,48,2404,0.14918475,15.529755,5.427776,0.6391532,0.16360818,0.16360818
38,49,2405,0.14919466,15.531293,5.427804,0.63927656,0.16359164,0.16359164
38,50,2406,0.14922301,15.53252,5.427745,0.6393614,0.16358216,0.16358216
38,51,2407,0.14925066,15.534041,5.4277406,0.6395505,0.16357428,0.16357428
38,52,2408,0.14926812,15.536371,5.4276314,0.63951176,0.16357787,0.16357787
38,53,2409,0.149283,15.538078,5.4273243,0.6395359,0.16356073,0.16356073
38,54,2410,0.14930564,15.539628,5.427218,0.6395893,0.16355796,0.16355796
38,55,2411,0.14931753,15.540336,5.4269624,0.6395906,0.16355357,0.16355357
38,56,2412,0.14933038,15.541893,5.426763,0.6396493,0.16354257,0.16354257
38,57,2413,0.14933202,15.541773,5.4264045,0.6396303,0.1635285,0.1635285
38,58,2414,0.14934908,15.54251,5.4259396,0.6396403,0.16351451,0.16351451
38,59,2415,0.14935634,15.543877,5.4256544,0.63975716,0.16350158,0.16350158
38,60,2416,0.14936125,15.543837,5.42547,0.63986653,0.16348955,0.16348955
38,61,2417,0.14937858,15.5460415,5.4253764,0.6399769,0.16347802,0.16347802
39,0,2418,0.14938699,15.54726,5.425068,0.64003813,0.16346613,0.16346613
39,1,2419,0.14939442,15.548142,5.424967,0.6401421,0.16346104,0.16346104
39,2,2420,0.14940609,15.549201,5.4246674,0.64012027,0.1634592,0.1634592
39,3,2421,0.14942119,15.55143,5.424281,0.6401638,0.16344489,0.16344489
39,4,2422,0.14943074,15.552992,5.4239783,0.64023334,0.16343154,0.16343154
39,5,2423,0.14945212,15.554436,5.4236255,0.6402874,0.16341537,0.16341537
39,6,2424,0.14946023,15.555495,5.423252,0.6403372,0.16339776,0.16339776
39,7,2425,0.14947253,15.557146,5.4229417,0.64030474,0.16339453,0.16339453
39,8,2426,0.14947486,15.557387,5.4226856,0.64035195,0.16338791,0.16338791
39,9,2427,0.1494881,15.559319,5.4223228,0.64040244,0.16337419,0.16337419
39,10,2428,0.14949417,15.559461,5.4220395,0.6404061,0.16336289,0.16336289
39,11,2429,0.14950073,15.559997,5.421644,0.6404955,0.1633428,0.1633428
39,12,2430,0.14951833,15.562439,5.4213343,0.640494,0.16332503,0.16332503
39,13,2431,0.14953321,15.5644,5.4212,0.6405471,0.16332373,0.16332373
39,14,2432,0.14954704,15.565451,5.4211373,0.64070207,0.16330901,0.16330901
39,15,2433,0.14956109,15.566122,5.420915,0.640766,0.1632992,0.1632992
39,16,2434,0.14957175,15.5674515,5.4207587,0.6408509,0.16328713,0.16328713
39,17,2435,0.14958577,15.567509,5.4203854,0.6408905,0.16327427,0.16327427
39,18,2436,0.14959499,15.568754,5.4199324,0.64083666,0.16326746,0.16326746
39,19,2437,0.14960238,15.569761,5.419529,0.6408315,0.1632564,0.1632564
39,20,2438,0.14961666,15.5705,5.4192047,0.64084315,0.16324706,0.16324706
39,21,2439,0.14962241,15.572119,5.418983,0.6408248,0.16323632,0.16323632
39,22,2440,0.14965014,15.57351,5.418836,0.640919,0.1632217,0.1632217
39,23,2441,0.14967716,15.574987,5.4185357,0.64098775,0.1632092,0.1632092
39,24,2442,0.1497026,15.579176,5.4182606,0.64103687,0.16319463,0.16319463
39,25,2443,0.14971535,15.580013,5.418066,0.64108646,0.16318096,0.16318096
39,26,2444,0.14972115,15.580741,5.417715,0.6410811,0.16317199,0.16317199
39,27,2445,0.14973414,15.581807,5.4174433,0.64101,0.16317159,0.16317159
39,28,2446,0.14974332,15.582785,5.417469,0.64107984,0.16317071,0.16317071
39,29,2447,0.14975202,15.5837555,5.417473,0.6411818,0.16317037,0.16317037
39,30,2448,0.14977026,15.586551,5.4173794,0.6412192,0.16316338,0.16316338
39,31,2449,0.14978226,15.587995,5.4172807,0.6413622,0.1631576,0.1631576
39,32,2450,0.14979556,15.58978,5.4170876,0.64138937,0.1631479,0.1631479
39,33,2451,0.14981054,15.5924,5.4166894,0.64134866,0.16313419,0.16313419
39,34,2452,0.14982721,15.594886,5.416499,0.6414502,0.16312097,0.16312097
39,35,2453,0.1498405,15.596795,5.416526,0.64154685,0.16311872,0.16311872
39,36,2454,0.1498676,15.5993595,5.416451,0.64166164,0.16310635,0.16310635
39,37,2455,0.14987601,15.600738,5.4163604,0.64168483,0.163097,0.163097
39,38,2456,0.14990024,15.601918,5.4160647,0.64163405,0.16308844,0.16308844
39,39,2457,0.14991313,15.602546,5.415829,0.6416262,0.16307542,0.16307542
39,40,2458,0.14992762,15.6026125,5.415759,0.6416305,0.16307409,0.16307409
39,41,2459,0.14993595,15.602565,5.4153657,0.6415979,0.1630666,0.1630666
39,42,2460,0.1499446,15.60305,5.41538,0.6417348,0.16306303,0.16306303
39,43,2461,0.14994618,15.603298,5.415403,0.6417996,0.16306245,0.16306245
39,44,2462,0.1499526,15.6043825,5.415095,0.6417528,0.16305347,0.16305347
39,45,2463,0.14996317,15.605237,5.4148173,0.6417358,0.16303636,0.16303636
39,46,2464,0.14998111,15.606977,5.4148154,0.6417873,0.16303313,0.16303313
39,47,2465,0.15000123,15.608902,5.414482,0.64179397,0.16301902,0.16301902
39,48,2466,0.15000877,15.609371,5.414487,0.64185405,0.16301191,0.16301191
39,49,2467,0.1500139,15.610099,5.414193,0.64185524,0.1629968,0.1629968
39,50,2468,0.1500228,15.609569,5.4139814,0.6418083,0.1629936,0.1629936
39,51,2469,0.15003708,15.610033,5.413692,0.6417884,0.16297933,0.16297933
39,52,2470,0.15004921,15.611002,5.4133677,0.6418186,0.16296646,0.16296646
39,53,2471,0.1500697,15.613058,5.4129896,0.6418109,0.1629543,0.1629543
39,54,2472,0.15007982,15.613459,5.412717,0.6418417,0.16294006,0.16294006
39,55,2473,0.150087,15.613544,5.412569,0.6419504,0.16293249,0.16293249
39,56,2474,0.15010014,15.614283,5.4122834,0.6419886,0.1629221,0.1629221
39,57,2475,0.15010929,15.615166,5.411869,0.6419899,0.16290754,0.16290754
39,58,2476,0.15012631,15.616253,5.411298,0.6419224,0.16288933,0.16288933
39,59,2477,0.15013501,15.615654,5.4108486,0.641834,0.16287497,0.16287497
39,60,2478,0.15014008,15.615693,5.4105177,0.64173776,0.16286781,0.16286781
39,61,2479,0.1501488,15.616592,5.41028,0.641747,0.16285743,0.16285743
40,0,2480,0.15015054,15.615782,5.4099164,0.64179766,0.16284445,0.16284445
40,1,2481,0.15016168,15.61597,5.409532,0.64186627,0.16283578,0.16283578
40,2,2482,0.15017186,15.61656,5.409163,0.64191735,0.16282322,0.16282322
40,3,2483,0.15019174,15.617117,5.4088283,0.64190525,0.16281314,0.16281314
40,4,2484,0.15020022,15.618363,5.408594,0.6419963,0.16280688,0.16280688
40,5,2485,0.15021567,15.620268,5.408338,0.6420559,0.16279323,0.16279323
40,6,2486,0.1502252,15.621397,5.407937,0.6420138,0.16277988,0.16277988
40,7,2487,0.150231,15.621412,5.4075303,0.6419878,0.16277312,0.16277312
40,8,2488,0.15024737,15.623137,5.407136,0.64197755,0.16275935,0.16275935
40,9,2489,0.15025939,15.624717,5.406993,0.64202505,0.16275686,0.16275686
40,10,2490,0.15027216,15.626122,5.4067225,0.6420241,0.16274002,0.16274002
40,11,2491,0.150285,15.627795,5.4065504,0.6421192,0.1627299,0.1627299
40,12,2492,0.15030415,15.629038,5.4062304,0.6422024,0.16271873,0.16271873
40,13,2493,0.15032548,15.631606,5.4059715,0.6422992,0.1627062,0.1627062
40,14,2494,0.1503403,15.634021,5.4057126,0.6423266,0.16269681,0.16269681
40,15,2495,0.15035182,15.635172,5.4054313,0.6423358,0.162685,0.162685
40,16,2496,0.15035841,15.6358185,5.4052815,0.6423189,0.16267389,0.16267389
40,17,2497,0.15037113,15.636715,5.4051313,0.64236313,0.16267179,0.16267179
40,18,2498,0.15037641,15.636351,5.4050465,0.64244574,0.16266201,0.16266201
40,19,2499,0.15039432,15.638916,5.404925,0.64259285,0.16265321,0.16265321
40,20,2500,0.15041536,15.640977,5.404632,0.6426761,0.16263865,0.16263865
40,21,2501,0.15043125,15.643724,5.4043517,0.6426926,0.16262753,0.16262753
40,22,2502,0.15044573,15.646148,5.4041195,0.64275557,0.16261946,0.16261946
40,23,2503,0.150457,15.647882,5.4039407,0.64280885,0.16260557,0.16260557
40,24,2504,0.15047252,15.648985,5.403594,0.64287937,0.16259061,0.16259061
40,25,2505,0.15048873,15.649593,5.403318,0.6428649,0.16258249,0.16258249
40,26,2506,0.15051538,15.651134,5.403073,0.6428817,0.16257803,0.16257803
40,27,2507,0.15052928,15.651759,5.402886,0.64294475,0.16257104,0.16257104
40,28,2508,0.15053645,15.652392,5.402593,0.6429043,0.16255574,0.16255574
40,29,2509,0.15057033,15.65502,5.402485,0.64294165,0.16254883,0.16254883
40,30,2510,0.15058795,15.656814,5.4023256,0.6429851,0.16254283,0.16254283
40,31,2511,0.15060438,15.657091,5.4019723,0.6429708,0.1625316,0.1625316
40,32,2512,0.15061542,15.658061,5.40162,0.6429953,0.16251834,0.16251834
40,33,2513,0.1506366,15.660461,5.401477,0.6431252,0.16250789,0.16250789
40,34,2514,0.15065126,15.6620865,5.4011326,0.64323425,0.16249055,0.16249055
40,35,2515,0.1506755,15.665871,5.4008703,0.64331496,0.16247736,0.16247736
40,36,2516,0.15071097,15.671772,5.4006557,0.64341867,0.16246484,0.16246484
40,37,2517,0.1507281,15.673986,5.4004645,0.6433867,0.16244967,0.16244967
40,38,2518,0.15074542,15.675574,5.4002714,0.6434672,0.16243145,0.16243145
40,39,2519,0.15077204,15.676755,5.400088,0.6435842,0.1624146,0.1624146
40,40,2520,0.15078786,15.678397,5.3997936,0.6435776,0.16241117,0.16241117
40,41,2521,0.15080252,15.679804,5.3994865,0.6436315,0.16238928,0.16238928
40,42,2522,0.15082176,15.68145,5.3991437,0.64362377,0.16237481,0.16237481
40,43,2523,0.15084091,15.683696,5.398821,0.643627,0.16236253,0.16236253
40,44,2524,0.15085265,15.684854,5.3986125,0.643664,0.16235465,0.16235465
40,45,2525,0.15087298,15.686387,5.398502,0.6437849,0.16235372,0.16235372
40,46,2526,0.15087867,15.68602,5.3983383,0.6438357,0.16235407,0.16235407
40,47,2527,0.15088671,15.687114,5.3980675,0.64388543,0.16234998,0.16234998
40,48,2528,0.15090308,15.688313,5.3980203,0.6439726,0.16234098,0.16234098
40,49,2529,0.15090993,15.689171,5.397914,0.6440446,0.16233261,0.16233261
40,50,2530,0.15092216,15.690812,5.3976517,0.6440592,0.16232125,0.16232125
40,51,2531,0.15095098,15.6922455,5.3973513,0.6440782,0.16230491,0.16230491
40,52,2532,0.1509705,15.693506,5.397054,0.6441745,0.16229072,0.16229072
40,53,2533,0.15098321,15.695554,5.3966293,0.6441694,0.16227949,0.16227949
40,54,2534,0.15100083,15.696626,5.3965034,0.64420766,0.16228198,0.16228198
40,55,2535,0.15100423,15.697643,5.3962293,0.6441326,0.16227494,0.16227494
40,56,2536,0.15101546,15.699895,5.395826,0.64410764,0.1622631,0.1622631
40,57,2537,0.15103228,15.701154,5.3956337,0.6441219,0.16225512,0.16225512
40,58,2538,0.15105048,15.702389,5.395274,0.6441001,0.16224185,0.16224185
40,59,2539,0.15106943,15.70375,5.394923,0.64409745,0.16222888,0.16222888
40,60,2540,0.15107845,15.703813,5.3946924,0.64410293,0.16222091,0.16222091
40,61,2541,0.15108901,15.70507,5.394582,0.64413416,0.16221,0.16221
41,0,2542,0.1510929,15.704775,5.3942904,0.644119,0.16219619,0.16219619
41,1,2543,0.15110111,15.705708,5.3941765,0.64421576,0.16219129,0.16219129
41,2,2544,0.15111361,15.707159,5.393942,0.6442888,0.16217618,0.16217618
41,3,2545,0.15112382,15.708548,5.3937855,0.6443684,0.16217251,0.16217251
41,4,2546,0.15112922,15.709299,5.3933654,0.6443686,0.16215652,0.16215652
41,5,2547,0.15113243,15.7097025,5.3931594,0.64447576,0.16214266,0.16214266
41,6,2548,0.15113829,15.710375,5.393004,0.6446191,0.16212831,0.16212831
41,7,2549,0.15114897,15.710716,5.392841,0.6446455,0.16212477,0.16212477
41,8,2550,0.15115997,15.711866,5.3924084,0.64465725,0.16210832,0.16210832
41,9,2551,0.1511752,15.713507,5.392122,0.6447827,0.16209067,0.16209067
41,10,2552,0.15119448,15.713769,5.392054,0.644872,0.16208485,0.16208485
41,11,2553,0.15121338,15.715575,5.391842,0.64493597,0.16207114,0.16207114
41,12,2554,0.15122831,15.71652,5.3913736,0.64493555,0.16204876,0.16204876
41,13,2555,0.1512341,15.716964,5.3912,0.6450111,0.1620364,0.1620364
41,14,2556,0.15124908,15.718404,5.3910117,0.6450428,0.16202776,0.16202776
41,15,2557,0.15126684,15.719858,5.3907704,0.64506227,0.1620111,0.1620111
41,16,2558,0.15127698,15.721327,5.3905277,0.6451239,0.16199833,0.16199833
41,17,2559,0.15129045,15.721748,5.3901896,0.64517105,0.16198383,0.16198383
41,18,2560,0.15129468,15.721391,5.389935,0.6451323,0.16198157,0.16198157
41,19,2561,0.1513216,15.724882,5.389749,0.6451885,0.1619718,0.1619718
41,20,2562,0.1513445,15.727531,5.389618,0.6452354,0.16196622,0.16196622
41,21,2563,0.15135626,15.729067,5.3894033,0.64527303,0.16195214,0.16195214
41,22,2564,0.15136422,15.729859,5.3891573,0.645318,0.1619374,0.1619374
41,23,2565,0.15137357,15.731272,5.3888183,0.6453159,0.16192941,0.16192941
41,24,2566,0.15139118,15.732922,5.388513,0.6453875,0.16191237,0.16191237
41,25,2567,0.1514125,15.734464,5.3882666,0.6454726,0.16189401,0.16189401
41,26,2568,0.15143454,15.735356,5.38812,0.6455205,0.16189283,0.16189283
41,27,2569,0.15145537,15.737197,5.387853,0.64554024,0.16188592,0.16188592
41,28,2570,0.15147859,15.738836,5.3876057,0.6455353,0.16188172,0.16188172
41,29,2571,0.15149777,15.739772,5.3874116,0.64554954,0.16187502,0.16187502
41,30,2572,0.15151991,15.742366,5.3871317,0.64553475,0.16186179,0.16186179
41,31,2573,0.15152815,15.743486,5.3870454,0.6456398,0.16184638,0.16184638
41,32,2574,0.15154123,15.745783,5.3867345,0.6456803,0.16183163,0.16183163
41,33,2575,0.15156116,15.748135,5.386561,0.64576757,0.16182362,0.16182362
41,34,2576,0.15157689,15.750059,5.3862343,0.6457771,0.16180974,0.16180974
41,35,2577,0.15159339,15.752018,5.38595,0.64580476,0.16179991,0.16179991
41,36,2578,0.15160519,15.752467,5.3857174,0.64582497,0.16179647,0.16179647
41,37,2579,0.15161595,15.753523,5.3854523,0.6457844,0.16178334,0.16178334
41,38,2580,0.15162095,15.753987,5.385302,0.6458161,0.16177751,0.16177751
41,39,2581,0.15162964,15.754255,5.3849306,0.64593035,0.161761,0.161761
41,40,2582,0.1516421,15.75526,5.3844786,0.64587736,0.16174251,0.16174251
41,41,2583,0.15164618,15.755113,5.384258,0.6459692,0.16173206,0.16173206
41,42,2584,0.15165658,15.755764,5.383924,0.6459398,0.16171972,0.16171972
41,43,2585,0.1516662,15.757883,5.383748,0.6460274,0.16171741,0.16171741
41,44,2586,0.15167388,15.758138,5.3835936,0.6460789,0.16170192,0.16170192
41,45,2587,0.15169266,15.759569,5.3835034,0.6461461,0.16169828,0.16169828
41,46,2588,0.1517049,15.760951,5.383106,0.646161,0.16168007,0.16168007
41,47,2589,0.15172806,15.762593,5.3828864,0.64620924,0.16167118,0.16167118
41,48,2590,0.15175475,15.76457,5.3827586,0.6462928,0.161661,0.161661
41,49,2591,0.15177375,15.766612,5.382453,0.64634067,0.16165167,0.16165167
41,50,2592,0.15178585,15.767609,5.38203,0.64640456,0.16163997,0.16163997
41,51,2593,0.1518049,15.769408,5.381772,0.6464054,0.16162746,0.16162746
41,52,2594,0.15182877,15.77198,5.381573,0.6464997,0.16161782,0.16161782
41,53,2595,0.15184917,15.773278,5.38135,0.6465768,0.16160688,0.16160688
41,54,2596,0.15186137,15.77462,5.3809958,0.64658487,0.1615967,0.1615967
41,55,2597,0.15187319,15.776831,5.3806715,0.6465814,0.16157776,0.16157776
41,56,2598,0.15188995,15.778716,5.3804827,0.6465716,0.16156913,0.16156913
41,57,2599,0.15192077,15.781967,5.380421,0.6465407,0.16155921,0.16155921
41,58,2600,0.1519337,15.783381,5.3806143,0.64662755,0.1615645,0.1615645
41,59,2601,0.15195134,15.78549,5.380466,0.64665014,0.16155308,0.16155308
41,60,2602,0.15196534,15.785901,5.3803196,0.6467049,0.16154851,0.16154851
41,61,2603,0.15197472,15.78601,5.380147,0.64671564,0.16154085,0.16154085
42,0,2604,0.15198338,15.786284,5.379834,0.64675194,0.16152444,0.16152444
42,1,2605,0.1519938,15.786589,5.379599,0.6467922,0.16151592,0.16151592
42,2,2606,0.15201,15.78857,5.379447,0.6468389,0.16151053,0.16151053
42,3,2607,0.15201846,15.788945,5.379413,0.6469516,0.1615055,0.1615055
42,4,2608,0.15203288,15.790261,5.379232,0.6469565,0.16149001,0.16149001
42,5,2609,0.15204778,15.791617,5.3790555,0.64704245,0.16147391,0.16147391
42,6,2610,0.15206303,15.792447,5.3788342,0.647149,0.16145934,0.16145934
42,7,2611,0.15207615,15.793523,5.3786993,0.6471826,0.16145182,0.16145182
42,8,2612,0.15208367,15.79487,5.3785486,0.64723927,0.1614403,0.1614403
42,9,2613,0.15208955,15.7955885,5.3782034,0.6472741,0.16142891,0.16142891
42,10,2614,0.1520974,15.796214,5.377939,0.6473388,0.16141556,0.16141556
42,11,2615,0.1521121,15.7976,5.377634,0.6473695,0.16140339,0.16140339
42,12,2616,0.15212385,15.798693,5.3774667,0.6474698,0.16138518,0.16138518
42,13,2617,0.15213487,15.800103,5.377333,0.647505,0.16137983,0.16137983
42,14,2618,0.15215154,15.801064,5.3770065,0.64752537,0.16137081,0.16137081
42,15,2619,0.15216476,15.802386,5.376514,0.64749986,0.16134967,0.16134967
42,16,2620,0.15217596,15.803555,5.3761597,0.64743733,0.16133487,0.16133487
42,17,2621,0.15218514,15.80464,5.3758197,0.6473871,0.16132174,0.16132174
42,18,2622,0.15218641,15.804267,5.3758574,0.64745396,0.16131964,0.16131964
42,19,2623,0.15219638,15.805233,5.375593,0.64744467,0.16130422,0.16130422
42,20,2624,0.15220459,15.804894,5.375351,0.64755833,0.16129243,0.16129243
42,21,2625,0.15222037,15.806871,5.375229,0.64757097,0.16129372,0.16129372
42,22,2626,0.1522326,15.807665,5.3751187,0.6477052,0.16129044,0.16129044
42,23,2627,0.15224756,15.809006,5.3748507,0.64773196,0.16128281,0.16128281
42,24,2628,0.1522578,15.809595,5.3745794,0.6477555,0.16127321,0.16127321
42,25,2629,0.1522689,15.811255,5.374265,0.6477859,0.16126509,0.16126509
42,26,2630,0.15228266,15.812532,5.373955,0.64775074,0.16125399,0.16125399
42,27,2631,0.15229248,15.812582,5.3737783,0.6478282,0.16124666,0.16124666
42,28,2632,0.15232286,15.813258,5.3735204,0.6478251,0.16123697,0.16123697
42,29,2633,0.15233606,15.814694,5.373129,0.64778715,0.16122077,0.16122077
42,30,2634,0.1523452,15.81524,5.372728,0.6477078,0.16120557,0.16120557
42,31,2635,0.15235871,15.817264,5.37243,0.6477172,0.16118422,0.16118422
42,32,2636,0.15237924,15.819136,5.372202,0.6477578,0.16117808,0.16117808
42,33,2637,0.15239587,15.819872,5.371904,0.64781106,0.16116549,0.16116549
42,34,2638,0.15240936,15.821627,5.371763,0.6478491,0.16116469,0.16116469
42,35,2639,0.15242012,15.822467,5.3715224,0.6478816,0.16115655,0.16115655
42,36,2640,0.15243867,15.8246355,5.371305,0.64792746,0.1611483,0.1611483
42,37,2641,0.15245032,15.824926,5.371169,0.64798987,0.16114797,0.16114797
42,38,2642,0.15245949,15.826121,5.3710384,0.64808816,0.16113578,0.16113578
42,39,2643,0.15247297,15.828284,5.370763,0.6481042,0.16112278,0.16112278
42,40,2644,0.1524871,15.828779,5.3706574,0.64820075,0.16111769,0.16111769
42,41,2645,0.15250742,15.830368,5.370281,0.64819247,0.1611083,0.1611083
42,42,2646,0.15252642,15.832048,5.370185,0.64819753,0.16110411,0.16110411
42,43,2647,0.15255511,15.83404,5.3702645,0.64820594,0.16109143,0.16109143
42,44,2648,0.15256464,15.834115,5.369883,0.6481637,0.161074,0.161074
42,45,2649,0.15257934,15.835608,5.369715,0.6482473,0.16105562,0.16105562
42,46,2650,0.15259013,15.83667,5.3695927,0.64834404,0.16104867,0.16104867
42,47,2651,0.15261225,15.838636,5.3694344,0.64842725,0.16103873,0.16103873
42,48,2652,0.15261704,15.839081,5.369152,0.6484291,0.1610313,0.1610313
42,49,2653,0.15262726,15.839118,5.369009,0.6484891,0.16102426,0.16102426
42,50,2654,0.15263765,15.840098,5.368745,0.6485439,0.1610086,0.1610086
42,51,2655,0.15265682,15.842919,5.368368,0.64853776,0.16099313,0.16099313
42,52,2656,0.1526638,15.84429,5.368068,0.6485784,0.16098268,0.16098268
42,53,2657,0.15266824,15.845287,5.3678074,0.64857924,0.16097653,0.16097653
42,54,2658,0.15268457,15.8467655,5.367446,0.648619,0.16096142,0.16096142
42,55,2659,0.1526881,15.84737,5.367124,0.64859,0.1609548,0.1609548
42,56,2660,0.15269923,15.848396,5.3668737,0.6485967,0.1609388,0.1609388
42,57,2661,0.15270942,15.849543,5.366821,0.6486131,0.16093862,0.16093862
42,58,2662,0.15271765,15.850097,5.3666673,0.6486603,0.1609268,0.1609268
42,59,2663,0.152733,15.851012,5.3665,0.64877695,0.16091543,0.16091543
42,60,2664,0.15275079,15.852202,5.366475,0.6487711,0.16091117,0.16091117
42,61,2665,0.15276206,15.85249,5.3662014,0.6487994,0.1609007,0.1609007
43,0,2666,0.15276566,15.852891,5.3659945,0.6488356,0.16089036,0.16089036
43,1,2667,0.15278085,15.854269,5.365712,0.6488692,0.16088212,0.16088212
43,2,2668,0.15280212,15.855273,5.365517,0.6489203,0.1608776,0.1608776
43,3,2669,0.15281312,15.855597,5.365246,0.6489375,0.16086353,0.16086353
43,4,2670,0.15282246,15.8564205,5.365197,0.6489921,0.16085935,0.16085935
43,5,2671,0.15283464,15.85657,5.36485,0.64900976,0.16084866,0.16084866
43,6,2672,0.15284005,15.85706,5.3645916,0.6490168,0.1608463,0.1608463
43,7,2673,0.15285382,15.858832,5.3642764,0.6491155,0.16083029,0.16083029
43,8,2674,0.1528706,15.860668,5.3638554,0.64915985,0.16081618,0.16081618
43,9,2675,0.15288259,15.862947,5.363497,0.64911276,0.16080709,0.16080709
43,10,2676,0.15289634,15.864801,5.3633075,0.6490962,0.16080357,0.16080357
43,11,2677,0.15293562,15.869196,5.3630624,0.6490462,0.16079348,0.16079348
43,12,2678,0.15296268,15.872185,5.362735,0.64905167,0.1607795,0.1607795
43,13,2679,0.15297352,15.873781,5.362491,0.6490792,0.16076614,0.16076614
43,14,2680,0.1529912,15.87552,5.362147,0.6491048,0.16075042,0.16075042
43,15,2681,0.15300082,15.876101,5.3617554,0.64905,0.16073866,0.16073866
43,16,2682,0.15301897,15.877401,5.361594,0.6490972,0.16073436,0.16073436
43,17,2683,0.15303493,15.8776655,5.361376,0.6490773,0.16072708,0.16072708
43,18,2684,0.15305933,15.878846,5.3610535,0.6491154,0.1607123,0.1607123
43,19,2685,0.15307876,15.880007,5.3609285,0.6491563,0.1607043,0.1607043
43,20,2686,0.15310106,15.881928,5.360755,0.6492059,0.1606903,0.1606903
43,21,2687,0.1531193,15.882903,5.360701,0.64928526,0.16068518,0.16068518
43,22,2688,0.1531271,15.88355,5.360449,0.6492854,0.16067389,0.16067389
43,23,2689,0.15313399,15.884191,5.360195,0.6492436,0.16066499,0.16066499
43,24,2690,0.15314145,15.8848915,5.3601685,0.6492999,0.16065694,0.16065694
43,25,2691,0.15317184,15.88539,5.359973,0.649361,0.16064404,0.16064404
43,26,2692,0.1531919,15.8863945,5.3597603,0.649418,0.16063699,0.16063699
43,27,2693,0.1532005,15.887054,5.359643,0.64950705,0.16063063,0.16063063
43,28,2694,0.15320528,15.88733,5.3593407,0.64956456,0.16061872,0.16061872
43,29,2695,0.15321909,15.887967,5.359241,0.64966524,0.16060777,0.16060777
43,30,2696,0.15322712,15.888572,5.3588843,0.64966476,0.16058937,0.16058937
43,31,2697,0.15324461,15.890503,5.3585973,0.6496089,0.16057768,0.16057768
43,32,2698,0.15324637,15.890545,5.3583956,0.649659,0.16057089,0.16057089
43,33,2699,0.15324453,15.889767,5.3580637,0.64968604,0.16055802,0.16055802
43,34,2700,0.15325423,15.8911915,5.357799,0.6497309,0.16053674,0.16053674
43,35,2701,0.15325794,15.890853,5.3575826,0.6497433,0.16053215,0.16053215
43,36,2702,0.15327896,15.892569,5.357137,0.64970714,0.1605209,0.1605209
43,37,2703,0.15329218,15.893808,5.35686,0.6497544,0.16051225,0.16051225
43,38,2704,0.1533035,15.896244,5.356396,0.6497744,0.16049752,0.16049752
43,39,2705,0.15332033,15.897283,5.3559833,0.6498016,0.16048123,0.16048123
43,40,2706,0.15332574,15.8979,5.355704,0.6498,0.16046941,0.16046941
43,41,2707,0.15333617,15.898624,5.355454,0.6498143,0.16045508,0.16045508
43,42,2708,0.15334806,15.899361,5.355245,0.64989734,0.16044289,0.16044289
43,43,2709,0.15335238,15.900375,5.3550615,0.6499149,0.16043262,0.16043262
43,44,2710,0.15335946,15.900543,5.3549547,0.64995533,0.16042913,0.16042913
43,45,2711,0.15338057,15.901452,5.354847,0.6499927,0.1604241,0.1604241
43,46,2712,0.15339921,15.902424,5.3547425,0.65003145,0.16041607,0.16041607
43,47,2713,0.15341327,15.904023,5.354619,0.65004677,0.16040564,0.16040564
43,48,2714,0.1534282,15.905502,5.3544,0.6500747,0.16039751,0.16039751
43,49,2715,0.15344253,15.906917,5.354161,0.65013343,0.16038202,0.16038202
43,50,2716,0.15345193,15.907854,5.3539543,0.6501328,0.16037464,0.16037464
43,51,2717,0.15347041,15.909595,5.3540106,0.65018284,0.1603736,0.1603736
43,52,2718,0.1534844,15.910937,5.3539753,0.6502253,0.16036473,0.16036473
43,53,2719,0.15350586,15.912862,5.353706,0.65021235,0.16036223,0.16036223
43,54,2720,0.15352318,15.91403,5.3533134,0.6501997,0.16034444,0.16034444
43,55,2721,0.15354156,15.915418,5.353033,0.65025777,0.16033313,0.16033313
43,56,2722,0.15355466,15.917045,5.352886,0.650363,0.1603225,0.1603225
43,57,2723,0.15358023,15.91937,5.3527007,0.6503928,0.1603168,0.1603168
43,58,2724,0.15359539,15.920965,5.352441,0.65042835,0.1603044,0.1603044
43,59,2725,0.15360488,15.921539,5.3521914,0.65041506,0.16029496,0.16029496
43,60,2726,0.15361556,15.922612,5.3519206,0.65044415,0.16028878,0.16028878
43,61,2727,0.15362558,15.92375,5.3516984,0.65045744,0.16027719,0.16027719
44,0,2728,0.1536353,15.923831,5.351302,0.6504634,0.1602694,0.1602694
44,1,2729,0.15364599,15.92434,5.351064,0.6505098,0.16025531,0.16025531
44,2,2730,0.15365875,15.925082,5.350838,0.6505743,0.16024931,0.16024931
44,3,2731,0.15366398,15.925988,5.350658,0.6506876,0.16023195,0.16023195
44,4,2732,0.15367845,15.927839,5.350387,0.65071505,0.160223,0.160223
44,5,2733,0.1536941,15.92902,5.350085,0.6507297,0.16020548,0.16020548
44,6,2734,0.15370816,15.930449,5.349688,0.6506888,0.16018908,0.16018908
44,7,2735,0.15372087,15.932599,5.349366,0.65070814,0.16017243,0.16017243
44,8,2736,0.15372561,15.933519,5.3491096,0.6507661,0.16015907,0.16015907
44,9,2737,0.15373378,15.934136,5.34901,0.6509005,0.16015065,0.16015065
44,10,2738,0.15374452,15.935758,5.348785,0.6509751,0.16013667,0.16013667
44,11,2739,0.15375744,15.937013,5.3486104,0.6510176,0.16012894,0.16012894
44,12,2740,0.15376866,15.936945,5.348203,0.6510151,0.16011648,0.16011648
44,13,2741,0.15378785,15.938729,5.347808,0.65104467,0.16009961,0.16009961
44,14,2742,0.15380277,15.939662,5.3476357,0.6510807,0.16009484,0.16009484
44,15,2743,0.15381916,15.939829,5.347527,0.6511527,0.1600875,0.1600875
44,16,2744,0.15383184,15.94065,5.347228,0.6511894,0.16007505,0.16007505
44,17,2745,0.15385479,15.942086,5.346863,0.65122426,0.16006583,0.16006583
44,18,2746,0.15387952,15.944905,5.346537,0.6511997,0.16006008,0.16006008
44,19,2747,0.15388809,15.945903,5.346175,0.651187,0.16005082,0.16005082
44,20,2748,0.15389112,15.947302,5.346043,0.65119356,0.16005369,0.16005369
44,21,2749,0.15390444,15.949328,5.345854,0.65124303,0.16004257,0.16004257
44,22,2750,0.15391797,15.951535,5.345639,0.6513057,0.16002892,0.16002892
44,23,2751,0.1539377,15.953636,5.3453126,0.6513546,0.16000982,0.16000982
44,24,2752,0.15395989,15.95588,5.3449464,0.6513854,0.15999538,0.15999538
44,25,2753,0.15397222,15.956479,5.344813,0.65147066,0.15998626,0.15998626
44,26,2754,0.15399459,15.957869,5.344662,0.651451,0.15998615,0.15998615
44,27,2755,0.1540018,15.957558,5.3443637,0.6514659,0.1599801,0.1599801
44,28,2756,0.15401427,15.958559,5.3442163,0.6515025,0.15997341,0.15997341
44,29,2757,0.1540297,15.959811,5.3440638,0.65157205,0.15996516,0.15996516
44,30,2758,0.15404883,15.960667,5.3439164,0.6515817,0.1599595,0.1599595
44,31,2759,0.15406612,15.96219,5.3436565,0.65159464,0.1599554,0.1599554
44,32,2760,0.15408051,15.964845,5.3435397,0.6516759,0.1599493,0.1599493
44,33,2761,0.15408808,15.96534,5.343143,0.6516725,0.15993921,0.15993921
44,34,2762,0.15409935,15.965869,5.342839,0.6517252,0.15992688,0.15992688
44,35,2763,0.15411326,15.967235,5.3425674,0.65167737,0.15991588,0.15991588
44,36,2764,0.15412338,15.967983,5.342313,0.65171844,0.15990654,0.15990654
44,37,2765,0.15412757,15.968269,5.3420415,0.6517447,0.15989657,0.15989657
44,38,2766,0.15415218,15.969592,5.3416586,0.65168476,0.15988658,0.15988658
44,39,2767,0.15416342,15.96975,5.3413196,0.6516966,0.15987496,0.15987496
44,40,2768,0.15417734,15.972135,5.3409057,0.6517008,0.15985796,0.15985796
44,41,2769,0.15419,15.973097,5.3406,0.65172374,0.15984291,0.15984291
44,42,2770,0.15420197,15.974109,5.340495,0.65187484,0.1598334,0.1598334
44,43,2771,0.15422405,15.975666,5.3401866,0.6518652,0.15981755,0.15981755
44,44,2772,0.15423657,15.97646,5.339997,0.65190786,0.15981105,0.15981105
44,45,2773,0.15424839,15.978169,5.3397403,0.6519328,0.1597973,0.1597973
44,46,2774,0.15425883,15.979451,5.339512,0.6519604,0.15978205,0.15978205
44,47,2775,0.1542609,15.980044,5.339328,0.65196514,0.15978162,0.15978162
44,48,2776,0.15427017,15.9810095,5.339201,0.6520794,0.15977363,0.15977363
44,49,2777,0.15428331,15.982473,5.339128,0.65220946,0.15976547,0.15976547
44,50,2778,0.15430546,15.985124,5.339052,0.65230465,0.15975405,0.15975405
44,51,2779,0.15431479,15.986289,5.33883,0.65227586,0.15974481,0.15974481
44,52,2780,0.15432487,15.986386,5.338717,0.6523287,0.15973897,0.15973897
44,53,2781,0.15432999,15.986737,5.3386264,0.65239114,0.15973495,0.15973495
44,54,2782,0.15434611,15.988093,5.338347,0.65241617,0.15972862,0.15972862
44,55,2783,0.1543585,15.989197,5.3382535,0.6525164,0.15971985,0.15971985
44,56,2784,0.15436934,15.990499,5.3380713,0.65256244,0.15970615,0.15970615
44,57,2785,0.15438817,15.991529,5.3378253,0.6525863,0.15969838,0.15969838
44,58,2786,0.15440609,15.992501,5.337632,0.65261614,0.15969275,0.15969275
44,59,2787,0.15443471,15.995264,5.337318,0.6526353,0.15967913,0.15967913
44,60,2788,0.15445213,15.997258,5.3371606,0.6526957,0.15967263,0.15967263
44,61,2789,0.15446483,15.998849,5.3371077,0.65276736,0.15966022,0.15966022
45,0,2790,0.15447837,16.000414,5.337044,0.6527794,0.15965652,0.15965652
45,1,2791,0.1544927,16.00136,5.3370414,0.6528477,0.15965144,0.15965144
45,2,2792,0.15450723,16.002813,5.3367033,0.6528767,0.15963937,0.15963937
45,3,2793,0.15451556,16.003904,5.3365793,0.6529979,0.15962751,0.15962751
45,4,2794,0.1545243,16.005335,5.336514,0.6530507,0.15961614,0.15961614
45,5,2795,0.1545404,16.006609,5.3363996,0.65304196,0.15960789,0.15960789
45,6,2796,0.15456173,16.008986,5.336206,0.65302014,0.15960303,0.15960303
45,7,2797,0.15459418,16.011393,5.336036,0.6530672,0.1595966,0.1595966
45,8,2798,0.15460496,16.012522,5.3356733,0.6530788,0.15958352,0.15958352
45,9,2799,0.15461525,16.013178,5.3353834,0.6531342,0.1595703,0.1595703
45,10,2800,0.15462583,16.014208,5.3350687,0.6531301,0.15956156,0.15956156
45,11,2801,0.15463328,16.015568,5.334904,0.65321445,0.15954955,0.15954955
45,12,2802,0.15464394,16.016829,5.33462,0.6532369,0.15953545,0.15953545
45,13,2803,0.15465367,16.017605,5.334491,0.65329194,0.15953428,0.15953428
45,14,2804,0.15466386,16.018707,5.3342524,0.65333617,0.15952086,0.15952086
45,15,2805,0.15467991,16.018936,5.3342257,0.6533985,0.15951969,0.15951969
45,16,2806,0.1546917,16.019619,5.3338447,0.65335524,0.15950742,0.15950742
45,17,2807,0.15471269,16.021603,5.3334737,0.6533693,0.15949304,0.15949304
45,18,2808,0.1547333,16.023502,5.333059,0.6533661,0.15948439,0.15948439
45,19,2809,0.1547384,16.02432,5.3328276,0.6533562,0.15947384,0.15947384
45,20,2810,0.15474369,16.025549,5.332527,0.65337807,0.15945825,0.15945825
45,21,2811,0.154757,16.026524,5.3322673,0.6533633,0.15944527,0.15944527
45,22,2812,0.15476745,16.02732,5.332162,0.6534241,0.1594396,0.1594396
45,23,2813,0.15478936,16.028204,5.3319387,0.6534857,0.15943111,0.15943111
45,24,2814,0.1548019,16.029442,5.3319206,0.6535422,0.1594263,0.1594263
45,25,2815,0.15481593,16.031107,5.331753,0.65352386,0.1594178,0.1594178
45,26,2816,0.1548315,16.032473,5.331616,0.65357876,0.15940711,0.15940711
45,27,2817,0.15484682,16.033848,5.331384,0.65359914,0.15939964,0.15939964
45,28,2818,0.15486228,16.035547,5.3310013,0.65351266,0.15938978,0.15938978
45,29,2819,0.15487832,16.036684,5.3307686,0.6535811,0.15937977,0.15937977
45,30,2820,0.15489231,16.0373,5.3304677,0.65360993,0.1593689,0.1593689
45,31,2821,0.15491238,16.038586,5.3301625,0.6536527,0.1593548,0.1593548
45,32,2822,0.15492249,16.039476,5.3298774,0.6536932,0.15933874,0.15933874
45,33,2823,0.15493451,16.041449,5.3298106,0.65373456,0.15934038,0.15934038
45,34,2824,0.15494871,16.042524,5.3296084,0.65376604,0.15933211,0.15933211
45,35,2825,0.15496099,16.043499,5.329384,0.6537175,0.15933064,0.15933064
45,36,2826,0.15498325,16.046055,5.32904,0.65378374,0.15931772,0.15931772
45,37,2827,0.15498695,16.046026,5.328709,0.6537846,0.15930758,0.15930758
45,38,2828,0.15499699,16.047064,5.32858,0.6538091,0.15929845,0.15929845
45,39,2829,0.15501595,16.048733,5.3285236,0.65387714,0.15928765,0.15928765
45,40,2830,0.15502685,16.04949,5.328376,0.6539288,0.15928343,0.15928343
45,41,2831,0.15504271,16.051456,5.3281903,0.6539387,0.15927936,0.15927936
45,42,2832,0.15504992,16.052063,5.3280067,0.6539624,0.15926655,0.15926655
45,43,2833,0.15506294,16.053724,5.3277955,0.6540082,0.15925764,0.15925764
45,44,2834,0.15507738,16.055912,5.3275867,0.6539933,0.15924564,0.15924564
45,45,2835,0.15510483,16.058413,5.327422,0.6540396,0.15923598,0.15923598
45,46,2836,0.15512395,16.06026,5.327029,0.65399927,0.15922113,0.15922113
45,47,2837,0.1551335,16.060654,5.32683,0.65406185,0.1592111,0.1592111
45,48,2838,0.15514496,16.061201,5.3266134,0.6540652,0.15920769,0.15920769
45,49,2839,0.15516031,16.06261,5.3263345,0.6541053,0.15919597,0.15919597
45,50,2840,0.15517692,16.064814,5.3261943,0.6541707,0.15918602,0.15918602
45,51,2841,0.15518996,16.066053,5.325854,0.65412056,0.15917242,0.15917242
45,52,2842,0.15521416,16.069038,5.3257256,0.6542066,0.15916544,0.15916544
45,53,2843,0.15522952,16.070524,5.325642,0.65424687,0.15916704,0.15916704
45,54,2844,0.1552377,16.071537,5.325495,0.65428936,0.159165,0.159165
45,55,2845,0.1552491,16.072998,5.3253164,0.6543496,0.1591543,0.1591543
45,56,2846,0.15526262,16.07458,5.3251534,0.65432763,0.15915358,0.15915358
45,57,2847,0.15528095,16.075655,5.324829,0.65432066,0.1591448,0.1591448
45,58,2848,0.15528603,16.076595,5.3244734,0.6542931,0.15912925,0.15912925
45,59,2849,0.15528803,16.076529,5.324141,0.65423673,0.15911104,0.15911104
45,60,2850,0.15529431,16.077051,5.3239145,0.6542779,0.15910202,0.15910202
45,61,2851,0.15531409,16.07672,5.323639,0.65441227,0.15908332,0.15908332
46,0,2852,0.15532833,16.07793,5.323474,0.6544845,0.15907659,0.15907659
46,1,2853,0.15534306,16.079765,5.32319,0.6545604,0.15906191,0.15906191
46,2,2854,0.15536326,16.08057,5.322922,0.65452635,0.15905152,0.15905152
46,3,2855,0.15537086,16.081657,5.3226705,0.6544701,0.15904349,0.15904349
46,4,2856,0.15539086,16.082886,5.322399,0.65446395,0.15903965,0.15903965
46,5,2857,0.15539965,16.08399,5.3222427,0.65449876,0.15903264,0.15903264
46,6,2858,0.15540765,16.084492,5.32205,0.6545873,0.15901577,0.15901577
46,7,2859,0.15541443,16.084944,5.321858,0.65460324,0.15900376,0.15900376
46,8,2860,0.15542938,16.08729,5.3216105,0.6546391,0.15898816,0.15898816
46,9,2861,0.15544882,16.088024,5.321532,0.65467715,0.1589768,0.1589768
46,10,2862,0.15546449,16.08997,5.321241,0.6547227,0.15896335,0.15896335
46,11,2863,0.15549688,16.090822,5.320999,0.6547845,0.15895295,0.15895295
46,12,2864,0.15551262,16.091827,5.3208823,0.6548589,0.15894373,0.15894373
46,13,2865,0.15552242,16.092262,5.3207903,0.6549114,0.15893932,0.15893932
46,14,2866,0.15553656,16.093258,5.320699,0.6550022,0.15893193,0.15893193
46,15,2867,0.15555122,16.095343,5.3204226,0.65496176,0.15892375,0.15892375
46,16,2868,0.15556683,16.097254,5.320348,0.655054,0.15891673,0.15891673
46,17,2869,0.15557706,16.097603,5.320112,0.65507764,0.15891011,0.15891011
46,18,2870,0.15559427,16.099464,5.3197455,0.6550718,0.15889566,0.15889566
46,19,2871,0.15559462,16.099081,5.319442,0.6550785,0.15888204,0.15888204
46,20,2872,0.1556082,16.100176,5.3191824,0.6550683,0.1588738,0.1588738
46,21,2873,0.15563911,16.102087,5.319134,0.65515137,0.1588691,0.1588691
46,22,2874,0.15565765,16.103672,5.318877,0.6551467,0.15885434,0.15885434
46,23,2875,0.15566377,16.103926,5.3186398,0.6552215,0.15884429,0.15884429
46,24,2876,0.15567484,16.105692,5.3185506,0.6552443,0.1588323,0.1588323
46,25,2877,0.15568888,16.10789,5.3184376,0.65529126,0.15882795,0.15882795
46,26,2878,0.15570396,16.109177,5.318238,0.6553064,0.15881664,0.15881664
46,27,2879,0.15571931,16.111124,5.3179793,0.6553461,0.15880731,0.15880731
46,28,2880,0.155727,16.111378,5.317607,0.6553779,0.1587919,0.1587919
46,29,2881,0.15573555,16.1131,5.317347,0.65546536,0.15877727,0.15877727
46,30,2882,0.15574792,16.114832,5.3170943,0.65548265,0.15877044,0.15877044
46,31,2883,0.15577728,16.116173,5.3169613,0.65550536,0.15876052,0.15876052
46,32,2884,0.155792,16.116688,5.3166656,0.65549093,0.15875359,0.15875359
46,33,2885,0.1558056,16.118113,5.316381,0.65550244,0.15874147,0.15874147
46,34,2886,0.15582821,16.119225,5.3162007,0.6555323,0.15874016,0.15874016
46,35,2887,0.15583356,16.12055,5.31601,0.6555928,0.1587322,0.1587322
46,36,2888,0.15583766,16.121117,5.3157763,0.65562314,0.1587208,0.1587208
46,37,2889,0.15585755,16.123632,5.315474,0.65564364,0.1587062,0.1587062
46,38,2890,0.15586427,16.12417,5.3151746,0.6557142,0.15869029,0.15869029
46,39,2891,0.15588447,16.126451,5.3148603,0.6557224,0.15867649,0.15867649
46,40,2892,0.15589774,16.128979,5.314519,0.65572494,0.15866159,0.15866159
46,41,2893,0.15591854,16.129934,5.3143797,0.6557743,0.15865196,0.15865196
46,42,2894,0.15592861,16.13071,5.314195,0.65576315,0.1586471,0.1586471
46,43,2895,0.15594408,16.131466,5.3140154,0.6557777,0.1586384,0.1586384
46,44,2896,0.15595624,16.131548,5.3137746,0.65580726,0.1586283,0.1586283
46,45,2897,0.1559774,16.13338,5.3135653,0.65586865,0.15862176,0.15862176
46,46,2898,0.15598899,16.134348,5.313319,0.6558446,0.1586074,0.1586074
46,47,2899,0.15599674,16.135445,5.3130813,0.655863,0.15859325,0.15859325
46,48,2900,0.15601274,16.135384,5.3127537,0.65593106,0.15857764,0.15857764
46,49,2901,0.1560286,16.136486,5.31257,0.655942,0.15856837,0.15856837
46,50,2902,0.15603647,16.137169,5.3124123,0.65595776,0.15855873,0.15855873
46,51,2903,0.15604864,16.138172,5.312221,0.6559609,0.15855616,0.15855616
46,52,2904,0.15606074,16.139486,5.311952,0.6559626,0.15855175,0.15855175
46,53,2905,0.15608016,16.14116,5.3118076,0.65599066,0.15854454,0.15854454
46,54,2906,0.15609375,16.142426,5.311775,0.6560933,0.15854396,0.15854396
46,55,2907,0.15610726,16.144302,5.311383,0.65606856,0.15853094,0.15853094
46,56,2908,0.1561187,16.145664,5.311411,0.6561213,0.15852894,0.15852894
46,57,2909,0.15612602,16.1462,5.3112926,0.65617114,0.1585234,0.1585234
46,58,2910,0.15615064,16.148588,5.3109746,0.65614974,0.1585152,0.1585152
46,59,2911,0.15617251,16.150024,5.3106246,0.6561596,0.15850282,0.15850282
46,60,2912,0.15619153,16.152458,5.31033,0.65619445,0.15849,0.15849
46,61,2913,0.15620667,16.154041,5.3099513,0.6561793,0.15847783,0.15847783
47,0,2914,0.1562222,16.155588,5.3096,0.6561592,0.15846515,0.15846515
47,1,2915,0.15622865,16.157213,5.309303,0.65618247,0.15844774,0.15844774
47,2,2916,0.1562404,16.158134,5.308985,0.6562092,0.15843673,0.15843673
47,3,2917,0.1562602,16.160133,5.308856,0.6562453,0.15842442,0.15842442
47,4,2918,0.15628159,16.161192,5.3087144,0.6562844,0.1584145,0.1584145
47,5,2919,0.1562877,16.161913,5.308558,0.656321,0.15840876,0.15840876
47,6,2920,0.1563114,16.16393,5.3082175,0.6563037,0.15839818,0.15839818
47,7,2921,0.1563299,16.166264,5.3078976,0.6563524,0.15838213,0.15838213
47,8,2922,0.15634221,16.167107,5.307564,0.65636855,0.15837388,0.15837388
47,9,2923,0.15635446,16.168106,5.307312,0.6563842,0.15837032,0.15837032
47,10,2924,0.15636162,16.168598,5.3071423,0.6564925,0.15836412,0.15836412
47,11,2925,0.15637048,16.169899,5.3069024,0.6565789,0.15835309,0.15835309
47,12,2926,0.15639265,16.173046,5.306643,0.656688,0.15834083,0.15834083
47,13,2927,0.15642199,16.17699,5.306426,0.65674794,0.15833168,0.15833168
47,14,2928,0.15645133,16.178251,5.3061624,0.65674657,0.15831953,0.15831953
47,15,2929,0.15646538,16.179392,5.3058786,0.65672326,0.15830961,0.15830961
47,16,2930,0.15647063,16.179567,5.3056765,0.65682524,0.15829808,0.15829808
47,17,2931,0.15647805,16.179836,5.3055935,0.656928,0.15828566,0.15828566
47,18,2932,0.15648487,16.179749,5.305341,0.6568648,0.15827368,0.15827368
47,19,2933,0.15650174,16.181698,5.305198,0.65692985,0.15825932,0.15825932
47,20,2934,0.15651035,16.182629,5.30505,0.6569497,0.1582528,0.1582528
47,21,2935,0.1565184,16.184221,5.304886,0.65702903,0.15824401,0.15824401
47,22,2936,0.1565317,16.185575,5.3046885,0.6570723,0.15822993,0.15822993
47,23,2937,0.15654927,16.187431,5.3045335,0.65706277,0.15822347,0.15822347
47,24,2938,0.1565564,16.187653,5.304338,0.65707046,0.15821603,0.15821603
47,25,2939,0.15656763,16.189054,5.304284,0.6571291,0.15820636,0.15820636
47,26,2940,0.1565865,16.190716,5.3041244,0.65724623,0.15819831,0.15819831
47,27,2941,0.15661483,16.193745,5.304033,0.6572278,0.1582002,0.1582002
47,28,2942,0.15663305,16.195215,5.303721,0.65728384,0.15819329,0.15819329
47,29,2943,0.15665035,16.197208,5.3033924,0.6572503,0.15818363,0.15818363
47,30,2944,0.1566655,16.199688,5.303065,0.65726954,0.1581746,0.1581746
47,31,2945,0.15667829,16.201015,5.3027725,0.6572906,0.15816782,0.15816782
47,32,2946,0.15669027,16.203243,5.302483,0.65737087,0.15815575,0.15815575
47,33,2947,0.15670061,16.20433,5.3023086,0.6574137,0.15815067,0.15815067
47,34,2948,0.15671247,16.205204,5.302232,0.6574832,0.15813848,0.15813848
47,35,2949,0.15672582,16.206795,5.301988,0.6574705,0.15812756,0.15812756
47,36,2950,0.15674143,16.20885,5.3018203,0.6575016,0.15811576,0.15811576
47,37,2951,0.1567568,16.209879,5.301663,0.6575448,0.15810621,0.15810621
47,38,2952,0.15676795,16.210888,5.301574,0.6575827,0.15809628,0.15809628
47,39,2953,0.15679081,16.211927,5.3014135,0.6576151,0.15809003,0.15809003
47,40,2954,0.15681215,16.212727,5.301164,0.65767443,0.15808164,0.15808164
47,41,2955,0.15682948,16.214499,5.300885,0.65766275,0.15807219,0.15807219
47,42,2956,0.15684427,16.216623,5.3007226,0.65773666,0.15806474,0.15806474
47,43,2957,0.15685727,16.217375,5.3005605,0.65776765,0.15806681,0.15806681
47,44,2958,0.15687868,16.219357,5.3005023,0.6577902,0.1580608,0.1580608
47,45,2959,0.15690047,16.22084,5.300464,0.6579053,0.1580574,0.1580574
47,46,2960,0.15691352,16.223019,5.3003902,0.65799016,0.15804985,0.15804985
47,47,2961,0.15692559,16.224905,5.300239,0.65803605,0.15803915,0.15803915
47,48,2962,0.15693931,16.226662,5.3000474,0.6580928,0.1580333,0.1580333
47,49,2963,0.15695094,16.228262,5.2998157,0.6580751,0.1580215,0.1580215
47,50,2964,0.15695792,16.228958,5.29965,0.6580925,0.15801287,0.15801287
47,51,2965,0.15696932,16.23015,5.299302,0.6580895,0.15799929,0.15799929
47,52,2966,0.15698263,16.231077,5.2990685,0.6581939,0.15798351,0.15798351
47,53,2967,0.15701243,16.232908,5.2988243,0.6582598,0.15797317,0.15797317
47,54,2968,0.1570381,16.233747,5.2985,0.6582655,0.15796658,0.15796658
47,55,2969,0.15706202,16.235888,5.2982426,0.65830255,0.15795831,0.15795831
47,56,2970,0.15708323,16.23852,5.298215,0.6583961,0.15795061,0.15795061
47,57,2971,0.15709063,16.239996,5.298009,0.6584134,0.1579427,0.1579427
47,58,2972,0.15709893,16.241365,5.297829,0.65842354,0.15793239,0.15793239
47,59,2973,0.1571157,16.24344,5.2976456,0.6584486,0.15792267,0.15792267
47,60,2974,0.15712517,16.245104,5.2974696,0.65849715,0.15790962,0.15790962
47,61,2975,0.15714172,16.247198,5.2972655,0.65850365,0.15789655,0.15789655
48,0,2976,0.15716287,16.250048,5.2970066,0.6585048,0.15788138,0.15788138
48,1,2977,0.15717983,16.251701,5.2967734,0.65854144,0.1578728,0.1578728
48,2,2978,0.15718605,16.251799,5.296563,0.65852165,0.15786135,0.15786135
48,3,2979,0.15720052,16.253237,5.2962027,0.6585702,0.15784389,0.15784389
48,4,2980,0.15720837,16.254477,5.296091,0.6585978,0.15784091,0.15784091
48,5,2981,0.1572162,16.255316,5.295792,0.6585537,0.15783656,0.15783656
48,6,2982,0.15722618,16.25665,5.2956686,0.6585924,0.15782757,0.15782757
48,7,2983,0.15723956,16.257338,5.2954545,0.6586677,0.15781353,0.15781353
48,8,2984,0.15725581,16.258657,5.295308,0.6587087,0.15781236,0.15781236
48,9,2985,0.1572659,16.259321,5.2951403,0.65870386,0.15780173,0.15780173
48,10,2986,0.15727678,16.260805,5.2948823,0.6587387,0.15779118,0.15779118
48,11,2987,0.15729561,16.262724,5.294841,0.6588013,0.15778871,0.15778871
48,12,2988,0.15730812,16.264174,5.294586,0.6588402,0.15777716,0.15777716
48,13,2989,0.15732872,16.26715,5.294482,0.65886843,0.1577798,0.1577798
48,14,2990,0.1573405,16.268604,5.2942066,0.6588562,0.15777034,0.15777034
48,15,2991,0.1573506,16.269535,5.2940683,0.6589222,0.1577567,0.1577567
48,16,2992,0.15736759,16.271137,5.2937403,0.6589276,0.15774111,0.15774111
48,17,2993,0.15737976,16.271965,5.2935824,0.6590038,0.15773082,0.15773082
48,18,2994,0.15741181,16.272871,5.293315,0.65896684,0.1577248,0.1577248
48,19,2995,0.15743878,16.27652,5.293052,0.65905774,0.15771587,0.15771587
48,20,2996,0.15745471,16.278383,5.2927446,0.6590452,0.15770791,0.15770791
48,21,2997,0.15746954,16.279327,5.292463,0.65905774,0.15769957,0.15769957
48,22,2998,0.15748024,16.28167,5.292297,0.659122,0.15768655,0.15768655
48,23,2999,0.15749982,16.28484,5.29208,0.6592307,0.15767425,0.15767425
48,24,3000,0.1575295,16.28872,5.2917337,0.6592763,0.15766348,0.15766348
48,25,3001,0.15754987,16.291487,5.2916236,0.65930086,0.15765496,0.15765496
48,26,3002,0.15756875,16.294065,5.2913074,0.65929407,0.1576459,0.1576459
48,27,3003,0.15759546,16.2965,5.291232,0.6593446,0.15763836,0.15763836
48,28,3004,0.15760979,16.298103,5.2911057,0.6593863,0.157635,0.157635
48,29,3005,0.15762687,16.299543,5.2908945,0.6594188,0.15762906,0.15762906
48,30,3006,0.15764159,16.300627,5.2906547,0.6594126,0.15761527,0.15761527
48,31,3007,0.1576685,16.301365,5.290444,0.65947026,0.15760878,0.15760878
48,32,3008,0.15769354,16.303381,5.29019,0.6594915,0.15760057,0.15760057
48,33,3009,0.15771095,16.304808,5.2899127,0.65952206,0.15759778,0.15759778
48,34,3010,0.1577278,16.306227,5.289581,0.65953374,0.15758337,0.15758337
48,35,3011,0.15774058,16.307673,5.2893815,0.65954554,0.1575784,0.1575784
48,36,3012,0.15775338,16.309198,5.289242,0.6595721,0.15756929,0.15756929
48,37,3013,0.15777537,16.311562,5.289039,0.6596157,0.15756306,0.15756306
48,38,3014,0.1578008,16.315376,5.2887874,0.6596542,0.15754631,0.15754631
48,39,3015,0.15785465,16.32148,5.2886047,0.6596891,0.15753439,0.15753439
48,40,3016,0.15790367,16.324966,5.28829,0.65971386,0.15752079,0.15752079
48,41,3017,0.15792415,16.326845,5.2880836,0.65975344,0.15751077,0.15751077
48,42,3018,0.15792915,16.327265,5.287922,0.659817,0.15749858,0.15749858
48,43,3019,0.15793914,16.327879,5.2878737,0.659862,0.15749295,0.15749295
48,44,3020,0.15795057,16.328896,5.2877264,0.65987,0.15748711,0.15748711
48,45,3021,0.15797094,16.331673,5.28746,0.65988994,0.15747494,0.15747494
48,46,3022,0.15798205,16.332565,5.2872863,0.65991104,0.15746987,0.15746987
48,47,3023,0.15799674,16.333134,5.2870502,0.6599606,0.15746002,0.15746002
48,48,3024,0.15800425,16.33428,5.2869906,0.6600557,0.15746537,0.15746537
48,49,3025,0.15802088,16.336697,5.2868633,0.6601156,0.15745862,0.15745862
48,50,3026,0.15803523,16.338556,5.2866583,0.66020596,0.15745011,0.15745011
48,51,3027,0.15805277,16.340277,5.2866006,0.6602995,0.1574456,0.1574456
48,52,3028,0.15808474,16.342634,5.2863483,0.66035384,0.15743503,0.15743503
48,53,3029,0.15810435,16.34478,5.2860017,0.6603745,0.1574236,0.1574236
48,54,3030,0.1581141,16.345491,5.2857018,0.6603704,0.15741585,0.15741585
48,55,3031,0.15812787,16.347212,5.2854095,0.6603859,0.15740319,0.15740319
48,56,3032,0.15814194,16.347952,5.285268,0.6604225,0.15740108,0.15740108
48,57,3033,0.1581566,16.349264,5.2850833,0.66046256,0.15738887,0.15738887
48,58,3034,0.15817316,16.350853,5.28491,0.6605331,0.15737669,0.15737669
48,59,3035,0.15818366,16.352018,5.2848463,0.6605358,0.15737054,0.15737054
48,60,3036,0.15820181,16.353783,5.2846794,0.66049916,0.1573684,0.1573684
48,61,3037,0.15822688,16.356367,5.284448,0.6604256,0.15736188,0.15736188
49,0,3038,0.1582433,16.356798,5.2841325,0.6603791,0.15735695,0.15735695
49,1,3039,0.1582515,16.356346,5.2838936,0.6603919,0.15734538,0.15734538
49,2,3040,0.15826051,16.356138,5.283768,0.6604266,0.15734358,0.15734358
49,3,3041,0.15826795,16.356981,5.2836413,0.6604358,0.15734173,0.15734173
49,4,3042,0.15828304,16.358639,5.2834053,0.6604365,0.15733385,0.15733385
49,5,3043,0.15829259,16.35933,5.28318,0.66044205,0.15732588,0.15732588
49,6,3044,0.1583128,16.360867,5.2829304,0.66048735,0.1573159,0.1573159
49,7,3045,0.15832615,16.361954,5.282705,0.66054624,0.15730597,0.15730597
49,8,3046,0.15834235,16.363953,5.282558,0.6605462,0.15730076,0.15730076
49,9,3047,0.15836234,16.366163,5.282363,0.66057026,0.15729164,0.15729164
49,10,3048,0.15837763,16.368055,5.282178,0.6605158,0.15728423,0.15728423
49,11,3049,0.15838541,16.368776,5.2821746,0.6605476,0.15728198,0.15728198
49,12,3050,0.15842588,16.370005,5.28197,0.66056585,0.15727413,0.15727413
49,13,3051,0.1584315,16.370188,5.281788,0.6605692,0.15726447,0.15726447
49,14,3052,0.15844399,16.371021,5.281714,0.6606162,0.15726013,0.15726013
49,15,3053,0.15845957,16.372934,5.281734,0.660644,0.1572575,0.1572575
49,16,3054,0.15847522,16.374672,5.281577,0.6606138,0.15724659,0.15724659
49,17,3055,0.15849054,16.375542,5.28147,0.66065526,0.15723877,0.15723877
49,18,3056,0.15850842,16.37692,5.281399,0.6607294,0.15723634,0.15723634
49,19,3057,0.15853167,16.37853,5.2812114,0.6607864,0.15723267,0.15723267
49,20,3058,0.15855399,16.38014,5.281017,0.6608287,0.15721847,0.15721847
49,21,3059,0.15856895,16.38207,5.280864,0.6608254,0.15720962,0.15720962
49,22,3060,0.15858305,16.384407,5.2807245,0.6608833,0.15720293,0.15720293
49,23,3061,0.15859413,16.385376,5.2805123,0.66091007,0.15719374,0.15719374
49,24,3062,0.1586036,16.385546,5.280201,0.66090965,0.15718225,0.15718225
49,25,3063,0.15861309,16.386162,5.280091,0.660948,0.15718177,0.15718177
49,26,3064,0.1586268,16.386879,5.279929,0.66098344,0.15717697,0.15717697
49,27,3065,0.1586459,16.387753,5.279687,0.66096514,0.1571689,0.1571689
49,28,3066,0.15866402,16.390139,5.279502,0.66098017,0.15716445,0.15716445
49,29,3067,0.15867092,16.38993,5.2793355,0.6610152,0.15716454,0.15716454
49,30,3068,0.15867817,16.390478,5.2791634,0.6610637,0.15715222,0.15715222
49,31,3069,0.15870166,16.393543,5.2790437,0.6611179,0.15714212,0.15714212
49,32,3070,0.15872549,16.396791,5.2788186,0.661094,0.15713798,0.15713798
49,33,3071,0.15873912,16.39906,5.2785063,0.6610622,0.15712449,0.15712449
49,34,3072,0.15876062,16.402107,5.278394,0.6610718,0.15711333,0.15711333
49,35,3073,0.15877216,16.40375,5.2781844,0.6610449,0.15710782,0.15710782
49,36,3074,0.15878634,16.404984,5.2779408,0.66103053,0.15709338,0.15709338
49,37,3075,0.1587938,16.40532,5.277698,0.6610435,0.15708825,0.15708825
49,38,3076,0.15880677,16.405863,5.277444,0.66110337,0.15708113,0.15708113
49,39,3077,0.15882081,16.406664,5.2770863,0.6610254,0.15707542,0.15707542
49,40,3078,0.15884238,16.408903,5.276887,0.6610474,0.15706493,0.15706493
49,41,3079,0.15885366,16.410318,5.2766447,0.66113865,0.1570518,0.1570518
49,42,3080,0.1588899,16.413885,5.2764325,0.6611465,0.15704411,0.15704411
49,43,3081,0.1589145,16.415262,5.2761607,0.6612011,0.15703118,0.15703118
49,44,3082,0.15892817,16.417116,5.275914,0.66119176,0.157026,0.157026
49,45,3083,0.1589492,16.419895,5.2757792,0.6612482,0.15701918,0.15701918
49,46,3084,0.15896039,16.421,5.2757215,0.6613623,0.15701069,0.15701069
49,47,3085,0.15897827,16.422337,5.2755365,0.6614163,0.15699688,0.15699688
49,48,3086,0.15899749,16.424652,5.275324,0.661438,0.1569926,0.1569926
49,49,3087,0.15900469,16.425879,5.2751074,0.6614835,0.15698035,0.15698035
49,50,3088,0.15902013,16.42705,5.275083,0.6615029,0.15697743,0.15697743
49,51,3089,0.15902837,16.428257,5.274842,0.66149807,0.15696968,0.15696968
49,52,3090,0.15904039,16.429176,5.2745543,0.6614949,0.15696286,0.15696286
49,53,3091,0.15906316,16.43141,5.274265,0.6614272,0.15695104,0.15695104
49,54,3092,0.15908086,16.432718,5.2740645,0.6614251,0.15694219,0.15694219
49,55,3093,0.15909787,16.434723,5.2739334,0.6614694,0.15693499,0.15693499
49,56,3094,0.1591099,16.43581,5.2737746,0.6614714,0.15692629,0.15692629
49,57,3095,0.15911868,16.436785,5.2737684,0.66152847,0.15692243,0.15692243
49,58,3096,0.15913235,16.437695,5.2734942,0.66149765,0.15691262,0.15691262
49,59,3097,0.15914655,16.439184,5.2733254,0.661544,0.15690458,0.15690458
49,60,3098,0.15916145,16.441097,5.2731814,0.6616032,0.15689836,0.15689836
49,61,3099,0.15917435,16.442226,5.2728624,0.6616264,0.15688676,0.15688676
50,0,3100,0.15919814,16.443472,5.272629,0.661658,0.15688169,0.15688169
50,1,3101,0.15920751,16.44427,5.2725058,0.66173977,0.15686929,0.15686929
50,2,3102,0.1592255,16.446873,5.2721686,0.66168123,0.15686126,0.15686126
50,3,3103,0.1592357,16.448551,5.271985,0.66172653,0.15685715,0.15685715
50,4,3104,0.159242,16.449091,5.2718205,0.6617756,0.15685242,0.15685242
50,5,3105,0.15925434,16.45096,5.2715945,0.6617761,0.15685014,0.15685014
50,6,3106,0.15926725,16.45185,5.27137,0.6617741,0.15684287,0.15684287
50,7,3107,0.15927844,16.453018,5.271183,0.6618228,0.15683086,0.15683086
50,8,3108,0.15929559,16.454088,5.2711277,0.66185707,0.15682277,0.15682277
50,9,3109,0.15932062,16.455431,5.270909,0.661844,0.15681556,0.15681556
50,10,3110,0.15933192,16.4565,5.2707887,0.6619171,0.15680914,0.15680914
50,11,3111,0.15934265,16.457907,5.2705235,0.6619824,0.15679726,0.15679726
50,12,3112,0.15935725,16.4603,5.2703567,0.66202956,0.1567875,0.1567875
50,13,3113,0.15937656,16.462982,5.2701635,0.6619972,0.15678369,0.15678369
50,14,3114,0.15938501,16.464832,5.269957,0.6620414,0.15677652,0.15677652
50,15,3115,0.15940198,16.466373,5.2698393,0.66205573,0.15677053,0.15677053
50,16,3116,0.15941009,16.4669,5.269593,0.6621081,0.15676324,0.15676324
50,17,3117,0.15942962,16.467655,5.2693696,0.6621116,0.15675476,0.15675476
50,18,3118,0.15944588,16.469143,5.2689943,0.6620852,0.1567451,0.1567451
50,19,3119,0.15945467,16.469326,5.2687807,0.6621161,0.15673831,0.15673831
50,20,3120,0.15946381,16.47064,5.2685003,0.66213644,0.15673412,0.15673412
50,21,3121,0.15947367,16.471413,5.2682095,0.66215324,0.15672378,0.15672378
50,22,3122,0.15948936,16.473438,5.267888,0.6621216,0.15671028,0.15671028
50,23,3123,0.15950666,16.475782,5.267747,0.6622134,0.1566978,0.1566978
50,24,3124,0.15954539,16.47712,5.2677517,0.66219974,0.15670389,0.15670389
50,25,3125,0.15956211,16.478481,5.267624,0.662308,0.15669678,0.15669678
50,26,3126,0.15957576,16.479757,5.267435,0.6623475,0.15668657,0.15668657
50,27,3127,0.15958782,16.481012,5.2672715,0.6623642,0.15667947,0.15667947
50,28,3128,0.15960446,16.482935,5.267152,0.66237515,0.15666918,0.15666918
50,29,3129,0.15962215,16.485954,5.266844,0.6624124,0.15665178,0.15665178
50,30,3130,0.15964313,16.48798,5.2665515,0.6624323,0.15664388,0.15664388
50,31,3131,0.15965283,16.488811,5.2662654,0.6623687,0.15663484,0.15663484
50,32,3132,0.15967421,16.491318,5.2660203,0.6623237,0.15662207,0.15662207
50,33,3133,0.15970132,16.49267,5.2658615,0.66231894,0.15661508,0.15661508
50,34,3134,0.15971908,16.494167,5.265494,0.66228896,0.15660065,0.15660065
50,35,3135,0.15973452,16.49618,5.2652893,0.66233957,0.15659215,0.15659215
50,36,3136,0.15974888,16.497507,5.2650986,0.6623923,0.15658918,0.15658918
50,37,3137,0.15977034,16.499151,5.2649016,0.6624103,0.15657616,0.15657616
50,38,3138,0.1597935,16.500591,5.2645617,0.6623801,0.1565645,0.1565645
50,39,3139,0.15980229,16.502237,5.264274,0.6623482,0.15655448,0.15655448
50,40,3140,0.15980865,16.50273,5.26412,0.6624189,0.15654424,0.15654424
50,41,3141,0.15982616,16.50418,5.263867,0.66242945,0.1565399,0.1565399
50,42,3142,0.15985847,16.50752,5.2635427,0.6624465,0.1565298,0.1565298
50,43,3143,0.15987974,16.510254,5.263325,0.66243356,0.15651897,0.15651897
50,44,3144,0.15989348,16.51205,5.263049,0.6624681,0.15651117,0.15651117
50,45,3145,0.15990305,16.51297,5.263029,0.6625096,0.15650801,0.15650801
50,46,3146,0.15991263,16.51348,5.2628827,0.66252965,0.15650004,0.15650004
50,47,3147,0.15993032,16.515005,5.262669,0.6625366,0.1564968,0.1564968
50,48,3148,0.15994549,16.515865,5.2624054,0.6625956,0.15648533,0.15648533
50,49,3149,0.15997136,16.517593,5.2621245,0.66259766,0.15648015,0.15648015
50,50,3150,0.1599863,16.518616,5.2619524,0.662631,0.15647328,0.15647328
50,51,3151,0.15999725,16.519455,5.261692,0.6626134,0.15646447,0.15646447
50,52,3152,0.16000512,16.520044,5.2615237,0.6626235,0.15646137,0.15646137
50,53,3153,0.16001263,16.520103,5.2613263,0.6626179,0.15644988,0.15644988
50,54,3154,0.16002262,16.52115,5.2611513,0.66257423,0.15644781,0.15644781
50,55,3155,0.16003804,16.523344,5.2608747,0.66258216,0.15643702,0.15643702
50,56,3156,0.16005546,16.525667,5.260673,0.6626449,0.1564286,0.1564286
50,57,3157,0.16007157,16.527552,5.2603345,0.6626558,0.15641572,0.15641572
50,58,3158,0.16008958,16.530056,5.2599783,0.6626661,0.15640478,0.15640478
50,59,3159,0.16009863,16.531012,5.259818,0.66272616,0.15639406,0.15639406
50,60,3160,0.16010568,16.531876,5.2595863,0.66273874,0.15638338,0.15638338
50,61,3161,0.16012451,16.533125,5.2593646,0.6627394,0.1563726,0.1563726
51,0,3162,0.16013567,16.534039,5.259085,0.66271615,0.1563703,0.1563703
51,1,3163,0.16014522,16.534779,5.2588596,0.6626983,0.15636003,0.15636003
51,2,3164,0.16015546,16.53564,5.2587805,0.66277444,0.15635224,0.15635224
51,3,3165,0.1601724,16.536797,5.258576,0.6627458,0.15634918,0.15634918
51,4,3166,0.1601811,16.536783,5.2583528,0.6626638,0.1563451,0.1563451
51,5,3167,0.16020197,16.539959,5.258097,0.66266453,0.15632993,0.15632993
51,6,3168,0.16022886,16.541681,5.2577295,0.6626255,0.1563111,0.1563111
51,7,3169,0.16024673,16.54222,5.257597,0.66264147,0.15630688,0.15630688
51,8,3170,0.1602627,16.543522,5.257403,0.6626612,0.1563017,0.1563017
51,9,3171,0.16028288,16.545431,5.257102,0.66267025,0.1562869,0.1562869
51,10,3172,0.16029933,16.547188,5.257051,0.6626942,0.15628852,0.15628852
51,11,3173,0.1603089,16.548393,5.2569284,0.6627654,0.156276,0.156276
51,12,3174,0.16034445,16.552454,5.2566924,0.6627513,0.15626746,0.15626746
51,13,3175,0.16035311,16.55365,5.256455,0.6627503,0.1562552,0.1562552
51,14,3176,0.1603699,16.55492,5.256136,0.66273326,0.15624711,0.15624711
51,15,3177,0.16038465,16.556833,5.2558293,0.66280264,0.15623195,0.15623195
51,16,3178,0.16042086,16.558254,5.255819,0.66286665,0.15623142,0.15623142
51,17,3179,0.16049361,16.561306,5.255506,0.66288537,0.15622167,0.15622167
51,18,3180,0.16052166,16.562977,5.2552876,0.6629262,0.15621285,0.15621285
51,19,3181,0.16053677,16.564638,5.2550573,0.6629216,0.1562046,0.1562046
51,20,3182,0.1605548,16.567091,5.2547474,0.662899,0.15619795,0.15619795
51,21,3183,0.16055882,16.567385,5.2545214,0.6628811,0.15618604,0.15618604
51,22,3184,0.16056392,16.567936,5.2542686,0.66293293,0.15616937,0.15616937
51,23,3185,0.16057366,16.568855,5.2540545,0.6629448,0.1561593,0.1561593
51,24,3186,0.16058798,16.570591,5.253851,0.66294056,0.15614785,0.15614785
51,25,3187,0.16060871,16.572435,5.2536273,0.66292894,0.15614484,0.15614484
51,26,3188,0.16061512,16.573025,5.253535,0.6629552,0.15613821,0.15613821
51,27,3189,0.16062944,16.575056,5.2533493,0.66294223,0.15612976,0.15612976
51,28,3190,0.16064565,16.577274,5.25324,0.66288877,0.15613106,0.15613106
51,29,3191,0.1606639,16.578506,5.253024,0.6629125,0.15612556,0.15612556
51,30,3192,0.16067088,16.579271,5.253021,0.6630249,0.15612614,0.15612614
51,31,3193,0.16068724,16.58208,5.2527814,0.66308206,0.15611622,0.15611622
51,32,3194,0.16070825,16.584826,5.2525697,0.6630897,0.15610954,0.15610954
51,33,3195,0.16073275,16.587662,5.252318,0.66311926,0.156095,0.156095
51,34,3196,0.16074687,16.588787,5.252136,0.66308504,0.15609445,0.15609445
51,35,3197,0.16076797,16.591164,5.252106,0.6631029,0.15608661,0.15608661
51,36,3198,0.160781,16.592136,5.2518125,0.663108,0.1560783,0.1560783
51,37,3199,0.1608064,16.593632,5.251509,0.6630305,0.15606862,0.15606862
51,38,3200,0.16082163,16.595098,5.251166,0.66307205,0.15605596,0.15605596
51,39,3201,0.16083248,16.595747,5.2510147,0.66314155,0.15605024,0.15605024
51,40,3202,0.16084194,16.596634,5.250766,0.6631512,0.15604411,0.15604411
51,41,3203,0.16085643,16.597895,5.2505727,0.66319567,0.15603277,0.15603277
51,42,3204,0.1608607,16.59849,5.250399,0.66321254,0.15602341,0.15602341
51,43,3205,0.1608764,16.600666,5.250464,0.6632892,0.15602231,0.15602231
51,44,3206,0.1608975,16.60149,5.250364,0.663338,0.15601343,0.15601343
51,45,3207,0.16091461,16.602785,5.2502494,0.66337407,0.1560081,0.1560081
51,46,3208,0.16093005,16.604168,5.2500234,0.66336536,0.15599473,0.15599473
51,47,3209,0.16095723,16.606945,5.2497873,0.6633668,0.15598786,0.15598786
51,48,3210,0.1609711,16.608498,5.2495437,0.66335976,0.15597801,0.15597801
51,49,3211,0.16098282,16.609943,5.249377,0.6633454,0.15597416,0.15597416
51,50,3212,0.16099226,16.610727,5.249189,0.66331893,0.15596801,0.15596801
51,51,3213,0.16100806,16.612597,5.2489076,0.66332287,0.15595643,0.15595643
51,52,3214,0.16101761,16.61376,5.2486753,0.6633491,0.15594421,0.15594421
51,53,3215,0.16103159,16.61475,5.248584,0.66342574,0.1559377,0.1559377
51,54,3216,0.1610555,16.617098,5.2483764,0.6634556,0.15593249,0.15593249
51,55,3217,0.16107783,16.618135,5.248078,0.66342103,0.15592568,0.15592568
51,56,3218,0.16110651,16.620735,5.2477717,0.66342354,0.15591767,0.15591767
51,57,3219,0.16111785,16.621792,5.247643,0.6634633,0.155909,0.155909
51,58,3220,0.16113213,16.623177,5.24757,0.66346705,0.15590642,0.15590642
51,59,3221,0.16114844,16.62469,5.2474403,0.6634995,0.15589462,0.15589462
51,60,3222,0.16118905,16.626375,5.247264,0.663571,0.1558855,0.1558855
51,61,3223,0.16120693,16.627762,5.2470326,0.6635723,0.1558803,0.1558803
52,0,3224,0.161219,16.629425,5.2467647,0.6635479,0.1558702,0.1558702
52,1,3225,0.1612302,16.630823,5.2464285,0.66350543,0.15585332,0.15585332
52,2,3226,0.16124961,16.63259,5.2462564,0.6635185,0.15584919,0.15584919
52,3,3227,0.16126677,16.63476,5.2460985,0.66355,0.15584597,0.15584597
52,4,3228,0.16128147,16.63549,5.245781,0.66349936,0.15582815,0.15582815
52,5,3229,0.16129501,16.636654,5.2455425,0.6635409,0.15581799,0.15581799
52,6,3230,0.16130266,16.636387,5.2452936,0.66360426,0.1558086,0.1558086
52,7,3231,0.16132092,16.638145,5.2450547,0.66363406,0.1557962,0.1557962
52,8,3232,0.16134383,16.63999,5.2448664,0.6636536,0.15578642,0.15578642
52,9,3233,0.16136155,16.641865,5.2445993,0.66370946,0.15577754,0.15577754
52,10,3234,0.16137809,16.644121,5.2443333,0.6637157,0.1557638,0.1557638
52,11,3235,0.16139767,16.646866,5.244053,0.66372305,0.15575504,0.15575504
52,12,3236,0.16141409,16.64887,5.2441106,0.6637901,0.15575042,0.15575042
52,13,3237,0.1614323,16.650883,5.2439265,0.6638061,0.15573843,0.15573843
52,14,3238,0.16144618,16.651648,5.2436066,0.6637668,0.15572669,0.15572669
52,15,3239,0.16145578,16.651934,5.243357,0.66372323,0.1557162,0.1557162
52,16,3240,0.16147661,16.653505,5.243199,0.6637198,0.15571484,0.15571484
52,17,3241,0.16150284,16.656134,5.2429657,0.66373986,0.15570766,0.15570766
52,18,3242,0.16151455,16.656744,5.24276,0.663771,0.15570113,0.15570113
52,19,3243,0.16152152,16.657887,5.2425475,0.66379446,0.15569548,0.15569548
52,20,3244,0.16153012,16.65909,5.242346,0.6638565,0.15568449,0.15568449
52,21,3245,0.16154364,16.66073,5.2420945,0.66388786,0.15567346,0.15567346
52,22,3246,0.16157305,16.66332,5.241869,0.6639104,0.15566768,0.15566768
52,23,3247,0.16158801,16.664595,5.2417293,0.6638982,0.15566745,0.15566745
52,24,3248,0.1615962,16.665977,5.241575,0.6639541,0.15565945,0.15565945
52,25,3249,0.16160819,16.66736,5.2414255,0.66396415,0.1556531,0.1556531
52,26,3250,0.16163823,16.669794,5.241197,0.6638815,0.15564954,0.15564954
52,27,3251,0.16165534,16.671913,5.241077,0.6639017,0.15564007,0.15564007
52,28,3252,0.16167696,16.673311,5.24074,0.6638894,0.15563047,0.15563047
52,29,3253,0.16170251,16.674603,5.2406197,0.66392225,0.15562247,0.15562247
52,30,3254,0.16171592,16.676199,5.240479,0.66394097,0.15561552,0.15561552
52,31,3255,0.16173308,16.67747,5.240225,0.6639933,0.15560298,0.15560298
52,32,3256,0.1617504,16.678783,5.2398753,0.66395324,0.15559329,0.15559329
52,33,3257,0.16175371,16.679201,5.2396936,0.6639324,0.1555935,0.1555935
52,34,3258,0.16176417,16.680332,5.2395515,0.6639657,0.15559699,0.15559699
52,35,3259,0.16177374,16.681515,5.239308,0.6639711,0.15558465,0.15558465
52,36,3260,0.16179082,16.683266,5.2390437,0.6639538,0.15557761,0.15557761
52,37,3261,0.16180632,16.684544,5.2387147,0.6639195,0.15556903,0.15556903
52,38,3262,0.16182104,16.686472,5.2384925,0.66396797,0.15556122,0.15556122
52,39,3263,0.16182792,16.687212,5.2382274,0.6639409,0.15555294,0.15555294
52,40,3264,0.16184002,16.68786,5.237915,0.66393054,0.15554367,0.15554367
52,41,3265,0.1618472,16.68837,5.2377434,0.66394,0.15553825,0.15553825
52,42,3266,0.16186577,16.688988,5.23752,0.6639482,0.1555269,0.1555269
52,43,3267,0.1618875,16.689384,5.237368,0.6639474,0.15552263,0.15552263
52,44,3268,0.1618971,16.689909,5.2371826,0.66393924,0.1555192,0.1555192
52,45,3269,0.16190827,16.690418,5.2370596,0.6639649,0.15551603,0.15551603
52,46,3270,0.16192271,16.692076,5.236985,0.6639787,0.15551107,0.15551107
52,47,3271,0.16193292,16.693367,5.236777,0.66396934,0.15549973,0.15549973
52,48,3272,0.16194335,16.693481,5.2366724,0.6639813,0.15549211,0.15549211
52,49,3273,0.16195646,16.695068,5.2365365,0.6639644,0.15548258,0.15548258
52,50,3274,0.16198486,16.696444,5.2362766,0.66399676,0.15547468,0.15547468
52,51,3275,0.16200167,16.697891,5.2360387,0.66401887,0.15546352,0.15546352
52,52,3276,0.16201566,16.69971,5.2357383,0.6640736,0.15545155,0.15545155
52,53,3277,0.16202173,16.700228,5.2355556,0.6641019,0.15544237,0.15544237
52,54,3278,0.16203897,16.70335,5.2353954,0.66417575,0.15543742,0.15543742
52,55,3279,0.16205901,16.705618,5.2352176,0.6642154,0.15543142,0.15543142
52,56,3280,0.16207728,16.7081,5.2349725,0.66424465,0.15542299,0.15542299
52,57,3281,0.16210724,16.710281,5.2348084,0.6642503,0.15541385,0.15541385
52,58,3282,0.16212343,16.712254,5.234597,0.6642538,0.15540443,0.15540443
52,59,3283,0.16213867,16.713419,5.234407,0.6642278,0.15540023,0.15540023
52,60,3284,0.16215447,16.71427,5.234155,0.66424,0.15539733,0.15539733
52,61,3285,0.16216156,16.715082,5.2339272,0.66426665,0.15539087,0.15539087
53,0,3286,0.16217573,16.715809,5.2336445,0.6642138,0.15537934,0.15537934
53,1,3287,0.16219269,16.716614,5.2332993,0.66420585,0.15537117,0.15537117
53,2,3288,0.16220449,16.71744,5.233167,0.66424763,0.1553643,0.1553643
53,3,3289,0.16221806,16.71962,5.232949,0.66428256,0.15535077,0.15535077
53,4,3290,0.16222924,16.719952,5.232655,0.66429037,0.1553401,0.1553401
53,5,3291,0.16224226,16.720697,5.2325306,0.6643051,0.15533598,0.15533598
53,6,3292,0.16227034,16.722383,5.2324357,0.66434515,0.15534008,0.15534008
53,7,3293,0.1622837,16.72388,5.2323546,0.6643725,0.15533212,0.15533212
53,8,3294,0.16229919,16.725674,5.232233,0.664356,0.15533075,0.15533075
53,9,3295,0.16231598,16.727745,5.2319403,0.6643303,0.15531926,0.15531926
53,10,3296,0.1623288,16.728539,5.2316475,0.6643035,0.15531474,0.15531474
53,11,3297,0.16233788,16.729969,5.2314677,0.6642977,0.15531228,0.15531228
53,12,3298,0.1623554,16.732294,5.2312365,0.66432506,0.1553044,0.1553044
53,13,3299,0.16237238,16.734701,5.2310295,0.664318,0.1552925,0.1552925
53,14,3300,0.1624066,16.736725,5.23077,0.6643391,0.15527602,0.15527602
53,15,3301,0.16242108,16.738186,5.230667,0.6643638,0.1552665,0.1552665
53,16,3302,0.16243353,16.739485,5.2305055,0.6644061,0.15525496,0.15525496
53,17,3303,0.16245082,16.740639,5.2302585,0.6644009,0.1552439,0.1552439
53,18,3304,0.16246472,16.741922,5.230129,0.6644718,0.15523773,0.15523773
53,19,3305,0.16248639,16.743982,5.2298837,0.66450113,0.15522678,0.15522678
53,20,3306,0.16251957,16.745651,5.2296033,0.6645458,0.15521416,0.15521416
53,21,3307,0.16253206,16.747013,5.229413,0.6645659,0.15520221,0.15520221
53,22,3308,0.16254455,16.748472,5.229246,0.66461027,0.15519485,0.15519485
53,23,3309,0.16256139,16.749826,5.2290344,0.6646379,0.15518768,0.15518768
53,24,3310,0.16257885,16.75164,5.228781,0.6647,0.15517521,0.15517521
53,25,3311,0.16258453,16.752329,5.228526,0.66471064,0.15516938,0.15516938
53,26,3312,0.16259807,16.753792,5.2283196,0.66477525,0.15516242,0.15516242
53,27,3313,0.1626074,16.755024,5.2280707,0.6648138,0.15515243,0.15515243
53,28,3314,0.16262326,16.756865,5.227899,0.6648367,0.15514708,0.15514708
53,29,3315,0.16263725,16.758617,5.227697,0.66484666,0.15513906,0.15513906
53,30,3316,0.1626549,16.76043,5.2275376,0.66486776,0.15513319,0.15513319
53,31,3317,0.16267793,16.761868,5.2274995,0.6649274,0.15513104,0.15513104
53,32,3318,0.16271284,16.763222,5.2273474,0.6649494,0.15512027,0.15512027
53,33,3319,0.16273394,16.764608,5.227161,0.6649498,0.15511422,0.15511422
53,34,3320,0.16274688,16.765278,5.226938,0.6649308,0.1551139,0.1551139
53,35,3321,0.16277151,16.768366,5.226709,0.6650747,0.15509844,0.15509844
53,36,3322,0.16278358,16.769796,5.226529,0.66514254,0.15509148,0.15509148
53,37,3323,0.16280386,16.772465,5.226169,0.6651522,0.1550794,0.1550794
53,38,3324,0.1628103,16.773027,5.226011,0.66515315,0.1550771,0.1550771
53,39,3325,0.1628144,16.773205,5.2257123,0.6651027,0.15506962,0.15506962
53,40,3326,0.16282046,16.773705,5.2255964,0.6651053,0.15506613,0.15506613
53,41,3327,0.1628313,16.774664,5.225387,0.66506666,0.155061,0.155061
53,42,3328,0.16284172,16.774815,5.2251067,0.6650627,0.15505388,0.15505388
53,43,3329,0.16285548,16.776913,5.224998,0.66507405,0.15505376,0.15505376
53,44,3330,0.16286507,16.7779,5.2248435,0.66508335,0.1550491,0.1550491
53,45,3331,0.16288683,16.778847,5.224656,0.66506535,0.15504067,0.15504067
53,46,3332,0.16290152,16.779564,5.224361,0.66503346,0.15502901,0.15502901
53,47,3333,0.16291477,16.780481,5.2240977,0.66506886,0.15501744,0.15501744
53,48,3334,0.16291755,16.780293,5.2238,0.66506004,0.15500839,0.15500839
53,49,3335,0.16292635,16.780285,5.223454,0.6650355,0.15499765,0.15499765
53,50,3336,0.16294855,16.781462,5.2232485,0.6650535,0.15499249,0.15499249
53,51,3337,0.16295208,16.781162,5.2230434,0.66502064,0.15498625,0.15498625
53,52,3338,0.16296516,16.78271,5.222962,0.66501033,0.15497835,0.15497835
53,53,3339,0.16297859,16.783491,5.2228236,0.6650613,0.15496962,0.15496962
53,54,3340,0.16298644,16.783636,5.2227097,0.66510874,0.15496159,0.15496159
53,55,3341,0.16300446,16.785032,5.222637,0.6651315,0.15495682,0.15495682
53,56,3342,0.16302156,16.78619,5.222633,0.6651827,0.15494983,0.15494983
53,57,3343,0.16303214,16.787472,5.222483,0.6651709,0.15493962,0.15493962
53,58,3344,0.16305387,16.790699,5.2222567,0.66513896,0.15493636,0.15493636
53,59,3345,0.16310695,16.793043,5.222009,0.66510594,0.15492848,0.15492848
53,60,3346,0.16311356,16.79354,5.2217956,0.66510713,0.15492241,0.15492241
53,61,3347,0.16312926,16.794825,5.2215343,0.665111,0.15491575,0.15491575
54,0,3348,0.16313817,16.795826,5.2214484,0.66514206,0.15491067,0.15491067
54,1,3349,0.16314682,16.796854,5.2212644,0.6651253,0.15490112,0.15490112
54,2,3350,0.16315988,16.79806,5.221172,0.66519034,0.15489726,0.15489726
54,3,3351,0.16317204,16.798874,5.221009,0.6651708,0.15489078,0.15489078
54,4,3352,0.16318212,16.800201,5.220799,0.66514134,0.15488115,0.15488115
54,5,3353,0.16318959,16.800297,5.2206697,0.6651101,0.15488699,0.15488699
54,6,3354,0.16320992,16.80254,5.2205544,0.66517013,0.15487948,0.15487948
54,7,3355,0.1632312,16.803898,5.220266,0.6652294,0.15486643,0.15486643
54,8,3356,0.16325234,16.805819,5.219953,0.66518253,0.15485854,0.15485854
54,9,3357,0.16326723,16.807886,5.219637,0.6651879,0.15484671,0.15484671
54,10,3358,0.1632807,16.809244,5.2193723,0.665205,0.15483195,0.15483195
54,11,3359,0.1632938,16.81008,5.219224,0.6652615,0.15481997,0.15481997
54,12,3360,0.16330615,16.811626,5.2189503,0.6652787,0.1548079,0.1548079
54,13,3361,0.16332603,16.813417,5.2187285,0.6652333,0.1548,0.1548
54,14,3362,0.16335568,16.815393,5.218617,0.6653319,0.15478696,0.15478696
54,15,3363,0.16336422,16.816107,5.218556,0.6653399,0.15478833,0.15478833
54,16,3364,0.16338055,16.818577,5.2183924,0.6653245,0.15477565,0.15477565
54,17,3365,0.16340664,16.821016,5.2181063,0.66532016,0.15476017,0.15476017
54,18,3366,0.16342883,16.822233,5.217868,0.6653252,0.15475164,0.15475164
54,19,3367,0.1634527,16.82322,5.2176747,0.6653227,0.15474263,0.15474263
54,20,3368,0.16350679,16.825518,5.2174983,0.66537434,0.15473902,0.15473902
54,21,3369,0.16351703,16.827389,5.217519,0.6654236,0.15473631,0.15473631
54,22,3370,0.16352767,16.829115,5.2173367,0.66542774,0.15472734,0.15472734
54,23,3371,0.16353497,16.830427,5.217199,0.6654291,0.15471986,0.15471986
54,24,3372,0.16354838,16.831959,5.2169566,0.6654462,0.15471885,0.15471885
54,25,3373,0.1635578,16.83277,5.216808,0.6654815,0.15470429,0.15470429
54,26,3374,0.16356874,16.83454,5.2164993,0.6655125,0.15469527,0.15469527
54,27,3375,0.1635837,16.8364,5.2163024,0.6656055,0.15468992,0.15468992
54,28,3376,0.16359097,16.837397,5.2160954,0.6656359,0.15468581,0.15468581
54,29,3377,0.16359642,16.838242,5.215947,0.66567403,0.15467525,0.15467525
54,30,3378,0.16360508,16.839388,5.2158723,0.6657036,0.15467018,0.15467018
54,31,3379,0.16362269,16.84094,5.215809,0.66571176,0.15466267,0.15466267
54,32,3380,0.16363333,16.84208,5.2156215,0.66573125,0.15464954,0.15464954
54,33,3381,0.16365111,16.843365,5.215429,0.6657593,0.1546421,0.1546421
54,34,3382,0.16366115,16.844809,5.2152276,0.6657319,0.15463588,0.15463588
54,35,3383,0.16366991,16.846027,5.2150335,0.6657722,0.15462784,0.15462784
54,36,3384,0.16369006,16.848087,5.214883,0.66584903,0.15461773,0.15461773
54,37,3385,0.16370504,16.849676,5.21473,0.6658547,0.15460943,0.15460943
54,38,3386,0.16372964,16.852161,5.2145433,0.6658795,0.15460432,0.15460432
54,39,3387,0.16374621,16.853767,5.214344,0.665902,0.15459788,0.15459788
54,40,3388,0.16376063,16.854683,5.2142067,0.6659279,0.15458885,0.15458885
54,41,3389,0.16377217,16.856274,5.214051,0.6659511,0.15458123,0.15458123
54,42,3390,0.16379201,16.856941,5.213853,0.66597086,0.15457167,0.15457167
54,43,3391,0.16380289,16.858107,5.2136707,0.66596633,0.15456295,0.15456295
54,44,3392,0.16382024,16.858309,5.2134824,0.665956,0.15455431,0.15455431
54,45,3393,0.16384491,16.859303,5.213265,0.6659325,0.15455033,0.15455033
54,46,3394,0.1638599,16.860497,5.2130914,0.66595846,0.15454003,0.15454003
54,47,3395,0.16386953,16.860723,5.2129726,0.6660078,0.15453714,0.15453714
54,48,3396,0.16388394,16.861364,5.21279,0.6660615,0.15452866,0.15452866
54,49,3397,0.16389947,16.861973,5.212619,0.6660886,0.154522,0.154522
54,50,3398,0.1639128,16.862658,5.212471,0.66616213,0.15451814,0.15451814
54,51,3399,0.16393636,16.864235,5.212285,0.6661946,0.15451738,0.15451738
54,52,3400,0.16394986,16.86579,5.21204,0.6662221,0.15451074,0.15451074
54,53,3401,0.16396205,16.866993,5.2118454,0.6662283,0.15450051,0.15450051
54,54,3402,0.16397893,16.868456,5.2116494,0.66624874,0.15449111,0.15449111
54,55,3403,0.16399825,16.869349,5.211459,0.6662596,0.15448633,0.15448633
54,56,3404,0.16401634,16.870985,5.211209,0.66626185,0.15447281,0.15447281
54,57,3405,0.16403392,16.872566,5.210938,0.6662942,0.15445966,0.15445966
54,58,3406,0.16405489,16.874386,5.2107797,0.6663619,0.15444563,0.15444563
54,59,3407,0.16407664,16.87646,5.2107873,0.66641784,0.15443496,0.15443496
54,60,3408,0.16410214,16.878084,5.2106466,0.6664649,0.15442555,0.15442555
54,61,3409,0.16419251,16.880468,5.2106576,0.6665245,0.15441778,0.15441778
55,0,3410,0.16421415,16.88202,5.210429,0.6665176,0.15440997,0.15440997
55,1,3411,0.16422565,16.883055,5.2102246,0.66655016,0.15440361,0.15440361
55,2,3412,0.16424431,16.884497,5.2100835,0.6666033,0.154402,0.154402
55,3,3413,0.16424339,16.884174,5.2099156,0.66663873,0.15440159,0.15440159
55,4,3414,0.16424835,16.884552,5.209726,0.666636,0.15439515,0.15439515
55,5,3415,0.16425982,16.885157,5.209493,0.66668785,0.15438588,0.15438588
55,6,3416,0.1642627,16.885393,5.2092733,0.6666839,0.15437862,0.15437862
55,7,3417,0.16427276,16.887396,5.209084,0.6667103,0.15437157,0.15437157
55,8,3418,0.16427904,16.887651,5.208864,0.66673464,0.15436223,0.15436223
55,9,3419,0.16429329,16.888792,5.2086763,0.6667654,0.15435348,0.15435348
55,10,3420,0.16430578,16.890387,5.208303,0.6667014,0.15434085,0.15434085
55,11,3421,0.1643163,16.891994,5.208108,0.66672415,0.15434048,0.15434048
55,12,3422,0.16432104,16.892872,5.2078767,0.666767,0.15432861,0.15432861
55,13,3423,0.16434015,16.895283,5.207567,0.66674376,0.15431473,0.15431473
55,14,3424,0.16435272,16.896776,5.2073417,0.66674566,0.15430447,0.15430447
55,15,3425,0.16436638,16.89867,5.2072215,0.6667787,0.15429829,0.15429829
55,16,3426,0.16437341,16.898993,5.2070327,0.6668051,0.15428926,0.15428926
55,17,3427,0.16438922,16.901579,5.206764,0.666796,0.15427941,0.15427941
55,18,3428,0.1644043,16.901867,5.206569,0.6668135,0.15426949,0.15426949
55,19,3429,0.16441518,16.902935,5.206343,0.66684777,0.15426025,0.15426025
55,20,3430,0.1644341,16.904884,5.2062044,0.6669003,0.15425768,0.15425768
55,21,3431,0.1644473,16.905428,5.206006,0.66691196,0.15425155,0.15425155
55,22,3432,0.16447306,16.90941,5.20576,0.6669236,0.15424295,0.15424295
55,23,3433,0.16453755,16.920248,5.2054377,0.6669113,0.15422992,0.15422992
55,24,3434,0.1645538,16.921892,5.2052417,0.66690654,0.15421832,0.15421832
55,25,3435,0.16457583,16.923983,5.2050214,0.6669167,0.1542076,0.1542076
55,26,3436,0.16458598,16.924706,5.204883,0.66693735,0.15419653,0.15419653
55,27,3437,0.16460085,16.925344,5.204661,0.66693723,0.15419209,0.15419209
55,28,3438,0.16461763,16.92695,5.204472,0.6669705,0.15418087,0.15418087
55,29,3439,0.16462582,16.92703,5.204387,0.6669922,0.15418108,0.15418108
55,30,3440,0.16463974,16.927818,5.2043033,0.66701305,0.15417315,0.15417315
55,31,3441,0.16464913,16.928612,5.204066,0.6670282,0.1541626,0.1541626
55,32,3442,0.16465661,16.928791,5.2039585,0.66705173,0.15416433,0.15416433
55,33,3443,0.16466454,16.929022,5.203775,0.6670893,0.15415387,0.15415387
55,34,3444,0.16466928,16.929121,5.203575,0.66708463,0.1541494,0.1541494
55,35,3445,0.16468263,16.930256,5.2032876,0.6671228,0.15413958,0.15413958
55,36,3446,0.16469237,16.930208,5.20306,0.667129,0.15413615,0.15413615
55,37,3447,0.16470666,16.931456,5.202801,0.6671418,0.15412548,0.15412548
55,38,3448,0.16471514,16.93191,5.2025394,0.6671473,0.15411371,0.15411371
55,39,3449,0.1647295,16.932974,5.202313,0.66716105,0.15410505,0.15410505
55,40,3450,0.16474414,16.934025,5.2021203,0.6671556,0.154098,0.154098
55,41,3451,0.16475928,16.9346,5.201992,0.6671675,0.15409106,0.15409106
55,42,3452,0.16477214,16.935646,5.2017775,0.6671498,0.15408014,0.15408014
55,43,3453,0.16478324,16.936455,5.2016225,0.66715723,0.15407152,0.15407152
55,44,3454,0.16481496,16.938173,5.2013545,0.6671427,0.15406506,0.15406506
55,45,3455,0.16488102,16.938993,5.201096,0.66709316,0.15405932,0.15405932
55,46,3456,0.16490526,16.939943,5.200859,0.66709334,0.15405586,0.15405586
55,47,3457,0.16492514,16.941114,5.200727,0.66716087,0.15404718,0.15404718
55,48,3458,0.16493547,16.94183,5.200538,0.6671957,0.15404311,0.15404311
55,49,3459,0.16494116,16.941986,5.2003317,0.667201,0.15403049,0.15403049
55,50,3460,0.16494396,16.942257,5.200166,0.66716486,0.15402432,0.15402432
55,51,3461,0.16495548,16.943356,5.200035,0.6671638,0.15401666,0.15401666
55,52,3462,0.16496806,16.944677,5.199867,0.66715825,0.15401082,0.15401082
55,53,3463,0.16498044,16.946173,5.1996126,0.66710234,0.15400438,0.15400438
55,54,3464,0.16499099,16.946434,5.199511,0.6671468,0.1539983,0.1539983
55,55,3465,0.16500185,16.946224,5.199151,0.6670993,0.15398465,0.15398465
55,56,3466,0.16501552,16.948683,5.1989155,0.66715086,0.15397377,0.15397377
55,57,3467,0.1650263,16.949568,5.1986756,0.66716,0.1539623,0.1539623
55,58,3468,0.16503948,16.95078,5.1985145,0.66717154,0.1539555,0.1539555
55,59,3469,0.16505063,16.951576,5.198238,0.6671782,0.1539447,0.1539447
55,60,3470,0.16506054,16.952267,5.197942,0.66717637,0.153935,0.153935
55,61,3471,0.1650736,16.953377,5.197694,0.66715974,0.15392485,0.15392485
56,0,3472,0.1650907,16.955069,5.197468,0.667198,0.15391234,0.15391234
56,1,3473,0.16510248,16.956968,5.197227,0.6671914,0.15390944,0.15390944
56,2,3474,0.1651181,16.958565,5.1972036,0.6672373,0.15390868,0.15390868
56,3,3475,0.1651282,16.959515,5.1969776,0.66720015,0.15390241,0.15390241
56,4,3476,0.16514538,16.961544,5.1967483,0.66719306,0.1538936,0.1538936
56,5,3477,0.16515864,16.962463,5.1964517,0.6671251,0.1538884,0.1538884
56,6,3478,0.16518053,16.96307,5.196268,0.66713375,0.15388595,0.15388595
56,7,3479,0.16519633,16.964766,5.195959,0.66711855,0.15387593,0.15387593
56,8,3480,0.16520452,16.965122,5.1957836,0.6671521,0.15386923,0.15386923
56,9,3481,0.16521132,16.965263,5.1957417,0.6672507,0.15386,0.15386
56,10,3482,0.16521972,16.966084,5.1957393,0.66733605,0.15385002,0.15385002
56,11,3483,0.16523677,16.966997,5.195573,0.66737634,0.15384403,0.15384403
56,12,3484,0.1652466,16.967943,5.195467,0.66739166,0.1538385,0.1538385
56,13,3485,0.16526027,16.969404,5.1954064,0.6673771,0.15383282,0.15383282
56,14,3486,0.16526885,16.97037,5.195282,0.66741085,0.15383098,0.15383098
56,15,3487,0.16526818,16.970516,5.1949754,0.6674224,0.15382034,0.15382034
56,16,3488,0.16527928,16.972134,5.1947465,0.6674019,0.15381229,0.15381229
56,17,3489,0.16529721,16.973675,5.194541,0.6674097,0.15380798,0.15380798
56,18,3490,0.16530526,16.97463,5.1942697,0.66742533,0.15379803,0.15379803
56,19,3491,0.16531481,16.97606,5.194012,0.6674175,0.15378763,0.15378763
56,20,3492,0.16534612,16.979286,5.1938014,0.6674701,0.1537772,0.1537772
56,21,3493,0.16536163,16.980818,5.19361,0.66749674,0.15376858,0.15376858
56,22,3494,0.16536854,16.980822,5.193413,0.66751677,0.15375589,0.15375589
56,23,3495,0.16538471,16.981619,5.193274,0.6675624,0.15375128,0.15375128
56,24,3496,0.16539198,16.982119,5.193007,0.66755337,0.1537438,0.1537438
56,25,3497,0.16539842,16.982754,5.1928587,0.6675518,0.15373896,0.15373896
56,26,3498,0.16540566,16.98308,5.192594,0.6675377,0.15373176,0.15373176
56,27,3499,0.16541429,16.983156,5.192328,0.66754854,0.15372173,0.15372173
56,28,3500,0.16542655,16.984219,5.192103,0.6675371,0.15371598,0.15371598
56,29,3501,0.16544507,16.985456,5.1919217,0.6675644,0.15370777,0.15370777
56,30,3502,0.16546558,16.987177,5.1917257,0.6675868,0.1536989,0.1536989
56,31,3503,0.1654821,16.98794,5.191499,0.6676346,0.15369098,0.15369098
56,32,3504,0.16550422,16.989635,5.1913843,0.6676568,0.15369509,0.15369509
56,33,3505,0.16552705,16.99241,5.1913357,0.66776735,0.15369193,0.15369193
56,34,3506,0.1655525,16.9961,5.191166,0.6677901,0.15368184,0.15368184
56,35,3507,0.16558084,16.999744,5.1910048,0.66781247,0.153674,0.153674
56,36,3508,0.16563228,17.001818,5.1908894,0.66784555,0.15367356,0.15367356
56,37,3509,0.16565348,17.003399,5.1907,0.667885,0.15366459,0.15366459
56,38,3510,0.16566902,17.005018,5.190389,0.66786474,0.15365502,0.15365502
56,39,3511,0.16567932,17.006102,5.190172,0.66786814,0.15364312,0.15364312
56,40,3512,0.16569291,17.0083,5.1899905,0.6679171,0.15363254,0.15363254
56,41,3513,0.16569741,17.00846,5.18991,0.6679795,0.15362476,0.15362476
56,42,3514,0.16570854,17.009861,5.189709,0.66804135,0.15361449,0.15361449
56,43,3515,0.16573188,17.012087,5.1894226,0.66802824,0.15360317,0.15360317
56,44,3516,0.16574743,17.013353,5.1891904,0.6680243,0.15359153,0.15359153
56,45,3517,0.16575423,17.014029,5.1891203,0.66810364,0.15359083,0.15359083
56,46,3518,0.16577241,17.016447,5.188851,0.66806626,0.15358245,0.15358245
56,47,3519,0.16578043,17.01736,5.1888037,0.66815484,0.15358141,0.15358141
56,48,3520,0.16578686,17.018087,5.1885557,0.66814744,0.1535694,0.1535694
56,49,3521,0.16579434,17.019135,5.188273,0.6681561,0.1535597,0.1535597
56,50,3522,0.16580303,17.019575,5.1879706,0.6681153,0.15355234,0.15355234
56,51,3523,0.16580561,17.019852,5.187769,0.6680972,0.15354575,0.15354575
56,52,3524,0.16581628,17.02062,5.1875777,0.6681033,0.15353565,0.15353565
56,53,3525,0.16582105,17.020517,5.1874523,0.66816807,0.15352786,0.15352786
56,54,3526,0.16583276,17.021952,5.1873536,0.66819245,0.15352164,0.15352164
56,55,3527,0.1658437,17.022968,5.1872053,0.6682013,0.15351874,0.15351874
56,56,3528,0.16585621,17.02441,5.1869926,0.66819817,0.15351191,0.15351191
56,57,3529,0.16586497,17.025372,5.1868706,0.66823924,0.1535019,0.1535019
56,58,3530,0.16587117,17.026413,5.1866517,0.6682417,0.15349144,0.15349144
56,59,3531,0.16588214,17.027788,5.1864147,0.6682468,0.15348439,0.15348439
56,60,3532,0.16589561,17.028057,5.186197,0.66826797,0.15347527,0.15347527
56,61,3533,0.16591503,17.028233,5.1860538,0.6682976,0.1534682,0.1534682
57,0,3534,0.16593012,17.030287,5.1858735,0.66828865,0.15346017,0.15346017
57,1,3535,0.1659438,17.030977,5.1856766,0.66829294,0.15345022,0.15345022
57,2,3536,0.16595417,17.032286,5.1854353,0.66830266,0.15344183,0.15344183
57,3,3537,0.16595957,17.033485,5.1851435,0.6682809,0.15343396,0.15343396
57,4,3538,0.16596329,17.034405,5.184991,0.6683881,0.15342312,0.15342312
57,5,3539,0.16597594,17.035437,5.184737,0.6683887,0.15341592,0.15341592
57,6,3540,0.16600364,17.038534,5.1844664,0.66838825,0.15341048,0.15341048
57,7,3541,0.16601609,17.040104,5.1842184,0.66840106,0.15340316,0.15340316
57,8,3542,0.16603436,17.041212,5.184107,0.6683869,0.15340164,0.15340164
57,9,3543,0.1660394,17.041353,5.183988,0.6684118,0.15339884,0.15339884
57,10,3544,0.1660494,17.041769,5.183758,0.6684141,0.15338868,0.15338868
57,11,3545,0.16605684,17.042572,5.1836395,0.6684518,0.15337586,0.15337586
57,12,3546,0.1660749,17.044498,5.183512,0.66846305,0.15336739,0.15336739
57,13,3547,0.16608553,17.045835,5.183329,0.6684277,0.1533599,0.1533599
57,14,3548,0.16610277,17.047617,5.183223,0.66848826,0.15335625,0.15335625
57,15,3549,0.16613239,17.05086,5.1831403,0.6685618,0.1533499,0.1533499
57,16,3550,0.16614982,17.052353,5.1831026,0.66862446,0.15333761,0.15333761
57,17,3551,0.16616164,17.05405,5.1830554,0.66863,0.15333085,0.15333085
57,18,3552,0.1661741,17.055204,5.1829023,0.6686334,0.15332364,0.15332364
57,19,3553,0.16618758,17.056284,5.182783,0.66867566,0.15331951,0.15331951
57,20,3554,0.1661974,17.056307,5.1826053,0.6687263,0.1533118,0.1533118
57,21,3555,0.16621128,17.05754,5.1824646,0.66875875,0.1533047,0.1533047
57,22,3556,0.16622299,17.058819,5.182131,0.66875196,0.15329404,0.15329404
57,23,3557,0.16623805,17.060137,5.1819077,0.6687973,0.15328631,0.15328631
57,24,3558,0.16625264,17.061666,5.1816225,0.6687861,0.15327531,0.15327531
57,25,3559,0.16626368,17.062279,5.181453,0.6688049,0.15326734,0.15326734
57,26,3560,0.1662816,17.062294,5.181259,0.6687946,0.15326054,0.15326054
57,27,3561,0.16628896,17.062803,5.1810775,0.66881204,0.15325525,0.15325525
57,28,3562,0.16629753,17.063444,5.1808033,0.6688305,0.15324686,0.15324686
57,29,3563,0.16630164,17.063717,5.1805534,0.66883117,0.15324017,0.15324017
57,30,3564,0.16631281,17.06592,5.180317,0.66890144,0.15322863,0.15322863
57,31,3565,0.16632324,17.067286,5.180128,0.66897994,0.1532158,0.1532158
57,32,3566,0.16633348,17.068651,5.17998,0.66899514,0.1532136,0.1532136
57,33,3567,0.16634522,17.070118,5.1798816,0.6689881,0.15321264,0.15321264
57,34,3568,0.16635568,17.071274,5.179729,0.669,0.15320523,0.15320523
57,35,3569,0.1663656,17.072153,5.179556,0.66901606,0.15320157,0.15320157
57,36,3570,0.16637224,17.072256,5.1794763,0.66902214,0.15319394,0.15319394
57,37,3571,0.16638654,17.073635,5.1794424,0.66912955,0.15318188,0.15318188
57,38,3572,0.1663988,17.075047,5.179293,0.66917616,0.15317841,0.15317841
57,39,3573,0.16641755,17.077229,5.1789875,0.6691813,0.15316457,0.15316457
57,40,3574,0.16644137,17.078613,5.178785,0.6691678,0.1531552,0.1531552
57,41,3575,0.1664557,17.08014,5.178575,0.66917217,0.15314811,0.15314811
57,42,3576,0.16646272,17.080986,5.178464,0.66921127,0.15314215,0.15314215
57,43,3577,0.16647404,17.082382,5.1783667,0.6692386,0.15313995,0.15313995
57,44,3578,0.16648735,17.08365,5.1781774,0.6692311,0.15313374,0.15313374
57,45,3579,0.16649881,17.085234,5.178087,0.66930294,0.15313151,0.15313151
57,46,3580,0.16650459,17.08613,5.1780534,0.66934055,0.15312585,0.15312585
57,47,3581,0.16651005,17.086788,5.1779766,0.66940665,0.15312204,0.15312204
57,48,3582,0.16651495,17.08756,5.1777253,0.66941905,0.15311436,0.15311436
57,49,3583,0.16653216,17.088688,5.1775923,0.6694704,0.15311158,0.15311158
57,50,3584,0.16654164,17.0898,5.1773543,0.66945475,0.15310812,0.15310812
57,51,3585,0.16654554,17.089733,5.1771526,0.6694018,0.15310544,0.15310544
57,52,3586,0.16655342,17.090796,5.1771092,0.66944826,0.15310133,0.15310133
57,53,3587,0.16656436,17.09137,5.177025,0.66946834,0.15309736,0.15309736
57,54,3588,0.1665857,17.093647,5.176826,0.6694896,0.1530906,0.1530906
57,55,3589,0.16659825,17.09459,5.17669,0.6695681,0.15308177,0.15308177
57,56,3590,0.16662076,17.095379,5.176486,0.6695706,0.15307035,0.15307035
57,57,3591,0.16664621,17.09701,5.1763487,0.6696006,0.15305863,0.15305863
57,58,3592,0.16665766,17.097488,5.1762037,0.66961545,0.15304883,0.15304883
57,59,3593,0.16667187,17.098076,5.175915,0.6696181,0.15303761,0.15303761
57,60,3594,0.16667886,17.098284,5.175588,0.6696478,0.15302719,0.15302719
57,61,3595,0.16668656,17.09888,5.175346,0.6696636,0.15301679,0.15301679
58,0,3596,0.16670549,17.099337,5.1751666,0.6696488,0.15300818,0.15300818
58,1,3597,0.16671434,17.099976,5.1749034,0.6696646,0.15299638,0.15299638
58,2,3598,0.16672616,17.100805,5.174673,0.6696601,0.15298972,0.15298972
58,3,3599,0.16673851,17.10228,5.174417,0.66968817,0.15297762,0.15297762
58,4,3600,0.16674446,17.103048,5.1742225,0.6697016,0.15296835,0.15296835
58,5,3601,0.16675389,17.104116,5.1740575,0.6697758,0.15295832,0.15295832
58,6,3602,0.16676053,17.104584,5.173807,0.66983557,0.15295057,0.15295057
58,7,3603,0.16676447,17.104815,5.173546,0.6698235,0.15294228,0.15294228
58,8,3604,0.16676927,17.105137,5.1733713,0.6699048,0.15293494,0.15293494
58,9,3605,0.16677925,17.106209,5.1732364,0.6699391,0.1529319,0.1529319
58,10,3606,0.16679403,17.108175,5.1731358,0.6699706,0.15292476,0.15292476
58,11,3607,0.16679955,17.109165,5.173059,0.6700013,0.15292099,0.15292099
58,12,3608,0.16680771,17.11033,5.172935,0.6700125,0.15291564,0.15291564
58,13,3609,0.1668222,17.11127,5.1727405,0.6700128,0.15290952,0.15290952
58,14,3610,0.16682982,17.111454,5.172626,0.67005795,0.15289825,0.15289825
58,15,3611,0.16684824,17.112225,5.172454,0.6700828,0.1528907,0.1528907
58,16,3612,0.16687031,17.11275,5.1722646,0.6700669,0.1528861,0.1528861
58,17,3613,0.16688383,17.113691,5.1721487,0.6700878,0.15287857,0.15287857
58,18,3614,0.16689806,17.115566,5.1720386,0.6700996,0.1528745,0.1528745
58,19,3615,0.16691482,17.117607,5.1718745,0.6701338,0.15286544,0.15286544
58,20,3616,0.16692969,17.119936,5.171652,0.67017245,0.15285738,0.15285738
58,21,3617,0.16693823,17.121256,5.1714253,0.6701592,0.15285337,0.15285337
58,22,3618,0.16695294,17.12291,5.171273,0.6702198,0.15284924,0.15284924
58,23,3619,0.16696218,17.12426,5.1711044,0.6702344,0.15284137,0.15284137
58,24,3620,0.16696966,17.124962,5.1709714,0.6702463,0.15283896,0.15283896
58,25,3621,0.16697869,17.125875,5.1707954,0.67029697,0.15283184,0.15283184
58,26,3622,0.16699319,17.127518,5.1705933,0.67033327,0.15282923,0.15282923
58,27,3623,0.16700768,17.128962,5.1703978,0.6704005,0.15281802,0.15281802
58,28,3624,0.16701472,17.130302,5.1701922,0.6704246,0.1528083,0.1528083
58,29,3625,0.16702856,17.131916,5.1699886,0.6704762,0.15279825,0.15279825
58,30,3626,0.16704275,17.133244,5.169816,0.67047447,0.15279678,0.15279678
58,31,3627,0.1670604,17.134264,5.169552,0.67046416,0.15278657,0.15278657
58,32,3628,0.16708064,17.136112,5.1694107,0.67047554,0.15278515,0.15278515
58,33,3629,0.16708194,17.136034,5.1693463,0.67052746,0.15278016,0.15278016
58,34,3630,0.1671022,17.138231,5.169255,0.67058444,0.15277122,0.15277122
58,35,3631,0.16711465,17.140114,5.169068,0.67060465,0.15276259,0.15276259
58,36,3632,0.1671231,17.140821,5.168893,0.6706313,0.15275225,0.15275225
58,37,3633,0.16713691,17.142567,5.1686854,0.6706954,0.15274222,0.15274222
58,38,3634,0.16715227,17.145279,5.1685886,0.67075574,0.15273987,0.15273987
58,39,3635,0.16716835,17.146183,5.1683683,0.6707279,0.15272947,0.15272947
58,40,3636,0.16718718,17.14769,5.168129,0.6707419,0.15272066,0.15272066
58,41,3637,0.16723877,17.148165,5.1679263,0.67075026,0.15271038,0.15271038
58,42,3638,0.16724616,17.148703,5.1676893,0.6707449,0.15270202,0.15270202
58,43,3639,0.16725472,17.150133,5.1674633,0.67074084,0.15268911,0.15268911
58,44,3640,0.16727331,17.152264,5.1671805,0.6707648,0.15267725,0.15267725
58,45,3641,0.16728388,17.15322,5.167063,0.67082775,0.15267527,0.15267527
58,46,3642,0.16729599,17.154264,5.166796,0.67080194,0.15266858,0.15266858
58,47,3643,0.1673011,17.154984,5.166619,0.6708105,0.15266334,0.15266334
58,48,3644,0.16730589,17.155413,5.166452,0.6707911,0.15265039,0.15265039
58,49,3645,0.16731924,17.15671,5.1662593,0.67081606,0.15264277,0.15264277
58,50,3646,0.1673245,17.157412,5.1660304,0.67080605,0.15263537,0.15263537
58,51,3647,0.16733453,17.157867,5.165832,0.67080957,0.15262832,0.15262832
58,52,3648,0.16733816,17.158068,5.165697,0.6707908,0.15262304,0.15262304
58,53,3649,0.16734277,17.158588,5.1655564,0.6708584,0.15261166,0.15261166
58,54,3650,0.16735005,17.158663,5.165341,0.6708881,0.15260331,0.15260331
58,55,3651,0.16735873,17.160044,5.1653094,0.670976,0.15260185,0.15260185
58,56,3652,0.16737336,17.16068,5.165224,0.6710541,0.15259138,0.15259138
58,57,3653,0.16740862,17.16659,5.165132,0.67112535,0.1525828,0.1525828
58,58,3654,0.16744968,17.172962,5.164909,0.67112,0.15257253,0.15257253
58,59,3655,0.1674631,17.174902,5.164748,0.67108834,0.15256324,0.15256324
58,60,3656,0.16747153,17.175705,5.164569,0.6711311,0.15255606,0.15255606
58,61,3657,0.16748808,17.175945,5.164383,0.6710975,0.15254958,0.15254958
59,0,3658,0.16749187,17.175442,5.1643186,0.6711023,0.15253876,0.15253876
59,1,3659,0.16751349,17.176407,5.1641493,0.67113507,0.15252921,0.15252921
59,2,3660,0.1675283,17.177109,5.16389,0.67112476,0.15252519,0.15252519
59,3,3661,0.16753295,17.177504,5.163703,0.67114526,0.15251212,0.15251212
59,4,3662,0.16753513,17.177683,5.1634793,0.6710935,0.15250953,0.15250953
59,5,3663,0.16754901,17.179335,5.16328,0.6710358,0.15250184,0.15250184
59,6,3664,0.16755798,17.179834,5.16317,0.6710469,0.15249789,0.15249789
59,7,3665,0.1675695,17.180237,5.1629977,0.6710529,0.15249228,0.15249228
59,8,3666,0.16758744,17.181604,5.162673,0.67106175,0.15247987,0.15247987
59,9,3667,0.16759545,17.181807,5.1624494,0.6710806,0.15247631,0.15247631
59,10,3668,0.16759996,17.182503,5.1621933,0.67105854,0.1524708,0.1524708
59,11,3669,0.16760164,17.182774,5.1619596,0.6710375,0.15246487,0.15246487
59,12,3670,0.16761823,17.183254,5.1617627,0.6710386,0.15245786,0.15245786
59,13,3671,0.16762981,17.184351,5.161664,0.6710656,0.15244988,0.15244988
59,14,3672,0.1676411,17.185097,5.161472,0.67110384,0.15244518,0.15244518
59,15,3673,0.16765262,17.186695,5.1611767,0.67110187,0.15243244,0.15243244
59,16,3674,0.16766366,17.18832,5.1609626,0.67112565,0.15242653,0.15242653
59,17,3675,0.16767201,17.189949,5.1607885,0.67116016,0.1524182,0.1524182
59,18,3676,0.16767609,17.19021,5.160576,0.67115206,0.15241499,0.15241499
59,19,3677,0.16768032,17.190462,5.1603513,0.6711762,0.15240988,0.15240988
59,20,3678,0.1676882,17.19072,5.1602407,0.6711607,0.15241385,0.15241385
59,21,3679,0.16771737,17.192217,5.160074,0.67116815,0.15241443,0.15241443
59,22,3680,0.16772702,17.19251,5.1599545,0.6711902,0.15240528,0.15240528
59,23,3681,0.16773492,17.192814,5.1598024,0.67124647,0.15239622,0.15239622
59,24,3682,0.16774797,17.194027,5.159601,0.6712661,0.15239066,0.15239066
59,25,3683,0.16775745,17.19453,5.1594877,0.671258,0.15238485,0.15238485
59,26,3684,0.16776219,17.194954,5.159433,0.6712622,0.1523807,0.1523807
59,27,3685,0.16777351,17.19691,5.159237,0.67128974,0.15237275,0.15237275
59,28,3686,0.16778928,17.199282,5.158948,0.6712668,0.15236072,0.15236072
59,29,3687,0.16780435,17.199963,5.158846,0.6712836,0.1523602,0.1523602
59,30,3688,0.16781166,17.200508,5.1586404,0.6712812,0.1523557,0.1523557
59,31,3689,0.16781598,17.201315,5.1583548,0.6712738,0.1523427,0.1523427
59,32,3690,0.16783506,17.204031,5.158261,0.6713229,0.1523396,0.1523396
59,33,3691,0.16784486,17.204535,5.1582484,0.67135954,0.15233058,0.15233058
59,34,3692,0.16785398,17.205048,5.1581492,0.6713612,0.15232538,0.15232538
59,35,3693,0.16786367,17.205826,5.1579633,0.6713946,0.15231813,0.15231813
59,36,3694,0.16787437,17.206623,5.157747,0.67143077,0.15230748,0.15230748
59,37,3695,0.16788946,17.20794,5.157564,0.67140937,0.15230018,0.15230018
59,38,3696,0.16789682,17.208597,5.157398,0.67144376,0.15229605,0.15229605
59,39,3697,0.1679014,17.209337,5.157229,0.6714327,0.15229093,0.15229093
59,40,3698,0.16791297,17.21096,5.157145,0.67147076,0.15229028,0.15229028
59,41,3699,0.16792956,17.212467,5.157082,0.671484,0.15228632,0.15228632
59,42,3700,0.1679422,17.213284,5.1569333,0.67148644,0.15227972,0.15227972
59,43,3701,0.1679526,17.213991,5.1567836,0.67152876,0.15226959,0.15226959
59,44,3702,0.16796926,17.214266,5.1565614,0.67153287,0.15226237,0.15226237
59,45,3703,0.16798215,17.215248,5.156305,0.6715546,0.1522517,0.1522517
59,46,3704,0.16799417,17.216726,5.156083,0.6715456,0.15224376,0.15224376
59,47,3705,0.16800012,17.217419,5.155999,0.6715902,0.15224093,0.15224093
59,48,3706,0.16800514,17.217993,5.1558642,0.6716461,0.15223251,0.15223251
59,49,3707,0.16801491,17.219059,5.155735,0.67162544,0.15223292,0.15223292
59,50,3708,0.16802707,17.220623,5.155622,0.6716477,0.15222596,0.15222596
59,51,3709,0.1680353,17.22107,5.155563,0.67161614,0.15221748,0.15221748
59,52,3710,0.16804853,17.221897,5.1554103,0.67162436,0.15220892,0.15220892
59,53,3711,0.16805674,17.22279,5.155286,0.67160714,0.15220074,0.15220074
59,54,3712,0.16806436,17.223948,5.155158,0.6716042,0.1521927,0.1521927
59,55,3713,0.16807923,17.2252,5.154925,0.67163485,0.15218528,0.15218528
59,56,3714,0.16809091,17.226433,5.1546946,0.67166764,0.15217583,0.15217583
59,57,3715,0.16809969,17.22745,5.1545463,0.6716852,0.15216859,0.15216859
59,58,3716,0.1681188,17.229527,5.154393,0.67171025,0.15215725,0.15215725
59,59,3717,0.16813277,17.230099,5.1542296,0.671715,0.15215306,0.15215306
59,60,3718,0.16815388,17.231007,5.154083,0.67176306,0.15214661,0.15214661
59,61,3719,0.16816881,17.2319,5.153873,0.67176783,0.15213847,0.15213847
60,0,3720,0.16817813,17.232517,5.1537457,0.6717659,0.15213913,0.15213913
60,1,3721,0.16818254,17.232857,5.153639,0.6717907,0.15212935,0.15212935
60,2,3722,0.16818509,17.233467,5.1534023,0.67179334,0.15211987,0.15211987
60,3,3723,0.16819593,17.2336,5.153216,0.6717786,0.15211482,0.15211482
60,4,3724,0.16820073,17.233776,5.153006,0.67180145,0.15210599,0.15210599
60,5,3725,0.16820517,17.234537,5.152814,0.6718008,0.15209855,0.15209855
60,6,3726,0.16822089,17.236385,5.1524487,0.6717563,0.15208498,0.15208498
60,7,3727,0.16823283,17.237017,5.1522303,0.67174566,0.15208186,0.15208186
60,8,3728,0.1682435,17.238197,5.151974,0.67173845,0.15207334,0.15207334
60,9,3729,0.16824937,17.23907,5.15174,0.6717122,0.15206839,0.15206839
60,10,3730,0.1682574,17.239588,5.151662,0.6717612,0.15206318,0.15206318
60,11,3731,0.16825771,17.239328,5.1514273,0.67179435,0.15205102,0.15205102
60,12,3732,0.16826275,17.240072,5.151341,0.6717634,0.15204051,0.15204051
60,13,3733,0.16827402,17.240427,5.151274,0.67178446,0.15203367,0.15203367
60,14,3734,0.16829392,17.241959,5.1511226,0.6718131,0.152023,0.152023
60,15,3735,0.16831237,17.243519,5.1510367,0.67184174,0.15201727,0.15201727
60,16,3736,0.16833101,17.245007,5.1508822,0.67187375,0.15201059,0.15201059
60,17,3737,0.1683411,17.245266,5.1508465,0.67193687,0.1520069,0.1520069
60,18,3738,0.16834807,17.245754,5.1507225,0.6719619,0.15200341,0.15200341
60,19,3739,0.16836251,17.24739,5.1506124,0.6720008,0.15199977,0.15199977
60,20,3740,0.16837832,17.248365,5.150481,0.67197216,0.15199235,0.15199235
60,21,3741,0.16839331,17.2496,5.150397,0.67203665,0.15198465,0.15198465
60,22,3742,0.16840607,17.250458,5.1502423,0.67201996,0.15198465,0.15198465
60,23,3743,0.16841587,17.251892,5.1500773,0.67207384,0.1519765,0.1519765
60,24,3744,0.16843113,17.253315,5.1499267,0.6720991,0.15197437,0.15197437
60,25,3745,0.1684457,17.255362,5.1498146,0.6721438,0.15196405,0.15196405
60,26,3746,0.16846165,17.256563,5.149623,0.67215335,0.1519576,0.1519576
60,27,3747,0.16848338,17.25839,5.149543,0.6721859,0.15194386,0.15194386
60,28,3748,0.16851397,17.259651,5.14944,0.67216426,0.1519352,0.1519352
60,29,3749,0.16853774,17.260006,5.149241,0.67219496,0.1519257,0.1519257
60,30,3750,0.16855884,17.261215,5.1491103,0.67222923,0.15191841,0.15191841
60,31,3751,0.16857634,17.26242,5.1488156,0.6722115,0.1519094,0.1519094
60,32,3752,0.16861074,17.265472,5.148579,0.6722021,0.15190035,0.15190035
60,33,3753,0.16862187,17.266088,5.1482525,0.6721802,0.1518935,0.1518935
60,34,3754,0.16862649,17.267025,5.1479635,0.67217445,0.15188353,0.15188353
60,35,3755,0.16864157,17.269157,5.1478033,0.6722311,0.15187225,0.15187225
60,36,3756,0.16865169,17.270079,5.1475415,0.67223424,0.1518609,0.1518609
60,37,3757,0.16866143,17.270874,5.1474023,0.67225015,0.15185976,0.15185976
60,38,3758,0.16867627,17.272139,5.147245,0.67229074,0.15184899,0.15184899
60,39,3759,0.16868472,17.273071,5.1470857,0.67230195,0.15184052,0.15184052
60,40,3760,0.16869336,17.274073,5.146857,0.67231345,0.1518319,0.1518319
60,41,3761,0.16870134,17.274527,5.146671,0.67233896,0.15182172,0.15182172
60,42,3762,0.16871795,17.276424,5.1464744,0.6723596,0.15181658,0.15181658
60,43,3763,0.1687282,17.277618,5.146272,0.67237264,0.15180787,0.15180787
60,44,3764,0.16873482,17.278492,5.145984,0.6723652,0.15180083,0.15180083
60,45,3765,0.16875076,17.27982,5.1457925,0.6723975,0.15179394,0.15179394
60,46,3766,0.1687629,17.281208,5.1456704,0.6724308,0.15178841,0.15178841
60,47,3767,0.16877104,17.282057,5.14561,0.6724648,0.15178397,0.15178397
60,48,3768,0.16877869,17.282797,5.145509,0.67250365,0.15178049,0.15178049
60,49,3769,0.1687932,17.283827,5.1453085,0.6724981,0.15177305,0.15177305
60,50,3770,0.16880155,17.284649,5.145128,0.67252487,0.15176691,0.15176691
60,51,3771,0.1688095,17.285954,5.144952,0.67254055,0.15175761,0.15175761
60,52,3772,0.16882646,17.288645,5.144621,0.6725229,0.1517475,0.1517475
60,53,3773,0.16883789,17.28996,5.1443973,0.6725457,0.15173763,0.15173763
60,54,3774,0.16886327,17.292908,5.14412,0.67250854,0.15172873,0.15172873
60,55,3775,0.16887131,17.293917,5.143829,0.6724745,0.15171863,0.15171863
60,56,3776,0.1688835,17.295486,5.14357,0.67250216,0.15170807,0.15170807
60,57,3777,0.1688982,17.297337,5.143373,0.67251414,0.15170157,0.15170157
60,58,3778,0.16890875,17.298025,5.1433606,0.67256624,0.15169996,0.15169996
60,59,3779,0.1689272,17.299799,5.143249,0.6725794,0.151694,0.151694
60,60,3780,0.16894269,17.30186,5.143004,0.6725782,0.15169126,0.15169126
60,61,3781,0.16895625,17.302845,5.142886,0.67259085,0.15168242,0.15168242
61,0,3782,0.1689584,17.302408,5.142728,0.6725788,0.15167712,0.15167712
61,1,3783,0.16896352,17.302347,5.142476,0.67259717,0.1516672,0.1516672
61,2,3784,0.16897419,17.302832,5.1422167,0.67254335,0.15165353,0.15165353
61,3,3785,0.16898283,17.304098,5.1420097,0.67255336,0.15164636,0.15164636
61,4,3786,0.16899069,17.30413,5.1418524,0.67254144,0.15163608,0.15163608
61,5,3787,0.16899467,17.304585,5.1416707,0.6725662,0.15163286,0.15163286
61,6,3788,0.1690038,17.305836,5.141465,0.6725689,0.15162309,0.15162309
61,7,3789,0.16901311,17.307005,5.141196,0.6725811,0.1516127,0.1516127
61,8,3790,0.16902244,17.308495,5.1409097,0.6725795,0.15160662,0.15160662
61,9,3791,0.16902284,17.308697,5.140766,0.6726101,0.15159984,0.15159984
61,10,3792,0.1690507,17.30954,5.140591,0.672631,0.15159588,0.15159588
61,11,3793,0.16906726,17.31071,5.140378,0.6726129,0.15158647,0.15158647
61,12,3794,0.16907987,17.312094,5.140223,0.6726906,0.15158144,0.15158144
61,13,3795,0.16908988,17.312994,5.1399555,0.67269695,0.15156968,0.15156968
61,14,3796,0.16910027,17.314339,5.1397195,0.67275804,0.15156047,0.15156047
61,15,3797,0.16911092,17.315067,5.139573,0.6728178,0.1515551,0.1515551
61,16,3798,0.16912642,17.317451,5.139388,0.67284185,0.15155295,0.15155295
61,17,3799,0.16913284,17.318237,5.1391892,0.6729004,0.15154357,0.15154357
61,18,3800,0.16914432,17.319715,5.1388893,0.6729207,0.15153295,0.15153295
61,19,3801,0.16915554,17.320847,5.13875,0.6729129,0.15153381,0.15153381
61,20,3802,0.169162,17.32181,5.1385827,0.67292196,0.15152541,0.15152541
61,21,3803,0.1691766,17.322895,5.1383786,0.6729401,0.15151611,0.15151611
61,22,3804,0.16920778,17.323988,5.1382217,0.6729726,0.15151107,0.15151107
61,23,3805,0.16921794,17.325195,5.137962,0.6729736,0.15150104,0.15150104
61,24,3806,0.16923064,17.327251,5.137784,0.67301,0.15149085,0.15149085
61,25,3807,0.16924134,17.328476,5.1377406,0.6731049,0.15148272,0.15148272
61,26,3808,0.16925429,17.32997,5.137651,0.6731508,0.15147433,0.15147433
61,27,3809,0.16926245,17.330555,5.1375337,0.673206,0.15146314,0.15146314
61,28,3810,0.16927391,17.331827,5.1373973,0.6732309,0.1514525,0.1514525
61,29,3811,0.16929638,17.333916,5.1372085,0.6732551,0.15144555,0.15144555
61,30,3812,0.16930266,17.334402,5.136977,0.67327315,0.15143588,0.15143588
61,31,3813,0.16931328,17.33524,5.13681,0.67332107,0.15142792,0.15142792
61,32,3814,0.16932294,17.336134,5.1365585,0.6732887,0.15142176,0.15142176
61,33,3815,0.16933793,17.337502,5.136377,0.673299,0.15141502,0.15141502
61,34,3816,0.16935122,17.33818,5.1362786,0.6733157,0.15140852,0.15140852
61,35,3817,0.16936368,17.3388,5.136146,0.6733735,0.15140004,0.15140004
61,36,3818,0.1693758,17.339725,5.135889,0.67339694,0.15138946,0.15138946
61,37,3819,0.16938877,17.34107,5.1356535,0.673391,0.15138197,0.15138197
61,38,3820,0.16940436,17.343225,5.1355824,0.67343676,0.15137939,0.15137939
61,39,3821,0.16941531,17.344677,5.1354766,0.6735123,0.15137081,0.15137081
61,40,3822,0.1694249,17.345406,5.135311,0.67352986,0.15136255,0.15136255
61,41,3823,0.1694342,17.346243,5.1351023,0.6735124,0.15135413,0.15135413
61,42,3824,0.16944253,17.347012,5.1349454,0.6735438,0.15135108,0.15135108
61,43,3825,0.1694594,17.347706,5.1348457,0.6735671,0.15134315,0.15134315
61,44,3826,0.16948272,17.349228,5.1347127,0.6736059,0.15133652,0.15133652
61,45,3827,0.16949202,17.350754,5.1346197,0.67366916,0.15132995,0.15132995
61,46,3828,0.16950145,17.352308,5.1344876,0.67370474,0.15132508,0.15132508
61,47,3829,0.16951764,17.353252,5.134399,0.67373353,0.15132414,0.15132414
61,48,3830,0.16954653,17.358828,5.134241,0.6737676,0.15131523,0.15131523
61,49,3831,0.16957647,17.363089,5.1339955,0.6737533,0.15130745,0.15130745
61,50,3832,0.1695905,17.364868,5.1338143,0.67375296,0.15130305,0.15130305
61,51,3833,0.1696032,17.364954,5.1336856,0.6737736,0.15129831,0.15129831
61,52,3834,0.16961586,17.365425,5.1334276,0.6737347,0.15129296,0.15129296
61,53,3835,0.1696219,17.365894,5.133254,0.67374355,0.15128773,0.15128773
61,54,3836,0.16963142,17.367252,5.133051,0.6737241,0.15128396,0.15128396
61,55,3837,0.16964254,17.367737,5.13276,0.67369115,0.15127574,0.15127574
61,56,3838,0.16965517,17.367739,5.1324067,0.67368495,0.15126628,0.15126628
61,57,3839,0.16966283,17.367748,5.1321883,0.67370445,0.15125798,0.15125798
61,58,3840,0.16967654,17.369041,5.1319747,0.673686,0.15125446,0.15125446
61,59,3841,0.1696957,17.369318,5.131868,0.6737611,0.15124567,0.15124567
61,60,3842,0.16971283,17.37014,5.1317086,0.6737271,0.15124103,0.15124103
61,61,3843,0.16973075,17.371378,5.1316686,0.67376345,0.15123911,0.15123911
62,0,3844,0.1697367,17.37185,5.1315303,0.67370105,0.15123443,0.15123443
62,1,3845,0.16974685,17.373129,5.1313686,0.67372674,0.15122503,0.15122503
62,2,3846,0.16975574,17.373447,5.131244,0.6737774,0.15121453,0.15121453
62,3,3847,0.16976611,17.373606,5.131082,0.67378664,0.15120976,0.15120976
62,4,3848,0.16977604,17.37417,5.1310277,0.67381716,0.15119945,0.15119945
62,5,3849,0.16979353,17.375437,5.130781,0.6738081,0.1511897,0.1511897
62,6,3850,0.16980404,17.376305,5.1306133,0.6738336,0.15118137,0.15118137
62,7,3851,0.16981287,17.3777,5.1304708,0.67389196,0.15117393,0.15117393
62,8,3852,0.1698193,17.378288,5.130238,0.67391133,0.15116775,0.15116775
62,9,3853,0.16983451,17.379646,5.130051,0.673924,0.1511553,0.1511553
62,10,3854,0.16984396,17.381577,5.1299224,0.6739401,0.15114745,0.15114745
62,11,3855,0.16985133,17.381868,5.129643,0.67392075,0.15114032,0.15114032
62,12,3856,0.16985875,17.381807,5.1294613,0.67392695,0.15113206,0.15113206
62,13,3857,0.16987267,17.383457,5.1292825,0.6739619,0.15113196,0.15113196
62,14,3858,0.16989191,17.38652,5.1290903,0.67400944,0.15111715,0.15111715
62,15,3859,0.16993834,17.393099,5.1289062,0.67402655,0.1511082,0.1511082
62,16,3860,0.16996688,17.397413,5.1287165,0.674024,0.15109941,0.15109941
62,17,3861,0.16998395,17.400377,5.128588,0.67403716,0.15109478,0.15109478
62,18,3862,0.16999272,17.40092,5.1284294,0.67406136,0.15108779,0.15108779
62,19,3863,0.16999623,17.401072,5.1282883,0.67407477,0.15108423,0.15108423
62,20,3864,0.17001106,17.40187,5.1282187,0.6741299,0.15107821,0.15107821
62,21,3865,0.17001684,17.402193,5.12807,0.6741443,0.15107265,0.15107265
62,22,3866,0.17002651,17.402605,5.12797,0.67417294,0.15107003,0.15107003
62,23,3867,0.17003761,17.403503,5.12787,0.67419404,0.15106408,0.15106408
62,24,3868,0.1700465,17.404247,5.1277294,0.6742018,0.15105766,0.15105766
62,25,3869,0.17005566,17.405165,5.127435,0.67417413,0.15104888,0.15104888
62,26,3870,0.17006388,17.40603,5.127149,0.67419654,0.15104121,0.15104121
62,27,3871,0.17007256,17.40581,5.1269164,0.6741914,0.15103179,0.15103179
62,28,3872,0.17061335,17.513117,5.1543226,0.70195884,0.15101627,0.15101627
62,29,3873,0.1713436,17.659199,5.157636,0.70195013,0.15116991,0.15116991
62,30,3874,0.17150226,17.691484,5.160249,0.7021124,0.15131502,0.15131502
62,31,3875,0.17158775,17.70384,5.1626215,0.70233524,0.1514198,0.1514198
62,32,3876,0.17164238,17.711094,5.165172,0.7024976,0.15154411,0.15154411
62,33,3877,0.17169243,17.71876,5.1675773,0.7025587,0.1516688,0.1516688
62,34,3878,0.17173705,17.725391,5.1695514,0.7025823,0.15178458,0.15178458
62,35,3879,0.17177083,17.731157,5.171495,0.7026496,0.15189128,0.15189128
62,36,3880,0.17179292,17.735062,5.1728234,0.7026603,0.15195951,0.15195951
62,37,3881,0.17181076,17.738672,5.17429,0.70260704,0.15204684,0.15204684
62,38,3882,0.1718213,17.740437,5.1759996,0.7025966,0.15215737,0.15215737
62,39,3883,0.17182821,17.741562,5.1771026,0.7025908,0.15221544,0.15221544
62,40,3884,0.17185235,17.742348,5.1784143,0.7026222,0.15229063,0.15229063
62,41,3885,0.17187092,17.742434,5.1797895,0.70265514,0.15237817,0.15237817
62,42,3886,0.17187877,17.74278,5.181045,0.70269054,0.1524485,0.1524485
62,43,3887,0.17187566,17.742376,5.1822553,0.70272356,0.15252449,0.15252449
62,44,3888,0.17187692,17.742903,5.1835675,0.7027315,0.15260296,0.15260296
62,45,3889,0.17187485,17.74271,5.184429,0.7027392,0.1526561,0.1526561
62,46,3890,0.17186952,17.741901,5.185359,0.70270014,0.1527128,0.1527128
62,47,3891,0.17186613,17.741383,5.1865335,0.70272136,0.15277198,0.15277198
62,48,3892,0.17186263,17.74041,5.187794,0.70269865,0.15284735,0.15284735
62,49,3893,0.17187497,17.740774,5.1890426,0.7026787,0.15293242,0.15293242
62,50,3894,0.17187428,17.740055,5.1902175,0.7026375,0.15299186,0.15299186
62,51,3895,0.1718774,17.739975,5.191127,0.70258874,0.15305045,0.15305045
62,52,3896,0.17187746,17.73926,5.1920238,0.7025829,0.15310694,0.15310694
62,53,3897,0.1718752,17.738857,5.19292,0.70255196,0.15316267,0.15316267
62,54,3898,0.1718716,17.73852,5.193738,0.70260423,0.15321335,0.15321335
62,55,3899,0.17186761,17.736984,5.1945715,0.7025898,0.153262,0.153262
62,56,3900,0.17188115,17.736483,5.1953936,0.7025715,0.15330751,0.15330751
62,57,3901,0.17188519,17.73563,5.1960907,0.7025025,0.15335435,0.15335435
62,58,3902,0.1718883,17.735464,5.1968703,0.7025035,0.15340465,0.15340465
62,59,3903,0.17188284,17.734125,5.1974974,0.70245945,0.15344205,0.15344205
62,60,3904,0.17188644,17.734013,5.1984367,0.70242584,0.15350598,0.15350598
62,61,3905,0.1718882,17.733181,5.199325,0.7024391,0.15355784,0.15355784
63,0,3906,0.17188597,17.732555,5.1999917,0.7024455,0.15360829,0.15360829
63,1,3907,0.17188546,17.732513,5.2007704,0.70243555,0.1536652,0.1536652
63,2,3908,0.17188513,17.732006,5.2014847,0.70242214,0.15371513,0.15371513
63,3,3909,0.17188787,17.731236,5.202172,0.70245314,0.15375975,0.15375975
63,4,3910,0.1718884,17.731043,5.202857,0.7024755,0.153797,0.153797
63,5,3911,0.17188667,17.730675,5.203623,0.7024477,0.15384877,0.15384877
63,6,3912,0.17188881,17.730404,5.2043366,0.7024947,0.15388851,0.15388851
63,7,3913,0.1718944,17.73027,5.2050047,0.70252717,0.15392776,0.15392776
63,8,3914,0.17192806,17.730629,5.205735,0.70256525,0.15396568,0.15396568
63,9,3915,0.17194313,17.730797,5.2063775,0.7025483,0.15400343,0.15400343
63,10,3916,0.17194909,17.730404,5.2071233,0.7025879,0.15404347,0.15404347
63,11,3917,0.17195708,17.730442,5.2077675,0.70261973,0.1540834,0.1540834
63,12,3918,0.17195559,17.72964,5.2083263,0.7026278,0.15411963,0.15411963
63,13,3919,0.17195754,17.729067,5.2088494,0.70261663,0.15415141,0.15415141
63,14,3920,0.17195551,17.728542,5.2093368,0.7026069,0.15418579,0.15418579
63,15,3921,0.17195375,17.728073,5.209734,0.70258194,0.15421061,0.15421061
63,16,3922,0.1719552,17.728294,5.2101717,0.70258236,0.15423664,0.15423664
63,17,3923,0.17195159,17.72731,5.21058,0.702598,0.15426737,0.15426737
63,18,3924,0.1719491,17.726751,5.2110844,0.70260924,0.15430222,0.15430222
63,19,3925,0.17194974,17.72651,5.2115307,0.7026023,0.15433188,0.15433188
63,20,3926,0.17194769,17.726198,5.211999,0.70259845,0.15436466,0.15436466
63,21,3927,0.17194918,17.725866,5.2123775,0.70261693,0.15439281,0.15439281
63,22,3928,0.17194536,17.725122,5.21281,0.70263815,0.15442204,0.15442204
63,23,3929,0.17194554,17.725328,5.213109,0.70263237,0.15444258,0.15444258
63,24,3930,0.17194298,17.724731,5.213612,0.7026484,0.15447617,0.15447617
63,25,3931,0.1719451,17.724361,5.2139645,0.7026112,0.15450402,0.15450402
63,26,3932,0.17194209,17.723724,5.2144213,0.70262957,0.15453202,0.15453202
63,27,3933,0.17194062,17.723263,5.2148542,0.70260817,0.15456071,0.15456071
63,28,3934,0.17194535,17.723263,5.215184,0.70259756,0.15458596,0.15458596
63,29,3935,0.1719487,17.72285,5.2155185,0.7025743,0.15461524,0.15461524
63,30,3936,0.17195195,17.722525,5.2160864,0.7026033,0.154659,0.154659
63,31,3937,0.17195252,17.72179,5.2165837,0.702644,0.15468925,0.15468925
63,32,3938,0.17195797,17.722004,5.2169523,0.70263803,0.15471794,0.15471794
63,33,3939,0.1719618,17.72199,5.21735,0.7026404,0.15474974,0.15474974
63,34,3940,0.17197278,17.721153,5.217954,0.7027231,0.15477744,0.15477744
63,35,3941,0.17198314,17.720913,5.2183933,0.7027731,0.15481563,0.15481563
63,36,3942,0.17198731,17.721424,5.218714,0.70276266,0.15484014,0.15484014
63,37,3943,0.17198956,17.721235,5.2190304,0.7027646,0.1548607,0.1548607
63,38,3944,0.17199135,17.72118,5.2193823,0.70279175,0.15488088,0.15488088
63,39,3945,0.1719988,17.721432,5.219684,0.7027782,0.15490866,0.15490866
63,40,3946,0.17200288,17.72126,5.220026,0.70278585,0.15493485,0.15493485
63,41,3947,0.17200524,17.720715,5.220416,0.7027882,0.15496612,0.15496612
63,42,3948,0.17200536,17.719742,5.2209725,0.7028517,0.15500948,0.15500948
63,43,3949,0.17200729,17.7191,5.221298,0.7028972,0.15503626,0.15503626
63,44,3950,0.17200789,17.718536,5.221541,0.7029465,0.15505843,0.15505843
63,45,3951,0.1720098,17.718046,5.2218785,0.7029672,0.15508647,0.15508647
63,46,3952,0.17201021,17.717752,5.2221947,0.7029856,0.15511419,0.15511419
63,47,3953,0.17200848,17.717161,5.2224474,0.7029891,0.15513693,0.15513693
63,48,3954,0.17201081,17.716778,5.2228837,0.7029936,0.15516822,0.15516822
63,49,3955,0.17201972,17.716343,5.2231855,0.70302385,0.15518935,0.15518935
63,50,3956,0.17202222,17.71578,5.2235084,0.7030845,0.15521139,0.15521139
63,51,3957,0.17203112,17.71511,5.2237916,0.70312893,0.1552343,0.1552343
63,52,3958,0.172034,17.71473,5.2240605,0.7031483,0.15525773,0.15525773
63,53,3959,0.1720346,17.714033,5.224424,0.7031568,0.15528266,0.15528266
63,54,3960,0.17204043,17.713362,5.22468,0.7031365,0.1553124,0.1553124
63,55,3961,0.17204535,17.712921,5.224875,0.7031388,0.15532896,0.15532896
63,56,3962,0.17205176,17.712582,5.225203,0.70319164,0.15534826,0.15534826
63,57,3963,0.1720596,17.71212,5.2256155,0.70321995,0.1553781,0.1553781
63,58,3964,0.17206103,17.7118,5.22598,0.70326895,0.15540454,0.15540454
63,59,3965,0.17206486,17.711994,5.2262545,0.70331734,0.15542026,0.15542026
63,60,3966,0.17207035,17.711462,5.226586,0.70342493,0.15543996,0.15543996
63,61,3967,0.17207897,17.711098,5.226849,0.70344067,0.15546338,0.15546338
64,0,3968,0.17208643,17.71094,5.2270665,0.70347345,0.15548709,0.15548709
64,1,3969,0.17211175,17.710901,5.227325,0.70352757,0.15550181,0.15550181
64,2,3970,0.17211995,17.710533,5.2275534,0.7035207,0.15551828,0.15551828
64,3,3971,0.17212883,17.710611,5.227795,0.70355904,0.15553342,0.15553342
64,4,3972,0.17213516,17.710546,5.22791,0.7035388,0.15555538,0.15555538
64,5,3973,0.17214118,17.710882,5.228141,0.70359486,0.1555718,0.1555718
64,6,3974,0.17214337,17.71012,5.2285066,0.7036116,0.15559605,0.15559605
64,7,3975,0.17214684,17.710356,5.2288527,0.70364535,0.15561792,0.15561792
64,8,3976,0.17217389,17.710638,5.229157,0.7036636,0.15564099,0.15564099
64,9,3977,0.17220044,17.710388,5.229326,0.7036875,0.15565751,0.15565751
64,10,3978,0.17221332,17.71069,5.2294827,0.7037227,0.15567279,0.15567279
64,11,3979,0.17222604,17.711405,5.2296543,0.7037453,0.15569167,0.15569167
64,12,3980,0.17223224,17.711582,5.229857,0.7038019,0.15570766,0.15570766
64,13,3981,0.17223309,17.711248,5.2300315,0.70380497,0.15572862,0.15572862
64,14,3982,0.17223692,17.711113,5.230179,0.70381254,0.1557507,0.1557507
64,15,3983,0.1722421,17.711288,5.230301,0.70380193,0.15576725,0.15576725
64,16,3984,0.1722427,17.711071,5.230572,0.7038422,0.15578897,0.15578897
64,17,3985,0.1722435,17.710442,5.230766,0.703859,0.15581007,0.15581007
64,18,3986,0.17224948,17.710533,5.230996,0.70386386,0.15583421,0.15583421
64,19,3987,0.1722499,17.71017,5.2312336,0.70389235,0.15585306,0.15585306
64,20,3988,0.17225583,17.710274,5.231411,0.70390505,0.15586637,0.15586637
64,21,3989,0.17226197,17.710186,5.2318068,0.7039321,0.15589319,0.15589319
64,22,3990,0.17226666,17.71012,5.2320633,0.70395625,0.15591447,0.15591447
64,23,3991,0.17227358,17.710472,5.232373,0.703969,0.15593594,0.15593594
64,24,3992,0.17228337,17.710272,5.2325735,0.70402616,0.1559558,0.1559558
64,25,3993,0.17231938,17.709991,5.232787,0.7040711,0.15597878,0.15597878
64,26,3994,0.17232147,17.709242,5.233088,0.7041299,0.15600115,0.15600115
64,27,3995,0.17231932,17.708563,5.2333045,0.70416397,0.15601747,0.15601747
64,28,3996,0.17232521,17.70891,5.233494,0.70420134,0.15603435,0.15603435
64,29,3997,0.1723295,17.70855,5.2337203,0.70421124,0.15605314,0.15605314
64,30,3998,0.17233741,17.708933,5.2339005,0.7042385,0.15607023,0.15607023
64,31,3999,0.17234994,17.709568,5.234069,0.7042568,0.15608697,0.15608697
64,32,4000,0.17235619,17.709581,5.2343154,0.7042735,0.15610543,0.15610543
64,33,4001,0.17237294,17.70966,5.234589,0.7042845,0.1561248,0.1561248
64,34,4002,0.17238471,17.709831,5.2348113,0.7043142,0.1561446,0.1561446
64,35,4003,0.17240036,17.709904,5.234986,0.7043516,0.15616582,0.15616582
64,36,4004,0.17240566,17.709793,5.235237,0.70443225,0.15618947,0.15618947
64,37,4005,0.17241365,17.710669,5.235363,0.70447737,0.15621214,0.15621214
64,38,4006,0.17241558,17.710812,5.235407,0.7045095,0.15622748,0.15622748
64,39,4007,0.17241831,17.710663,5.2356315,0.7045688,0.15624413,0.15624413
64,40,4008,0.17241913,17.710218,5.2358785,0.70461035,0.15626982,0.15626982
64,41,4009,0.172418,17.709846,5.236016,0.70463157,0.1562935,0.1562935
64,42,4010,0.17242637,17.710613,5.2360754,0.7046851,0.15629701,0.15629701
64,43,4011,0.17243132,17.710873,5.236327,0.7046904,0.15631317,0.15631317
64,44,4012,0.17244744,17.711388,5.236398,0.70475477,0.1563261,0.1563261
64,45,4013,0.17245704,17.712307,5.23651,0.7047478,0.1563421,0.1563421
64,46,4014,0.17246118,17.712576,5.2367115,0.70479304,0.1563624,0.1563624
64,47,4015,0.17246336,17.71217,5.236838,0.70483536,0.15637688,0.15637688
64,48,4016,0.17246622,17.712608,5.2369027,0.7048533,0.15638849,0.15638849
64,49,4017,0.17246789,17.712515,5.2371373,0.7048738,0.15641415,0.15641415
64,50,4018,0.17246667,17.712093,5.2373533,0.70491004,0.15643495,0.15643495
64,51,4019,0.172474,17.711996,5.2375174,0.7049193,0.15645981,0.15645981
64,52,4020,0.1724847,17.713297,5.237557,0.7049885,0.15647268,0.15647268
64,53,4021,0.17248759,17.71334,5.2377343,0.70500314,0.15649244,0.15649244
64,54,4022,0.17248672,17.71288,5.2378216,0.70502675,0.15651128,0.15651128
64,55,4023,0.1724865,17.712355,5.237987,0.7051092,0.15653042,0.15653042
64,56,4024,0.1724953,17.712572,5.2380457,0.70512223,0.15654024,0.15654024
64,57,4025,0.1724993,17.713037,5.238226,0.70515376,0.15655799,0.15655799
64,58,4026,0.17250621,17.713528,5.2384367,0.70519996,0.15657867,0.15657867
64,59,4027,0.1725165,17.714401,5.238496,0.70524585,0.15659142,0.15659142
64,60,4028,0.17252378,17.714209,5.238699,0.70529187,0.15660517,0.15660517
64,61,4029,0.17253117,17.714436,5.2388535,0.7053212,0.15661696,0.15661696
65,0,4030,0.17253628,17.714407,5.2389874,0.70535463,0.15663093,0.15663093
65,1,4031,0.17254198,17.714787,5.2390175,0.70537055,0.15664367,0.15664367
65,2,4032,0.17255273,17.71432,5.239195,0.70533395,0.15666693,0.15666693
65,3,4033,0.17256035,17.713945,5.239328,0.7053591,0.15668304,0.15668304
65,4,4034,0.17256229,17.713503,5.239479,0.7053627,0.15669984,0.15669984
65,5,4035,0.17256823,17.713552,5.2396646,0.70539474,0.15671779,0.15671779
65,6,4036,0.17257212,17.713182,5.2397337,0.7053597,0.15673749,0.15673749
65,7,4037,0.17257677,17.712986,5.2398295,0.7054126,0.15675382,0.15675382
65,8,4038,0.1725874,17.713993,5.2399273,0.70547175,0.15676652,0.15676652
65,9,4039,0.1725893,17.713816,5.2400327,0.7055091,0.1567846,0.1567846
65,10,4040,0.1725964,17.713701,5.240101,0.7055206,0.15679699,0.15679699
65,11,4041,0.17261916,17.715755,5.2401905,0.70551616,0.1568099,0.1568099
65,12,4042,0.17263219,17.716635,5.2403574,0.70558035,0.1568245,0.1568245
65,13,4043,0.17263913,17.716164,5.240462,0.7056036,0.15683976,0.15683976
65,14,4044,0.17264235,17.7162,5.240503,0.7056222,0.15685178,0.15685178
65,15,4045,0.17264597,17.716784,5.240625,0.70564395,0.15686966,0.15686966
65,16,4046,0.17265302,17.716784,5.2406836,0.70570445,0.15687801,0.15687801
65,17,4047,0.17267564,17.717146,5.240842,0.7057448,0.15689275,0.15689275
65,18,4048,0.17269915,17.717562,5.24096,0.70579064,0.15689963,0.15689963
65,19,4049,0.17271076,17.718046,5.241089,0.7058045,0.15690984,0.15690984
65,20,4050,0.1727157,17.717983,5.2412024,0.7058308,0.15692207,0.15692207
65,21,4051,0.17272753,17.718973,5.2413044,0.7058885,0.15693167,0.15693167
65,22,4052,0.17273736,17.719044,5.241432,0.70588845,0.15694048,0.15694048
65,23,4053,0.17274883,17.71993,5.241412,0.70586824,0.15694793,0.15694793
65,24,4054,0.17275788,17.719841,5.2416153,0.7059536,0.15696181,0.15696181
65,25,4055,0.17276481,17.718859,5.2418113,0.70599097,0.1569791,0.1569791
65,26,4056,0.17276585,17.71815,5.2418847,0.7059915,0.15698902,0.15698902
65,27,4057,0.17277646,17.71881,5.2419715,0.7059802,0.1570057,0.1570057
65,28,4058,0.17278051,17.71896,5.242062,0.7060157,0.15702003,0.15702003
65,29,4059,0.17279378,17.720367,5.2420335,0.7059992,0.15703727,0.15703727
65,30,4060,0.17280462,17.721615,5.242108,0.70600486,0.1570508,0.1570508
65,31,4061,0.17280665,17.721233,5.2422304,0.70609,0.15706591,0.15706591
65,32,4062,0.17282613,17.72131,5.2423224,0.706133,0.15708251,0.15708251
65,33,4063,0.17283542,17.721527,5.2425327,0.70622915,0.15709867,0.15709867
65,34,4064,0.17284015,17.721924,5.2425776,0.7062803,0.15711516,0.15711516
65,35,4065,0.17284596,17.722555,5.2426963,0.70632553,0.15712793,0.15712793
65,36,4066,0.17285214,17.723297,5.242844,0.70631963,0.15714477,0.15714477
65,37,4067,0.17285842,17.723501,5.2429576,0.7063392,0.1571599,0.1571599
65,38,4068,0.17285755,17.723185,5.2430663,0.7063848,0.15717632,0.15717632
65,39,4069,0.17286465,17.724236,5.2431364,0.7064276,0.15718935,0.15718935
65,40,4070,0.17287064,17.724419,5.243168,0.70646626,0.1572008,0.1572008
65,41,4071,0.17287698,17.724293,5.2432604,0.7064604,0.15721494,0.15721494
65,42,4072,0.17287984,17.723856,5.243368,0.70646167,0.15722954,0.15722954
65,43,4073,0.17288315,17.723297,5.243476,0.70647025,0.15724437,0.15724437
65,44,4074,0.17288946,17.72322,5.2434797,0.7064916,0.15725534,0.15725534
65,45,4075,0.17290044,17.723953,5.243589,0.70653915,0.15726721,0.15726721
65,46,4076,0.1729197,17.726463,5.2435427,0.7065303,0.15727201,0.15727201
65,47,4077,0.17293096,17.727299,5.243706,0.70654875,0.15728956,0.15728956
65,48,4078,0.17294279,17.728065,5.2438197,0.70657516,0.15729845,0.15729845
65,49,4079,0.17296275,17.730745,5.2439795,0.706592,0.15731218,0.15731218
65,50,4080,0.17296831,17.730722,5.2442513,0.70661205,0.15733144,0.15733144
65,51,4081,0.17298281,17.732018,5.2442923,0.70663077,0.15734243,0.15734243
65,52,4082,0.17299107,17.732866,5.244371,0.7066862,0.15735267,0.15735267
65,53,4083,0.1730104,17.733934,5.244408,0.70670485,0.15736529,0.15736529
65,54,4084,0.17301935,17.734125,5.2445393,0.70674133,0.15738069,0.15738069
65,55,4085,0.17302696,17.734606,5.244617,0.7067758,0.15739481,0.15739481
65,56,4086,0.17303196,17.734478,5.2446613,0.70675987,0.15740852,0.15740852
65,57,4087,0.17304029,17.734667,5.244881,0.7067751,0.15742978,0.15742978
65,58,4088,0.1730504,17.735773,5.2448697,0.70676446,0.15743893,0.15743893
65,59,4089,0.17305794,17.73668,5.2452064,0.7068304,0.15745133,0.15745133
65,60,4090,0.17309219,17.738897,5.2453203,0.706833,0.15746301,0.15746301
65,61,4091,0.17314526,17.741087,5.2455397,0.7068539,0.15748772,0.15748772
66,0,4092,0.17316453,17.74221,5.245663,0.7069299,0.15749949,0.15749949
66,1,4093,0.17319201,17.743137,5.2456727,0.7069446,0.15750998,0.15750998
66,2,4094,0.1732103,17.744211,5.2457156,0.70698625,0.15752037,0.15752037
66,3,4095,0.17321937,17.744919,5.2457156,0.7069875,0.15752706,0.15752706
66,4,4096,0.17322716,17.744919,5.2457323,0.7069669,0.15754026,0.15754026
66,5,4097,0.17323214,17.745033,5.245778,0.7069503,0.1575512,0.1575512
66,6,4098,0.17323601,17.744915,5.245843,0.7069497,0.15757377,0.15757377
66,7,4099,0.17325436,17.747438,5.2458754,0.7069368,0.1575801,0.1575801
66,8,4100,0.17326179,17.748343,5.245964,0.70693386,0.15758595,0.15758595
66,9,4101,0.17327307,17.749947,5.2459726,0.70696557,0.15759508,0.15759508
66,10,4102,0.17328012,17.750076,5.245925,0.706946,0.15760367,0.15760367
66,11,4103,0.17328383,17.750114,5.246016,0.7069684,0.15761533,0.15761533
66,12,4104,0.17328744,17.749537,5.246125,0.70699674,0.15762779,0.15762779
66,13,4105,0.1732854,17.74889,5.246095,0.70696,0.15763503,0.15763503
66,14,4106,0.17329133,17.749142,5.2461786,0.70698184,0.15764192,0.15764192
66,15,4107,0.17329627,17.74934,5.246252,0.7070084,0.15765104,0.15765104
66,16,4108,0.1733016,17.748922,5.2463875,0.7070611,0.15766366,0.15766366
66,17,4109,0.17331292,17.748919,5.246549,0.70709133,0.15767905,0.15767905
66,18,4110,0.17332585,17.749817,5.2465925,0.70710415,0.1576809,0.1576809
66,19,4111,0.1733344,17.750513,5.246656,0.70710224,0.15769342,0.15769342
66,20,4112,0.17334285,17.751095,5.2467713,0.70708805,0.15770784,0.15770784
66,21,4113,0.17335631,17.751667,5.246928,0.7071114,0.15772238,0.15772238
66,22,4114,0.17336638,17.751896,5.2469206,0.707106,0.15773392,0.15773392
66,23,4115,0.17337812,17.752262,5.246863,0.70711553,0.15774256,0.15774256
66,24,4116,0.17339282,17.752954,5.2468925,0.7071326,0.1577527,0.1577527
66,25,4117,0.17340845,17.754017,5.2468896,0.7071445,0.15775517,0.15775517
66,26,4118,0.17341843,17.755075,5.2470913,0.70716125,0.15776646,0.15776646
66,27,4119,0.17342798,17.7565,5.2472363,0.7071748,0.1577814,0.1577814
66,28,4120,0.17343436,17.756807,5.2474313,0.7072514,0.15779555,0.15779555
66,29,4121,0.17343989,17.756746,5.2475414,0.7072985,0.15780981,0.15780981
66,30,4122,0.17345162,17.757088,5.2476726,0.7073298,0.15783098,0.15783098
66,31,4123,0.17345385,17.757412,5.247796,0.70735556,0.1578484,0.1578484
66,32,4124,0.17345509,17.757107,5.2478533,0.7073567,0.1578614,0.1578614
66,33,4125,0.17345478,17.75633,5.247894,0.7073391,0.15787567,0.15787567
66,34,4126,0.17346188,17.75654,5.2479396,0.7074201,0.15788417,0.15788417
66,35,4127,0.17346528,17.75605,5.248125,0.7074963,0.1579,0.1579
66,36,4128,0.1734744,17.756695,5.248217,0.70752126,0.15790999,0.15790999
66,37,4129,0.17348577,17.757177,5.248297,0.7075095,0.15792115,0.15792115
66,38,4130,0.17349073,17.75759,5.2484336,0.7075748,0.15793222,0.15793222
66,39,4131,0.17349526,17.757664,5.2484174,0.7075745,0.157943,0.157943
66,40,4132,0.17350653,17.759619,5.248517,0.7075933,0.15795493,0.15795493
66,41,4133,0.17351815,17.759617,5.2484903,0.7076215,0.15796562,0.15796562
66,42,4134,0.17351818,17.759333,5.248495,0.70762825,0.15797591,0.15797591
66,43,4135,0.17352012,17.759354,5.248551,0.70769554,0.15798417,0.15798417
66,44,4136,0.17352681,17.759928,5.2484126,0.7076757,0.15798762,0.15798762
66,45,4137,0.17352808,17.759445,5.2484407,0.70765734,0.15800263,0.15800263
66,46,4138,0.17353874,17.760002,5.248475,0.7076578,0.15801622,0.15801622
66,47,4139,0.17354366,17.760584,5.2485385,0.70772445,0.158024,0.158024
66,48,4140,0.17355223,17.761097,5.2485685,0.7077111,0.1580361,0.1580361
66,49,4141,0.17355558,17.761204,5.24856,0.707696,0.15804516,0.15804516
66,50,4142,0.17357358,17.761398,5.2485747,0.7077128,0.15805769,0.15805769
66,51,4143,0.17358059,17.761162,5.2485204,0.70765173,0.15806778,0.15806778
66,52,4144,0.17359522,17.761915,5.2484922,0.7076432,0.15807697,0.15807697
66,53,4145,0.17360294,17.762241,5.248525,0.70760876,0.15808232,0.15808232
66,54,4146,0.17361172,17.762438,5.2485385,0.7075936,0.15809438,0.15809438
66,55,4147,0.17361157,17.761904,5.2486205,0.7076101,0.15810949,0.15810949
66,56,4148,0.1736169,17.761961,5.2485404,0.7076308,0.1581203,0.1581203
66,57,4149,0.17362702,17.761618,5.2485147,0.70762986,0.15812755,0.15812755
66,58,4150,0.17363836,17.76192,5.2486453,0.70763445,0.15814017,0.15814017
66,59,4151,0.17364691,17.762941,5.2485833,0.7076413,0.15814626,0.15814626
66,60,4152,0.17365658,17.76326,5.2485065,0.7076213,0.15815413,0.15815413
66,61,4153,0.17367536,17.764883,5.248573,0.70765424,0.15816507,0.15816507
67,0,4154,0.17367822,17.7649,5.248576,0.70768154,0.1581748,0.1581748
67,1,4155,0.17368418,17.765224,5.2486157,0.7076843,0.1581887,0.1581887
67,2,4156,0.17369723,17.766375,5.248667,0.7077286,0.15820041,0.15820041
67,3,4157,0.1737046,17.76689,5.248759,0.7077417,0.15820575,0.15820575
67,4,4158,0.1737108,17.767643,5.248785,0.7077649,0.1582127,0.1582127
67,5,4159,0.17372292,17.768261,5.248958,0.7077816,0.15822881,0.15822881
67,6,4160,0.17375499,17.770115,5.249024,0.7078151,0.1582389,0.1582389
67,7,4161,0.17376545,17.77055,5.2490916,0.70781875,0.15825185,0.15825185
67,8,4162,0.17377031,17.77056,5.249133,0.70784444,0.15826324,0.15826324
67,9,4163,0.17377691,17.771166,5.2492027,0.7078517,0.15827195,0.15827195
67,10,4164,0.17378548,17.772024,5.2492576,0.70785743,0.1582823,0.1582823
67,11,4165,0.17379642,17.773184,5.2493095,0.7078789,0.15829101,0.15829101
67,12,4166,0.17380352,17.773132,5.249423,0.7078991,0.15830489,0.15830489
67,13,4167,0.17380813,17.77311,5.2494955,0.70791024,0.15831506,0.15831506
67,14,4168,0.17381944,17.774578,5.249486,0.7078609,0.15832672,0.15832672
67,15,4169,0.17383188,17.776281,5.249552,0.7078696,0.1583392,0.1583392
67,16,4170,0.17383899,17.776499,5.249508,0.7078312,0.15835448,0.15835448
67,17,4171,0.17384736,17.776838,5.249472,0.7078261,0.15835902,0.15835902
67,18,4172,0.17385584,17.777554,5.2495265,0.70783085,0.15837379,0.15837379
67,19,4173,0.1738725,17.779238,5.2495666,0.7078572,0.15837838,0.15837838
67,20,4174,0.1738826,17.779943,5.2496595,0.7078637,0.15838866,0.15838866
67,21,4175,0.1738931,17.780775,5.2496243,0.70786303,0.1583946,0.1583946
67,22,4176,0.17391376,17.7827,5.249595,0.7078365,0.15839605,0.15839605
67,23,4177,0.17392462,17.783834,5.249623,0.7078892,0.15839979,0.15839979
67,24,4178,0.17393975,17.784643,5.249713,0.70792633,0.15841271,0.15841271
67,25,4179,0.17394876,17.785236,5.2497377,0.70799696,0.15842104,0.15842104
67,26,4180,0.17395699,17.785233,5.249654,0.7079873,0.15842734,0.15842734
67,27,4181,0.17396864,17.786142,5.2496285,0.70799834,0.15843478,0.15843478
67,28,4182,0.17399329,17.787004,5.2495666,0.7080286,0.15843914,0.15843914
67,29,4183,0.17403316,17.788074,5.249512,0.70805573,0.15844634,0.15844634
67,30,4184,0.17405623,17.78817,5.2495084,0.708069,0.15845333,0.15845333
67,31,4185,0.17406999,17.788048,5.2494907,0.7080712,0.15845801,0.15845801
67,32,4186,0.17408463,17.788637,5.249606,0.70812386,0.15846334,0.15846334
67,33,4187,0.17409584,17.788788,5.2495627,0.7080837,0.15847242,0.15847242
67,34,4188,0.17411356,17.789606,5.24956,0.7080914,0.15847784,0.15847784
67,35,4189,0.17411834,17.788792,5.249583,0.7080669,0.15848748,0.15848748
67,36,4190,0.17412779,17.788637,5.249566,0.70804393,0.15849833,0.15849833
67,37,4191,0.1741387,17.788378,5.2495246,0.708047,0.15850516,0.15850516
67,38,4192,0.17415047,17.788208,5.24956,0.70804834,0.15851785,0.15851785
67,39,4193,0.17415792,17.78813,5.249664,0.7080626,0.15852702,0.15852702
67,40,4194,0.17416628,17.788836,5.2496514,0.7081147,0.15853128,0.15853128
67,41,4195,0.1741756,17.789667,5.2497354,0.708116,0.15854585,0.15854585
67,42,4196,0.17419448,17.79135,5.2497215,0.70814383,0.15854828,0.15854828
67,43,4197,0.17421114,17.793026,5.249686,0.7081449,0.1585554,0.1585554
67,44,4198,0.1742157,17.793083,5.249753,0.7081345,0.15857159,0.15857159
67,45,4199,0.17422372,17.793602,5.249701,0.70811385,0.15857358,0.15857358
67,46,4200,0.17423488,17.793968,5.2497997,0.70808315,0.15858178,0.15858178
67,47,4201,0.17424947,17.795431,5.249845,0.7080838,0.15858577,0.15858577
67,48,4202,0.17425928,17.795824,5.249943,0.7081008,0.15859969,0.15859969
67,49,4203,0.17426854,17.795826,5.249991,0.7081222,0.15860896,0.15860896
67,50,4204,0.17427103,17.795853,5.249893,0.7081131,0.15861301,0.15861301
67,51,4205,0.1742754,17.795881,5.2499166,0.70814145,0.15861814,0.15861814
67,52,4206,0.17427534,17.79603,5.249968,0.7081235,0.15862972,0.15862972
67,53,4207,0.17428438,17.797523,5.2500153,0.708102,0.15863457,0.15863457
67,54,4208,0.17429194,17.798893,5.250137,0.70809805,0.15864676,0.15864676
67,55,4209,0.17430131,17.800182,5.250224,0.70818347,0.15866025,0.15866025
67,56,4210,0.17430684,17.801062,5.250221,0.7081685,0.15866642,0.15866642
67,57,4211,0.17431706,17.801369,5.2504015,0.7082258,0.15868092,0.15868092
67,58,4212,0.17432362,17.801474,5.250498,0.7082209,0.1586929,0.1586929
67,59,4213,0.17433542,17.802597,5.2505426,0.708247,0.15870005,0.15870005
67,60,4214,0.17433646,17.802143,5.2505903,0.7082648,0.1587095,0.1587095
67,61,4215,0.17434067,17.802954,5.2505274,0.70824295,0.1587168,0.1587168
68,0,4216,0.17434779,17.804144,5.250481,0.70823944,0.15872201,0.15872201
68,1,4217,0.17435423,17.804605,5.250438,0.7082352,0.15873002,0.15873002
68,2,4218,0.17436042,17.805428,5.2504215,0.70823383,0.15874237,0.15874237
68,3,4219,0.17436254,17.804953,5.2504234,0.7082513,0.15875156,0.15875156
68,4,4220,0.17437425,17.80564,5.250515,0.7082851,0.15876321,0.15876321
68,5,4221,0.17438456,17.806896,5.250483,0.7082751,0.15877283,0.15877283
68,6,4222,0.17439888,17.809162,5.250444,0.7083192,0.15877831,0.15877831
68,7,4223,0.17440566,17.809122,5.2503786,0.708326,0.15878196,0.15878196
68,8,4224,0.17441195,17.810505,5.2503858,0.7083744,0.15879014,0.15879014
68,9,4225,0.17441702,17.81106,5.25051,0.7084346,0.15879901,0.15879901
68,10,4226,0.17442426,17.811186,5.250566,0.70845866,0.15881433,0.15881433
68,11,4227,0.17442727,17.811062,5.250453,0.70846564,0.15881991,0.15881991
68,12,4228,0.17443393,17.812336,5.250318,0.7084486,0.15882578,0.15882578
68,13,4229,0.17445633,17.815516,5.250321,0.7084918,0.15882881,0.15882881
68,14,4230,0.17446755,17.815838,5.2502685,0.70849144,0.15883186,0.15883186
68,15,4231,0.1744948,17.81553,5.250198,0.70845515,0.15884209,0.15884209
68,16,4232,0.17449737,17.815928,5.250094,0.7083699,0.15885405,0.15885405
68,17,4233,0.17450066,17.816484,5.250008,0.70832634,0.15885784,0.15885784
68,18,4234,0.17449915,17.81616,5.2500143,0.7082959,0.15887246,0.15887246
68,19,4235,0.17451614,17.816643,5.249908,0.70829296,0.15887967,0.15887967
68,20,4236,0.17451954,17.816242,5.2499776,0.70831627,0.15888815,0.15888815
68,21,4237,0.17452408,17.816296,5.2500644,0.70832354,0.15889974,0.15889974
68,22,4238,0.17452934,17.815443,5.250093,0.7082857,0.15891297,0.15891297
68,23,4239,0.17453876,17.816189,5.2499976,0.70824635,0.15891956,0.15891956
68,24,4240,0.17455369,17.816467,5.250008,0.7082267,0.15892896,0.15892896
68,25,4241,0.17456433,17.816998,5.24996,0.7082012,0.15893807,0.15893807
68,26,4242,0.174573,17.817623,5.2499747,0.70821387,0.15894857,0.15894857
68,27,4243,0.17458221,17.817575,5.2499757,0.7082179,0.15895316,0.15895316
68,28,4244,0.17459396,17.817991,5.2499447,0.7081976,0.15895712,0.15895712
68,29,4245,0.17460334,17.818401,5.2499833,0.70818555,0.15896825,0.15896825
68,30,4246,0.1746139,17.819233,5.249863,0.7081653,0.1589722,0.1589722
68,31,4247,0.17462143,17.819601,5.2498984,0.70819795,0.15898211,0.15898211
68,32,4248,0.17463072,17.819664,5.2497373,0.70814407,0.15899411,0.15899411
68,33,4249,0.17463967,17.819544,5.24975,0.70819247,0.15900102,0.15900102
68,34,4250,0.17464404,17.819685,5.2496953,0.70814586,0.15900986,0.15900986
68,35,4251,0.17464894,17.819921,5.2496796,0.7081817,0.15901168,0.15901168
68,36,4252,0.1746556,17.820305,5.24973,0.70817,0.15901972,0.15901972
68,37,4253,0.17466618,17.820553,5.2498226,0.70819926,0.15902828,0.15902828
68,38,4254,0.17467368,17.821077,5.249808,0.7082029,0.15903269,0.15903269
68,39,4255,0.17467949,17.821997,5.2497334,0.70817965,0.15903784,0.15903784
68,40,4256,0.1746872,17.821959,5.2496786,0.708153,0.15904081,0.15904081
68,41,4257,0.17469427,17.82304,5.2496123,0.70811266,0.1590481,0.1590481
68,42,4258,0.17470121,17.823416,5.249496,0.70805895,0.15905379,0.15905379
68,43,4259,0.17470096,17.823664,5.2494335,0.70803773,0.15905653,0.15905653
68,44,4260,0.17470889,17.824608,5.2493415,0.7080258,0.15905732,0.15905732
68,45,4261,0.17471138,17.824492,5.2493362,0.70804083,0.15906599,0.15906599
68,46,4262,0.17472553,17.825037,5.249314,0.7080102,0.15906687,0.15906687
68,47,4263,0.17473255,17.825996,5.249338,0.7079749,0.15907039,0.15907039
68,48,4264,0.17475262,17.826504,5.24935,0.7079588,0.15907964,0.15907964
68,49,4265,0.17475745,17.825922,5.2493644,0.7079236,0.1590894,0.1590894
68,50,4266,0.1747629,17.825348,5.2495155,0.70799714,0.15910363,0.15910363
68,51,4267,0.17483884,17.824661,5.250758,0.70798856,0.15910958,0.15910958
68,52,4268,0.17511085,17.825455,5.2526765,0.70798045,0.15911856,0.15911856
68,53,4269,0.17518623,17.826832,5.2535534,0.7080227,0.15913242,0.15913242
68,54,4270,0.17524555,17.829586,5.253917,0.70797503,0.15914616,0.15914616
68,55,4271,0.1752713,17.830156,5.2542114,0.70795494,0.15915602,0.15915602
68,56,4272,0.17529094,17.830542,5.254425,0.7079508,0.1591644,0.1591644
68,57,4273,0.17530787,17.831934,5.2546854,0.7079331,0.1591829,0.1591829
68,58,4274,0.1753158,17.83188,5.254909,0.70795506,0.15919524,0.15919524
68,59,4275,0.17532675,17.833141,5.254942,0.7079392,0.1592055,0.1592055
68,60,4276,0.17533678,17.833736,5.254976,0.70790845,0.15921898,0.15921898
68,61,4277,0.1753494,17.835232,5.25504,0.7079547,0.15922199,0.15922199
69,0,4278,0.17537734,17.83975,5.2550063,0.7079023,0.1592282,0.1592282
69,1,4279,0.17538926,17.841434,5.254924,0.70787853,0.15923375,0.15923375
69,2,4280,0.1753934,17.841536,5.2549744,0.70792913,0.15923633,0.15923633
69,3,4281,0.17539734,17.8418,5.255051,0.70793366,0.15924762,0.15924762
69,4,4282,0.17541191,17.844141,5.254972,0.7079436,0.1592502,0.1592502
69,5,4283,0.17544387,17.849043,5.2548394,0.7079454,0.15925135,0.15925135
69,6,4284,0.17545673,17.850832,5.254839,0.707914,0.15925789,0.15925789
69,7,4285,0.17546594,17.851894,5.254888,0.70790416,0.15927218,0.15927218
69,8,4286,0.17547789,17.853395,5.2547636,0.7078591,0.15927923,0.15927923
69,9,4287,0.17549741,17.855818,5.2547145,0.70789254,0.1592846,0.1592846
69,10,4288,0.17550771,17.857325,5.2546396,0.7078767,0.1592836,0.1592836
69,11,4289,0.17551498,17.857822,5.2547235,0.70791626,0.15929717,0.15929717
69,12,4290,0.1755185,17.858208,5.254669,0.7079442,0.15929973,0.15929973
69,13,4291,0.17552507,17.859247,5.2546353,0.7079794,0.15930589,0.15930589
69,14,4292,0.17553623,17.860592,5.254617,0.7079972,0.15930918,0.15930918
69,15,4293,0.17554057,17.861208,5.254559,0.7079462,0.15931492,0.15931492
69,16,4294,0.17554745,17.861744,5.2544885,0.7079107,0.15932621,0.15932621
69,17,4295,0.17555606,17.86241,5.254319,0.70788515,0.15933122,0.15933122
69,18,4296,0.17555653,17.862038,5.2544537,0.70793027,0.15934324,0.15934324
69,19,4297,0.17556271,17.863094,5.254482,0.70791274,0.15935844,0.15935844
69,20,4298,0.1755693,17.863747,5.254488,0.70796776,0.15936086,0.15936086
69,21,4299,0.17557177,17.864105,5.254443,0.707972,0.15936416,0.15936416
69,22,4300,0.17558274,17.865204,5.2543445,0.7079968,0.15936774,0.15936774
69,23,4301,0.17559095,17.866209,5.2543116,0.7080009,0.1593741,0.1593741
69,24,4302,0.17559639,17.866695,5.254214,0.7079819,0.15937668,0.15937668
69,25,4303,0.17560554,17.867321,5.254239,0.70797396,0.1593855,0.1593855
69,26,4304,0.17561197,17.86755,5.25412,0.7080045,0.15938583,0.15938583
69,27,4305,0.17562312,17.868753,5.254066,0.70802975,0.15938681,0.15938681
69,28,4306,0.17563081,17.869198,5.254059,0.7080525,0.15939401,0.15939401
69,29,4307,0.17563511,17.869202,5.253923,0.7080491,0.15939923,0.15939923
69,30,4308,0.1756449,17.869616,5.2538433,0.7080585,0.15940091,0.15940091
69,31,4309,0.17565282,17.87024,5.2536974,0.7079977,0.15940623,0.15940623
69,32,4310,0.17565061,17.869837,5.2536736,0.7079821,0.15941966,0.15941966
69,33,4311,0.17565,17.870018,5.253661,0.7080006,0.15942162,0.15942162
69,34,4312,0.17565614,17.871435,5.25361,0.7080344,0.15942457,0.15942457
69,35,4313,0.1756626,17.87246,5.253632,0.70808583,0.15943408,0.15943408
69,36,4314,0.17566589,17.873074,5.253605,0.7080561,0.15943658,0.15943658
69,37,4315,0.17567137,17.873543,5.253629,0.7080636,0.15944508,0.15944508
69,38,4316,0.1756782,17.874266,5.253644,0.7080725,0.15945226,0.15945226
69,39,4317,0.17568186,17.874672,5.253707,0.7081103,0.15946765,0.15946765
69,40,4318,0.1756837,17.875057,5.253662,0.7081128,0.1594735,0.1594735
69,41,4319,0.17568669,17.875729,5.2536287,0.7080959,0.15947941,0.15947941
69,42,4320,0.17568572,17.875008,5.253548,0.7080708,0.15948552,0.15948552
69,43,4321,0.17568803,17.874933,5.2535925,0.70804477,0.15949488,0.15949488
69,44,4322,0.17569095,17.874966,5.2535734,0.7080826,0.15950155,0.15950155
69,45,4323,0.17569977,17.875296,5.2534523,0.7080902,0.15950313,0.15950313
69,46,4324,0.17570135,17.875168,5.2534676,0.70811516,0.15951303,0.15951303
69,47,4325,0.17570525,17.87549,5.2535048,0.708155,0.15952021,0.15952021
69,48,4326,0.17571002,17.87584,5.2534146,0.7081566,0.1595198,0.1595198
69,49,4327,0.17572129,17.877277,5.253423,0.70815754,0.15952522,0.15952522
69,50,4328,0.17573616,17.879698,5.2533107,0.70815426,0.15952277,0.15952277
69,51,4329,0.17574354,17.880451,5.253323,0.70815295,0.15952978,0.15952978
69,52,4330,0.17575549,17.881826,5.2532983,0.70817816,0.1595315,0.1595315
69,53,4331,0.17576116,17.882257,5.253294,0.70818377,0.15954259,0.15954259
69,54,4332,0.1757622,17.882217,5.2531185,0.70816475,0.15954539,0.15954539
69,55,4333,0.17576629,17.882317,5.253046,0.7081568,0.15955156,0.15955156
69,56,4334,0.1757751,17.88185,5.252935,0.70813924,0.15955466,0.15955466
69,57,4335,0.17578332,17.88159,5.2528796,0.7081309,0.15956333,0.15956333
69,58,4336,0.17579514,17.882675,5.2527633,0.70809436,0.1595695,0.1595695
69,59,4337,0.17580257,17.883068,5.252668,0.7080969,0.15957004,0.15957004
69,60,4338,0.17581257,17.88421,5.2525845,0.7080735,0.15957554,0.15957554
69,61,4339,0.17582336,17.883915,5.2526054,0.7081217,0.15958512,0.15958512
70,0,4340,0.17583933,17.883858,5.2524304,0.70806926,0.15958975,0.15958975
70,1,4341,0.17584877,17.884674,5.2523894,0.7080728,0.1595956,0.1595956
70,2,4342,0.17585538,17.885387,5.252375,0.70805913,0.15960355,0.15960355
70,3,4343,0.17586264,17.886044,5.2523146,0.70808184,0.15961073,0.15961073
70,4,4344,0.17587462,17.887278,5.2521305,0.70808095,0.15961006,0.15961006
70,5,4345,0.17588332,17.887465,5.2520633,0.7081195,0.15961242,0.15961242
70,6,4346,0.1758962,17.888063,5.252011,0.7081077,0.15961233,0.15961233
70,7,4347,0.17590836,17.88916,5.2520213,0.70810866,0.15961502,0.15961502
70,8,4348,0.17591314,17.888775,5.251955,0.708136,0.15962136,0.15962136
70,9,4349,0.1759265,17.889477,5.251908,0.70814806,0.15962425,0.15962425
70,10,4350,0.17593582,17.889765,5.251824,0.70816207,0.15962382,0.15962382
70,11,4351,0.17594375,17.88979,5.251764,0.70812637,0.15962495,0.15962495
70,12,4352,0.17595755,17.890566,5.2516346,0.708094,0.15962905,0.15962905
70,13,4353,0.17596859,17.891615,5.2516894,0.7080881,0.15963951,0.15963951
70,14,4354,0.17598118,17.893484,5.2515974,0.70804805,0.15964098,0.15964098
70,15,4355,0.1759815,17.89333,5.251633,0.70806396,0.15964977,0.15964977
70,16,4356,0.1759822,17.892971,5.251521,0.70805013,0.15965714,0.15965714
70,17,4357,0.1760129,17.898806,5.25153,0.70805573,0.1596571,0.1596571
70,18,4358,0.17604354,17.903835,5.2514625,0.7080505,0.15966262,0.15966262
70,19,4359,0.17606251,17.90487,5.251367,0.70803535,0.15966819,0.15966819
70,20,4360,0.1760732,17.905245,5.251449,0.70804644,0.15968049,0.15968049
70,21,4361,0.17608526,17.906164,5.2513795,0.7080345,0.15968192,0.15968192
70,22,4362,0.17609483,17.906622,5.2513504,0.7080524,0.15969253,0.15969253
70,23,4363,0.17610973,17.907038,5.251256,0.70802,0.15969758,0.15969758
70,24,4364,0.17612338,17.908167,5.25124,0.7080497,0.1597041,0.1597041
70,25,4365,0.17612943,17.907646,5.251188,0.7080796,0.15970762,0.15970762
70,26,4366,0.1761393,17.908041,5.2511277,0.7080111,0.15971571,0.15971571
70,27,4367,0.17614597,17.908716,5.251103,0.7079979,0.15972568,0.15972568
70,28,4368,0.1761466,17.908514,5.251163,0.70799464,0.15973586,0.15973586
70,29,4369,0.17614728,17.90799,5.251116,0.7079743,0.15974443,0.15974443
70,30,4370,0.17615424,17.908768,5.251058,0.70795876,0.15974908,0.15974908
70,31,4371,0.176169,17.91037,5.251267,0.70797473,0.1597536,0.1597536
70,32,4372,0.17617273,17.91026,5.2512994,0.70794386,0.1597604,0.1597604
70,33,4373,0.17618582,17.911512,5.2515454,0.7080034,0.15977025,0.15977025
70,34,4374,0.1761916,17.911402,5.2515287,0.7079773,0.15977238,0.15977238
70,35,4375,0.17619604,17.911371,5.2515283,0.70800966,0.15978199,0.15978199
70,36,4376,0.17620313,17.911192,5.2515025,0.70797426,0.15978801,0.15978801
70,37,4377,0.17621809,17.912432,5.2515726,0.70804703,0.15979391,0.15979391
70,38,4378,0.17623423,17.914051,5.2515182,0.70804644,0.15980153,0.15980153
70,39,4379,0.17625411,17.915478,5.251457,0.7080691,0.15980653,0.15980653
70,40,4380,0.17626873,17.91661,5.25136,0.7080299,0.15981542,0.15981542
70,41,4381,0.17627731,17.917454,5.251388,0.70804703,0.15982607,0.15982607
70,42,4382,0.17629097,17.918106,5.2513576,0.70803905,0.1598339,0.1598339
70,43,4383,0.1762992,17.918564,5.2513313,0.70806146,0.15983908,0.15983908
70,44,4384,0.17630854,17.918789,5.2512326,0.7080389,0.15983999,0.15983999
70,45,4385,0.17631716,17.91968,5.2511635,0.7080405,0.15984301,0.15984301
70,46,4386,0.17633155,17.921188,5.251162,0.7080671,0.15984282,0.15984282
70,47,4387,0.17633733,17.921757,5.2511015,0.70812887,0.15983965,0.15983965
70,48,4388,0.17634422,17.922039,5.251081,0.70813334,0.15983617,0.15983617
70,49,4389,0.1763511,17.923082,5.251091,0.7081549,0.15984169,0.15984169
70,50,4390,0.17636324,17.92378,5.250991,0.7081627,0.15983962,0.15983962
70,51,4391,0.17637172,17.924706,5.250896,0.7081654,0.1598386,0.1598386
70,52,4392,0.17638007,17.925362,5.2507906,0.70817214,0.1598378,0.1598378
70,53,4393,0.17638779,17.925611,5.250743,0.7081538,0.15983915,0.15983915
70,54,4394,0.17639408,17.925295,5.250765,0.7081491,0.15984532,0.15984532
70,55,4395,0.17639841,17.925474,5.2507353,0.7081282,0.15985134,0.15985134
70,56,4396,0.17641246,17.92534,5.250662,0.7081205,0.15985557,0.15985557
70,57,4397,0.17643212,17.924871,5.2505836,0.7081313,0.15986037,0.15986037
70,58,4398,0.17644739,17.925198,5.250575,0.708137,0.15986653,0.15986653
70,59,4399,0.1764473,17.924772,5.250545,0.7081545,0.15987235,0.15987235
70,60,4400,0.17645289,17.925375,5.250382,0.70813215,0.15987271,0.15987271
70,61,4401,0.17645492,17.925463,5.250326,0.70815104,0.15987724,0.15987724
71,0,4402,0.17646056,17.926195,5.2501893,0.70812416,0.1598742,0.1598742
71,1,4403,0.17646806,17.926481,5.2501135,0.7081264,0.15987878,0.15987878
71,2,4404,0.17647436,17.926931,5.2500386,0.7081216,0.15988235,0.15988235
71,3,4405,0.17647713,17.926186,5.25002,0.70816094,0.1598887,0.1598887
71,4,4406,0.17648101,17.926043,5.2499495,0.70814854,0.15989095,0.15989095
71,5,4407,0.17649013,17.926743,5.249876,0.7081329,0.15989825,0.15989825
71,6,4408,0.17649078,17.926895,5.249786,0.70810634,0.15990056,0.15990056
71,7,4409,0.17650402,17.927876,5.249824,0.70813626,0.15991123,0.15991123
71,8,4410,0.17651883,17.928612,5.2498035,0.70809835,0.1599151,0.1599151
71,9,4411,0.17653668,17.929512,5.2497888,0.7081537,0.1599192,0.1599192
71,10,4412,0.1765434,17.93017,5.2497926,0.7082041,0.15992594,0.15992594
71,11,4413,0.17654654,17.93038,5.2497444,0.70822877,0.15992817,0.15992817
71,12,4414,0.17655799,17.931362,5.249692,0.70828927,0.1599262,0.1599262
71,13,4415,0.17657077,17.932886,5.2497005,0.70827866,0.15993235,0.15993235
71,14,4416,0.17657632,17.932966,5.249684,0.7083072,0.15993586,0.15993586
71,15,4417,0.17658421,17.933674,5.2496133,0.70827705,0.15993719,0.15993719
71,16,4418,0.17659457,17.934948,5.249573,0.70827466,0.15993792,0.15993792
71,17,4419,0.17661172,17.935219,5.2494674,0.70822996,0.15994017,0.15994017
71,18,4420,0.17664137,17.935246,5.24934,0.7081503,0.1599427,0.1599427
71,19,4421,0.17664602,17.935349,5.2492566,0.708152,0.15994383,0.15994383
71,20,4422,0.176648,17.93528,5.249079,0.70811206,0.15994173,0.15994173
71,21,4423,0.17666511,17.936941,5.249014,0.70812696,0.15994069,0.15994069
71,22,4424,0.17666805,17.937002,5.2490253,0.7082004,0.15993994,0.15993994
71,23,4425,0.17668208,17.93855,5.2490273,0.70823663,0.1599448,0.1599448
71,24,4426,0.17668921,17.939425,5.2489066,0.7081978,0.15994878,0.15994878
71,25,4427,0.17669615,17.940346,5.2488103,0.7081484,0.15994972,0.15994972
71,26,4428,0.17670196,17.940636,5.2487426,0.70814615,0.15995745,0.15995745
71,27,4429,0.17670679,17.940294,5.248778,0.7081597,0.1599653,0.1599653
71,28,4430,0.17672114,17.941246,5.2487335,0.7081532,0.15996881,0.15996881
71,29,4431,0.17673673,17.942312,5.2486243,0.70815134,0.15996893,0.15996893
71,30,4432,0.17674418,17.942482,5.2485323,0.7081904,0.1599713,0.1599713
71,31,4433,0.17674695,17.942234,5.248482,0.70818937,0.159972,0.159972
71,32,4434,0.17674963,17.941608,5.2484217,0.7081972,0.15997492,0.15997492
71,33,4435,0.17675968,17.94217,5.248459,0.70824134,0.15998209,0.15998209
71,34,4436,0.1767641,17.942526,5.2484255,0.70827556,0.1599816,0.1599816
71,35,4437,0.17677304,17.943676,5.248465,0.7083348,0.1599839,0.1599839
71,36,4438,0.17678526,17.944202,5.2484345,0.70833933,0.15999092,0.15999092
71,37,4439,0.17679429,17.944727,5.2483816,0.70832425,0.15999453,0.15999453
71,38,4440,0.17680389,17.946177,5.248293,0.7083057,0.16000119,0.16000119
71,39,4441,0.17681372,17.94671,5.2482667,0.7083177,0.16000731,0.16000731
71,40,4442,0.17681926,17.947418,5.2481356,0.7082613,0.16000988,0.16000988
71,41,4443,0.17683345,17.948584,5.247997,0.7082618,0.16001526,0.16001526
71,42,4444,0.17683983,17.948668,5.2479725,0.7083023,0.16002189,0.16002189
71,43,4445,0.17684674,17.94903,5.2479725,0.70837075,0.16002418,0.16002418
71,44,4446,0.17686602,17.949959,5.247889,0.70834565,0.16002347,0.16002347
71,45,4447,0.17687327,17.950243,5.2477646,0.70837325,0.16002241,0.16002241
71,46,4448,0.17688818,17.951092,5.247839,0.70840305,0.16002776,0.16002776
71,47,4449,0.17689613,17.951973,5.247848,0.70844537,0.16003126,0.16003126
71,48,4450,0.17690319,17.952341,5.2477846,0.7084466,0.1600357,0.1600357
71,49,4451,0.17691278,17.953287,5.2477407,0.7084503,0.16004147,0.16004147
71,50,4452,0.17692122,17.954142,5.2476583,0.70845884,0.16004822,0.16004822
71,51,4453,0.17693213,17.954796,5.2474284,0.7084114,0.16004992,0.16004992
71,52,4454,0.17693587,17.954603,5.2472763,0.7083915,0.16005167,0.16005167
71,53,4455,0.17694964,17.955124,5.2472095,0.70835733,0.1600546,0.1600546
71,54,4456,0.17697155,17.955156,5.247204,0.70837045,0.16006193,0.16006193
71,55,4457,0.17699164,17.955566,5.247088,0.70835155,0.16006164,0.16006164
71,56,4458,0.1770058,17.95705,5.246977,0.7083519,0.16006005,0.16006005
71,57,4459,0.17701663,17.957846,5.2469783,0.70834243,0.16006425,0.16006425
71,58,4460,0.17703398,17.95977,5.2470126,0.70836914,0.16006914,0.16006914
71,59,4461,0.17705123,17.962095,5.2469177,0.70835555,0.1600703,0.1600703
71,60,4462,0.17707454,17.965076,5.2467446,0.70834327,0.16007175,0.16007175
71,61,4463,0.17708161,17.965,5.2467175,0.7083771,0.16007595,0.16007595
72,0,4464,0.17708549,17.964842,5.2466393,0.7083497,0.16007803,0.16007803
72,1,4465,0.17709252,17.96523,5.246604,0.7083717,0.16008377,0.16008377
72,2,4466,0.17710577,17.966154,5.2465653,0.70836353,0.16008535,0.16008535
72,3,4467,0.17711686,17.967081,5.246632,0.7083951,0.16008942,0.16008942
72,4,4468,0.17713098,17.968061,5.2465897,0.70835745,0.160094,0.160094
72,5,4469,0.17713399,17.968426,5.2465672,0.70839316,0.16009463,0.16009463
72,6,4470,0.17714451,17.96985,5.246439,0.70836747,0.16009575,0.16009575
72,7,4471,0.17714548,17.969687,5.2464952,0.70837134,0.16010216,0.16010216
72,8,4472,0.17715164,17.969837,5.246484,0.70838314,0.16010208,0.16010208
72,9,4473,0.17716514,17.969986,5.2463984,0.7083827,0.1601059,0.1601059
72,10,4474,0.17716993,17.97032,5.246402,0.7084251,0.1601144,0.1601144
72,11,4475,0.17716917,17.969963,5.2463255,0.7084433,0.16011922,0.16011922
72,12,4476,0.17717294,17.970345,5.246202,0.7084669,0.16012129,0.16012129
72,13,4477,0.17717895,17.97077,5.246171,0.7084495,0.16012552,0.16012552
72,14,4478,0.17717989,17.970821,5.246109,0.70844316,0.16012624,0.16012624
72,15,4479,0.17718893,17.971613,5.2460012,0.70843065,0.1601283,0.1601283
72,16,4480,0.17719918,17.972118,5.2458854,0.708413,0.16013128,0.16013128
72,17,4481,0.17720255,17.972586,5.2458277,0.70841485,0.1601356,0.1601356
72,18,4482,0.17721164,17.97376,5.2457747,0.7084546,0.16013704,0.16013704
72,19,4483,0.17723157,17.975134,5.2457795,0.70847344,0.16014023,0.16014023
72,20,4484,0.17723902,17.976173,5.245659,0.70845336,0.1601422,0.1601422
72,21,4485,0.17725918,17.977318,5.2456427,0.7084461,0.16014715,0.16014715
72,22,4486,0.17726347,17.977625,5.245583,0.70839846,0.1601484,0.1601484
72,23,4487,0.17727774,17.97879,5.2454987,0.7084088,0.16014919,0.16014919
72,24,4488,0.17729236,17.980534,5.2454257,0.7084148,0.16014908,0.16014908
72,25,4489,0.17730454,17.980852,5.245343,0.7084588,0.1601519,0.1601519
72,26,4490,0.17732221,17.981333,5.245195,0.7084601,0.1601545,0.1601545
72,27,4491,0.17733055,17.982277,5.2450686,0.7084951,0.16015296,0.16015296
72,28,4492,0.17734472,17.98297,5.24499,0.7085098,0.16015236,0.16015236
72,29,4493,0.17734775,17.983564,5.244917,0.7085256,0.16015501,0.16015501
72,30,4494,0.17735513,17.984695,5.244842,0.70852005,0.16015662,0.16015662
72,31,4495,0.17736198,17.985043,5.244836,0.70855105,0.16015752,0.16015752
72,32,4496,0.17736486,17.98543,5.244742,0.7085287,0.1601621,0.1601621
72,33,4497,0.17736796,17.985214,5.2446303,0.7084597,0.16016817,0.16016817
72,34,4498,0.17737453,17.985794,5.244532,0.70842016,0.16017246,0.16017246
72,35,4499,0.17737995,17.985943,5.244392,0.70837474,0.16017987,0.16017987
72,36,4500,0.17739756,17.985687,5.2442493,0.7083214,0.16018541,0.16018541
72,37,4501,0.17740706,17.986876,5.244274,0.7083516,0.16019288,0.16019288
72,38,4502,0.17742294,17.987614,5.244169,0.7083593,0.16019242,0.16019242
72,39,4503,0.17743288,17.988344,5.2442126,0.70840555,0.16019419,0.16019419
72,40,4504,0.1774391,17.988605,5.2441673,0.708426,0.16020066,0.16020066
72,41,4505,0.17745018,17.989405,5.244085,0.708414,0.16019835,0.16019835
72,42,4506,0.17745565,17.989487,5.2440724,0.70843947,0.16020326,0.16020326
72,43,4507,0.17745955,17.989483,5.2441335,0.7084524,0.16020828,0.16020828
72,44,4508,0.17747074,17.989975,5.244007,0.7084152,0.16020918,0.16020918
72,45,4509,0.17748106,17.99077,5.2439,0.7083867,0.16021107,0.16021107
72,46,4510,0.1774919,17.991533,5.2438035,0.70837265,0.16021357,0.16021357
72,47,4511,0.17750034,17.991983,5.2437525,0.7083611,0.16021842,0.16021842
72,48,4512,0.17751448,17.992704,5.243733,0.7083856,0.16021967,0.16021967
72,49,4513,0.17753196,17.994297,5.2436657,0.7084106,0.16022184,0.16022184
72,50,4514,0.1775467,17.995356,5.243594,0.70843256,0.16021958,0.16021958
72,51,4515,0.17756312,17.99764,5.243384,0.70840824,0.16021484,0.16021484
72,52,4516,0.17757751,17.998522,5.243247,0.7083602,0.16022263,0.16022263
72,53,4517,0.17758171,17.998749,5.2430897,0.70836335,0.1602154,0.1602154
72,54,4518,0.17758554,17.998835,5.2429013,0.7083582,0.16021292,0.16021292
72,55,4519,0.17759117,17.999052,5.242682,0.7083192,0.16021116,0.16021116
72,56,4520,0.17759666,18.000103,5.2425475,0.7083103,0.16021279,0.16021279
72,57,4521,0.17760834,18.000969,5.242504,0.7083552,0.16021737,0.16021737
72,58,4522,0.17761624,18.001568,5.2423615,0.7083463,0.16021495,0.16021495
72,59,4523,0.17765123,18.002563,5.2423925,0.7083814,0.16021442,0.16021442
72,60,4524,0.17766683,18.003067,5.2424765,0.7083983,0.16022053,0.16022053
72,61,4525,0.17767948,18.003996,5.242354,0.7083498,0.16022319,0.16022319
73,0,4526,0.17769,18.004267,5.2423677,0.7083805,0.16023356,0.16023356
73,1,4527,0.1776957,18.004482,5.2422805,0.70835125,0.16023664,0.16023664
73,2,4528,0.17770085,18.004951,5.2421455,0.708371,0.1602364,0.1602364
73,3,4529,0.17770836,18.005398,5.2420516,0.70835334,0.16023973,0.16023973
73,4,4530,0.17771795,18.006008,5.2419777,0.7083357,0.16024658,0.16024658
73,5,4531,0.1777291,18.006264,5.241854,0.70833963,0.16024362,0.16024362
73,6,4532,0.1777412,18.007397,5.2417984,0.70837265,0.16023944,0.16023944
73,7,4533,0.17775095,18.007496,5.241684,0.70840394,0.16024032,0.16024032
73,8,4534,0.17776449,18.008106,5.241484,0.70839226,0.16023809,0.16023809
73,9,4535,0.17777193,18.008652,5.241342,0.70837533,0.1602373,0.1602373
73,10,4536,0.17778033,18.009354,5.2412333,0.70839435,0.16023739,0.16023739
73,11,4537,0.17779088,18.009626,5.2411957,0.7084596,0.16023768,0.16023768
73,12,4538,0.1778038,18.009928,5.241111,0.708473,0.16023988,0.16023988
73,13,4539,0.17782101,18.011208,5.2409163,0.70845366,0.16023831,0.16023831
73,14,4540,0.17783168,18.011406,5.240823,0.7084868,0.16023916,0.16023916
73,15,4541,0.1778516,18.012306,5.2407327,0.7084899,0.16023925,0.16023925
73,16,4542,0.17786889,18.01283,5.2407646,0.7085199,0.16023938,0.16023938
73,17,4543,0.17788969,18.01389,5.2407413,0.7085093,0.1602384,0.1602384
73,18,4544,0.17791125,18.016287,5.2405767,0.7084667,0.16024046,0.16024046
73,19,4545,0.17792436,18.016851,5.240493,0.7084821,0.16024955,0.16024955
73,20,4546,0.17793643,18.017172,5.240411,0.7084404,0.1602518,0.1602518
73,21,4547,0.17796242,18.01953,5.2403564,0.7084517,0.16025423,0.16025423
73,22,4548,0.177973,18.019693,5.24044,0.7084793,0.16025999,0.16025999
73,23,4549,0.17798436,18.02105,5.2404733,0.7085096,0.1602639,0.1602639
73,24,4550,0.17799893,18.021364,5.2403526,0.7085114,0.160266,0.160266
73,25,4551,0.17802185,18.021914,5.2403207,0.7084978,0.16027111,0.16027111
73,26,4552,0.17803858,18.02256,5.2402606,0.70844877,0.16027398,0.16027398
73,27,4553,0.17804956,18.02324,5.2402534,0.7084618,0.16027853,0.16027853
73,28,4554,0.17806558,18.02419,5.240189,0.7084193,0.16028151,0.16028151
73,29,4555,0.178079,18.025633,5.2402225,0.7084745,0.16028437,0.16028437
73,30,4556,0.1780836,18.025959,5.240148,0.7084819,0.1602887,0.1602887
73,31,4557,0.17809753,18.027596,5.239992,0.7084848,0.16029117,0.16029117
73,32,4558,0.17811532,18.03065,5.239897,0.70848763,0.16029283,0.16029283
73,33,4559,0.1781309,18.031818,5.2397785,0.7084706,0.16029459,0.16029459
73,34,4560,0.17813854,18.032816,5.2396955,0.7084656,0.16029106,0.16029106
73,35,4561,0.17814684,18.033281,5.2396603,0.70849735,0.16029468,0.16029468
73,36,4562,0.1781583,18.03395,5.239661,0.70852065,0.1602954,0.1602954
73,37,4563,0.17816423,18.033447,5.239609,0.7085333,0.16029485,0.16029485
73,38,4564,0.17817885,18.034353,5.2395163,0.7085112,0.16029646,0.16029646
73,39,4565,0.17818019,18.0347,5.2394776,0.70854473,0.16029932,0.16029932
73,40,4566,0.17818242,18.035177,5.239379,0.7085705,0.16029531,0.16029531
73,41,4567,0.17819613,18.037195,5.2392507,0.7085717,0.16029426,0.16029426
73,42,4568,0.17820671,18.038828,5.2391095,0.7085608,0.16029452,0.16029452
73,43,4569,0.1782225,18.041079,5.2390156,0.70853436,0.16029617,0.16029617
73,44,4570,0.17824134,18.041403,5.238976,0.70855266,0.16029705,0.16029705
73,45,4571,0.17825031,18.042152,5.238986,0.7085845,0.16030389,0.16030389
73,46,4572,0.17826344,18.042942,5.2388945,0.70857084,0.16031022,0.16031022
73,47,4573,0.17826547,18.042383,5.2388515,0.70857114,0.16031191,0.16031191
73,48,4574,0.17827007,18.042404,5.238756,0.70858413,0.16031034,0.16031034
73,49,4575,0.17827773,18.042528,5.238649,0.7085848,0.16031075,0.16031075
73,50,4576,0.17828974,18.043676,5.2387033,0.7086041,0.16031909,0.16031909
73,51,4577,0.17830278,18.04519,5.238596,0.70860547,0.16031896,0.16031896
73,52,4578,0.17831546,18.046347,5.238526,0.7086277,0.16032374,0.16032374
73,53,4579,0.17832606,18.047953,5.238394,0.70862377,0.1603212,0.1603212
73,54,4580,0.1783418,18.048862,5.238322,0.70868087,0.16031961,0.16031961
73,55,4581,0.1783598,18.051548,5.2382507,0.7086868,0.16032271,0.16032271
73,56,4582,0.17837447,18.05307,5.2380843,0.708703,0.16032188,0.16032188
73,57,4583,0.17837965,18.053877,5.2379794,0.70865977,0.16033067,0.16033067
73,58,4584,0.17839968,18.056164,5.237895,0.70868087,0.16033442,0.16033442
73,59,4585,0.17840874,18.056587,5.237834,0.7086923,0.1603359,0.1603359
73,60,4586,0.17842102,18.056772,5.2377386,0.7086936,0.1603389,0.1603389
73,61,4587,0.17843252,18.057438,5.2376323,0.7087058,0.16034338,0.16034338
74,0,4588,0.1784388,18.057615,5.237502,0.708694,0.16034369,0.16034369
74,1,4589,0.17844824,18.058035,5.237472,0.70870554,0.16034938,0.16034938
74,2,4590,0.17845896,18.05937,5.2375064,0.70872355,0.16035284,0.16035284
74,3,4591,0.17847443,18.06033,5.2374697,0.7087593,0.16035534,0.16035534
74,4,4592,0.17848375,18.060879,5.2373815,0.7087997,0.1603597,0.1603597
74,5,4593,0.17849222,18.061546,5.237319,0.7088456,0.16035841,0.16035841
74,6,4594,0.17849857,18.062078,5.237338,0.7088419,0.16035777,0.16035777
74,7,4595,0.17850947,18.06346,5.2373056,0.7088312,0.16036457,0.16036457
74,8,4596,0.17851704,18.064034,5.2372575,0.7088297,0.1603698,0.1603698
74,9,4597,0.1785245,18.064196,5.237212,0.70886904,0.16036937,0.16036937
74,10,4598,0.17854054,18.065838,5.237109,0.7088764,0.16036627,0.16036627
74,11,4599,0.1785588,18.066328,5.236966,0.70886886,0.16036633,0.16036633
74,12,4600,0.17857075,18.06756,5.2368135,0.7088387,0.16036466,0.16036466
74,13,4601,0.17858782,18.067902,5.2367578,0.7088348,0.16036643,0.16036643
74,14,4602,0.17858896,18.06775,5.236716,0.70883495,0.16036992,0.16036992
74,15,4603,0.1785903,18.06765,5.236643,0.70880485,0.16037278,0.16037278
74,16,4604,0.17860326,18.068361,5.2366414,0.70881367,0.16037644,0.16037644
74,17,4605,0.17861196,18.06881,5.2364697,0.7087884,0.16037413,0.16037413
74,18,4606,0.17862952,18.070572,5.2364388,0.7088031,0.16037673,0.16037673
74,19,4607,0.17863923,18.071743,5.2363114,0.70877683,0.16038014,0.16038014
74,20,4608,0.17865375,18.073347,5.2362595,0.7087789,0.16038235,0.16038235
74,21,4609,0.17867722,18.074688,5.236231,0.7088051,0.16038013,0.16038013
74,22,4610,0.17869687,18.075207,5.2362075,0.7087767,0.1603827,0.1603827
74,23,4611,0.17871499,18.075296,5.236144,0.7087669,0.16038895,0.16038895
74,24,4612,0.17872013,18.075348,5.236021,0.7087699,0.16038695,0.16038695
74,25,4613,0.17872827,18.07579,5.2358975,0.7087311,0.16038607,0.16038607
74,26,4614,0.1787457,18.076288,5.2358885,0.70875955,0.16038805,0.16038805
74,27,4615,0.17875668,18.07634,5.23575,0.7086926,0.16038804,0.16038804
74,28,4616,0.17876446,18.077265,5.235617,0.7086946,0.16038404,0.16038404
74,29,4617,0.17877391,18.077904,5.235502,0.70871097,0.16038404,0.16038404
74,30,4618,0.17878388,18.078903,5.235467,0.70871794,0.1603901,0.1603901
74,31,4619,0.178793,18.079481,5.235399,0.70869577,0.16039035,0.16039035
74,32,4620,0.17880234,18.079824,5.2352486,0.708688,0.16039033,0.16039033
74,33,4621,0.17880479,18.079647,5.235246,0.7086955,0.16039295,0.16039295
74,34,4622,0.17881718,18.081184,5.235189,0.70874256,0.16039142,0.16039142
74,35,4623,0.17883305,18.082544,5.2351084,0.7087183,0.1603957,0.1603957
74,36,4624,0.17884675,18.083376,5.2349744,0.70869964,0.1603991,0.1603991
74,37,4625,0.17885357,18.08339,5.2348585,0.70871687,0.1603968,0.1603968
74,38,4626,0.17886898,18.085148,5.234748,0.7087358,0.1603985,0.1603985
74,39,4627,0.17887466,18.08548,5.234708,0.708794,0.16039748,0.16039748
74,40,4628,0.17888477,18.086231,5.2346225,0.7088299,0.16039985,0.16039985
74,41,4629,0.17890136,18.08672,5.2345405,0.70885354,0.16039833,0.16039833
74,42,4630,0.17891699,18.087376,5.23445,0.7089109,0.1603994,0.1603994
74,43,4631,0.17893738,18.088875,5.234351,0.70892775,0.16039656,0.16039656
74,44,4632,0.17894813,18.089113,5.2343154,0.7089789,0.16040064,0.16040064
74,45,4633,0.17895448,18.089529,5.234286,0.7089898,0.16039935,0.16039935
74,46,4634,0.17897281,18.091423,5.2342553,0.7089716,0.16039348,0.16039348
74,47,4635,0.17898375,18.09205,5.234262,0.708984,0.16038907,0.16038907
74,48,4636,0.17899159,18.093222,5.2341876,0.70902133,0.16038981,0.16038981
74,49,4637,0.1789961,18.093819,5.2342443,0.7089933,0.16039222,0.16039222
74,50,4638,0.1790021,18.09453,5.234197,0.70897084,0.1603985,0.1603985
74,51,4639,0.17901084,18.095663,5.2341523,0.70899534,0.16040151,0.16040151
74,52,4640,0.17902142,18.096516,5.2341094,0.70898485,0.16040705,0.16040705
74,53,4641,0.17904434,18.096298,5.2339787,0.70894384,0.16041312,0.16041312
74,54,4642,0.17905018,18.097322,5.2338505,0.70892507,0.16041307,0.16041307
74,55,4643,0.17905165,18.097427,5.2338314,0.7089408,0.1604175,0.1604175
74,56,4644,0.17906162,18.098507,5.2336493,0.70890635,0.16041677,0.16041677
74,57,4645,0.1790687,18.098763,5.233572,0.70886743,0.16042162,0.16042162
74,58,4646,0.1790731,18.099493,5.2334995,0.7088634,0.16042142,0.16042142
74,59,4647,0.17907976,18.099556,5.2334275,0.7088504,0.16042188,0.16042188
74,60,4648,0.179084,18.09946,5.233281,0.7088346,0.16042407,0.16042407
74,61,4649,0.17908978,18.099495,5.23316,0.7088199,0.16042499,0.16042499
75,0,4650,0.17909837,18.100052,5.233045,0.70882654,0.1604246,0.1604246
75,1,4651,0.17911014,18.100075,5.232857,0.7087995,0.16042168,0.16042168
75,2,4652,0.17911167,18.099892,5.2326603,0.70874774,0.16042113,0.16042113
75,3,4653,0.17911491,18.100348,5.232543,0.70874506,0.16042084,0.16042084
75,4,4654,0.17911789,18.100426,5.232555,0.70876163,0.16042402,0.16042402
75,5,4655,0.17912471,18.10066,5.2325983,0.708818,0.1604286,0.1604286
75,6,4656,0.17913468,18.101965,5.232558,0.7088527,0.16042505,0.16042505
75,7,4657,0.17914365,18.102499,5.2324996,0.70888096,0.16042684,0.16042684
75,8,4658,0.1791541,18.103704,5.23244,0.7089068,0.16042648,0.16042648
75,9,4659,0.17916232,18.104448,5.2324266,0.7089522,0.16043036,0.16043036
75,10,4660,0.179169,18.105293,5.232408,0.70897985,0.16042794,0.16042794
75,11,4661,0.17918348,18.106428,5.2322903,0.7089809,0.16042392,0.16042392
75,12,4662,0.17919075,18.107145,5.2321568,0.70895076,0.16041982,0.16041982
75,13,4663,0.17919715,18.107498,5.2320747,0.70896107,0.16041854,0.16041854
75,14,4664,0.17920889,18.10823,5.232117,0.709003,0.16042057,0.16042057
75,15,4665,0.17921484,18.107834,5.232081,0.7089618,0.16042598,0.16042598
75,16,4666,0.17922072,18.107546,5.2319684,0.7089377,0.16042414,0.16042414
75,17,4667,0.1792294,18.108181,5.231812,0.70889497,0.16042164,0.16042164
75,18,4668,0.17924261,18.109018,5.231679,0.7088806,0.16042294,0.16042294
75,19,4669,0.17924452,18.108776,5.231575,0.70885134,0.16042699,0.16042699
75,20,4670,0.17925583,18.109575,5.231424,0.70882535,0.16043046,0.16043046
75,21,4671,0.17926463,18.10959,5.2313495,0.7088002,0.16043667,0.16043667
75,22,4672,0.17927621,18.11042,5.23121,0.7087449,0.16043706,0.16043706
75,23,4673,0.1792964,18.11114,5.2311,0.7087398,0.16043597,0.16043597
75,24,4674,0.17930397,18.112293,5.2309813,0.7087106,0.16043699,0.16043699
75,25,4675,0.1793181,18.114119,5.2309012,0.70872724,0.16043603,0.16043603
75,26,4676,0.17932384,18.114693,5.230819,0.7087346,0.16043691,0.16043691
75,27,4677,0.17934328,18.116783,5.230812,0.70886296,0.16043364,0.16043364
75,28,4678,0.17937267,18.119072,5.2306595,0.7088214,0.16043071,0.16043071
75,29,4679,0.17938507,18.120628,5.2305684,0.70883673,0.1604294,0.1604294
75,30,4680,0.17938599,18.120481,5.230492,0.70878667,0.16043349,0.16043349
75,31,4681,0.17939842,18.121037,5.2303076,0.70875204,0.1604311,0.1604311
75,32,4682,0.1794059,18.120712,5.230203,0.70872957,0.16043332,0.16043332
75,33,4683,0.17940938,18.120926,5.23018,0.7087333,0.16043645,0.16043645
75,34,4684,0.17942712,18.121296,5.2300525,0.70868564,0.16043812,0.16043812
75,35,4685,0.17943028,18.120855,5.2299128,0.7086266,0.16044328,0.16044328
75,36,4686,0.17943525,18.120697,5.2298,0.7085872,0.16044216,0.16044216
75,37,4687,0.17944254,18.120707,5.2297535,0.7086154,0.16044065,0.16044065
75,38,4688,0.17944176,18.12025,5.229725,0.70861465,0.16044651,0.16044651
75,39,4689,0.17944485,18.120878,5.2296,0.70859665,0.1604487,0.1604487
75,40,4690,0.17945176,18.121397,5.229499,0.7085907,0.16045219,0.16045219
75,41,4691,0.17946196,18.122002,5.2293496,0.70856756,0.16044992,0.16044992
75,42,4692,0.17946798,18.122395,5.229142,0.7085017,0.1604492,0.1604492
75,43,4693,0.17947483,18.122309,5.2291036,0.7085217,0.16045094,0.16045094
75,44,4694,0.17948675,18.123158,5.228961,0.7085182,0.16045001,0.16045001
75,45,4695,0.17950492,18.12441,5.2288055,0.7084764,0.16044821,0.16044821
75,46,4696,0.17951417,18.124758,5.2287498,0.7085356,0.1604488,0.1604488
75,47,4697,0.17952634,18.125269,5.2286415,0.7085556,0.16044407,0.16044407
75,48,4698,0.17953472,18.125776,5.2285743,0.70856684,0.16044234,0.16044234
75,49,4699,0.1795457,18.12703,5.2285094,0.70860434,0.16043943,0.16043943
75,50,4700,0.17955717,18.127895,5.228468,0.70859903,0.16043869,0.16043869
75,51,4701,0.17957118,18.12878,5.2283907,0.7085941,0.16043806,0.16043806
75,52,4702,0.17958719,18.129093,5.228272,0.7085791,0.16043817,0.16043817
75,53,4703,0.17959684,18.129303,5.2281322,0.7085646,0.16043594,0.16043594
75,54,4704,0.17960754,18.129086,5.228031,0.70859194,0.16043828,0.16043828
75,55,4705,0.17961156,18.128935,5.2279024,0.70860386,0.1604417,0.1604417
75,56,4706,0.17961735,18.12953,5.227788,0.7085862,0.16043933,0.16043933
75,57,4707,0.17962348,18.130428,5.2277946,0.7085834,0.16044426,0.16044426
75,58,4708,0.17962739,18.129908,5.2277684,0.70862097,0.16044748,0.16044748
75,59,4709,0.17963834,18.130566,5.227723,0.70862657,0.160451,0.160451
75,60,4710,0.17964606,18.130768,5.227713,0.70865643,0.16045417,0.16045417
75,61,4711,0.17965838,18.131687,5.2276144,0.7086723,0.16045298,0.16045298
76,0,4712,0.17966774,18.131603,5.227431,0.7086691,0.16045156,0.16045156
76,1,4713,0.17968643,18.13353,5.227303,0.70871705,0.16044624,0.16044624
76,2,4714,0.17969105,18.133568,5.227127,0.70871973,0.16044393,0.16044393
76,3,4715,0.17969623,18.133877,5.227074,0.7087675,0.16044258,0.16044258
76,4,4716,0.17970814,18.135187,5.2269855,0.7087598,0.16044027,0.16044027
76,5,4717,0.17971978,18.136051,5.2268286,0.70877373,0.16043606,0.16043606
76,6,4718,0.17973378,18.136383,5.2268543,0.7088187,0.16044037,0.16044037
76,7,4719,0.17974478,18.137417,5.226752,0.7088672,0.1604359,0.1604359
76,8,4720,0.17975533,18.137983,5.226733,0.70890033,0.16043642,0.16043642
76,9,4721,0.17976238,18.138603,5.2267146,0.7089313,0.16043893,0.16043893
76,10,4722,0.17976934,18.138685,5.226665,0.7089557,0.16043925,0.16043925
76,11,4723,0.17978495,18.13976,5.2265754,0.70895505,0.16044007,0.16044007
76,12,4724,0.17979568,18.139868,5.2265244,0.7089575,0.16043976,0.16043976
76,13,4725,0.17979905,18.139406,5.2264338,0.70898414,0.16044101,0.16044101
76,14,4726,0.17980412,18.139591,5.22634,0.7089905,0.16044308,0.16044308
76,15,4727,0.17981118,18.14049,5.2263002,0.7090116,0.1604455,0.1604455
76,16,4728,0.17982005,18.140852,5.2262073,0.7090072,0.16044657,0.16044657
76,17,4729,0.17983651,18.141087,5.2260776,0.70899874,0.16044648,0.16044648
76,18,4730,0.17984474,18.141869,5.2258973,0.7089947,0.16044432,0.16044432
76,19,4731,0.1798474,18.141975,5.2257853,0.7089882,0.16044836,0.16044836
76,20,4732,0.1798526,18.142628,5.2257366,0.7090366,0.16044377,0.16044377
76,21,4733,0.17985694,18.143082,5.225669,0.70906204,0.16044292,0.16044292
76,22,4734,0.18001762,18.174639,5.2263336,0.7098176,0.16043931,0.16043931
76,23,4735,0.18038216,18.245369,5.227075,0.7098892,0.1604757,0.1604757
76,24,4736,0.18043153,18.255264,5.22727,0.7098085,0.16048962,0.16048962
76,25,4737,0.18047117,18.262947,5.2274265,0.70979923,0.16049638,0.16049638
76,26,4738,0.18050304,18.268785,5.227432,0.70978296,0.16050445,0.16050445
76,27,4739,0.18053347,18.273527,5.2274284,0.7097459,0.16051558,0.16051558
76,28,4740,0.18055362,18.277275,5.2274046,0.7097618,0.16051535,0.16051535
76,29,4741,0.18057303,18.279839,5.2273855,0.7097261,0.16051735,0.16051735
76,30,4742,0.18058516,18.281195,5.2273083,0.70968425,0.16052118,0.16052118
76,31,4743,0.18060124,18.283516,5.2273784,0.7096686,0.16052349,0.16052349
76,32,4744,0.18062028,18.285555,5.2273426,0.70962405,0.16052575,0.16052575
76,33,4745,0.18063468,18.28709,5.227381,0.70960623,0.1605264,0.1605264
76,34,4746,0.18064646,18.288088,5.227422,0.7095853,0.16052346,0.16052346
76,35,4747,0.18065989,18.288876,5.22734,0.7095472,0.16052242,0.16052242
76,36,4748,0.1806702,18.289883,5.227269,0.70953137,0.16052441,0.16052441
76,37,4749,0.18068473,18.290401,5.227208,0.7095192,0.16052902,0.16052902
76,38,4750,0.18069126,18.291145,5.2271457,0.7094934,0.16052873,0.16052873
76,39,4751,0.18070099,18.29166,5.227137,0.7094702,0.16053443,0.16053443
76,40,4752,0.18071067,18.292824,5.227059,0.70944667,0.16053393,0.16053393
76,41,4753,0.1807245,18.293629,5.226849,0.70939386,0.16052982,0.16052982
76,42,4754,0.18073617,18.29418,5.2266965,0.70936817,0.16052923,0.16052923
76,43,4755,0.18074457,18.29409,5.2266088,0.70932925,0.16053133,0.16053133
76,44,4756,0.18075289,18.294521,5.226542,0.7092816,0.16053787,0.16053787
76,45,4757,0.18075818,18.29479,5.2264733,0.70930344,0.1605403,0.1605403
76,46,4758,0.18075895,18.294716,5.226362,0.70929754,0.16053894,0.16053894
76,47,4759,0.1807631,18.29495,5.226244,0.7092879,0.1605375,0.1605375
76,48,4760,0.18076791,18.29496,5.226074,0.7092475,0.16053218,0.16053218
76,49,4761,0.18077156,18.29545,5.2260127,0.7092337,0.16053475,0.16053475
76,50,4762,0.18077348,18.295324,5.22593,0.70920634,0.16053097,0.16053097
76,51,4763,0.18078011,18.296022,5.2258177,0.7091943,0.16053139,0.16053139
76,52,4764,0.18078688,18.29637,5.2257814,0.7092078,0.16053346,0.16053346
76,53,4765,0.18079555,18.296703,5.2256637,0.709201,0.16053395,0.16053395
76,54,4766,0.18080118,18.29738,5.2255497,0.7091976,0.1605337,0.1605337
76,55,4767,0.1808163,18.298452,5.2255235,0.7092077,0.16052788,0.16052788
76,56,4768,0.18087755,18.29852,5.2254486,0.7092051,0.1605272,0.1605272
76,57,4769,0.18089344,18.298391,5.225303,0.7091901,0.16052619,0.16052619
76,58,4770,0.18090746,18.29869,5.2251606,0.7091659,0.16052276,0.16052276
76,59,4771,0.1809167,18.29883,5.2250614,0.70916456,0.16052692,0.16052692
76,60,4772,0.18092023,18.298573,5.2249727,0.7091876,0.16052231,0.16052231
76,61,4773,0.18092889,18.298807,5.2248607,0.70917696,0.160523,0.160523
77,0,4774,0.18093029,18.298866,5.2247915,0.7091587,0.16052529,0.16052529
77,1,4775,0.18093544,18.300047,5.22464,0.7091191,0.16052516,0.16052516
77,2,4776,0.1809429,18.300932,5.2245107,0.7091321,0.16052496,0.16052496
77,3,4777,0.18094702,18.30111,5.2243342,0.7091307,0.16051988,0.16051988
77,4,4778,0.18094909,18.301285,5.224267,0.70914024,0.16052009,0.16052009
77,5,4779,0.18095255,18.301735,5.224158,0.70917994,0.16051379,0.16051379
77,6,4780,0.18095917,18.302536,5.224104,0.7092023,0.1605151,0.1605151
77,7,4781,0.18096864,18.303604,5.2240005,0.7092075,0.16051322,0.16051322
77,8,4782,0.18097773,18.304562,5.223818,0.70917934,0.16051038,0.16051038
77,9,4783,0.18098702,18.304836,5.223705,0.7091765,0.16050917,0.16050917
77,10,4784,0.18099295,18.305986,5.223569,0.7091455,0.1605036,0.1605036
77,11,4785,0.18100186,18.307268,5.223507,0.70916504,0.16050185,0.16050185
77,12,4786,0.18100177,18.307009,5.223486,0.7091821,0.16050775,0.16050775
77,13,4787,0.18100874,18.30713,5.223421,0.7091897,0.16051206,0.16051206
77,14,4788,0.18100967,18.307215,5.2232785,0.70920575,0.16050693,0.16050693
77,15,4789,0.18101819,18.30722,5.223147,0.7092276,0.16050467,0.16050467
77,16,4790,0.18102321,18.307352,5.2230186,0.70922244,0.16050185,0.16050185
77,17,4791,0.18102938,18.30748,5.222914,0.70921314,0.16050333,0.16050333
77,18,4792,0.18103802,18.307283,5.222697,0.709212,0.16049553,0.16049553
77,19,4793,0.18103881,18.306879,5.2225847,0.70919037,0.16049321,0.16049321
77,20,4794,0.18103659,18.306437,5.222461,0.7091511,0.16048872,0.16048872
77,21,4795,0.18104696,18.307367,5.2223177,0.70909023,0.1604855,0.1604855
77,22,4796,0.1810591,18.307444,5.222226,0.7090792,0.16048397,0.16048397
77,23,4797,0.18106142,18.307222,5.22216,0.7090398,0.16048943,0.16048943
77,24,4798,0.1810675,18.307482,5.222157,0.70911735,0.16048591,0.16048591
77,25,4799,0.18106598,18.306866,5.2220316,0.7091114,0.16048543,0.16048543
77,26,4800,0.18107128,18.307415,5.2219377,0.7091227,0.16048211,0.16048211
77,27,4801,0.18107498,18.307531,5.2218704,0.7091192,0.16048561,0.16048561
77,28,4802,0.18107785,18.307137,5.221828,0.7091295,0.1604853,0.1604853
77,29,4803,0.1810884,18.307343,5.221814,0.7091322,0.1604887,0.1604887
77,30,4804,0.18110394,18.308376,5.2217436,0.7091491,0.16048995,0.16048995
77,31,4805,0.18111926,18.308226,5.2216187,0.70915574,0.1604899,0.1604899
77,32,4806,0.1811235,18.308184,5.2215734,0.70916134,0.16049176,0.16049176
77,33,4807,0.18112849,18.308413,5.2214675,0.70918614,0.16048719,0.16048719
77,34,4808,0.18113348,18.308792,5.22128,0.70916903,0.16048439,0.16048439
77,35,4809,0.18114097,18.309319,5.2211657,0.7091671,0.16048126,0.16048126
77,36,4810,0.1811404,18.308786,5.221133,0.70916945,0.16048314,0.16048314
77,37,4811,0.1811455,18.309101,5.2211156,0.70917916,0.16048595,0.16048595
77,38,4812,0.18115096,18.30952,5.2210383,0.7091977,0.16048412,0.16048412
77,39,4813,0.18115589,18.310305,5.2209806,0.7092266,0.16048618,0.16048618
77,40,4814,0.18115681,18.310135,5.220856,0.70925283,0.16048174,0.16048174
77,41,4815,0.18116798,18.310865,5.2207165,0.7092522,0.16047944,0.16047944
77,42,4816,0.18117534,18.311363,5.220607,0.7092581,0.16047701,0.16047701
77,43,4817,0.18117979,18.311245,5.220581,0.7092499,0.16048068,0.16048068
77,44,4818,0.18118548,18.311512,5.22047,0.70923215,0.16047965,0.16047965
77,45,4819,0.18119097,18.311785,5.220413,0.70923316,0.16048089,0.16048089
77,46,4820,0.18121156,18.31285,5.220425,0.7092143,0.16048597,0.16048597
77,47,4821,0.18129608,18.313507,5.2203164,0.7092122,0.16048688,0.16048688
77,48,4822,0.18133634,18.314625,5.2202353,0.70923346,0.16048679,0.16048679
77,49,4823,0.18134524,18.315083,5.2201214,0.7092334,0.16048446,0.16048446
77,50,4824,0.181348,18.315033,5.220119,0.7092485,0.16048989,0.16048989
77,51,4825,0.18135327,18.315004,5.2200813,0.70927984,0.16049114,0.16049114
77,52,4826,0.1813556,18.315252,5.2200203,0.7092958,0.16049235,0.16049235
77,53,4827,0.18136641,18.315966,5.2199683,0.70930845,0.16049592,0.16049592
77,54,4828,0.18137409,18.31679,5.2199364,0.70932704,0.16049807,0.16049807
77,55,4829,0.18137723,18.317049,5.219898,0.7093682,0.16050005,0.16050005
77,56,4830,0.18138051,18.317015,5.219796,0.70937043,0.16050185,0.16050185
77,57,4831,0.18138184,18.316916,5.2197514,0.7093452,0.16050676,0.16050676
77,58,4832,0.18138576,18.31665,5.219557,0.70927954,0.16050738,0.16050738
77,59,4833,0.1813865,18.316664,5.2194524,0.70924914,0.16050538,0.16050538
77,60,4834,0.18138771,18.316395,5.219426,0.7092628,0.16050452,0.16050452
77,61,4835,0.18139514,18.317032,5.2193675,0.70927495,0.16050707,0.16050707
78,0,4836,0.18139562,18.316715,5.2193494,0.70929223,0.16051541,0.16051541
78,1,4837,0.18139148,18.316067,5.2193165,0.7093429,0.16051862,0.16051862
78,2,4838,0.18139344,18.316368,5.2192373,0.7093849,0.1605164,0.1605164
78,3,4839,0.18139714,18.317036,5.2192154,0.70941335,0.16052012,0.16052012
78,4,4840,0.18140015,18.316853,5.2190666,0.70940006,0.16052102,0.16052102
78,5,4841,0.1813997,18.316238,5.2190146,0.7094144,0.16052574,0.16052574
78,6,4842,0.1814001,18.31612,5.218867,0.7093787,0.16052613,0.16052613
78,7,4843,0.18140261,18.31579,5.218771,0.7094045,0.16052541,0.16052541
78,8,4844,0.18140508,18.315714,5.2185965,0.7093978,0.16051964,0.16051964
78,9,4845,0.18140566,18.315989,5.21846,0.7093841,0.16051686,0.16051686
78,10,4846,0.18140836,18.315939,5.2183614,0.70939946,0.1605194,0.1605194
78,11,4847,0.18141532,18.315672,5.2182736,0.70941937,0.16051608,0.16051608
78,12,4848,0.18142179,18.315496,5.21809,0.70943713,0.16051407,0.16051407
78,13,4849,0.1814244,18.3153,5.2179976,0.7094696,0.1605166,0.1605166
78,14,4850,0.18142891,18.315256,5.2178483,0.70947534,0.16051424,0.16051424
78,15,4851,0.18143076,18.315182,5.217801,0.70947415,0.16051976,0.16051976
78,16,4852,0.18143697,18.316408,5.217658,0.70946676,0.16051315,0.16051315
78,17,4853,0.18145023,18.316687,5.2176366,0.70951647,0.1605104,0.1605104
78,18,4854,0.18145216,18.316883,5.2175126,0.70951796,0.16050465,0.16050465
78,19,4855,0.181454,18.316402,5.2174034,0.70950925,0.16050516,0.16050516
78,20,4856,0.18145795,18.31688,5.2173376,0.70951074,0.16050707,0.16050707
78,21,4857,0.18146306,18.317049,5.217266,0.7095398,0.16050512,0.16050512
78,22,4858,0.18146156,18.316694,5.2170897,0.7095385,0.16050509,0.16050509
78,23,4859,0.18147093,18.31671,5.2169657,0.7095241,0.16050547,0.16050547
78,24,4860,0.18147536,18.317503,5.216957,0.70955527,0.1605096,0.1605096
78,25,4861,0.1814746,18.317543,5.216778,0.7095131,0.1605055,0.1605055
78,26,4862,0.18148315,18.31775,5.216724,0.7095404,0.16051066,0.16051066
78,27,4863,0.18148631,18.318224,5.2167706,0.7096216,0.1605109,0.1605109
78,28,4864,0.1814922,18.319172,5.2168674,0.70964485,0.16050594,0.16050594
78,29,4865,0.1814961,18.319675,5.2168026,0.70966303,0.16050304,0.16050304
78,30,4866,0.18149714,18.319794,5.2167997,0.70968044,0.16049999,0.16049999
78,31,4867,0.18150048,18.32017,5.2167873,0.7097445,0.16050087,0.16050087
78,32,4868,0.18152341,18.320545,5.2167773,0.7097884,0.16050056,0.16050056
78,33,4869,0.18155819,18.321466,5.216659,0.70980257,0.16049825,0.16049825
78,34,4870,0.18157284,18.322367,5.2164993,0.709778,0.16049588,0.16049588
78,35,4871,0.18158424,18.323322,5.216346,0.70972115,0.16049969,0.16049969
78,36,4872,0.18158655,18.323284,5.2162895,0.70972496,0.16050321,0.16050321
78,37,4873,0.18158482,18.322998,5.2161994,0.7096787,0.16050647,0.16050647
78,38,4874,0.18158707,18.32346,5.216164,0.70968693,0.16051134,0.16051134
78,39,4875,0.18159449,18.324821,5.2160325,0.70966005,0.16051747,0.16051747
78,40,4876,0.1815971,18.325102,5.21594,0.7096584,0.160523,0.160523
78,41,4877,0.18160069,18.32521,5.2157855,0.70964533,0.16051795,0.16051795
78,42,4878,0.18160269,18.324883,5.215671,0.7096246,0.16051719,0.16051719
78,43,4879,0.18160664,18.325048,5.2155323,0.7095524,0.16051745,0.16051745
78,44,4880,0.18160921,18.325058,5.2153983,0.7095217,0.16051723,0.16051723
78,45,4881,0.18161663,18.3257,5.2152996,0.7094702,0.16051859,0.16051859
78,46,4882,0.18162002,18.326437,5.2151837,0.70943475,0.16051868,0.16051868
78,47,4883,0.18163021,18.32716,5.2150598,0.7093788,0.16051817,0.16051817
78,48,4884,0.18163584,18.327513,5.215016,0.70934594,0.16051976,0.16051976
78,49,4885,0.18164033,18.32754,5.214882,0.70935565,0.16051771,0.16051771
78,50,4886,0.18165123,18.328136,5.2147775,0.70935285,0.16051523,0.16051523
78,51,4887,0.18165971,18.329042,5.214682,0.7093855,0.16051288,0.16051288
78,52,4888,0.18166882,18.330341,5.21455,0.70936257,0.16050959,0.16050959
78,53,4889,0.18167707,18.330753,5.214436,0.70937055,0.16050684,0.16050684
78,54,4890,0.18168257,18.331009,5.214264,0.7093358,0.16050586,0.16050586
78,55,4891,0.18169308,18.331537,5.2140985,0.70933324,0.16050102,0.16050102
78,56,4892,0.18169644,18.331291,5.213959,0.7093173,0.16050059,0.16050059
78,57,4893,0.18170978,18.331469,5.213759,0.70927,0.16050047,0.16050047
78,58,4894,0.18171734,18.331709,5.2136335,0.7092461,0.1604988,0.1604988
78,59,4895,0.18172285,18.331785,5.2134585,0.709183,0.16049568,0.16049568
78,60,4896,0.18173283,18.33239,5.2134023,0.70915335,0.16049536,0.16049536
78,61,4897,0.18173161,18.331522,5.2132807,0.7091191,0.16049531,0.16049531
79,0,4898,0.18174483,18.332191,5.2132435,0.7091166,0.1605026,0.1605026
79,1,4899,0.18174925,18.333107,5.213097,0.70910794,0.16050003,0.16050003
79,2,4900,0.18176055,18.334085,5.2129655,0.7090936,0.16049857,0.16049857
79,3,4901,0.18177599,18.334753,5.2128544,0.7090912,0.1604969,0.1604969
79,4,4902,0.18177643,18.334652,5.212773,0.7091206,0.16049431,0.16049431
79,5,4903,0.18177737,18.334713,5.2126007,0.7091077,0.160491,0.160491
79,6,4904,0.1817731,18.334333,5.2124543,0.7090842,0.16049132,0.16049132
79,7,4905,0.18176895,18.333752,5.212334,0.70904833,0.16049232,0.16049232
79,8,4906,0.18177304,18.333858,5.212336,0.70908654,0.16049902,0.16049902
79,9,4907,0.18178234,18.334719,5.212272,0.7091085,0.16049966,0.16049966
79,10,4908,0.18178798,18.335129,5.212189,0.7091435,0.16049498,0.16049498
79,11,4909,0.18178827,18.335066,5.2121034,0.70913297,0.16049543,0.16049543
79,12,4910,0.18179639,18.3359,5.2120137,0.7091441,0.16049184,0.16049184
79,13,4911,0.18180424,18.33689,5.2118955,0.709126,0.16048856,0.16048856
79,14,4912,0.18181999,18.338234,5.211774,0.70914227,0.16048522,0.16048522
79,15,4913,0.1818206,18.337763,5.211648,0.70917517,0.16048238,0.16048238
79,16,4914,0.18183085,18.338814,5.2116256,0.70921874,0.16048366,0.16048366
79,17,4915,0.18183476,18.338978,5.2114606,0.7091843,0.16048488,0.16048488
79,18,4916,0.18184806,18.341732,5.2112594,0.7091562,0.16048026,0.16048026
79,19,4917,0.18186401,18.342962,5.211204,0.70919955,0.16048111,0.16048111
79,20,4918,0.18188518,18.343458,5.211067,0.70918113,0.16048089,0.16048089
79,21,4919,0.18189497,18.343699,5.2109647,0.7091654,0.16048217,0.16048217
79,22,4920,0.1819035,18.344757,5.2108746,0.7091757,0.16048211,0.16048211
79,23,4921,0.18190837,18.345531,5.2107544,0.70921,0.16047788,0.16047788
79,24,4922,0.18191606,18.345642,5.210723,0.7092611,0.16047968,0.16047968
79,25,4923,0.18192151,18.346106,5.210544,0.7092362,0.16047665,0.16047665
79,26,4924,0.18192631,18.346724,5.2104588,0.7092862,0.16047388,0.16047388
79,27,4925,0.18193746,18.34926,5.2103376,0.7092729,0.16047212,0.16047212
79,28,4926,0.1819503,18.350735,5.2102723,0.70926917,0.16046901,0.16046901
79,29,4927,0.1819655,18.351814,5.2102613,0.7092895,0.16047311,0.16047311
79,30,4928,0.18197978,18.352232,5.2101884,0.7092867,0.1604684,0.1604684
79,31,4929,0.18200234,18.354017,5.2100782,0.7093182,0.16046743,0.16046743
79,32,4930,0.18201709,18.354862,5.209993,0.70932955,0.16046342,0.16046342
79,33,4931,0.18202214,18.354982,5.2098694,0.7093143,0.16045947,0.16045947
79,34,4932,0.18203586,18.356552,5.209687,0.709285,0.16045791,0.16045791
79,35,4933,0.18204483,18.35673,5.2095456,0.7092933,0.16045722,0.16045722
79,36,4934,0.18204886,18.356615,5.2094107,0.7092676,0.1604603,0.1604603
79,37,4935,0.18205719,18.357244,5.2094007,0.7092551,0.16046421,0.16046421
79,38,4936,0.1820595,18.357334,5.209314,0.70927244,0.16046555,0.16046555
79,39,4937,0.18205875,18.35714,5.2093377,0.70929265,0.16047095,0.16047095
79,40,4938,0.18207073,18.358568,5.209172,0.7092966,0.16046976,0.16046976
79,41,4939,0.18208112,18.359486,5.209057,0.7093039,0.16046621,0.16046621
79,42,4940,0.1820991,18.359629,5.2089195,0.7092914,0.16046317,0.16046317
79,43,4941,0.18212259,18.360008,5.208877,0.7092975,0.16046664,0.16046664
79,44,4942,0.18212537,18.36061,5.208719,0.70927167,0.16046347,0.16046347
79,45,4943,0.18213835,18.36211,5.208594,0.7092871,0.16045824,0.16045824
79,46,4944,0.18214588,18.362522,5.2084928,0.7092713,0.16045669,0.16045669
79,47,4945,0.18215123,18.3628,5.2084455,0.7092874,0.1604547,0.1604547
79,48,4946,0.18216275,18.363634,5.208415,0.70928764,0.1604549,0.1604549
79,49,4947,0.1821794,18.36515,5.2083497,0.70928174,0.16045451,0.16045451
79,50,4948,0.18219337,18.366446,5.2082725,0.7092659,0.16045302,0.16045302
79,51,4949,0.18219836,18.366018,5.2082167,0.7093047,0.16045013,0.16045013
79,52,4950,0.1822062,18.36605,5.2081323,0.70927536,0.16045192,0.16045192
79,53,4951,0.18221146,18.366346,5.208059,0.7093026,0.16044784,0.16044784
79,54,4952,0.18221983,18.366692,5.208019,0.70924664,0.16045266,0.16045266
79,55,4953,0.1822286,18.367855,5.207888,0.7091941,0.16045354,0.16045354
79,56,4954,0.18223707,18.369154,5.207755,0.7091876,0.16045251,0.16045251
79,57,4955,0.18224669,18.37003,5.207725,0.7092158,0.16045496,0.16045496
79,58,4956,0.18225707,18.36961,5.2075515,0.70921576,0.16045085,0.16045085
79,59,4957,0.18225825,18.369188,5.2074604,0.7092063,0.16044989,0.16044989
79,60,4958,0.1822637,18.369387,5.2074227,0.70918304,0.1604497,0.1604497
79,61,4959,0.18227202,18.370047,5.2073803,0.70918196,0.1604509,0.1604509
80,0,4960,0.18227197,18.36987,5.207283,0.7091494,0.16045287,0.16045287
80,1,4961,0.18228278,18.37065,5.2071195,0.7091297,0.16044949,0.16044949
80,2,4962,0.18229008,18.371864,5.2070675,0.7091269,0.16044906,0.16044906
80,3,4963,0.18230626,18.372368,5.2069736,0.7091136,0.16045032,0.16045032
80,4,4964,0.1823187,18.373766,5.2069745,0.7091176,0.1604514,0.1604514
80,5,4965,0.18231902,18.373737,5.2068806,0.7091532,0.16044848,0.16044848
80,6,4966,0.18233034,18.37499,5.2067227,0.70913166,0.16044873,0.16044873
80,7,4967,0.18233263,18.374916,5.206634,0.7091368,0.16044931,0.16044931
80,8,4968,0.18234369,18.37528,5.206596,0.7091712,0.1604525,0.1604525
80,9,4969,0.18234447,18.375578,5.206525,0.7091693,0.16045517,0.16045517
80,10,4970,0.1823469,18.375593,5.2064095,0.7091491,0.16045603,0.16045603
80,11,4971,0.18235259,18.375683,5.206289,0.7091245,0.16045524,0.16045524
80,12,4972,0.18235865,18.376513,5.206265,0.70916265,0.16045246,0.16045246
80,13,4973,0.18236302,18.376837,5.206127,0.7091108,0.1604542,0.1604542
80,14,4974,0.18237412,18.37778,5.2060304,0.70914394,0.16045262,0.16045262
80,15,4975,0.18238062,18.377905,5.205935,0.7091457,0.16045137,0.16045137
80,16,4976,0.1823859,18.377882,5.205876,0.7091149,0.16045621,0.16045621
80,17,4977,0.18238969,18.377728,5.2058725,0.70911855,0.16046129,0.16046129
80,18,4978,0.18239677,18.3775,5.2057147,0.7090348,0.16045976,0.16045976
80,19,4979,0.18241432,18.378834,5.2056627,0.70905995,0.16046529,0.16046529
80,20,4980,0.18242654,18.379984,5.2056313,0.70906913,0.16046295,0.16046295
80,21,4981,0.18243726,18.380653,5.205606,0.70911086,0.16046388,0.16046388
80,22,4982,0.18245456,18.382677,5.2055397,0.7091676,0.16046284,0.16046284
80,23,4983,0.18247013,18.385262,5.205451,0.70920086,0.16046171,0.16046171
80,24,4984,0.18247977,18.386305,5.2054005,0.7092282,0.16046256,0.16046256
80,25,4985,0.18248928,18.387392,5.205407,0.70924884,0.16046363,0.16046363
80,26,4986,0.18249309,18.38815,5.205353,0.70928264,0.1604603,0.1604603
80,27,4987,0.18250142,18.388721,5.205279,0.70930827,0.16045961,0.16045961
80,28,4988,0.18250903,18.389257,5.2052016,0.7093247,0.16045313,0.16045313
80,29,4989,0.18251373,18.389523,5.205078,0.70931166,0.16045304,0.16045304
80,30,4990,0.18251263,18.389288,5.2048693,0.7092582,0.16044931,0.16044931
80,31,4991,0.18251067,18.389109,5.2047396,0.7092616,0.16044928,0.16044928
80,32,4992,0.18251435,18.389112,5.204647,0.7092434,0.16045555,0.16045555
80,33,4993,0.18252699,18.390703,5.204518,0.70922893,0.16045535,0.16045535
80,34,4994,0.18253142,18.39063,5.2044077,0.7092024,0.16045974,0.16045974
80,35,4995,0.18254018,18.391376,5.20426,0.70914996,0.160463,0.160463
80,36,4996,0.18255378,18.391863,5.2041783,0.70913285,0.16046818,0.16046818
80,37,4997,0.1825632,18.392447,5.2039948,0.70912844,0.16046709,0.16046709
80,38,4998,0.18256709,18.392723,5.203916,0.70918506,0.16046402,0.16046402
80,39,4999,0.1825957,18.393936,5.2037787,0.7091728,0.16045772,0.16045772
80,40,5000,0.18260302,18.39538,5.203685,0.70919544,0.16045259,0.16045259
80,41,5001,0.18260814,18.39577,5.203545,0.7091696,0.16045365,0.16045365
80,42,5002,0.18261322,18.396564,5.203386,0.7091713,0.16044854,0.16044854
80,43,5003,0.18262607,18.398201,5.203235,0.70915335,0.16044365,0.16044365
80,44,5004,0.18262604,18.398169,5.2031035,0.709121,0.16043986,0.16043986
80,45,5005,0.18262818,18.398516,5.203082,0.7091186,0.16043909,0.16043909
80,46,5006,0.18263224,18.398632,5.20298,0.70912665,0.16043763,0.16043763
80,47,5007,0.18263754,18.398905,5.2028747,0.70908624,0.16043621,0.16043621
80,48,5008,0.18264759,18.399708,5.2027497,0.7090463,0.16043188,0.16043188
80,49,5009,0.18265156,18.400246,5.2026396,0.70900416,0.16042973,0.16042973
80,50,5010,0.18266615,18.400557,5.2026176,0.70900506,0.16043161,0.16043161
80,51,5011,0.18267545,18.401945,5.202582,0.7090177,0.16043085,0.16043085
80,52,5012,0.1826758,18.401701,5.2025375,0.70903826,0.1604313,0.1604313
80,53,5013,0.182679,18.402096,5.202422,0.7090583,0.16042992,0.16042992
80,54,5014,0.1826889,18.403847,5.2022395,0.709038,0.16042683,0.16042683
80,55,5015,0.18270159,18.404922,5.202117,0.7090292,0.16042873,0.16042873
80,56,5016,0.18270805,18.405891,5.2020717,0.7090313,0.16042416,0.16042416
80,57,5017,0.18271977,18.406279,5.2019944,0.7090356,0.16042553,0.16042553
80,58,5018,0.18272144,18.406567,5.2019324,0.7090467,0.16042912,0.16042912
80,59,5019,0.18273577,18.407724,5.2017674,0.7090374,0.16042602,0.16042602
80,60,5020,0.18274581,18.408146,5.2016997,0.7090101,0.16042957,0.16042957
80,61,5021,0.18277508,18.408714,5.201624,0.7090312,0.16042511,0.16042511
81,0,5022,0.18278843,18.408873,5.201485,0.7089985,0.16042742,0.16042742
81,1,5023,0.18279347,18.409449,5.201384,0.70901614,0.16042913,0.16042913
81,2,5024,0.18279286,18.409573,5.2013,0.7090114,0.16043171,0.16043171
81,3,5025,0.18280038,18.410376,5.2012677,0.7090211,0.16043404,0.16043404
81,4,5026,0.18280315,18.41012,5.2012463,0.7090907,0.16043992,0.16043992
81,5,5027,0.18281287,18.410877,5.201229,0.7091287,0.16043887,0.16043887
81,6,5028,0.18281487,18.411335,5.201135,0.7091638,0.1604338,0.1604338
81,7,5029,0.18282223,18.411734,5.2010174,0.70917255,0.16043015,0.16043015
81,8,5030,0.18282789,18.411758,5.2009034,0.70914704,0.16042835,0.16042835
81,9,5031,0.18283635,18.412197,5.200821,0.7091261,0.16042794,0.16042794
81,10,5032,0.1828565,18.412998,5.2007084,0.70914614,0.16042164,0.16042164
81,11,5033,0.182874,18.414257,5.2005634,0.70915186,0.16042286,0.16042286
81,12,5034,0.1828869,18.415176,5.200536,0.70915705,0.16042455,0.16042455
81,13,5035,0.18289429,18.416044,5.200327,0.7091503,0.16042116,0.16042116
81,14,5036,0.18289942,18.416462,5.2002044,0.7091238,0.16041699,0.16041699
81,15,5037,0.18291093,18.417227,5.200156,0.7091146,0.16041353,0.16041353
81,16,5038,0.18291405,18.417532,5.2000337,0.70909953,0.16040927,0.16040927
81,17,5039,0.18291669,18.417603,5.199954,0.7090521,0.16041279,0.16041279
81,18,5040,0.18293014,18.418709,5.1999187,0.7090489,0.16041695,0.16041695
81,19,5041,0.18293518,18.418753,5.1998134,0.7090222,0.16041745,0.16041745
81,20,5042,0.1829449,18.41991,5.1997304,0.7090414,0.16042022,0.16042022
81,21,5043,0.18296176,18.421074,5.1996174,0.7090352,0.16042157,0.16042157
81,22,5044,0.18297964,18.422298,5.199513,0.709012,0.1604203,0.1604203
81,23,5045,0.18298262,18.422213,5.1994076,0.70899713,0.16042036,0.16042036
81,24,5046,0.18298844,18.422827,5.1993465,0.7089954,0.16041985,0.16041985
81,25,5047,0.18299653,18.42398,5.1993194,0.7090325,0.16042058,0.16042058
81,26,5048,0.1830034,18.424814,5.1992035,0.70903486,0.16042268,0.16042268
81,27,5049,0.18301094,18.425175,5.1991105,0.70899886,0.16042645,0.16042645
81,28,5050,0.18301925,18.424786,5.1989927,0.7089884,0.1604272,0.1604272
81,29,5051,0.18302496,18.425406,5.1988564,0.7089446,0.16042589,0.16042589
81,30,5052,0.18303812,18.425873,5.1987267,0.7089495,0.16042201,0.16042201
81,31,5053,0.18304282,18.425909,5.1986003,0.70895505,0.16042028,0.16042028
81,32,5054,0.18305424,18.426313,5.19848,0.70897645,0.16041729,0.16041729
81,33,5055,0.18305996,18.426792,5.1984224,0.7090248,0.16041443,0.16041443
81,34,5056,0.18306872,18.42783,5.1983013,0.7090258,0.16041228,0.16041228
81,35,5057,0.1830833,18.429342,5.198142,0.70904887,0.16040419,0.16040419
81,36,5058,0.18308282,18.429482,5.197996,0.7090169,0.16040345,0.16040345
81,37,5059,0.18309014,18.430056,5.1978345,0.7089842,0.16039713,0.16039713
81,38,5060,0.18311307,18.429878,5.197706,0.70894694,0.16039357,0.16039357
81,39,5061,0.183118,18.430637,5.19759,0.708968,0.160392,0.160392
81,40,5062,0.18312424,18.430687,5.197422,0.7089408,0.1603888,0.1603888
81,41,5063,0.18312812,18.430622,5.1972346,0.7089115,0.16038816,0.16038816
81,42,5064,0.18313295,18.430906,5.1971297,0.7089232,0.16038568,0.16038568
81,43,5065,0.18314436,18.432182,5.196937,0.7088942,0.16038166,0.16038166
81,44,5066,0.18314849,18.432137,5.1967874,0.70888036,0.16037688,0.16037688
81,45,5067,0.18316345,18.431711,5.196667,0.70885044,0.1603786,0.1603786
81,46,5068,0.18316881,18.432096,5.196538,0.70882237,0.16037726,0.16037726
81,47,5069,0.1831705,18.431704,5.1963935,0.70880526,0.1603742,0.1603742
81,48,5070,0.18318364,18.4341,5.1961417,0.70876575,0.16036928,0.16036928
81,49,5071,0.18318081,18.433422,5.195953,0.70873755,0.16036488,0.16036488
81,50,5072,0.18318726,18.433992,5.1958957,0.708743,0.16036318,0.16036318
81,51,5073,0.18320346,18.43414,5.19588,0.70874494,0.16036816,0.16036816
81,52,5074,0.18320808,18.434582,5.1957808,0.7087509,0.16036691,0.16036691
81,53,5075,0.18321142,18.43531,5.195671,0.7087693,0.16036399,0.16036399
81,54,5076,0.18321985,18.43673,5.1955853,0.70878303,0.16036008,0.16036008
81,55,5077,0.18322441,18.436953,5.1954837,0.7087923,0.16035919,0.16035919
81,56,5078,0.18323302,18.437246,5.1952467,0.70873314,0.16035566,0.16035566
81,57,5079,0.18323827,18.43784,5.195129,0.7087127,0.16035515,0.16035515
81,58,5080,0.18324779,18.437746,5.194995,0.7086992,0.16036016,0.16036016
81,59,5081,0.18325591,18.438118,5.194877,0.7086925,0.16035832,0.16035832
81,60,5082,0.18326026,18.437925,5.194793,0.70869833,0.16035998,0.16035998
81,61,5083,0.18327126,18.438852,5.194702,0.7087378,0.16036244,0.16036244
82,0,5084,0.18327913,18.440325,5.194618,0.7087345,0.16036157,0.16036157
82,1,5085,0.1832841,18.440723,5.194551,0.7087113,0.16036017,0.16036017
82,2,5086,0.1832882,18.441845,5.1944165,0.70866925,0.16035967,0.16035967
82,3,5087,0.1833031,18.442717,5.1943603,0.7086632,0.1603585,0.1603585
82,4,5088,0.1833077,18.443022,5.1942825,0.7086775,0.1603586,0.1603586
82,5,5089,0.18331833,18.444569,5.1941385,0.70864856,0.16035716,0.16035716
82,6,5090,0.18332131,18.444735,5.194172,0.70866686,0.160358,0.160358
82,7,5091,0.18333209,18.444675,5.1941276,0.7086738,0.16036145,0.16036145
82,8,5092,0.18333915,18.445257,5.1940026,0.70867985,0.16035758,0.16035758
82,9,5093,0.18334806,18.445644,5.193865,0.70866203,0.16035649,0.16035649
82,10,5094,0.18335485,18.445536,5.193727,0.7086553,0.1603536,0.1603536
82,11,5095,0.18336253,18.445736,5.193643,0.7086568,0.1603505,0.1603505
82,12,5096,0.18337205,18.447096,5.1935835,0.7087103,0.16034795,0.16034795
82,13,5097,0.18337685,18.447435,5.1935406,0.70872647,0.16034754,0.16034754
82,14,5098,0.18339501,18.44969,5.1933804,0.7087392,0.16034305,0.16034305
82,15,5099,0.18341039,18.450987,5.193279,0.70873123,0.16034095,0.16034095
82,16,5100,0.18341383,18.45157,5.193183,0.7087028,0.1603462,0.1603462
82,17,5101,0.1834206,18.45207,5.193042,0.7086756,0.16034636,0.16034636
82,18,5102,0.1834341,18.453491,5.1928835,0.70865923,0.16034313,0.16034313
82,19,5103,0.18343402,18.453444,5.192811,0.7086602,0.16034201,0.16034201
82,20,5104,0.18343964,18.453365,5.1927447,0.7086622,0.16034189,0.16034189
82,21,5105,0.18344219,18.453,5.192619,0.7086484,0.16033955,0.16033955
82,22,5106,0.18344313,18.452402,5.1925387,0.7086488,0.16033912,0.16033912
82,23,5107,0.18345083,18.45237,5.192379,0.708631,0.16033505,0.16033505
82,24,5108,0.18345433,18.452421,5.1922235,0.7086358,0.16033591,0.16033591
82,25,5109,0.18346009,18.453527,5.1920695,0.70858455,0.16033497,0.16033497
82,26,5110,0.18346457,18.453302,5.1918626,0.70859784,0.16033134,0.16033134
82,27,5111,0.18347695,18.453112,5.191841,0.70857924,0.16033514,0.16033514
82,28,5112,0.18348682,18.453697,5.1917324,0.708585,0.16033363,0.16033363
82,29,5113,0.18349686,18.454462,5.1915865,0.7086048,0.16033114,0.16033114
82,30,5114,0.18350202,18.455114,5.19141,0.70862144,0.16032754,0.16032754
82,31,5115,0.18350966,18.455463,5.1913304,0.7086471,0.1603266,0.1603266
82,32,5116,0.18351781,18.455925,5.191176,0.70863736,0.16032094,0.16032094
82,33,5117,0.18352987,18.455765,5.1910944,0.7086346,0.16032514,0.16032514
82,34,5118,0.18354261,18.456278,5.1910796,0.7086581,0.16032802,0.16032802
82,35,5119,0.18355407,18.457476,5.1909213,0.70867026,0.16032349,0.16032349
82,36,5120,0.18355955,18.457838,5.1908574,0.7086799,0.16032034,0.16032034
82,37,5121,0.18356979,18.45871,5.190768,0.7086909,0.16032046,0.16032046
82,38,5122,0.18357882,18.45946,5.1906295,0.708665,0.16031668,0.16031668
82,39,5123,0.18358356,18.459774,5.190554,0.7086683,0.16031982,0.16031982
82,40,5124,0.18359351,18.460943,5.190455,0.70866346,0.16031748,0.16031748
82,41,5125,0.1835981,18.46131,5.1903844,0.70863664,0.16031952,0.16031952
82,42,5126,0.18360916,18.46197,5.190296,0.7086553,0.16031721,0.16031721
82,43,5127,0.1836165,18.462399,5.1901455,0.70864457,0.16031173,0.16031173
82,44,5128,0.18362471,18.463078,5.190019,0.70863503,0.16030863,0.16030863
82,45,5129,0.18363851,18.464142,5.1899047,0.70862424,0.16030383,0.16030383
82,46,5130,0.1836468,18.46447,5.189798,0.7086323,0.1603013,0.1603013
82,47,5131,0.18365529,18.46537,5.1896944,0.70865697,0.16030003,0.16030003
82,48,5132,0.18366335,18.465504,5.1895847,0.708667,0.1602977,0.1602977
82,49,5133,0.18366979,18.465927,5.189519,0.7086767,0.16029319,0.16029319
82,50,5134,0.18367758,18.46617,5.189482,0.7086382,0.16029076,0.16029076
82,51,5135,0.18369249,18.467299,5.1894484,0.7086331,0.16029048,0.16029048
82,52,5136,0.18372233,18.467308,5.189375,0.7086124,0.16029619,0.16029619
82,53,5137,0.18373293,18.467808,5.1893024,0.70861286,0.16029884,0.16029884
82,54,5138,0.18373871,18.46786,5.1892667,0.7086194,0.16030602,0.16030602
82,55,5139,0.18374687,18.46917,5.1891923,0.70862675,0.16030471,0.16030471
82,56,5140,0.18376681,18.471445,5.189121,0.7086297,0.1603049,0.1603049
82,57,5141,0.18377396,18.471697,5.188961,0.7085979,0.16030318,0.16030318
82,58,5142,0.18377903,18.471628,5.188836,0.70856565,0.16030124,0.16030124
82,59,5143,0.18378583,18.471363,5.1887436,0.7085611,0.16029787,0.16029787
82,60,5144,0.18378831,18.470945,5.1885962,0.7085529,0.1602944,0.1602944
82,61,5145,0.18380141,18.471619,5.188482,0.70853436,0.16029379,0.16029379
83,0,5146,0.18380798,18.471973,5.1883407,0.7084855,0.16029081,0.16029081
83,1,5147,0.18381315,18.471401,5.1883326,0.7084894,0.16029438,0.16029438
83,2,5148,0.18382668,18.472672,5.188177,0.7084528,0.16029082,0.16029082
83,3,5149,0.18383498,18.473497,5.1880903,0.708435,0.16029002,0.16029002
83,4,5150,0.18384278,18.47325,5.1879835,0.7084604,0.16028796,0.16028796
83,5,5151,0.18384677,18.473188,5.187864,0.7084723,0.16028607,0.16028607
83,6,5152,0.18385136,18.473547,5.187888,0.70849824,0.16028494,0.16028494
83,7,5153,0.18385637,18.474045,5.18771,0.70846766,0.16028048,0.16028048
83,8,5154,0.18385698,18.474365,5.1875706,0.7084941,0.16027427,0.16027427
83,9,5155,0.1838598,18.474403,5.187528,0.7085096,0.1602752,0.1602752
83,10,5156,0.18386099,18.47478,5.187447,0.7085491,0.16027622,0.16027622
83,11,5157,0.18386564,18.475729,5.1874366,0.7086114,0.16027755,0.16027755
83,12,5158,0.18386573,18.475746,5.1872697,0.70860845,0.16027379,0.16027379
83,13,5159,0.18386939,18.475851,5.187096,0.70857525,0.16027024,0.16027024
83,14,5160,0.18387331,18.47585,5.1869817,0.7085518,0.16027161,0.16027161
83,15,5161,0.18387973,18.476131,5.1868467,0.7085359,0.16027083,0.16027083
83,16,5162,0.18388397,18.476738,5.186801,0.708546,0.1602727,0.1602727
83,17,5163,0.18388753,18.47745,5.1867266,0.7085583,0.16026914,0.16026914
83,18,5164,0.18389252,18.47809,5.186493,0.7085015,0.16026227,0.16026227
83,19,5165,0.18391037,18.47892,5.186347,0.7084732,0.16025843,0.16025843
83,20,5166,0.18391028,18.478449,5.1862354,0.7084846,0.16025545,0.16025545
83,21,5167,0.18392098,18.47977,5.1860795,0.70845836,0.1602509,0.1602509
83,22,5168,0.18392915,18.480604,5.1860957,0.70848775,0.16025549,0.16025549
83,23,5169,0.18393923,18.480894,5.1859593,0.70846385,0.1602535,0.1602535
83,24,5170,0.18396181,18.482906,5.185825,0.70843583,0.16025034,0.16025034
83,25,5171,0.18397143,18.48349,5.1857595,0.7084844,0.16025063,0.16025063
83,26,5172,0.18398628,18.48404,5.1856055,0.7084705,0.16025044,0.16025044
83,27,5173,0.18399131,18.484024,5.1854415,0.708436,0.16024622,0.16024622
83,28,5174,0.1839944,18.48451,5.185274,0.70843184,0.1602417,0.1602417
83,29,5175,0.18400176,18.484535,5.1851454,0.70839834,0.16024397,0.16024397
83,30,5176,0.1840094,18.483997,5.185015,0.70836437,0.16024356,0.16024356
83,31,5177,0.1840199,18.483404,5.1848865,0.7083309,0.16024426,0.16024426
83,32,5178,0.1840288,18.483349,5.184813,0.70833755,0.16024764,0.16024764
83,33,5179,0.18403426,18.483873,5.1846356,0.70830935,0.1602449,0.1602449
83,34,5180,0.1840402,18.484396,5.1844263,0.70829356,0.16024214,0.16024214
83,35,5181,0.18405263,18.484516,5.184256,0.70828027,0.16024038,0.16024038
83,36,5182,0.18406048,18.484896,5.184123,0.7082605,0.16024104,0.16024104
83,37,5183,0.1840609,18.485031,5.1840663,0.7082628,0.16024354,0.16024354
83,38,5184,0.18406142,18.485022,5.183866,0.7082153,0.16023643,0.16023643
83,39,5185,0.18406413,18.485312,5.183708,0.70820254,0.16023284,0.16023284
83,40,5186,0.1840664,18.485256,5.1835866,0.70819163,0.16023147,0.16023147
83,41,5187,0.18406858,18.485394,5.1833405,0.7081364,0.16022947,0.16022947
83,42,5188,0.18407255,18.484972,5.1832356,0.7081418,0.16022529,0.16022529
83,43,5189,0.18408152,18.484987,5.183243,0.7081952,0.16023067,0.16023067
83,44,5190,0.18408698,18.484444,5.18316,0.70818347,0.16023144,0.16023144
83,45,5191,0.18409254,18.485033,5.1829767,0.70817757,0.16023077,0.16023077
83,46,5192,0.18409722,18.485716,5.1828346,0.70818835,0.1602281,0.1602281
83,47,5193,0.1840949,18.48561,5.182755,0.70821005,0.16022608,0.16022608
83,48,5194,0.18409596,18.485209,5.1826186,0.708216,0.1602257,0.1602257
83,49,5195,0.18410778,18.487394,5.1824603,0.7082022,0.16022281,0.16022281
83,50,5196,0.18410599,18.487007,5.1823254,0.70818335,0.16022258,0.16022258
83,51,5197,0.18410441,18.486425,5.18219,0.7081715,0.16021995,0.16021995
83,52,5198,0.18412083,18.48729,5.182058,0.7081403,0.16022047,0.16022047
83,53,5199,0.18412986,18.487598,5.182031,0.70816284,0.16021793,0.16021793
83,54,5200,0.18414325,18.48936,5.1818905,0.7081518,0.16021328,0.16021328
83,55,5201,0.1841526,18.490473,5.1817613,0.70815694,0.16021173,0.16021173
83,56,5202,0.18416157,18.490795,5.1817474,0.7081765,0.16021046,0.16021046
83,57,5203,0.18417245,18.491512,5.1815934,0.7081677,0.16020858,0.16020858
83,58,5204,0.18417688,18.491299,5.181504,0.70815367,0.16020626,0.16020626
83,59,5205,0.18418348,18.491625,5.1813374,0.70811886,0.16020149,0.16020149
83,60,5206,0.1841921,18.492376,5.181179,0.70808107,0.16020009,0.16020009
83,61,5207,0.18419573,18.492409,5.18106,0.7080639,0.1601995,0.1601995
84,0,5208,0.18420538,18.493334,5.1810055,0.7080828,0.1601995,0.1601995
84,1,5209,0.18421644,18.494814,5.1809006,0.7080794,0.16019872,0.16019872
84,2,5210,0.18422332,18.495125,5.180792,0.70808077,0.16019692,0.16019692
84,3,5211,0.18423513,18.496294,5.180702,0.70808685,0.16019788,0.16019788
84,4,5212,0.18423545,18.49635,5.1806164,0.70810705,0.16020004,0.16020004
84,5,5213,0.18423736,18.495985,5.1804557,0.70811665,0.16019934,0.16019934
84,6,5214,0.18423907,18.496183,5.180272,0.70809907,0.16019706,0.16019706
84,7,5215,0.18424824,18.497255,5.180063,0.70808744,0.16019268,0.16019268
84,8,5216,0.18425035,18.497293,5.1798882,0.70810354,0.16019146,0.16019146
84,9,5217,0.18426208,18.4977,5.1797843,0.7081027,0.1601865,0.1601865
84,10,5218,0.18426773,18.49944,5.1796255,0.7080775,0.16018324,0.16018324
84,11,5219,0.18427493,18.499596,5.1795664,0.7081125,0.16018209,0.16018209
84,12,5220,0.18427506,18.499527,5.179462,0.7081095,0.16018298,0.16018298
84,13,5221,0.18428327,18.499767,5.1793694,0.70809096,0.16018404,0.16018404
84,14,5222,0.18429098,18.49986,5.179261,0.70810825,0.16018614,0.16018614
84,15,5223,0.18429667,18.500551,5.1791763,0.70811635,0.16018054,0.16018054
84,16,5224,0.18430048,18.500381,5.179038,0.70814353,0.16017993,0.16017993
84,17,5225,0.1843033,18.500435,5.1789117,0.70815027,0.1601774,0.1601774
84,18,5226,0.18430921,18.501017,5.1788306,0.7081572,0.160173,0.160173
84,19,5227,0.1843314,18.501442,5.178769,0.70813215,0.16017418,0.16017418
84,20,5228,0.1843385,18.502363,5.178721,0.7081105,0.16017658,0.16017658
84,21,5229,0.18434429,18.502777,5.17868,0.70811594,0.1601748,0.1601748
84,22,5230,0.18435179,18.503368,5.178564,0.70813197,0.16017069,0.16017069
84,23,5231,0.18436624,18.504372,5.178547,0.70816255,0.16016774,0.16016774
84,24,5232,0.18437323,18.505344,5.178409,0.7081521,0.1601621,0.1601621
84,25,5233,0.18438491,18.505367,5.178262,0.7081514,0.16016087,0.16016087
84,26,5234,0.1843917,18.505379,5.1781588,0.70816267,0.16015504,0.16015504
84,27,5235,0.18439744,18.505701,5.178004,0.7081335,0.16015169,0.16015169
84,28,5236,0.18440427,18.50597,5.1778574,0.70814514,0.16015032,0.16015032
84,29,5237,0.18441036,18.506847,5.177674,0.70814955,0.1601454,0.1601454
84,30,5238,0.18441266,18.506586,5.1776166,0.7081542,0.16014402,0.16014402
84,31,5239,0.18442346,18.50674,5.1775045,0.7081628,0.16014332,0.16014332
84,32,5240,0.18442768,18.507132,5.1774726,0.7081872,0.16014186,0.16014186
84,33,5241,0.1844302,18.507935,5.177368,0.7081978,0.16014157,0.16014157
84,34,5242,0.18443424,18.50864,5.1773577,0.7081931,0.16014792,0.16014792
84,35,5243,0.18443725,18.509178,5.1772723,0.7081964,0.16014871,0.16014871
84,36,5244,0.184444,18.510046,5.1771708,0.7081925,0.16014946,0.16014946
84,37,5245,0.18444715,18.510532,5.1770363,0.7081889,0.16014782,0.16014782
84,38,5246,0.18445265,18.510515,5.1768203,0.7081711,0.16014189,0.16014189
84,39,5247,0.18446994,18.510685,5.176746,0.7081836,0.16014165,0.16014165
84,40,5248,0.18447444,18.510841,5.176682,0.708187,0.160141,0.160141
84,41,5249,0.18447542,18.510723,5.1765704,0.7081873,0.16013846,0.16013846
84,42,5250,0.18448013,18.511215,5.1764903,0.70820296,0.16013454,0.16013454
84,43,5251,0.18448581,18.511248,5.1763554,0.7081996,0.16012777,0.16012777
84,44,5252,0.18472359,18.51168,5.178298,0.70819616,0.16012846,0.16012846
84,45,5253,0.18509005,18.512207,5.1803837,0.7081421,0.16012606,0.16012606
84,46,5254,0.18518607,18.51234,5.1817408,0.70810366,0.16013287,0.16013287
84,47,5255,0.18523933,18.512798,5.182642,0.70808643,0.16014834,0.16014834
84,48,5256,0.18527007,18.512579,5.1835794,0.70814633,0.16018073,0.16018073
84,49,5257,0.1852906,18.512875,5.184294,0.7081302,0.16021141,0.16021141
84,50,5258,0.18531436,18.514353,5.184972,0.70813143,0.16023177,0.16023177
84,51,5259,0.18532918,18.514803,5.1856318,0.7081795,0.16024409,0.16024409
84,52,5260,0.18534547,18.515667,5.1861095,0.70817757,0.1602587,0.1602587
84,53,5261,0.18535745,18.51681,5.1866345,0.70815927,0.16027386,0.16027386
84,54,5262,0.18536785,18.51826,5.187187,0.708158,0.16028787,0.16028787
84,55,5263,0.18537083,18.519073,5.1877103,0.7081566,0.1603025,0.1603025
84,56,5264,0.18537499,18.51997,5.188124,0.7081321,0.16031349,0.16031349
84,57,5265,0.18537058,18.519709,5.1887116,0.7080813,0.1603267,0.1603267
84,58,5266,0.18536615,18.519623,5.18915,0.70805794,0.16033597,0.16033597
84,59,5267,0.18535893,18.51875,5.1896076,0.70804965,0.16034219,0.16034219
84,60,5268,0.18535621,18.518883,5.1899137,0.70804584,0.1603451,0.1603451
84,61,5269,0.18535489,18.519232,5.190183,0.7080205,0.16035293,0.16035293
85,0,5270,0.18534836,18.518475,5.1905327,0.7079942,0.1603597,0.1603597
85,1,5271,0.18534228,18.51817,5.190882,0.7079879,0.1603687,0.1603687
85,2,5272,0.18534064,18.518026,5.191235,0.7079353,0.16038126,0.16038126
85,3,5273,0.18533543,18.517681,5.1916265,0.7079198,0.16039304,0.16039304
85,4,5274,0.185329,18.516865,5.1919007,0.70788705,0.16040497,0.16040497
85,5,5275,0.18532753,18.51636,5.192172,0.7078772,0.16041629,0.16041629
85,6,5276,0.18531868,18.515469,5.192443,0.7078553,0.16042924,0.16042924
85,7,5277,0.18531999,18.516026,5.192708,0.7078352,0.16043635,0.16043635
85,8,5278,0.18531805,18.516527,5.1929603,0.70782024,0.16044424,0.16044424
85,9,5279,0.18531573,18.516401,5.1931014,0.7078052,0.16044751,0.16044751
85,10,5280,0.18531355,18.516563,5.1933274,0.7078245,0.16045053,0.16045053
85,11,5281,0.18530932,18.516325,5.1935544,0.7078254,0.16045937,0.16045937
85,12,5282,0.18530177,18.515564,5.1937695,0.7077811,0.16046609,0.16046609
85,13,5283,0.18529944,18.515705,5.1939554,0.7077211,0.16047785,0.16047785
85,14,5284,0.1852963,18.515713,5.194227,0.70774484,0.16048306,0.16048306
85,15,5285,0.18529822,18.516571,5.194487,0.70775455,0.16048805,0.16048805
85,16,5286,0.18530843,18.518902,5.1946855,0.7077651,0.16049176,0.16049176
85,17,5287,0.18531117,18.51981,5.194925,0.7077788,0.16049264,0.16049264
85,18,5288,0.18531269,18.520378,5.1952014,0.70775265,0.1604999,0.1604999
85,19,5289,0.18530999,18.520618,5.195454,0.70774496,0.16050148,0.16050148
85,20,5290,0.18530717,18.52066,5.195653,0.70769954,0.16050172,0.16050172
85,21,5291,0.18530694,18.521109,5.1958914,0.70771986,0.16050328,0.16050328
85,22,5292,0.1853029,18.52072,5.196145,0.7077308,0.16050524,0.16050524
85,23,5293,0.18530367,18.521675,5.1964107,0.7077556,0.16050866,0.16050866
85,24,5294,0.18530002,18.521692,5.196622,0.707784,0.16051139,0.16051139
85,25,5295,0.18529987,18.521624,5.1967883,0.7077607,0.16051361,0.16051361
85,26,5296,0.1853024,18.522104,5.197008,0.70774144,0.16051374,0.16051374
85,27,5297,0.18530293,18.52167,5.1971793,0.7077474,0.16051418,0.16051418
85,28,5298,0.18530314,18.52141,5.1973233,0.7077534,0.16051498,0.16051498
85,29,5299,0.18530345,18.521591,5.1974535,0.70775133,0.16051833,0.16051833
85,30,5300,0.18530384,18.52175,5.197539,0.70773786,0.16051987,0.16051987
85,31,5301,0.18530016,18.521618,5.1976614,0.70776516,0.16052201,0.16052201
85,32,5302,0.18530008,18.521624,5.1978884,0.7077647,0.16052344,0.16052344
85,33,5303,0.18530193,18.522266,5.198144,0.7077513,0.16052756,0.16052756
85,34,5304,0.18529984,18.522295,5.198357,0.7077684,0.16053128,0.16053128
85,35,5305,0.18529688,18.52257,5.1985393,0.70776016,0.16053043,0.16053043
85,36,5306,0.18529311,18.522232,5.19877,0.7078231,0.16052943,0.16052943
85,37,5307,0.18529703,18.523512,5.1989036,0.7078343,0.16053084,0.16053084
85,38,5308,0.18529789,18.524084,5.1990576,0.7078294,0.16053192,0.16053192
85,39,5309,0.18529606,18.523981,5.19922,0.7077948,0.16053489,0.16053489
85,40,5310,0.18529487,18.52426,5.1993403,0.7077797,0.16053252,0.16053252
85,41,5311,0.18529364,18.524376,5.199449,0.70774645,0.16052954,0.16052954
85,42,5312,0.18529665,18.525257,5.19961,0.7077574,0.16052753,0.16052753
85,43,5313,0.18529849,18.526384,5.1996765,0.7077617,0.16052355,0.16052355
85,44,5314,0.1852973,18.52674,5.19977,0.7077326,0.16052242,0.16052242
85,45,5315,0.18530497,18.528244,5.200001,0.70777893,0.16052154,0.16052154
85,46,5316,0.1853098,18.529406,5.2001367,0.7077796,0.16052474,0.16052474
85,47,5317,0.18531674,18.530798,5.2001543,0.707759,0.16052282,0.16052282
85,48,5318,0.18532535,18.532917,5.200161,0.7077471,0.16052167,0.16052167
85,49,5319,0.18533427,18.534842,5.200174,0.70772046,0.16051884,0.16051884
85,50,5320,0.18533778,18.53553,5.2001247,0.7077018,0.16051495,0.16051495
85,51,5321,0.1853419,18.535778,5.20016,0.7076676,0.16051526,0.16051526
85,52,5322,0.18534443,18.536377,5.2001925,0.7076661,0.1605162,0.1605162
85,53,5323,0.1853418,18.536476,5.200298,0.7076916,0.16051695,0.16051695
85,54,5324,0.18534105,18.536526,5.200418,0.7076938,0.16051947,0.16051947
85,55,5325,0.18534109,18.536816,5.2004194,0.7076738,0.16051678,0.16051678
85,56,5326,0.18534079,18.5364,5.200519,0.70764875,0.16052228,0.16052228
85,57,5327,0.1853448,18.536243,5.2005754,0.70765185,0.1605251,0.1605251
85,58,5328,0.18534887,18.535969,5.2006197,0.70762885,0.16052595,0.16052595
85,59,5329,0.18535192,18.536312,5.200587,0.7076053,0.16052437,0.16052437
85,60,5330,0.18534906,18.535904,5.2006483,0.70758796,0.1605261,0.1605261
85,61,5331,0.18534817,18.53555,5.200642,0.70758396,0.16052157,0.16052157
86,0,5332,0.18535353,18.53546,5.2006135,0.70761025,0.16051763,0.16051763
86,1,5333,0.18536344,18.536814,5.2005715,0.7076136,0.16051374,0.16051374
86,2,5334,0.18536672,18.537666,5.2005353,0.7075924,0.16050954,0.16050954
86,3,5335,0.18537234,18.538607,5.2005363,0.7075705,0.16051187,0.16051187
86,4,5336,0.18537429,18.53907,5.2005024,0.70757574,0.16051005,0.16051005
86,5,5337,0.18537465,18.539349,5.2004404,0.70754653,0.16050859,0.16050859
86,6,5338,0.1853726,18.53895,5.2005267,0.7075262,0.16051051,0.16051051
86,7,5339,0.1853764,18.539627,5.20056,0.7075493,0.16051021,0.16051021
86,8,5340,0.18538095,18.539515,5.2005696,0.70756245,0.16050947,0.16050947
86,9,5341,0.1853768,18.53908,5.2005777,0.7075616,0.16051026,0.16051026
86,10,5342,0.18537483,18.539103,5.200558,0.7075707,0.16050935,0.16050935
86,11,5343,0.18538235,18.539896,5.2005606,0.7075372,0.16051078,0.16051078
86,12,5344,0.18538187,18.54006,5.200538,0.7075265,0.16051292,0.16051292
86,13,5345,0.1853826,18.54027,5.200671,0.7075408,0.16051482,0.16051482
86,14,5346,0.1853832,18.540161,5.20064,0.7075034,0.16051582,0.16051582
86,15,5347,0.18538773,18.541067,5.2006984,0.707519,0.16051331,0.16051331
86,16,5348,0.18539082,18.541655,5.200781,0.7075593,0.16051756,0.16051756
86,17,5349,0.18539384,18.54184,5.200799,0.70753413,0.16051903,0.16051903
86,18,5350,0.18539554,18.542374,5.2007737,0.70753855,0.16051653,0.16051653
86,19,5351,0.18540615,18.543896,5.2007256,0.707512,0.16051652,0.16051652
86,20,5352,0.1854094,18.543995,5.200726,0.707493,0.1605177,0.1605177
86,21,5353,0.18541315,18.544704,5.2006874,0.7074428,0.16051531,0.16051531
86,22,5354,0.1854296,18.546667,5.200736,0.7074691,0.16051902,0.16051902
86,23,5355,0.18543243,18.547169,5.2007713,0.7075186,0.16051924,0.16051924
86,24,5356,0.18543993,18.54816,5.200832,0.7075476,0.16051857,0.16051857
86,25,5357,0.18544728,18.549229,5.200801,0.7075317,0.16051404,0.16051404
86,26,5358,0.18545063,18.549696,5.200786,0.7075096,0.1605124,0.1605124
86,27,5359,0.1854549,18.549665,5.200683,0.70747524,0.16051225,0.16051225
86,28,5360,0.1854518,18.549364,5.2005825,0.70744234,0.16050972,0.16050972
86,29,5361,0.18545131,18.5487,5.2004914,0.70741504,0.16051152,0.16051152
86,30,5362,0.18545976,18.549023,5.200386,0.7073972,0.16050953,0.16050953
86,31,5363,0.1854623,18.54899,5.20031,0.70737076,0.16050893,0.16050893
86,32,5364,0.18547153,18.549395,5.2002764,0.70733327,0.16050832,0.16050832
86,33,5365,0.18547797,18.550207,5.200219,0.7073505,0.1605093,0.1605093
86,34,5366,0.1854801,18.550518,5.200178,0.70733285,0.16050781,0.16050781
86,35,5367,0.18548393,18.551367,5.200136,0.7073316,0.16050647,0.16050647
86,36,5368,0.18549022,18.55153,5.2001333,0.70733577,0.1605101,0.1605101
86,37,5369,0.1854907,18.5516,5.2000966,0.707352,0.1605084,0.1605084
86,38,5370,0.1854948,18.552372,5.200029,0.70733637,0.1605043,0.1605043
86,39,5371,0.18549761,18.553349,5.1999555,0.7073601,0.16049704,0.16049704
86,40,5372,0.1854964,18.553144,5.199882,0.7073404,0.16049558,0.16049558
86,41,5373,0.18549523,18.553185,5.199774,0.70729136,0.16049558,0.16049558
86,42,5374,0.18549779,18.553633,5.1996727,0.70726365,0.16049209,0.16049209
86,43,5375,0.1854939,18.553785,5.199633,0.7072813,0.16048823,0.16048823
86,44,5376,0.18549058,18.553574,5.199603,0.70729715,0.1604851,0.1604851
86,45,5377,0.18549356,18.554153,5.1995997,0.70733565,0.16048582,0.16048582
86,46,5378,0.18549752,18.554487,5.1994953,0.7073455,0.16048136,0.16048136
86,47,5379,0.18550718,18.55495,5.1994176,0.70736015,0.16047654,0.16047654
86,48,5380,0.18552399,18.555767,5.1993284,0.7073398,0.16047262,0.16047262
86,49,5381,0.1855284,18.555897,5.1993365,0.70738816,0.16046841,0.16046841
86,50,5382,0.18552923,18.556091,5.19928,0.7074289,0.16046606,0.16046606
86,51,5383,0.185536,18.556717,5.199265,0.7074159,0.16046461,0.16046461
86,52,5384,0.1855422,18.5576,5.1992664,0.7074474,0.1604589,0.1604589
86,53,5385,0.18554172,18.557655,5.1992083,0.7074169,0.16045469,0.16045469
86,54,5386,0.18554802,18.557867,5.199152,0.70740044,0.16045414,0.16045414
86,55,5387,0.18556115,18.557837,5.1990056,0.707375,0.16045111,0.16045111
86,56,5388,0.18556225,18.557491,5.1989174,0.7073351,0.16044979,0.16044979
86,57,5389,0.18556246,18.55751,5.198895,0.70735604,0.16045272,0.16045272
86,58,5390,0.18556415,18.558151,5.1988673,0.70735306,0.16045192,0.16045192
86,59,5391,0.18556675,18.55888,5.1987786,0.70733887,0.16044913,0.16044913
86,60,5392,0.18557306,18.559637,5.198688,0.7073398,0.16044687,0.16044687
86,61,5393,0.18557829,18.559912,5.198727,0.7073767,0.16045131,0.16045131
87,0,5394,0.18558796,18.56041,5.1987004,0.70741266,0.16045114,0.16045114
87,1,5395,0.18559134,18.560728,5.198675,0.7074273,0.1604487,0.1604487
87,2,5396,0.18559779,18.561537,5.198669,0.7074065,0.16045095,0.16045095
87,3,5397,0.1856077,18.562881,5.198808,0.7074205,0.1604507,0.1604507
87,4,5398,0.18561108,18.56338,5.198738,0.70739806,0.1604467,0.1604467
87,5,5399,0.18561508,18.56451,5.1987066,0.70737696,0.160447,0.160447
87,6,5400,0.18562284,18.565992,5.198618,0.7073458,0.16044669,0.16044669
87,7,5401,0.1856236,18.566612,5.1986413,0.7074554,0.16044314,0.16044314
87,8,5402,0.1856302,18.56666,5.198546,0.7074369,0.16044267,0.16044267
87,9,5403,0.18563162,18.566936,5.1985035,0.7074307,0.16044168,0.16044168
87,10,5404,0.18563394,18.5676,5.1983933,0.7074244,0.16043964,0.16043964
87,11,5405,0.18564741,18.568716,5.198313,0.7074331,0.16043611,0.16043611
87,12,5406,0.18564594,18.568666,5.1982074,0.70740885,0.16043317,0.16043317
87,13,5407,0.18564422,18.56879,5.1981125,0.70741516,0.16042843,0.16042843
87,14,5408,0.18564288,18.568665,5.198136,0.70742077,0.16042896,0.16042896
87,15,5409,0.18564802,18.568575,5.1980543,0.70741636,0.16042623,0.16042623
87,16,5410,0.18564883,18.568546,5.1979003,0.70736945,0.1604259,0.1604259
87,17,5411,0.18565805,18.569613,5.197798,0.7073645,0.16042422,0.16042422
87,18,5412,0.18566352,18.57011,5.197715,0.7073145,0.16042519,0.16042519
87,19,5413,0.18566582,18.569738,5.1976194,0.70729744,0.16042508,0.16042508
87,20,5414,0.18567677,18.570042,5.1975784,0.70726585,0.16042984,0.16042984
87,21,5415,0.18567914,18.57003,5.197475,0.7072706,0.16042556,0.16042556
87,22,5416,0.1856885,18.570328,5.1974363,0.70727974,0.16042435,0.16042435
87,23,5417,0.18569338,18.570486,5.197398,0.7072645,0.16042359,0.16042359
87,24,5418,0.18569973,18.570536,5.197411,0.7073113,0.16042303,0.16042303
87,25,5419,0.1857071,18.571394,5.1973376,0.7072871,0.1604213,0.1604213
87,26,5420,0.18570976,18.571308,5.1973534,0.707341,0.16042356,0.16042356
87,27,5421,0.18571015,18.571732,5.197291,0.7073413,0.16042396,0.16042396
87,28,5422,0.18571696,18.572775,5.1972327,0.70735717,0.1604189,0.1604189
87,29,5423,0.185727,18.573383,5.197216,0.7073661,0.16041972,0.16041972
87,30,5424,0.1857297,18.573246,5.197121,0.7073666,0.16041255,0.16041255
87,31,5425,0.18573242,18.573631,5.1970043,0.7073511,0.1604083,0.1604083
87,32,5426,0.18573502,18.57386,5.1969414,0.7073664,0.16040604,0.16040604
87,33,5427,0.18573947,18.57473,5.1968904,0.7073918,0.1604052,0.1604052
87,34,5428,0.18575598,18.576689,5.196853,0.70741594,0.1604034,0.1604034
87,35,5429,0.1857586,18.577524,5.1967416,0.70745623,0.16039911,0.16039911
87,36,5430,0.18575805,18.577436,5.196697,0.7074815,0.16039823,0.16039823
87,37,5431,0.18575963,18.577282,5.196672,0.7075085,0.16039717,0.16039717
87,38,5432,0.18576178,18.577559,5.196613,0.7074954,0.16039492,0.16039492
87,39,5433,0.18576631,18.577427,5.196519,0.7075201,0.16039053,0.16039053
87,40,5434,0.18576579,18.577349,5.1964874,0.707571,0.16038921,0.16038921
87,41,5435,0.18577766,18.579302,5.1964426,0.7075881,0.16038774,0.16038774
87,42,5436,0.18578233,18.580107,5.196422,0.70760286,0.16038562,0.16038562
87,43,5437,0.18579403,18.580725,5.196329,0.70758265,0.16038385,0.16038385
87,44,5438,0.18580532,18.581352,5.196268,0.707595,0.16038175,0.16038175
87,45,5439,0.18582097,18.581635,5.196149,0.7076004,0.16037768,0.16037768
87,46,5440,0.18582386,18.581478,5.195932,0.70756537,0.16037326,0.16037326
87,47,5441,0.18582433,18.581844,5.1957846,0.7075397,0.16037135,0.16037135
87,48,5442,0.18583006,18.582212,5.1957517,0.70755726,0.16036886,0.16036886
87,49,5443,0.18583572,18.58292,5.1956725,0.7075707,0.16036578,0.16036578
87,50,5444,0.18584633,18.583405,5.1956277,0.7075933,0.16036505,0.16036505
87,51,5445,0.1858558,18.58404,5.1955514,0.7075918,0.16035934,0.16035934
87,52,5446,0.18586561,18.584684,5.1954865,0.707616,0.16035509,0.16035509
87,53,5447,0.18588111,18.585316,5.1953764,0.7076028,0.16034925,0.16034925
87,54,5448,0.18588601,18.585957,5.1952605,0.7076162,0.16034503,0.16034503
87,55,5449,0.18589172,18.586931,5.1951985,0.70764124,0.1603382,0.1603382
87,56,5450,0.18590093,18.586937,5.195124,0.7076684,0.1603346,0.1603346
87,57,5451,0.1859135,18.589476,5.1950774,0.7077168,0.16033079,0.16033079
87,58,5452,0.18592167,18.591127,5.194865,0.70769036,0.16032468,0.16032468
87,59,5453,0.18592745,18.591362,5.194682,0.70767975,0.16032468,0.16032468
87,60,5454,0.18593323,18.591515,5.1946034,0.7076875,0.16032204,0.16032204
87,61,5455,0.18593702,18.592417,5.1945157,0.70769984,0.16032054,0.16032054
88,0,5456,0.1859389,18.593077,5.194356,0.7076872,0.16031359,0.16031359
88,1,5457,0.18594214,18.593098,5.194274,0.7077019,0.16031109,0.16031109
88,2,5458,0.1859442,18.593374,5.19411,0.7076876,0.16030848,0.16030848
88,3,5459,0.18594716,18.59364,5.1940036,0.7076919,0.1603041,0.1603041
88,4,5460,0.18595082,18.593565,5.1939545,0.70769864,0.16030729,0.16030729
88,5,5461,0.18595718,18.594023,5.1938896,0.7077049,0.16030559,0.16030559
88,6,5462,0.18596302,18.59527,5.1937857,0.7077078,0.16029958,0.16029958
88,7,5463,0.18596515,18.595985,5.1936975,0.70771325,0.16029815,0.16029815
88,8,5464,0.1859718,18.596642,5.1936,0.70769536,0.1602954,0.1602954
88,9,5465,0.18597496,18.596888,5.1934752,0.70768654,0.16029117,0.16029117
88,10,5466,0.18597822,18.597239,5.193399,0.7076757,0.16028784,0.16028784
88,11,5467,0.18598986,18.597525,5.1932526,0.70768315,0.16028306,0.16028306
88,12,5468,0.18599156,18.597477,5.193135,0.7077099,0.16027725,0.16027725
88,13,5469,0.18599308,18.597546,5.192986,0.7077143,0.16027312,0.16027312
88,14,5470,0.18599741,18.598013,5.1928744,0.7077196,0.16027282,0.16027282
88,15,5471,0.18599676,18.59791,5.192802,0.7077384,0.16027074,0.16027074
88,16,5472,0.18600018,18.597729,5.1926746,0.70771176,0.16026832,0.16026832
88,17,5473,0.18601066,18.59833,5.192568,0.707719,0.16026993,0.16026993
88,18,5474,0.18601042,18.59828,5.19253,0.7077476,0.16027032,0.16027032
88,19,5475,0.18601842,18.598879,5.192428,0.70775074,0.16026852,0.16026852
88,20,5476,0.1860305,18.60019,5.192432,0.70775133,0.1602671,0.1602671
88,21,5477,0.18603633,18.600332,5.192414,0.7077651,0.16026686,0.16026686
88,22,5478,0.18603945,18.600739,5.1924486,0.707771,0.16026536,0.16026536
88,23,5479,0.18604836,18.602295,5.1924305,0.7078186,0.16026269,0.16026269
88,24,5480,0.18605158,18.602648,5.192336,0.7078063,0.1602642,0.1602642
88,25,5481,0.18605375,18.602993,5.1921864,0.7077915,0.16025905,0.16025905
88,26,5482,0.18605378,18.602953,5.1920657,0.707772,0.16025318,0.16025318
88,27,5483,0.18606004,18.603,5.192014,0.7077769,0.1602503,0.1602503
88,28,5484,0.18607,18.603867,5.19194,0.70776105,0.16024764,0.16024764
88,29,5485,0.18607493,18.604288,5.191848,0.70776856,0.16024354,0.16024354
88,30,5486,0.18607557,18.603975,5.191691,0.70775414,0.16023871,0.16023871
88,31,5487,0.1860894,18.604895,5.191604,0.70776474,0.16023459,0.16023459
88,32,5488,0.18610077,18.606367,5.191513,0.7077661,0.16023196,0.16023196
88,33,5489,0.18610622,18.60715,5.1915116,0.7077498,0.16023448,0.16023448
88,34,5490,0.18611903,18.607908,5.191388,0.70776,0.16023225,0.16023225
88,35,5491,0.18612984,18.607851,5.1912804,0.7077627,0.16022883,0.16022883
88,36,5492,0.1861366,18.60907,5.191136,0.70775735,0.16022597,0.16022597
88,37,5493,0.18614568,18.609556,5.191061,0.70777875,0.16022536,0.16022536
88,38,5494,0.18615001,18.609976,5.1910214,0.70778745,0.16022407,0.16022407
88,39,5495,0.18615992,18.609964,5.190936,0.70776176,0.16022362,0.16022362
88,40,5496,0.1861724,18.61019,5.1908264,0.70772547,0.16022588,0.16022588
88,41,5497,0.18617952,18.610611,5.1906557,0.7076671,0.16022068,0.16022068
88,42,5498,0.18619221,18.6122,5.1905556,0.70765334,0.16022345,0.16022345
88,43,5499,0.1861982,18.612886,5.190388,0.7076302,0.1602203,0.1602203
88,44,5500,0.18620552,18.613989,5.1902614,0.7076479,0.16021833,0.16021833
88,45,5501,0.18620926,18.614405,5.190265,0.7076852,0.16022287,0.16022287
88,46,5502,0.18621427,18.615395,5.190104,0.7077045,0.16021745,0.16021745
88,47,5503,0.18622728,18.61692,5.189936,0.7076876,0.16021319,0.16021319
88,48,5504,0.18623674,18.617916,5.1898427,0.70771253,0.1602114,0.1602114
88,49,5505,0.18624477,18.618484,5.1897187,0.7076778,0.160209,0.160209
88,50,5506,0.18624693,18.61886,5.189651,0.70767325,0.16020876,0.16020876
88,51,5507,0.18624829,18.618526,5.1894794,0.707614,0.16020279,0.16020279
88,52,5508,0.18625258,18.618696,5.1893497,0.7076135,0.16019912,0.16019912
88,53,5509,0.18625279,18.618622,5.189301,0.7076748,0.16019453,0.16019453
88,54,5510,0.1862602,18.619526,5.1892467,0.7076831,0.16019045,0.16019045
88,55,5511,0.18627551,18.620798,5.1891336,0.7076994,0.16018678,0.16018678
88,56,5512,0.18628344,18.621737,5.1890903,0.7077217,0.1601854,0.1601854
88,57,5513,0.18629038,18.622822,5.1890736,0.7077425,0.16018695,0.16018695
88,58,5514,0.18629742,18.623451,5.1889462,0.70775086,0.16018319,0.16018319
88,59,5515,0.18630065,18.623846,5.188793,0.7077583,0.16017935,0.16017935
88,60,5516,0.18630427,18.62447,5.1885877,0.70771915,0.16017634,0.16017634
88,61,5517,0.18631265,18.624596,5.1885023,0.707736,0.16017142,0.16017142
89,0,5518,0.18632859,18.624996,5.188376,0.70773983,0.16016816,0.16016816
89,1,5519,0.18633366,18.625137,5.1883116,0.7077649,0.16016702,0.16016702
89,2,5520,0.18634002,18.62597,5.1881948,0.70780313,0.16016188,0.16016188
89,3,5521,0.18634602,18.626389,5.188098,0.7078262,0.16015904,0.16015904
89,4,5522,0.1863569,18.627003,5.188061,0.7078304,0.16015746,0.16015746
89,5,5523,0.18637595,18.628222,5.1879086,0.70779335,0.160156,0.160156
89,6,5524,0.18638551,18.62961,5.187752,0.7077899,0.160151,0.160151
89,7,5525,0.18638785,18.62965,5.187643,0.70778644,0.16014881,0.16014881
89,8,5526,0.18638927,18.629852,5.1875334,0.7077962,0.16014111,0.16014111
89,9,5527,0.18639345,18.630728,5.1874604,0.70785475,0.16013218,0.16013218
89,10,5528,0.18639888,18.63087,5.187393,0.7078764,0.16012868,0.16012868
89,11,5529,0.18641582,18.631512,5.1873155,0.7078617,0.16012676,0.16012676
89,12,5530,0.18642813,18.633413,5.187253,0.707879,0.16012394,0.16012394
89,13,5531,0.18643215,18.63348,5.187164,0.70787686,0.16012104,0.16012104
89,14,5532,0.18643318,18.633198,5.187039,0.7078632,0.16011846,0.16011846
89,15,5533,0.18643671,18.633541,5.186985,0.70786303,0.16011848,0.16011848
89,16,5534,0.18644509,18.634283,5.1870394,0.7079196,0.16011794,0.16011794
89,17,5535,0.18645445,18.634626,5.1869287,0.70792526,0.16011238,0.16011238
89,18,5536,0.18646333,18.6352,5.1867523,0.7079112,0.16010867,0.16010867
89,19,5537,0.1864623,18.635023,5.1866484,0.7079224,0.16010626,0.16010626
89,20,5538,0.18646811,18.635242,5.1865497,0.707938,0.16010848,0.16010848
89,21,5539,0.18647313,18.635273,5.186373,0.707883,0.16010731,0.16010731
89,22,5540,0.18648463,18.636038,5.1862464,0.7078816,0.16010348,0.16010348
89,23,5541,0.18648334,18.63601,5.186174,0.7078799,0.16010244,0.16010244
89,24,5542,0.18648335,18.636139,5.1860776,0.7078982,0.16009898,0.16009898
89,25,5543,0.18648729,18.63634,5.1860075,0.7078774,0.16009735,0.16009735
89,26,5544,0.18650098,18.637089,5.1859617,0.7078391,0.16009949,0.16009949
89,27,5545,0.18650651,18.636803,5.185861,0.7078165,0.16010125,0.16010125
89,28,5546,0.18651158,18.637138,5.185697,0.7078082,0.16009851,0.16009851
89,29,5547,0.18651998,18.638355,5.185514,0.7077955,0.1600927,0.1600927
89,30,5548,0.18651864,18.638302,5.1853375,0.7077577,0.16009077,0.16009077
89,31,5549,0.18652646,18.638594,5.1851873,0.70772284,0.16008717,0.16008717
89,32,5550,0.18652874,18.638735,5.1850667,0.70768183,0.16008522,0.16008522
89,33,5551,0.18653513,18.639961,5.1849294,0.7076931,0.1600785,0.1600785
89,34,5552,0.1865537,18.642797,5.18485,0.7076908,0.16007808,0.16007808
89,35,5553,0.18655825,18.64328,5.1848025,0.7077108,0.16007558,0.16007558
89,36,5554,0.18657054,18.64382,5.1846695,0.70768833,0.16006881,0.16006881
89,37,5555,0.18657452,18.64405,5.184525,0.70766854,0.16006523,0.16006523
89,38,5556,0.1865834,18.645266,5.184333,0.7076783,0.16005936,0.16005936
89,39,5557,0.18658686,18.645876,5.184324,0.7076962,0.16006061,0.16006061
89,40,5558,0.18659386,18.646679,5.1842136,0.7076971,0.1600594,0.1600594
89,41,5559,0.18660319,18.64697,5.1840706,0.707651,0.16005549,0.16005549
89,42,5560,0.18660381,18.647465,5.184068,0.70768005,0.16005653,0.16005653
89,43,5561,0.18661124,18.647095,5.184026,0.7077183,0.16005889,0.16005889
89,44,5562,0.18661904,18.647102,5.183869,0.7076993,0.1600542,0.1600542
89,45,5563,0.18662795,18.647778,5.1838994,0.70770776,0.1600566,0.1600566
89,46,5564,0.18663211,18.647623,5.183866,0.70770055,0.16005935,0.16005935
89,47,5565,0.18663904,18.64768,5.1838236,0.7077294,0.16005564,0.16005564
89,48,5566,0.18664664,18.648598,5.183707,0.70775187,0.160052,0.160052
89,49,5567,0.18665548,18.649214,5.18359,0.70775306,0.16004908,0.16004908
89,50,5568,0.18665989,18.649101,5.1834807,0.7077149,0.16004641,0.16004641
89,51,5569,0.18666966,18.649548,5.183393,0.7077058,0.16004677,0.16004677
89,52,5570,0.18667576,18.649883,5.1833105,0.70769376,0.16004634,0.16004634
89,53,5571,0.18668267,18.650187,5.183169,0.7077207,0.16004147,0.16004147
89,54,5572,0.18668737,18.650082,5.183088,0.7076938,0.1600417,0.1600417
89,55,5573,0.18668947,18.650702,5.183018,0.7076957,0.1600435,0.1600435
89,56,5574,0.18668881,18.650309,5.182915,0.7077454,0.16004214,0.16004214
89,57,5575,0.18669575,18.651134,5.182855,0.7077737,0.16003765,0.16003765
89,58,5576,0.18669543,18.651564,5.1827617,0.70774627,0.16003421,0.16003421
89,59,5577,0.18670452,18.652311,5.1826854,0.7077511,0.16003308,0.16003308
89,60,5578,0.18670824,18.652683,5.182579,0.70772487,0.16002977,0.16002977
89,61,5579,0.18671209,18.65335,5.1825333,0.7077539,0.1600282,0.1600282
90,0,5580,0.18672451,18.654417,5.182465,0.70778334,0.16002287,0.16002287
90,1,5581,0.18672583,18.654621,5.182338,0.70775574,0.16002175,0.16002175
90,2,5582,0.18672991,18.655127,5.182289,0.70777684,0.16002008,0.16002008
90,3,5583,0.1867329,18.655449,5.182217,0.70772773,0.16002002,0.16002002
90,4,5584,0.18673885,18.655622,5.1820583,0.70772797,0.1600162,0.1600162
90,5,5585,0.1867454,18.655458,5.181934,0.7077064,0.16001225,0.16001225
90,6,5586,0.18675329,18.656088,5.1818595,0.70769066,0.16000819,0.16000819
90,7,5587,0.18676606,18.657305,5.181786,0.7077055,0.16000886,0.16000886
90,8,5588,0.18677065,18.65752,5.1816897,0.70768934,0.16000506,0.16000506
90,9,5589,0.18677682,18.658777,5.181456,0.7076325,0.15999852,0.15999852
90,10,5590,0.18678135,18.659151,5.1812706,0.7075994,0.15999283,0.15999283
90,11,5591,0.18678343,18.659285,5.181152,0.70758593,0.15999058,0.15999058
90,12,5592,0.18680121,18.65997,5.180941,0.7075785,0.15998508,0.15998508
90,13,5593,0.18679953,18.659935,5.180847,0.70759064,0.15998621,0.15998621
90,14,5594,0.18679816,18.659443,5.1807523,0.707591,0.15998276,0.15998276
90,15,5595,0.18680356,18.659815,5.1806498,0.70759803,0.15997732,0.15997732
90,16,5596,0.18681175,18.660208,5.1805277,0.7075794,0.15997332,0.15997332
90,17,5597,0.18681222,18.659662,5.180466,0.70762664,0.15997086,0.15997086
90,18,5598,0.1868172,18.659895,5.1804056,0.7076446,0.15997155,0.15997155
90,19,5599,0.18682185,18.66043,5.18038,0.7076533,0.15996651,0.15996651
90,20,5600,0.18682556,18.660767,5.180325,0.7076648,0.15996341,0.15996341
90,21,5601,0.18683237,18.66138,5.1802716,0.7076605,0.1599668,0.1599668
90,22,5602,0.18685777,18.662252,5.1802335,0.7076678,0.15996529,0.15996529
90,23,5603,0.18685903,18.662453,5.1801624,0.7076327,0.15996373,0.15996373
90,24,5604,0.18687317,18.662653,5.180022,0.7075961,0.15996742,0.15996742
90,25,5605,0.18687789,18.662926,5.179939,0.70757276,0.15996195,0.15996195
90,26,5606,0.1868757,18.662563,5.179871,0.70755744,0.1599639,0.1599639
90,27,5607,0.18687856,18.662247,5.1797895,0.7075677,0.15996224,0.15996224
90,28,5608,0.18688744,18.66263,5.179735,0.707545,0.15996021,0.15996021
90,29,5609,0.18689522,18.663733,5.1797037,0.7075277,0.15996332,0.15996332
90,30,5610,0.18690121,18.664186,5.179562,0.7075335,0.15995911,0.15995911
90,31,5611,0.18690717,18.664213,5.1794305,0.7075264,0.15995912,0.15995912
90,32,5612,0.18691911,18.665588,5.1793294,0.70753473,0.15995468,0.15995468
90,33,5613,0.186928,18.66578,5.1792607,0.7075167,0.15995386,0.15995386
90,34,5614,0.18694177,18.666477,5.1791363,0.70751864,0.15994938,0.15994938
90,35,5615,0.18694454,18.667513,5.1790404,0.70751274,0.15994345,0.15994345
90,36,5616,0.18694955,18.668062,5.178912,0.70751053,0.15994078,0.15994078
90,37,5617,0.18695712,18.66819,5.1788425,0.7075458,0.15993857,0.15993857
90,38,5618,0.18697226,18.669054,5.1787148,0.70753604,0.15993796,0.15993796
90,39,5619,0.18697628,18.669802,5.178523,0.707492,0.15993612,0.15993612
90,40,5620,0.18699121,18.67044,5.1783805,0.70749295,0.15993538,0.15993538
90,41,5621,0.18699366,18.670439,5.1781588,0.70744663,0.15992999,0.15992999
90,42,5622,0.18700024,18.67154,5.178007,0.7074397,0.15992308,0.15992308
90,43,5623,0.18700334,18.672081,5.1779027,0.7074568,0.1599178,0.1599178
90,44,5624,0.18700787,18.673182,5.1777244,0.70744175,0.15991311,0.15991311
90,45,5625,0.18700714,18.673107,5.1775894,0.70744073,0.1599083,0.1599083
90,46,5626,0.18700999,18.673199,5.1774945,0.7074571,0.1599019,0.1599019
90,47,5627,0.1870158,18.673021,5.177365,0.7074532,0.15990067,0.15990067
90,48,5628,0.18701899,18.673698,5.177248,0.70744854,0.15989694,0.15989694
90,49,5629,0.1870158,18.672915,5.1771297,0.70744395,0.159896,0.159896
90,50,5630,0.18702057,18.673244,5.1770425,0.70745736,0.15989542,0.15989542
90,51,5631,0.18703508,18.674288,5.17697,0.70745164,0.15989564,0.15989564
90,52,5632,0.1870438,18.674904,5.176935,0.7074574,0.15989685,0.15989685
90,53,5633,0.18705031,18.675486,5.1768355,0.7074704,0.15989202,0.15989202
90,54,5634,0.1870534,18.675758,5.176715,0.7074445,0.15988927,0.15988927
90,55,5635,0.18706279,18.676392,5.176601,0.707433,0.15988535,0.15988535
90,56,5636,0.1870682,18.676525,5.1764364,0.7074073,0.15987937,0.15987937
90,57,5637,0.18706703,18.676043,5.176321,0.7073853,0.15987805,0.15987805
90,58,5638,0.18706699,18.675797,5.176186,0.7073636,0.15987726,0.15987726
90,59,5639,0.18706785,18.67531,5.176043,0.70733577,0.1598768,0.1598768
90,60,5640,0.1870666,18.674675,5.1758432,0.7073194,0.15987106,0.15987106
90,61,5641,0.18707383,18.674732,5.1757755,0.7073633,0.15987083,0.15987083
91,0,5642,0.18707992,18.675306,5.175643,0.70736533,0.15986757,0.15986757
91,1,5643,0.18708381,18.67557,5.175581,0.70740813,0.15986629,0.15986629
91,2,5644,0.18708551,18.6762,5.175413,0.70740914,0.1598618,0.1598618
91,3,5645,0.18708429,18.676731,5.175252,0.70741904,0.15985516,0.15985516
91,4,5646,0.18708292,18.676723,5.175101,0.70739037,0.15985148,0.15985148
91,5,5647,0.187091,18.67789,5.1750083,0.70738983,0.15985198,0.15985198
91,6,5648,0.18711054,18.678787,5.174969,0.70736617,0.15985255,0.15985255
91,7,5649,0.18711048,18.678495,5.1749005,0.707364,0.15985225,0.15985225
91,8,5650,0.18711199,18.67847,5.1747494,0.70734054,0.15984753,0.15984753
91,9,5651,0.18711309,18.678776,5.174657,0.70730895,0.15984896,0.15984896
91,10,5652,0.18712085,18.67928,5.1744986,0.707292,0.15984622,0.15984622
91,11,5653,0.18712637,18.680477,5.1744695,0.70730346,0.1598453,0.1598453
91,12,5654,0.18712394,18.680918,5.174456,0.7073071,0.15984848,0.15984848
91,13,5655,0.1871296,18.682055,5.1743474,0.7073425,0.15984692,0.15984692
91,14,5656,0.18713503,18.682215,5.174296,0.70735806,0.15984762,0.15984762
91,15,5657,0.18715248,18.682394,5.1741524,0.70733863,0.1598464,0.1598464
91,16,5658,0.18715447,18.68304,5.1740913,0.70734763,0.1598478,0.1598478
91,17,5659,0.18715733,18.683535,5.173991,0.70735925,0.15984382,0.15984382
91,18,5660,0.18716529,18.68414,5.1738577,0.70737004,0.1598388,0.1598388
91,19,5661,0.18716493,18.684534,5.1737385,0.7073335,0.15983951,0.15983951
91,20,5662,0.18718135,18.685488,5.1736035,0.7073284,0.15983537,0.15983537
91,21,5663,0.1871875,18.686413,5.173497,0.7073045,0.15983409,0.15983409
91,22,5664,0.18719211,18.687502,5.1733975,0.7073487,0.15983155,0.15983155
91,23,5665,0.18719736,18.68799,5.173277,0.70734704,0.15982552,0.15982552
91,24,5666,0.18720669,18.688356,5.173199,0.70732474,0.15982552,0.15982552
91,25,5667,0.18720849,18.688572,5.1730785,0.7073488,0.15982044,0.15982044
91,26,5668,0.18720917,18.689629,5.172982,0.70740366,0.15981556,0.15981556
91,27,5669,0.18721879,18.691278,5.172787,0.70737207,0.15981583,0.15981583
91,28,5670,0.18723246,18.692095,5.172534,0.7073138,0.15981103,0.15981103
91,29,5671,0.18723655,18.691813,5.1723757,0.70727724,0.15980925,0.15980925
91,30,5672,0.18723896,18.692228,5.17225,0.70725816,0.15980579,0.15980579
91,31,5673,0.18724416,18.69286,5.172152,0.70724183,0.1598046,0.1598046
91,32,5674,0.1872454,18.692741,5.172035,0.70723754,0.1598079,0.1598079
91,33,5675,0.18725127,18.692722,5.1719394,0.7072459,0.15980564,0.15980564
91,34,5676,0.18725568,18.69339,5.171863,0.7072358,0.15980218,0.15980218
91,35,5677,0.1872558,18.69335,5.171749,0.7072598,0.1598011,0.1598011
91,36,5678,0.18726215,18.693665,5.171618,0.7072627,0.15979931,0.15979931
91,37,5679,0.18726583,18.694317,5.171505,0.7072597,0.15979786,0.15979786
91,38,5680,0.1872712,18.694338,5.1713305,0.7072544,0.15979369,0.15979369
91,39,5681,0.18728098,18.6948,5.17116,0.7072322,0.15978852,0.15978852
91,40,5682,0.18728898,18.695492,5.170988,0.7072208,0.15978207,0.15978207
91,41,5683,0.18728982,18.695528,5.1708894,0.70726186,0.15977709,0.15977709
91,42,5684,0.18729952,18.695992,5.1707063,0.70726585,0.15976955,0.15976955
91,43,5685,0.18730894,18.696547,5.1705995,0.70727074,0.1597663,0.1597663
91,44,5686,0.1873194,18.696808,5.170411,0.7072734,0.15976073,0.15976073
91,45,5687,0.18732409,18.697235,5.1702695,0.7072718,0.15975612,0.15975612
91,46,5688,0.18733555,18.697891,5.1701784,0.70727974,0.15975463,0.15975463
91,47,5689,0.18733959,18.698061,5.1700673,0.7072797,0.15975101,0.15975101
91,48,5690,0.18735224,18.6994,5.1699076,0.7072913,0.1597478,0.1597478
91,49,5691,0.18735883,18.699848,5.1697607,0.7072883,0.15974538,0.15974538
91,50,5692,0.18736538,18.70009,5.1696863,0.70734155,0.15974554,0.15974554
91,51,5693,0.18736675,18.700293,5.169577,0.7073273,0.15974471,0.15974471
91,52,5694,0.18737301,18.701015,5.1694922,0.7073466,0.1597406,0.1597406
91,53,5695,0.18738164,18.701633,5.169427,0.7073739,0.15973747,0.15973747
91,54,5696,0.1873878,18.702217,5.169311,0.7073804,0.15973477,0.15973477
91,55,5697,0.18739608,18.70334,5.16922,0.7073763,0.15973271,0.15973271
91,56,5698,0.18740433,18.70407,5.1691294,0.70738786,0.15973142,0.15973142
91,57,5699,0.1874046,18.704203,5.1690335,0.7074099,0.15972492,0.15972492
91,58,5700,0.18741903,18.705692,5.168943,0.7074439,0.15972428,0.15972428
91,59,5701,0.18743008,18.706524,5.1688128,0.70743793,0.1597204,0.1597204
91,60,5702,0.1874369,18.707594,5.1687675,0.7074637,0.15972179,0.15972179
91,61,5703,0.18744904,18.708548,5.1686115,0.7074777,0.15972006,0.15972006
92,0,5704,0.18745334,18.708729,5.1684847,0.70747477,0.1597178,0.1597178
92,1,5705,0.18746161,18.709215,5.1683426,0.70749646,0.15971097,0.15971097
92,2,5706,0.18746617,18.709904,5.1682096,0.70749474,0.15970798,0.15970798
92,3,5707,0.1874698,18.71019,5.1680694,0.7074719,0.15970325,0.15970325
92,4,5708,0.18748133,18.711456,5.167964,0.70747834,0.15969811,0.15969811
92,5,5709,0.18748952,18.712458,5.167915,0.7075202,0.15969463,0.15969463
92,6,5710,0.18749654,18.713411,5.167854,0.70753384,0.15969393,0.15969393
92,7,5711,0.18750489,18.714758,5.167909,0.707574,0.15969212,0.15969212
92,8,5712,0.18751997,18.717041,5.1678452,0.70758694,0.15968794,0.15968794
92,9,5713,0.18752837,18.717785,5.167793,0.70758396,0.15968709,0.15968709
92,10,5714,0.18754579,18.718206,5.1677494,0.707615,0.15968305,0.15968305
92,11,5715,0.18755607,18.7182,5.16769,0.70763856,0.15967761,0.15967761
92,12,5716,0.18756412,18.718592,5.167576,0.707627,0.1596748,0.1596748
92,13,5717,0.18756816,18.719587,5.1675196,0.70762277,0.15967456,0.15967456
92,14,5718,0.18757509,18.719938,5.1673603,0.7076107,0.1596692,0.1596692
92,15,5719,0.18758735,18.720707,5.1672344,0.7075832,0.1596662,0.1596662
92,16,5720,0.18759373,18.721512,5.1671,0.7075577,0.15966335,0.15966335
92,17,5721,0.18759884,18.722,5.166999,0.7075805,0.15965575,0.15965575
92,18,5722,0.18759607,18.721634,5.1668563,0.70756984,0.1596513,0.1596513
92,19,5723,0.18759763,18.721632,5.1667647,0.70759094,0.15965036,0.15965036
92,20,5724,0.18760082,18.721895,5.1666255,0.70758766,0.15964884,0.15964884
92,21,5725,0.18760064,18.722036,5.166525,0.7075847,0.1596455,0.1596455
92,22,5726,0.18760689,18.72273,5.166446,0.7075888,0.15964144,0.15964144
92,23,5727,0.18760327,18.72254,5.1663647,0.7075817,0.15964009,0.15964009
92,24,5728,0.18760663,18.723007,5.166292,0.7075505,0.15963784,0.15963784
92,25,5729,0.18761413,18.723404,5.166152,0.70753574,0.15963453,0.15963453
92,26,5730,0.18761848,18.72364,5.166083,0.70754194,0.15962926,0.15962926
92,27,5731,0.18762533,18.724104,5.165957,0.7075399,0.15962648,0.15962648
92,28,5732,0.18763341,18.725044,5.165808,0.7075243,0.159623,0.159623
92,29,5733,0.18763785,18.725273,5.165683,0.7075365,0.15961799,0.15961799
92,30,5734,0.18764047,18.72503,5.1656103,0.70752734,0.15961641,0.15961641
92,31,5735,0.18764424,18.725183,5.1655326,0.70758086,0.15961172,0.15961172
92,32,5736,0.18764919,18.725306,5.165382,0.7075778,0.15960611,0.15960611
92,33,5737,0.1876795,18.725843,5.165252,0.70759296,0.15960231,0.15960231
92,34,5738,0.18768981,18.727303,5.1651893,0.7075961,0.15959862,0.15959862
92,35,5739,0.18769592,18.727802,5.165099,0.7075985,0.15959406,0.15959406
92,36,5740,0.18769959,18.72828,5.164936,0.70759237,0.15958762,0.15958762
92,37,5741,0.18770698,18.729546,5.1647882,0.70760036,0.15958112,0.15958112
92,38,5742,0.1877108,18.729546,5.1646543,0.70759475,0.15957752,0.15957752
92,39,5743,0.18771169,18.729074,5.164482,0.7075807,0.15957302,0.15957302
92,40,5744,0.18771449,18.729347,5.164342,0.7075542,0.15956715,0.15956715
92,41,5745,0.18772393,18.729216,5.1642327,0.7075438,0.1595672,0.1595672
92,42,5746,0.18772742,18.72885,5.1641717,0.7075522,0.15956536,0.15956536
92,43,5747,0.18773222,18.728655,5.1641126,0.7075531,0.15956865,0.15956865
92,44,5748,0.18773416,18.728851,5.1640124,0.70756584,0.15956384,0.15956384
92,45,5749,0.18775669,18.728628,5.1638346,0.7075376,0.15956135,0.15956135
92,46,5750,0.18776916,18.729156,5.163684,0.7075717,0.15955412,0.15955412
92,47,5751,0.18777953,18.729786,5.1635838,0.70757276,0.15955038,0.15955038
92,48,5752,0.18779057,18.730015,5.1634607,0.7075882,0.15954822,0.15954822
92,49,5753,0.18779853,18.731127,5.163318,0.7075907,0.15954354,0.15954354
92,50,5754,0.18780197,18.731617,5.163219,0.7075848,0.15954053,0.15954053
92,51,5755,0.1878051,18.731514,5.163088,0.70757025,0.15954041,0.15954041
92,52,5756,0.18780805,18.731482,5.1629453,0.7075411,0.15953782,0.15953782
92,53,5757,0.18781166,18.731646,5.1628594,0.7075242,0.15953743,0.15953743
92,54,5758,0.18781632,18.73184,5.162741,0.70750016,0.159534,0.159534
92,55,5759,0.18783028,18.733326,5.1626234,0.7074979,0.15953055,0.15953055
92,56,5760,0.18784727,18.734867,5.1625714,0.70748526,0.15953362,0.15953362
92,57,5761,0.18785852,18.73578,5.1625476,0.70752275,0.15953287,0.15953287
92,58,5762,0.18786001,18.735802,5.162397,0.7075082,0.15953016,0.15953016
92,59,5763,0.18786481,18.73647,5.162277,0.7074994,0.15953146,0.15953146
92,60,5764,0.18786784,18.736427,5.1621447,0.7074657,0.15952884,0.15952884
92,61,5765,0.18786548,18.735996,5.162047,0.7074599,0.15952863,0.15952863
93,0,5766,0.18787035,18.736893,5.162003,0.70746875,0.15952894,0.15952894
93,1,5767,0.18787447,18.736969,5.161927,0.70746773,0.15952836,0.15952836
93,2,5768,0.18788421,18.738152,5.1618133,0.7074948,0.15952621,0.15952621
93,3,5769,0.18789367,18.739086,5.1616817,0.70749277,0.15951985,0.15951985
93,4,5770,0.18790735,18.74006,5.161579,0.7075128,0.1595194,0.1595194
93,5,5771,0.1879099,18.740108,5.161478,0.70751166,0.15951627,0.15951627
93,6,5772,0.18791474,18.740416,5.1612825,0.7074585,0.15951109,0.15951109
93,7,5773,0.18792048,18.740606,5.161219,0.70747733,0.15950888,0.15950888
93,8,5774,0.18793145,18.741419,5.161172,0.7075023,0.15950768,0.15950768
93,9,5775,0.18793878,18.742939,5.161119,0.7075446,0.15950532,0.15950532
93,10,5776,0.18794557,18.743866,5.1610055,0.70754147,0.15950102,0.15950102
93,11,5777,0.18795812,18.74424,5.1608763,0.7075517,0.15949707,0.15949707
93,12,5778,0.1879741,18.745031,5.1607413,0.70755357,0.1594893,0.1594893
93,13,5779,0.18797722,18.745247,5.16064,0.7075736,0.1594839,0.1594839
93,14,5780,0.1879824,18.745813,5.1605372,0.70756584,0.15947996,0.15947996
93,15,5781,0.18799274,18.746058,5.160402,0.70754266,0.159478,0.159478
93,16,5782,0.18799439,18.746252,5.160301,0.7075137,0.15947703,0.15947703
93,17,5783,0.18799761,18.746271,5.160203,0.7074722,0.15947634,0.15947634
93,18,5784,0.18800254,18.746868,5.160033,0.70744807,0.15947281,0.15947281
93,19,5785,0.18800804,18.747093,5.1599755,0.7074364,0.15947607,0.15947607
93,20,5786,0.18801549,18.748178,5.159824,0.7074273,0.15947217,0.15947217
93,21,5787,0.18802224,18.74896,5.15975,0.7073944,0.15947662,0.15947662
93,22,5788,0.18803129,18.749214,5.159606,0.7073794,0.15947539,0.15947539
93,23,5789,0.1880391,18.749252,5.1595216,0.7073846,0.15947333,0.15947333
93,24,5790,0.18806313,18.75,5.159446,0.70740074,0.1594709,0.1594709
93,25,5791,0.18806788,18.750473,5.15934,0.70739496,0.15946886,0.15946886
93,26,5792,0.18807064,18.750616,5.159193,0.7073822,0.15946348,0.15946348
93,27,5793,0.1880808,18.751488,5.1590776,0.7073756,0.15946119,0.15946119
93,28,5794,0.1880935,18.752884,5.158968,0.7073803,0.15945768,0.15945768
93,29,5795,0.18809372,18.752417,5.158841,0.7073752,0.15945393,0.15945393
93,30,5796,0.18810032,18.752972,5.1587505,0.7073981,0.15944819,0.15944819
93,31,5797,0.18810587,18.753847,5.1586533,0.7074134,0.15944462,0.15944462
93,32,5798,0.1881201,18.754107,5.15851,0.7074197,0.15944093,0.15944093
93,33,5799,0.18813911,18.754488,5.158369,0.7074121,0.1594376,0.1594376
93,34,5800,0.1881448,18.754602,5.1581993,0.7074194,0.15943314,0.15943314
93,35,5801,0.18815163,18.754313,5.1579843,0.7073764,0.1594292,0.1594292
93,36,5802,0.18815047,18.753466,5.157886,0.7073475,0.15942436,0.15942436
93,37,5803,0.18815948,18.753536,5.157817,0.7073546,0.1594206,0.1594206
93,38,5804,0.18816277,18.754047,5.1577773,0.7073802,0.15942279,0.15942279
93,39,5805,0.18816856,18.754026,5.157654,0.70734394,0.15941988,0.15941988
93,40,5806,0.1881766,18.754934,5.1575193,0.7073271,0.15941557,0.15941557
93,41,5807,0.1881762,18.75467,5.1574373,0.707352,0.15941449,0.15941449
93,42,5808,0.18817985,18.755478,5.157293,0.7073108,0.15941058,0.15941058
93,43,5809,0.18818098,18.755281,5.157175,0.707291,0.15941046,0.15941046
93,44,5810,0.1881913,18.756277,5.1570587,0.70728487,0.15940759,0.15940759
93,45,5811,0.1882013,18.75708,5.156965,0.7073101,0.1594079,0.1594079
93,46,5812,0.18820874,18.757957,5.156821,0.7073026,0.15940425,0.15940425
93,47,5813,0.18822175,18.75876,5.1567683,0.7073542,0.15940216,0.15940216
93,48,5814,0.18822718,18.759281,5.1566815,0.7073975,0.15939835,0.15939835
93,49,5815,0.18823254,18.76,5.1565185,0.7073933,0.15939571,0.15939571
93,50,5816,0.18823856,18.760553,5.1563387,0.70737785,0.15939097,0.15939097
93,51,5817,0.18824644,18.760548,5.1561427,0.70735484,0.1593853,0.1593853
93,52,5818,0.1882514,18.760456,5.155976,0.7073286,0.1593859,0.1593859
93,53,5819,0.18825273,18.759981,5.155853,0.7073185,0.15938452,0.15938452
93,54,5820,0.18825626,18.760342,5.1557064,0.70727986,0.15938398,0.15938398
93,55,5821,0.18826586,18.761517,5.1556077,0.7072599,0.15938394,0.15938394
93,56,5822,0.18827285,18.76233,5.1555314,0.7072778,0.15937892,0.15937892
93,57,5823,0.18828773,18.763891,5.155461,0.70729375,0.15937498,0.15937498
93,58,5824,0.18830228,18.765528,5.15532,0.7073035,0.15937294,0.15937294
93,59,5825,0.18831418,18.766598,5.1552095,0.7072787,0.15936962,0.15936962
93,60,5826,0.18832052,18.766706,5.15516,0.70727646,0.15936518,0.15936518
93,61,5827,0.1883284,18.766907,5.1550226,0.707248,0.15936527,0.15936527
94,0,5828,0.18833797,18.767292,5.1548514,0.7072444,0.15936093,0.15936093
94,1,5829,0.18834198,18.767685,5.15469,0.7072142,0.15935542,0.15935542
94,2,5830,0.18834731,18.768076,5.154596,0.7072203,0.15935202,0.15935202
94,3,5831,0.18835992,18.768393,5.15449,0.70724213,0.1593464,0.1593464
94,4,5832,0.18836187,18.7684,5.154427,0.70725244,0.15934378,0.15934378
94,5,5833,0.18838154,18.768879,5.1543684,0.70726687,0.15933807,0.15933807
94,6,5834,0.18838817,18.769554,5.1542177,0.70724106,0.15933506,0.15933506
94,7,5835,0.18839492,18.770096,5.1541,0.70725167,0.15933171,0.15933171
94,8,5836,0.18839818,18.770378,5.1539907,0.7072683,0.15932861,0.15932861
94,9,5837,0.1884078,18.771067,5.153849,0.7072683,0.15932097,0.15932097
94,10,5838,0.18841973,18.77187,5.1537476,0.70727646,0.15932065,0.15932065
94,11,5839,0.1884221,18.77214,5.1536202,0.7072704,0.1593174,0.1593174
94,12,5840,0.18842626,18.772612,5.1534367,0.70724785,0.15931386,0.15931386
94,13,5841,0.188431,18.772379,5.153265,0.70722604,0.1593106,0.1593106
94,14,5842,0.1884379,18.772629,5.153072,0.7071982,0.15930589,0.15930589
94,15,5843,0.18844083,18.772345,5.152935,0.7071821,0.15930147,0.15930147
94,16,5844,0.18844995,18.773643,5.152829,0.7072507,0.1592943,0.1592943
94,17,5845,0.18845421,18.774302,5.15273,0.70727354,0.15929177,0.15929177
94,18,5846,0.18846351,18.775154,5.1526527,0.70728534,0.15929154,0.15929154
94,19,5847,0.18847239,18.775991,5.1525764,0.7072789,0.15928952,0.15928952
94,20,5848,0.18848509,18.776417,5.152528,0.70727444,0.15928634,0.15928634
94,21,5849,0.18851158,18.776747,5.1525273,0.70727015,0.15928441,0.15928441
94,22,5850,0.1885207,18.77766,5.1523767,0.70726955,0.15928179,0.15928179
94,23,5851,0.18852943,18.77907,5.1523466,0.70729923,0.15928161,0.15928161
94,24,5852,0.18853359,18.779396,5.152295,0.7073099,0.15928054,0.15928054
94,25,5853,0.18853807,18.77957,5.1522107,0.70733947,0.15927683,0.15927683
94,26,5854,0.18854037,18.77993,5.1521215,0.7073198,0.15927625,0.15927625
94,27,5855,0.1885458,18.7804,5.1519585,0.7073189,0.15926923,0.15926923
94,28,5856,0.18854786,18.78076,5.1518054,0.7073074,0.15926282,0.15926282
94,29,5857,0.18855071,18.780506,5.1516895,0.7072777,0.15926325,0.15926325
94,30,5858,0.18856111,18.781162,5.1515627,0.7072482,0.15926069,0.15926069
94,31,5859,0.18856922,18.780735,5.151466,0.70726573,0.15925585,0.15925585
94,32,5860,0.18857616,18.781023,5.1513395,0.70725167,0.15925227,0.15925227
94,33,5861,0.18858975,18.781454,5.1512733,0.7072666,0.15924789,0.15924789
94,34,5862,0.18859297,18.78146,5.1512227,0.7072945,0.1592442,0.1592442
94,35,5863,0.18859898,18.781387,5.15111,0.7073171,0.15923983,0.15923983
94,36,5864,0.18860503,18.781836,5.151044,0.70731556,0.15923905,0.15923905
94,37,5865,0.18861382,18.783087,5.150959,0.70729166,0.15923765,0.15923765
94,38,5866,0.18861996,18.783415,5.150843,0.7073013,0.1592362,0.1592362
94,39,5867,0.18862405,18.783873,5.1507916,0.70731145,0.15923442,0.15923442
94,40,5868,0.1886307,18.784037,5.150704,0.7073258,0.15923251,0.15923251
94,41,5869,0.18864024,18.784744,5.1506352,0.7073548,0.15923128,0.15923128
94,42,5870,0.18864293,18.785221,5.150534,0.7073566,0.15922749,0.15922749
94,43,5871,0.188651,18.78525,5.150515,0.7074194,0.15922743,0.15922743
94,44,5872,0.1886536,18.785492,5.1504736,0.7074386,0.15922706,0.15922706
94,45,5873,0.18866101,18.78568,5.150296,0.707405,0.15922189,0.15922189
94,46,5874,0.1886644,18.785814,5.1501737,0.7073881,0.15921786,0.15921786
94,47,5875,0.1886721,18.786352,5.150081,0.70739144,0.15921515,0.15921515
94,48,5876,0.18867785,18.78659,5.149995,0.7074203,0.1592097,0.1592097
94,49,5877,0.18870305,18.787033,5.149868,0.70738304,0.1592077,0.1592077
94,50,5878,0.18871677,18.787743,5.149716,0.70735055,0.15920544,0.15920544
94,51,5879,0.18872881,18.78871,5.149661,0.7073278,0.15920514,0.15920514
94,52,5880,0.18873425,18.7889,5.1495166,0.70731276,0.15919696,0.15919696
94,53,5881,0.18873742,18.788723,5.149383,0.707286,0.15919676,0.15919676
94,54,5882,0.18873593,18.788334,5.149284,0.7073132,0.15919484,0.15919484
94,55,5883,0.18874507,18.789297,5.149149,0.707272,0.15919462,0.15919462
94,56,5884,0.18874687,18.78975,5.149048,0.70724636,0.15919352,0.15919352
94,57,5885,0.18874867,18.789907,5.148962,0.70724016,0.15919024,0.15919024
94,58,5886,0.18875158,18.790064,5.1487966,0.70721084,0.15918696,0.15918696
94,59,5887,0.18875827,18.790102,5.1486907,0.70721626,0.15918612,0.15918612
94,60,5888,0.18876252,18.790146,5.1485643,0.70722777,0.15918152,0.15918152
94,61,5889,0.18877213,18.790882,5.148398,0.7072168,0.15917702,0.15917702
95,0,5890,0.18878137,18.791718,5.1483283,0.7072324,0.15917407,0.15917407
95,1,5891,0.18878573,18.791996,5.1482487,0.70724714,0.1591704,0.1591704
95,2,5892,0.18879387,18.792166,5.148155,0.70727813,0.15916678,0.15916678
95,3,5893,0.18880215,18.793083,5.1480103,0.70727664,0.15916045,0.15916045
95,4,5894,0.18880676,18.79317,5.1479006,0.7072689,0.15915856,0.15915856
95,5,5895,0.18880856,18.79324,5.1477423,0.70726854,0.15915461,0.15915461
95,6,5896,0.18881848,18.793247,5.1475987,0.7072745,0.15914778,0.15914778
95,7,5897,0.18882443,18.793804,5.147506,0.7072811,0.15914278,0.15914278
95,8,5898,0.18883358,18.794323,5.147425,0.70730025,0.15914266,0.15914266
95,9,5899,0.18883866,18.795198,5.147223,0.7073025,0.15913704,0.15913704
95,10,5900,0.18885353,18.796078,5.1471405,0.70732075,0.1591345,0.1591345
95,11,5901,0.18885791,18.796726,5.1469564,0.70730865,0.15912928,0.15912928
95,12,5902,0.18886596,18.797667,5.146809,0.7072804,0.15912622,0.15912622
95,13,5903,0.18887493,18.798367,5.1466656,0.7072639,0.15912333,0.15912333
95,14,5904,0.18888134,18.79869,5.146549,0.7072413,0.15912348,0.15912348
95,15,5905,0.18888885,18.79882,5.1463985,0.7072362,0.15911937,0.15911937
95,16,5906,0.18890694,18.79926,5.1462364,0.70725894,0.15911216,0.15911216
95,17,5907,0.1889178,18.799421,5.146171,0.7072838,0.15910998,0.15910998
95,18,5908,0.18893555,18.800491,5.1460376,0.70726687,0.1591113,0.1591113
95,19,5909,0.1889439,18.800734,5.1459384,0.7072796,0.15911019,0.15911019
95,20,5910,0.18895683,18.800787,5.145859,0.7073059,0.15910724,0.15910724
95,21,5911,0.18897006,18.801207,5.145699,0.7072933,0.15910302,0.15910302
95,22,5912,0.18897694,18.802193,5.145648,0.7073432,0.1591028,0.1591028
95,23,5913,0.18897668,18.802069,5.145481,0.7073546,0.15909736,0.15909736
95,24,5914,0.18898396,18.802279,5.145337,0.7073621,0.15909263,0.15909263
95,25,5915,0.18899176,18.8026,5.145266,0.7073707,0.15909344,0.15909344
95,26,5916,0.18899938,18.80331,5.145103,0.7073893,0.15908736,0.15908736
95,27,5917,0.18900388,18.804068,5.1450324,0.7073949,0.1590849,0.1590849
95,28,5918,0.18901443,18.80523,5.1448536,0.7073651,0.15907918,0.15907918
95,29,5919,0.18902284,18.805088,5.1447906,0.70734966,0.15908094,0.15908094
95,30,5920,0.18902883,18.80508,5.144687,0.70734787,0.15907677,0.15907677
95,31,5921,0.18903428,18.805813,5.1446157,0.70738673,0.15907471,0.15907471
95,32,5922,0.1890435,18.806877,5.144426,0.7073933,0.15906684,0.15906684
95,33,5923,0.18904737,18.80733,5.144296,0.7073778,0.15906526,0.15906526
95,34,5924,0.18904874,18.807281,5.1441603,0.70737916,0.15906106,0.15906106
95,35,5925,0.18904707,18.806774,5.1439986,0.70737404,0.15905482,0.15905482
95,36,5926,0.18904963,18.807343,5.143861,0.70737284,0.15905173,0.15905173
95,37,5927,0.18905807,18.808075,5.1437726,0.70740247,0.15904744,0.15904744
95,38,5928,0.18906021,18.808231,5.143662,0.70738465,0.15904483,0.15904483
95,39,5929,0.18906944,18.80864,5.1435523,0.70740867,0.15903945,0.15903945
95,40,5930,0.18907703,18.809086,5.1434608,0.7074355,0.15903561,0.15903561
95,41,5931,0.18907857,18.809324,5.143336,0.70743257,0.15903342,0.15903342
95,42,5932,0.18908966,18.810562,5.143261,0.707419,0.15902966,0.15902966
95,43,5933,0.18909465,18.811205,5.1431184,0.70743674,0.15902315,0.15902315
95,44,5934,0.18910095,18.811802,5.1429634,0.70743084,0.15902047,0.15902047
95,45,5935,0.18910676,18.812145,5.1427884,0.7073874,0.15902215,0.15902215
95,46,5936,0.18910992,18.81215,5.1426725,0.7073916,0.15902224,0.15902224
95,47,5937,0.18911135,18.81221,5.1425624,0.70737803,0.15901774,0.15901774
95,48,5938,0.18911432,18.811708,5.142469,0.7073804,0.15901886,0.15901886
95,49,5939,0.18913266,18.811974,5.1423793,0.70738274,0.15901664,0.15901664
95,50,5940,0.18914379,18.812717,5.1423273,0.7074346,0.15901527,0.15901527
95,51,5941,0.18915223,18.813929,5.142207,0.7074143,0.15901189,0.15901189
95,52,5942,0.18916442,18.815311,5.1420364,0.7073865,0.15901081,0.15901081
95,53,5943,0.18917158,18.81565,5.1419578,0.70737505,0.15901366,0.15901366
95,54,5944,0.18917793,18.816563,5.1418667,0.70736843,0.15901008,0.15901008
95,55,5945,0.18918255,18.817083,5.141745,0.7073436,0.15900697,0.15900697
95,56,5946,0.18919101,18.817322,5.14167,0.7073499,0.159006,0.159006
95,57,5947,0.18921188,18.81824,5.1415763,0.70734155,0.15900289,0.15900289
95,58,5948,0.18922023,18.818459,5.141485,0.70733196,0.15899983,0.15899983
95,59,5949,0.18922666,18.819332,5.141378,0.7073416,0.1589945,0.1589945
95,60,5950,0.18922928,18.819746,5.141304,0.7073703,0.15899287,0.15899287
95,61,5951,0.1892322,18.81996,5.1411624,0.70736253,0.15898836,0.15898836
96,0,5952,0.18923691,18.82056,5.1410027,0.7073597,0.15898633,0.15898633
96,1,5953,0.18925622,18.8213,5.140786,0.7073297,0.15898049,0.15898049
96,2,5954,0.18925412,18.820835,5.140696,0.7073532,0.15897988,0.15897988
96,3,5955,0.18925768,18.82096,5.1405864,0.70734763,0.15897238,0.15897238
96,4,5956,0.18926346,18.820961,5.1404896,0.7073406,0.15896815,0.15896815
96,5,5957,0.18926756,18.821701,5.1403947,0.7073309,0.1589635,0.1589635
96,6,5958,0.18927032,18.821903,5.140311,0.707325,0.15896103,0.15896103
96,7,5959,0.18927178,18.821774,5.140178,0.70730376,0.15895803,0.15895803
96,8,5960,0.18927419,18.821392,5.1400604,0.7073064,0.15895471,0.15895471
96,9,5961,0.18928942,18.822067,5.1399655,0.70732087,0.15895331,0.15895331
96,10,5962,0.18929687,18.821907,5.1397905,0.70732385,0.15895076,0.15895076
96,11,5963,0.18931144,18.822906,5.1396728,0.7073299,0.15894647,0.15894647
96,12,5964,0.18931523,18.82347,5.1395855,0.70732737,0.15894364,0.15894364
96,13,5965,0.18931928,18.824007,5.1394114,0.70728785,0.15894116,0.15894116
96,14,5966,0.18932188,18.824503,5.139228,0.70725656,0.15893817,0.15893817
96,15,5967,0.18933323,18.825243,5.1391234,0.7072609,0.15893716,0.15893716
96,16,5968,0.18933338,18.825403,5.139013,0.70724183,0.15893488,0.15893488
96,17,5969,0.18933453,18.825853,5.138872,0.707209,0.1589302,0.1589302
96,18,5970,0.18934248,18.825663,5.1387315,0.70721596,0.15892611,0.15892611
96,19,5971,0.18934649,18.825758,5.138653,0.7072117,0.1589251,0.1589251
96,20,5972,0.18935081,18.825548,5.13849,0.70718366,0.15892038,0.15892038
96,21,5973,0.18935679,18.826056,5.138374,0.70718443,0.15891801,0.15891801
96,22,5974,0.18936004,18.825779,5.1382227,0.70716614,0.15891697,0.15891697
96,23,5975,0.18936634,18.826338,5.1381927,0.70717335,0.15891716,0.15891716
96,24,5976,0.18937543,18.82607,5.1380777,0.70718044,0.15891185,0.15891185
96,25,5977,0.18937849,18.826168,5.137973,0.70715696,0.15891312,0.15891312
96,26,5978,0.18938585,18.8263,5.137865,0.7071143,0.15891428,0.15891428
96,27,5979,0.1893887,18.826475,5.1377406,0.707135,0.15890929,0.15890929
96,28,5980,0.18939655,18.827148,5.137653,0.70715076,0.15890181,0.15890181
96,29,5981,0.18940854,18.828653,5.137512,0.70714086,0.15889655,0.15889655
96,30,5982,0.18942907,18.829325,5.137348,0.7071431,0.15889154,0.15889154
96,31,5983,0.18943477,18.829205,5.1372576,0.7071626,0.15889005,0.15889005
96,32,5984,0.18944356,18.829803,5.137141,0.7071656,0.15888585,0.15888585
96,33,5985,0.18944658,18.830132,5.137006,0.7071955,0.15887776,0.15887776
96,34,5986,0.1894601,18.83147,5.1369243,0.7072047,0.15887587,0.15887587
96,35,5987,0.18946321,18.831375,5.1368136,0.70720816,0.15887631,0.15887631
96,36,5988,0.189473,18.832396,5.136641,0.70720506,0.15887332,0.15887332
96,37,5989,0.18948087,18.832403,5.1365085,0.70718926,0.1588744,0.1588744
96,38,5990,0.1894859,18.833212,5.136397,0.7071779,0.15887283,0.15887283
96,39,5991,0.18948889,18.833351,5.1362104,0.70717555,0.15886821,0.15886821
96,40,5992,0.18949755,18.833822,5.1360583,0.70716494,0.15886916,0.15886916
96,41,5993,0.18951273,18.833632,5.1359415,0.7072011,0.15886436,0.15886436
96,42,5994,0.18951833,18.833986,5.1357913,0.7071986,0.15885952,0.15885952
96,43,5995,0.18952893,18.835323,5.135702,0.7072017,0.15885675,0.15885675
96,44,5996,0.18954065,18.836731,5.135555,0.7071963,0.15885177,0.15885177
96,45,5997,0.18954508,18.836979,5.1355,0.7072429,0.15884666,0.15884666
96,46,5998,0.18955219,18.837646,5.135396,0.7072514,0.1588441,0.1588441
96,47,5999,0.1895563,18.837944,5.135265,0.70723116,0.15884125,0.15884125
96,48,6000,0.18956509,18.839115,5.1352034,0.70724756,0.15883575,0.15883575
96,49,6001,0.18956774,18.839535,5.1351166,0.7072461,0.15883449,0.15883449
96,50,6002,0.18958157,18.84109,5.135014,0.7072439,0.15882953,0.15882953
96,51,6003,0.18958776,18.841986,5.1349745,0.7072544,0.15882637,0.15882637
96,52,6004,0.1895931,18.843092,5.134899,0.70725185,0.1588212,0.1588212
96,53,6005,0.18959635,18.84356,5.13482,0.7072418,0.1588185,0.1588185
96,54,6006,0.18960252,18.843615,5.134651,0.7072562,0.1588147,0.1588147
96,55,6007,0.1896092,18.843695,5.1345243,0.70724636,0.15881228,0.15881228
96,56,6008,0.18961982,18.844212,5.1343856,0.7072486,0.15880719,0.15880719
96,57,6009,0.18963538,18.846325,5.1342454,0.7072406,0.15880655,0.15880655
96,58,6010,0.18964314,18.847248,5.134055,0.70720816,0.1588012,0.1588012
96,59,6011,0.18964738,18.847456,5.1338944,0.7071843,0.1587961,0.1587961
96,60,6012,0.1896555,18.847258,5.1338334,0.70719194,0.15879546,0.15879546
96,61,6013,0.18966773,18.847567,5.133674,0.70717514,0.15878777,0.15878777
97,0,6014,0.18967816,18.847652,5.1335535,0.70717657,0.15878439,0.15878439
97,1,6015,0.18968166,18.847183,5.133398,0.7071851,0.15878111,0.15878111
97,2,6016,0.1896844,18.847416,5.1332273,0.70714533,0.15877712,0.15877712
97,3,6017,0.18968685,18.84764,5.13306,0.7071425,0.15877262,0.15877262
97,4,6018,0.189689,18.847906,5.132964,0.7071414,0.15876734,0.15876734
97,5,6019,0.18968847,18.847809,5.1328554,0.7071282,0.15876669,0.15876669
97,6,6020,0.18969437,18.84905,5.1327486,0.7071467,0.15876399,0.15876399
97,7,6021,0.18970081,18.850098,5.132595,0.7071669,0.15875784,0.15875784
97,8,6022,0.18970792,18.850681,5.1325164,0.70720315,0.1587539,0.1587539
97,9,6023,0.18973272,18.851387,5.132371,0.70721227,0.1587487,0.1587487
97,10,6024,0.18973732,18.851923,5.1322584,0.7072309,0.1587457,0.1587457
97,11,6025,0.18974194,18.852571,5.132151,0.70726496,0.15874231,0.15874231
97,12,6026,0.18974137,18.852472,5.132002,0.7072661,0.1587367,0.1587367
97,13,6027,0.1897461,18.853048,5.131865,0.7072709,0.15872966,0.15872966
97,14,6028,0.18974933,18.853617,5.13176,0.7072898,0.15872657,0.15872657
97,15,6029,0.18975447,18.854252,5.1315746,0.7072681,0.15872204,0.15872204
97,16,6030,0.18975717,18.854578,5.13147,0.7072623,0.15871684,0.15871684
97,17,6031,0.1897633,18.854935,5.131431,0.7072964,0.15871623,0.15871623
97,18,6032,0.18978062,18.856462,5.131334,0.7073341,0.15871201,0.15871201
97,19,6033,0.18978399,18.856934,5.1312575,0.7073419,0.15871228,0.15871228
97,20,6034,0.18979411,18.857595,5.13121,0.7073506,0.15871122,0.15871122
97,21,6035,0.18980357,18.858675,5.1311126,0.70732075,0.15870777,0.15870777
97,22,6036,0.18981436,18.859169,5.1310153,0.70734394,0.15870322,0.15870322
97,23,6037,0.18981874,18.859451,5.130944,0.70730317,0.15870361,0.15870361
97,24,6038,0.18981689,18.859201,5.130796,0.70730364,0.15870023,0.15870023
97,25,6039,0.18982011,18.85979,5.1306047,0.70730084,0.15869705,0.15869705
97,26,6040,0.18982238,18.860418,5.13043,0.7073022,0.15869099,0.15869099
97,27,6041,0.18982644,18.860542,5.1302676,0.70732194,0.15868346,0.15868346
97,28,6042,0.18983062,18.86147,5.1300955,0.7073122,0.1586773,0.1586773
97,29,6043,0.18983093,18.861715,5.1299696,0.70728636,0.15867323,0.15867323
97,30,6044,0.18983662,18.862654,5.129823,0.70725584,0.15866715,0.15866715
97,31,6045,0.18984085,18.863117,5.129682,0.7072437,0.15866087,0.15866087
97,32,6046,0.18984294,18.86266,5.129635,0.70723987,0.15866332,0.15866332
97,33,6047,0.18984699,18.863026,5.129516,0.7072198,0.15866113,0.15866113
97,34,6048,0.18984577,18.863169,5.1294475,0.7072226,0.15865946,0.15865946
97,35,6049,0.18984729,18.863102,5.1293964,0.7072313,0.15865627,0.15865627
97,36,6050,0.189854,18.863428,5.1292987,0.7072545,0.1586546,0.1586546
97,37,6051,0.18985912,18.86393,5.129125,0.70723057,0.15865044,0.15865044
97,38,6052,0.18985932,18.863688,5.1290383,0.70722884,0.15864792,0.15864792
97,39,6053,0.1899014,18.864359,5.128918,0.7072154,0.15864365,0.15864365
97,40,6054,0.18990707,18.86473,5.128749,0.7071945,0.15863986,0.15863986
97,41,6055,0.18991539,18.865646,5.1286144,0.7071773,0.1586376,0.1586376
97,42,6056,0.1899158,18.865437,5.128522,0.7071797,0.15863533,0.15863533
97,43,6057,0.18991803,18.86566,5.128496,0.7072146,0.15863472,0.15863472
97,44,6058,0.18992183,18.865963,5.128392,0.7072201,0.15863341,0.15863341
97,45,6059,0.18993,18.866148,5.12827,0.7072181,0.15863569,0.15863569
97,46,6060,0.18993908,18.865932,5.128182,0.7072154,0.1586359,0.1586359
97,47,6061,0.18994191,18.8662,5.128076,0.70722187,0.15863267,0.15863267
97,48,6062,0.18995002,18.867113,5.127949,0.7072727,0.15862903,0.15862903
97,49,6063,0.1899581,18.867542,5.127761,0.7072765,0.15862365,0.15862365
97,50,6064,0.1899643,18.868988,5.1277294,0.7073156,0.15862034,0.15862034
97,51,6065,0.18996629,18.869396,5.127694,0.70732695,0.15862295,0.15862295
97,52,6066,0.18997161,18.870235,5.127565,0.7073286,0.1586153,0.1586153
97,53,6067,0.18997757,18.870323,5.127412,0.70734274,0.15861078,0.15861078
97,54,6068,0.18998227,18.870472,5.12733,0.7073348,0.15861014,0.15861014
97,55,6069,0.18998945,18.871061,5.1272407,0.70732164,0.1586066,0.1586066
97,56,6070,0.18998805,18.87095,5.1271706,0.70732045,0.15860434,0.15860434
97,57,6071,0.1899961,18.872452,5.127043,0.7073149,0.15860161,0.15860161
97,58,6072,0.18999946,18.873013,5.126869,0.7072998,0.15859847,0.15859847
97,59,6073,0.18999675,18.872952,5.1267595,0.70730937,0.15859805,0.15859805
97,60,6074,0.19000204,18.87337,5.1265745,0.7072912,0.15859245,0.15859245
97,61,6075,0.19000876,18.874352,5.126496,0.7073273,0.15858737,0.15858737
98,0,6076,0.1900211,18.875063,5.126398,0.7073416,0.15858352,0.15858352
98,1,6077,0.19002339,18.875288,5.126263,0.7073231,0.15858023,0.15858023
98,2,6078,0.19002408,18.87545,5.1261463,0.707308,0.15857734,0.15857734
98,3,6079,0.19002908,18.875942,5.12603,0.7072869,0.15857723,0.15857723
98,4,6080,0.19003204,18.876617,5.1259637,0.70727587,0.15857494,0.15857494
98,5,6081,0.190035,18.87738,5.1259046,0.70729643,0.15857238,0.15857238
98,6,6082,0.19004513,18.878056,5.125779,0.7073095,0.15857215,0.15857215
98,7,6083,0.19005495,18.878738,5.1256714,0.7073203,0.15856925,0.15856925
98,8,6084,0.1900648,18.879068,5.125536,0.7073408,0.15856479,0.15856479
98,9,6085,0.19007143,18.879936,5.1253963,0.7073231,0.15856165,0.15856165
98,10,6086,0.19007756,18.88077,5.125272,0.70726377,0.15855876,0.15855876
98,11,6087,0.19008154,18.881145,5.125274,0.70731676,0.15855606,0.15855606
98,12,6088,0.1900933,18.88204,5.125201,0.7073481,0.15855235,0.15855235
98,13,6089,0.19010904,18.882645,5.1252255,0.7073742,0.15855111,0.15855111
98,14,6090,0.19012392,18.88432,5.125075,0.70739126,0.15854426,0.15854426
98,15,6091,0.19012883,18.885468,5.1249905,0.70739657,0.15853922,0.15853922
98,16,6092,0.19014695,18.886436,5.1248803,0.7073933,0.15853529,0.15853529
98,17,6093,0.19015263,18.887499,5.1247663,0.7074357,0.15853134,0.15853134
98,18,6094,0.19015767,18.888348,5.1246524,0.70743334,0.15852964,0.15852964
98,19,6095,0.1901718,18.889791,5.124472,0.7074154,0.15852568,0.15852568
98,20,6096,0.19018176,18.891129,5.124315,0.70739293,0.15852168,0.15852168
98,21,6097,0.19018748,18.891165,5.1241717,0.7074089,0.15851437,0.15851437
98,22,6098,0.19018763,18.891346,5.1241364,0.70742804,0.15851416,0.15851416
98,23,6099,0.19019526,18.891998,5.1240516,0.7074324,0.15851064,0.15851064
98,24,6100,0.1902007,18.892212,5.1239433,0.70745116,0.15850502,0.15850502
98,25,6101,0.19020386,18.892532,5.1238427,0.7074419,0.15849885,0.15849885
98,26,6102,0.19021642,18.894096,5.123741,0.70743936,0.15849447,0.15849447
98,27,6103,0.19022298,18.89494,5.1236687,0.70747733,0.15849163,0.15849163
98,28,6104,0.19023116,18.89544,5.1235366,0.70748574,0.15848733,0.15848733
98,29,6105,0.19024144,18.896013,5.123434,0.7075055,0.1584827,0.1584827
98,30,6106,0.19024828,18.896988,5.123369,0.7075264,0.15848215,0.15848215
98,31,6107,0.19025421,18.897793,5.1232595,0.70753103,0.15847576,0.15847576
98,32,6108,0.19025576,18.898056,5.1232123,0.70753366,0.15847516,0.15847516
98,33,6109,0.19026063,18.899029,5.123103,0.7075472,0.158472,0.158472
98,34,6110,0.19026563,18.899357,5.1230087,0.70754385,0.1584711,0.1584711
98,35,6111,0.1902801,18.900639,5.122949,0.70754886,0.1584722,0.1584722
98,36,6112,0.19028243,18.900997,5.122851,0.7075726,0.15846778,0.15846778
98,37,6113,0.19028753,18.902128,5.122787,0.7075974,0.1584665,0.1584665
98,38,6114,0.19029328,18.903177,5.1226873,0.70762414,0.15846479,0.15846479
98,39,6115,0.19030145,18.904594,5.122553,0.70762676,0.15846284,0.15846284
98,40,6116,0.19030778,18.905289,5.1224875,0.7076408,0.15846229,0.15846229
98,41,6117,0.19031787,18.906103,5.12234,0.7076332,0.15845786,0.15845786
98,42,6118,0.1903238,18.906904,5.1222277,0.70766026,0.15845144,0.15845144
98,43,6119,0.19032618,18.907188,5.1221848,0.7076731,0.15845288,0.15845288
98,44,6120,0.19032827,18.907322,5.122129,0.70771027,0.15844908,0.15844908
98,45,6121,0.1903334,18.908054,5.1220293,0.7077001,0.15844484,0.15844484
98,46,6122,0.19034064,18.90845,5.12194,0.70771843,0.1584402,0.1584402
98,47,6123,0.19034404,18.908714,5.121825,0.70771724,0.15843843,0.15843843
98,48,6124,0.19034752,18.909212,5.121688,0.70770764,0.15843429,0.15843429
98,49,6125,0.19035,18.909227,5.1215806,0.7077184,0.15842678,0.15842678
98,50,6126,0.19035621,18.909851,5.121446,0.70769846,0.158425,0.158425
98,51,6127,0.19036525,18.909779,5.1212935,0.70768076,0.15842059,0.15842059
98,52,6128,0.19037333,18.910013,5.121151,0.70768106,0.1584162,0.1584162
98,53,6129,0.19038856,18.910152,5.121079,0.7076798,0.15841518,0.15841518
98,54,6130,0.19039527,18.910187,5.120919,0.7076976,0.15840973,0.15840973
98,55,6131,0.19039819,18.910397,5.120763,0.7076804,0.15840392,0.15840392
98,56,6132,0.1904116,18.912102,5.1207037,0.7076824,0.15840314,0.15840314
98,57,6133,0.19041765,18.911999,5.120576,0.70767295,0.1584,0.1584
98,58,6134,0.19042304,18.912445,5.12047,0.7076703,0.15839373,0.15839373
98,59,6135,0.1904284,18.913687,5.120348,0.70767015,0.15839042,0.15839042
98,60,6136,0.19042872,18.91385,5.120267,0.7076899,0.15838803,0.15838803
98,61,6137,0.19043949,18.914093,5.1201615,0.7077009,0.15838638,0.15838638
99,0,6138,0.19044834,18.91548,5.1200585,0.707738,0.1583824,0.1583824
99,1,6139,0.19046195,18.917173,5.119899,0.70774436,0.15838031,0.15838031
99,2,6140,0.19046882,18.917322,5.1197615,0.70775056,0.15837644,0.15837644
99,3,6141,0.19047472,18.917568,5.119615,0.7077179,0.15837592,0.15837592
99,4,6142,0.19047987,18.91727,5.1194987,0.70771194,0.15837424,0.15837424
99,5,6143,0.1904828,18.91694,5.119325,0.70770067,0.1583665,0.1583665
99,6,6144,0.19048586,18.917044,5.119284,0.7077322,0.15836167,0.15836167
99,7,6145,0.19048643,18.916927,5.119232,0.7077429,0.15836112,0.15836112
99,8,6146,0.19048896,18.917137,5.1190906,0.7077279,0.15835713,0.15835713
99,9,6147,0.19051951,18.917217,5.1190066,0.70770335,0.15835363,0.15835363
99,10,6148,0.19052266,18.917322,5.118913,0.70768136,0.15834998,0.15834998
99,11,6149,0.19052832,18.917583,5.1187325,0.7076396,0.15834585,0.15834585
99,12,6150,0.19053327,18.918186,5.1186295,0.70763344,0.1583449,0.1583449
99,13,6151,0.19053411,18.918886,5.1185665,0.70767796,0.15834032,0.15834032
99,14,6152,0.1905357,18.919437,5.1184793,0.7076927,0.15833718,0.15833718
99,15,6153,0.19054341,18.920052,5.1184645,0.7077257,0.15833971,0.15833971
99,16,6154,0.19054952,18.921118,5.1184115,0.7077186,0.1583412,0.1583412
99,17,6155,0.19055775,18.921726,5.118283,0.7077391,0.15833896,0.15833896
99,18,6156,0.1905599,18.92201,5.1181226,0.7077119,0.15833603,0.15833603
99,19,6157,0.19055714,18.921799,5.1180687,0.7077466,0.15833278,0.15833278
99,20,6158,0.19055699,18.922039,5.117949,0.70773655,0.15832968,0.15832968
99,21,6159,0.19056714,18.923628,5.117819,0.70775336,0.15832357,0.15832357
99,22,6160,0.19057593,18.92357,5.1177,0.7077552,0.15831792,0.15831792
99,23,6161,0.19058594,18.92443,5.11759,0.70774996,0.15831693,0.15831693
99,24,6162,0.19058937,18.924606,5.1174793,0.7077662,0.15831397,0.15831397
99,25,6163,0.19059679,18.925446,5.1173377,0.70775664,0.15831189,0.15831189
99,26,6164,0.19059952,18.925962,5.117153,0.70774895,0.1583062,0.1583062
99,27,6165,0.19060068,18.926027,5.117046,0.70775473,0.15830074,0.15830074
99,28,6166,0.1906028,18.92609,5.1170106,0.7077755,0.15829745,0.15829745
99,29,6167,0.19062021,18.927074,5.116871,0.70778024,0.15829125,0.15829125
99,30,6168,0.19063306,18.928429,5.116831,0.7078074,0.158288,0.158288
99,31,6169,0.19063951,18.929152,5.116812,0.70784134,0.15828638,0.15828638
99,32,6170,0.19065121,18.93172,5.1166887,0.7078632,0.15828165,0.15828165
99,33,6171,0.1906673,18.933296,5.1165686,0.7078701,0.1582758,0.1582758
99,34,6172,0.19067478,18.934679,5.116484,0.7079238,0.15827277,0.15827277
99,35,6173,0.19068372,18.935785,5.1163464,0.70794433,0.15826651,0.15826651
99,36,6174,0.1906926,18.93781,5.1161723,0.70793283,0.15826021,0.15826021
99,37,6175,0.19069871,18.938736,5.116019,0.7078979,0.15825775,0.15825775
99,38,6176,0.19070026,18.938478,5.115889,0.7078996,0.15825549,0.15825549
99,39,6177,0.19070587,18.938765,5.1157975,0.707915,0.15825133,0.15825133
99,40,6178,0.19070902,18.938818,5.115644,0.7078989,0.15824921,0.15824921
99,41,6179,0.19071455,18.938955,5.115521,0.707914,0.1582464,0.1582464
99,42,6180,0.19071463,18.938658,5.1153803,0.7079121,0.15824403,0.15824403
99,43,6181,0.19072525,18.938875,5.1152434,0.70791256,0.15824035,0.15824035
99,44,6182,0.19073112,18.938839,5.1150575,0.7079002,0.1582334,0.1582334
99,45,6183,0.1907428,18.939426,5.114902,0.7079084,0.15822856,0.15822856
99,46,6184,0.19074629,18.939524,5.1148195,0.70791715,0.15822664,0.15822664
99,47,6185,0.1907667,18.940031,5.1147013,0.70793384,0.15821864,0.15821864
99,48,6186,0.19077401,18.940445,5.1145244,0.70791155,0.1582141,0.1582141
99,49,6187,0.19078094,18.94014,5.114417,0.70790654,0.15821242,0.15821242
99,50,6188,0.19077766,18.93992,5.114298,0.7078928,0.1582094,0.1582094
99,51,6189,0.1907847,18.940838,5.1141973,0.7078907,0.15820721,0.15820721
99,52,6190,0.19078732,18.941338,5.11413,0.70792353,0.1582041,0.1582041
99,53,6191,0.19079624,18.941978,5.114026,0.70790905,0.1581997,0.1581997
99,54,6192,0.19079754,18.942255,5.113888,0.7078766,0.15819797,0.15819797
99,55,6193,0.19080207,18.94281,5.113796,0.70791185,0.15819538,0.15819538
99,56,6194,0.19080585,18.943329,5.113693,0.7078978,0.1581927,0.1581927
99,57,6195,0.19081223,18.944157,5.1136928,0.70790845,0.15819353,0.15819353
99,58,6196,0.19082013,18.945398,5.1137257,0.70793957,0.1581968,0.1581968
99,59,6197,0.19082311,18.946156,5.11365,0.7079507,0.15819287,0.15819287
99,60,6198,0.19082439,18.946743,5.113574,0.7079729,0.15819229,0.15819229
99,61,6199,0.1908303,18.947271,5.1134763,0.7079759,0.15818961,0.15818961
