epoch,batch,global_step,d_loss,d_acc,g_loss,g_adv,g_recon,g_id
0,0,0,3.053545,324.44608,18.946024,0.9929209,0.7465877,0.7465877
0,1,1,2.0905242,217.72911,17.861567,0.8930265,0.67222536,0.67222536
0,2,2,1.6118884,168.25749,16.869652,0.8626126,0.65045214,0.65045214
0,3,3,1.428436,145.19843,16.349215,0.85659456,0.64949477,0.64949477
0,4,4,1.2722359,128.9255,15.519811,0.8384935,0.6302322,0.6302322
0,5,5,1.1425549,116.23948,14.984126,0.8119538,0.61551535,0.61551535
0,6,6,1.0473995,106.38754,14.639967,0.7910369,0.6036333,0.6036333
0,7,7,1.0007615,99.01604,14.284688,0.7827747,0.5891938,0.5891938
0,8,8,0.94903654,94.16251,13.94123,0.76217115,0.57407385,0.57407385
0,9,9,0.90212005,89.84881,13.696009,0.74915844,0.5647199,0.5647199
0,10,10,0.8824183,90.477295,13.46221,0.73525196,0.55546105,0.55546105
0,11,11,0.84951735,87.53618,13.218994,0.730427,0.5440223,0.5440223
0,12,12,0.81892335,83.7134,13.0184355,0.6997032,0.5347929,0.5347929
0,13,13,0.8178712,80.98835,12.914142,0.6838364,0.52916276,0.52916276
0,14,14,0.7913597,78.19203,12.835957,0.6805083,0.52342695,0.52342695
0,15,15,0.7688738,75.81027,12.671794,0.6652652,0.517334,0.517334
0,16,16,0.75212514,74.27287,12.517707,0.6579426,0.5105656,0.5105656
0,17,17,0.7319969,72.23507,12.377881,0.6437212,0.5039101,0.5039101
0,18,18,0.71676505,70.80837,12.257195,0.6299805,0.49879596,0.49879596
0,19,19,0.7013695,69.44405,12.129663,0.6215642,0.49367806,0.49367806
0,20,20,0.6901698,68.846855,12.013772,0.6140046,0.48948666,0.48948666
0,21,21,0.6778133,67.57474,11.931362,0.6053713,0.48618278,0.48618278
0,22,22,0.66642153,66.44831,11.848787,0.604325,0.48291734,0.48291734
0,23,23,0.6533207,65.07515,11.735229,0.5966972,0.4781451,0.4781451
0,24,24,0.6424973,64.03788,11.636342,0.5902089,0.47398362,0.47398362
0,25,25,0.63332415,63.144863,11.563749,0.59024113,0.46984994,0.46984994
0,26,26,0.6221121,62.198627,11.497882,0.5832721,0.46728003,0.46728003
0,27,27,0.6118636,61.205612,11.408987,0.57708263,0.46206486,0.46206486
0,28,28,0.603444,60.37446,11.312097,0.57014585,0.45782787,0.45782787
0,29,29,0.59518147,59.549965,11.230691,0.5666684,0.45392197,0.45392197
0,30,30,0.58882785,58.70729,11.160377,0.5705978,0.45055586,0.45055586
0,31,31,0.58313936,58.512844,11.095235,0.5647727,0.447895,0.447895
0,32,32,0.5770215,58.11955,11.027404,0.5629765,0.44466856,0.44466856
0,33,33,0.56989396,57.437992,10.951807,0.5567884,0.4405978,0.4405978
0,34,34,0.5628146,56.78227,10.890239,0.5547264,0.4377785,0.4377785
0,35,35,0.55546707,56.0688,10.806012,0.54617345,0.43427414,0.43427414
0,36,36,0.5509651,55.733204,10.751568,0.540442,0.43154755,0.43154755
0,37,37,0.5473003,55.272438,10.684711,0.5365928,0.42873695,0.42873695
0,38,38,0.54213935,54.735397,10.608844,0.5336063,0.42511994,0.42511994
0,39,39,0.53726995,54.255802,10.556969,0.5358917,0.422551,0.422551
0,40,40,0.5320853,53.85649,10.501539,0.5339283,0.41967162,0.41967162
0,41,41,0.52821535,53.539635,10.458677,0.5320513,0.41753605,0.41753605
0,42,42,0.52409273,53.079586,10.40498,0.52982306,0.4145072,0.4145072
0,43,43,0.5180546,52.484287,10.346891,0.5284317,0.41159496,0.41159496
0,44,44,0.51463544,52.1893,10.285905,0.52726805,0.408227,0.408227
0,45,45,0.51025826,51.843216,10.225476,0.5221462,0.40586826,0.40586826
0,46,46,0.5051036,51.427925,10.20274,0.5225347,0.40462005,0.40462005
0,47,47,0.50024647,50.904285,10.1606865,0.52003604,0.40201592,0.40201592
0,48,48,0.49536115,50.476658,10.100893,0.5176881,0.3989538,0.3989538
0,49,49,0.4914249,50.082855,10.048107,0.5156807,0.3961984,0.3961984
0,50,50,0.48820633,49.804306,10.011503,0.5145814,0.3944524,0.3944524
0,51,51,0.48536456,49.544388,9.973183,0.5137042,0.39227325,0.39227325
0,52,52,0.4818798,49.23369,9.938284,0.5112761,0.3903701,0.3903701
0,53,53,0.4778568,48.865845,9.904014,0.50968564,0.3884346,0.3884346
0,54,54,0.47535712,48.573242,9.87035,0.50739735,0.38657162,0.38657162
0,55,55,0.47280276,48.258778,9.839053,0.50651306,0.3847424,0.3847424
0,56,56,0.46984985,47.986645,9.806718,0.5049525,0.38287708,0.38287708
0,57,57,0.46648437,47.65925,9.772169,0.5063067,0.3809348,0.3809348
0,58,58,0.46337625,47.337734,9.727985,0.50734437,0.37841818,0.37841818
0,59,59,0.46043706,47.084362,9.686601,0.5065404,0.3763554,0.3763554
0,60,60,0.4570619,46.69173,9.646081,0.5073325,0.37421137,0.37421137
0,61,61,0.45351714,46.347828,9.60233,0.50410044,0.3721391,0.3721391
1,0,62,0.4510675,46.079613,9.5669365,0.50097376,0.37035015,0.37035015
1,1,63,0.44899487,45.9122,9.539787,0.5008585,0.36872312,0.36872312
1,2,64,0.44624397,45.643158,9.509965,0.5016294,0.36672902,0.36672902
1,3,65,0.44342166,45.344406,9.474659,0.50026846,0.36495614,0.36495614
1,4,66,0.44058433,45.070988,9.43978,0.5015319,0.3632856,0.3632856
1,5,67,0.43837905,44.86336,9.409086,0.50108135,0.36184433,0.36184433
1,6,68,0.43610734,44.62348,9.374175,0.5012208,0.3601705,0.3601705
1,7,69,0.43390882,44.378544,9.354111,0.50103855,0.35913107,0.35913107
1,8,70,0.43153095,44.08744,9.324171,0.50199777,0.35755983,0.35755983
1,9,71,0.4294122,43.8267,9.291008,0.50066745,0.35570526,0.35570526
1,10,72,0.42696065,43.523876,9.263608,0.4993732,0.3542183,0.3542183
1,11,73,0.4243604,43.238876,9.237775,0.49772584,0.3526646,0.3526646
1,12,74,0.4222004,42.988785,9.21625,0.49745065,0.35114792,0.35114792
1,13,75,0.42026776,42.826126,9.199768,0.4977689,0.34995088,0.34995088
1,14,76,0.41817564,42.67838,9.173555,0.49709582,0.3482968,0.3482968
1,15,77,0.41598976,42.505013,9.151497,0.49728432,0.3472666,0.3472666
1,16,78,0.4138834,42.299564,9.115569,0.49599695,0.34547898,0.34547898
1,17,79,0.4116569,42.085693,9.09004,0.4962071,0.34415022,0.34415022
1,18,80,0.40954053,41.864525,9.082202,0.49532408,0.34333843,0.34333843
1,19,81,0.40740612,41.675877,9.076933,0.49619496,0.3426277,0.3426277
1,20,82,0.40570837,41.495968,9.052837,0.49647197,0.34141752,0.34141752
1,21,83,0.403683,41.306812,9.0293255,0.4946952,0.34033537,0.34033537
1,22,84,0.4018398,41.100822,9.013025,0.49383676,0.33915785,0.33915785
1,23,85,0.3996302,40.85926,8.984616,0.49322054,0.3377895,0.3377895
1,24,86,0.39737332,40.653267,8.967206,0.49234045,0.336937,0.336937
1,25,87,0.39543936,40.474087,8.942562,0.49053648,0.33550826,0.33550826
1,26,88,0.39313287,40.248886,8.925037,0.48929563,0.3344643,0.3344643
1,27,89,0.3914761,40.12904,8.907113,0.48929295,0.3334033,0.3334033
1,28,90,0.38975418,39.951878,8.881361,0.4884271,0.33233684,0.33233684
1,29,91,0.3879019,39.785183,8.862001,0.4872097,0.33128968,0.33128968
1,30,92,0.38603562,39.596535,8.851198,0.48614904,0.33090675,0.33090675
1,31,93,0.38426524,39.417793,8.82341,0.4844798,0.32983392,0.32983392
1,32,94,0.3823748,39.20128,8.798767,0.4837159,0.3287925,0.3287925
1,33,95,0.3802849,38.99381,8.773939,0.48382092,0.3276233,0.3276233
1,34,96,0.37857583,38.80011,8.7540455,0.48239547,0.32658187,0.32658187
1,35,97,0.3767266,38.593872,8.734664,0.48180038,0.3255403,0.3255403
1,36,98,0.374881,38.352848,8.7147045,0.4808196,0.324713,0.324713
1,37,99,0.3727763,38.135124,8.691113,0.47906965,0.32359713,0.32359713
1,38,100,0.37083316,37.9327,8.669303,0.47682655,0.322684,0.322684
1,39,101,0.36905843,37.746822,8.644731,0.47600973,0.32167932,0.32167932
1,40,102,0.36702824,37.521744,8.617326,0.4738011,0.32042584,0.32042584
1,41,103,0.3652721,37.338257,8.600856,0.47322345,0.31950375,0.31950375
1,42,104,0.3634989,37.15106,8.582474,0.47225043,0.31839773,0.31839773
1,43,105,0.36175695,36.957157,8.560672,0.47087252,0.31714517,0.31714517
1,44,106,0.36049515,36.801193,8.544437,0.46965602,0.31619427,0.31619427
1,45,107,0.3585658,36.613228,8.529844,0.47042704,0.31515256,0.31515256
1,46,108,0.3569377,36.457664,8.51395,0.4708184,0.31424707,0.31424707
1,47,109,0.35547742,36.293297,8.492835,0.4697743,0.31320256,0.31320256
1,48,110,0.3540024,36.13584,8.472724,0.46960935,0.31217518,0.31217518
1,49,111,0.35251358,35.990555,8.454593,0.46902046,0.31140515,0.31140515
1,50,112,0.35084417,35.816772,8.437031,0.46731222,0.31033,0.31033
1,51,113,0.34931797,35.663734,8.422792,0.46598238,0.3097873,0.3097873
1,52,114,0.34817702,35.527866,8.404583,0.4651676,0.30894738,0.30894738
1,53,115,0.3467672,35.420322,8.388547,0.46480998,0.3081764,0.3081764
1,54,116,0.3450795,35.249355,8.37166,0.4638543,0.30736896,0.30736896
1,55,117,0.3434929,35.060684,8.36317,0.46503693,0.3067864,0.3067864
1,56,118,0.34217367,34.931393,8.349341,0.464655,0.30646837,0.30646837
1,57,119,0.34097517,34.793137,8.335863,0.4635491,0.30597103,0.30597103
1,58,120,0.33993295,34.67961,8.323642,0.46329585,0.3053575,0.3053575
1,59,121,0.33864298,34.53158,8.317218,0.4630846,0.3052608,0.3052608
1,60,122,0.33724573,34.39417,8.304788,0.46277097,0.3047641,0.3047641
1,61,123,0.33606324,34.27167,8.291038,0.46165332,0.3042296,0.3042296
2,0,124,0.33490556,34.151287,8.274332,0.46258503,0.30355248,0.30355248
2,1,125,0.3339595,34.030064,8.263741,0.46362236,0.302853,0.302853
2,2,126,0.3328445,33.921284,8.249679,0.46368396,0.302237,0.302237
2,3,127,0.3316536,33.791393,8.233963,0.46293387,0.30147484,0.30147484
2,4,128,0.33034107,33.640053,8.213285,0.4608986,0.30072346,0.30072346
2,5,129,0.32921517,33.51214,8.19922,0.45977563,0.30020463,0.30020463
2,6,130,0.32811388,33.388477,8.18236,0.4587683,0.29952678,0.29952678
2,7,131,0.32686636,33.258865,8.175423,0.45939907,0.29913276,0.29913276
2,8,132,0.32550934,33.121704,8.160316,0.45827827,0.29850277,0.29850277
2,9,133,0.32435232,32.999744,8.146907,0.45768374,0.29784325,0.29784325
2,10,134,0.32310283,32.87507,8.127227,0.45639703,0.2969306,0.2969306
2,11,135,0.32212335,32.76548,8.112615,0.45516154,0.2963735,0.2963735
2,12,136,0.32097322,32.645573,8.096763,0.45643708,0.29550394,0.29550394
2,13,137,0.31991792,32.533592,8.08324,0.4573129,0.2948652,0.2948652
2,14,138,0.31875443,32.42093,8.07302,0.45741156,0.2944934,0.2944934
2,15,139,0.31774268,32.333332,8.0633745,0.45755118,0.2940023,0.2940023
2,16,140,0.31680113,32.248356,8.050935,0.45807806,0.29344296,0.29344296
2,17,141,0.31582928,32.14785,8.036045,0.45858264,0.29268834,0.29268834
2,18,142,0.31482828,32.05492,8.024675,0.45932657,0.2921472,0.2921472
2,19,143,0.31372443,31.947649,8.014474,0.4597918,0.2916116,0.2916116
2,20,144,0.312694,31.8568,8.006955,0.45919237,0.29112852,0.29112852
2,21,145,0.31158698,31.739717,7.9946537,0.4588381,0.2906294,0.2906294
2,22,146,0.31055254,31.613169,7.9868045,0.45889604,0.2901312,0.2901312
2,23,147,0.30947447,31.523048,7.9758024,0.4585224,0.28964803,0.28964803
2,24,148,0.30850852,31.423355,7.9652233,0.457722,0.2890568,0.2890568
2,25,149,0.30758804,31.340933,7.9533453,0.45768282,0.2883421,0.2883421
2,26,150,0.3066064,31.24516,7.9451346,0.45708606,0.2879326,0.2879326
2,27,151,0.305502,31.142447,7.934813,0.45570192,0.28757933,0.28757933
2,28,152,0.30445862,31.051508,7.921902,0.4559118,0.28720182,0.28720182
2,29,153,0.3036018,30.948162,7.9074492,0.455388,0.2865864,0.2865864
2,30,154,0.30255926,30.846006,7.8948736,0.45501852,0.28609377,0.28609377
2,31,155,0.30152178,30.749153,7.887276,0.45533568,0.28575364,0.28575364
2,32,156,0.30063623,30.652905,7.8815074,0.45541796,0.28551558,0.28551558
2,33,157,0.29988506,30.557293,7.8749948,0.4557319,0.2851157,0.2851157
2,34,158,0.29894942,30.48098,7.869418,0.45469874,0.2844508,0.2844508
2,35,159,0.2980976,30.392859,7.864441,0.45455894,0.2841532,0.2841532
2,36,160,0.29723686,30.309135,7.8581166,0.4545617,0.28378537,0.28378537
2,37,161,0.2963799,30.212915,7.854817,0.45603794,0.28336078,0.28336078
2,38,162,0.29558325,30.131775,7.84652,0.45577863,0.2829015,0.2829015
2,39,163,0.29487842,30.059946,7.8346643,0.45484412,0.28244963,0.28244963
2,40,164,0.29422244,29.997496,7.8292003,0.45672384,0.28210637,0.28210637
2,41,165,0.2933792,29.91779,7.824294,0.45865095,0.2817744,0.2817744
2,42,166,0.29255974,29.83846,7.814854,0.4587156,0.2812836,0.2812836
2,43,167,0.29173857,29.762783,7.8047223,0.45741835,0.2808094,0.2808094
2,44,168,0.29091695,29.672062,7.7922406,0.4572253,0.28023943,0.28023943
2,45,169,0.29009593,29.577053,7.7829604,0.4570582,0.2797648,0.2797648
2,46,170,0.28923178,29.495901,7.7707477,0.45539147,0.2792341,0.2792341
2,47,171,0.28855908,29.414154,7.761791,0.45483035,0.2789914,0.2789914
2,48,172,0.28782126,29.350407,7.7532344,0.45498598,0.2785585,0.2785585
2,49,173,0.2869889,29.265085,7.745155,0.45552248,0.2779826,0.2779826
2,50,174,0.2863114,29.199127,7.7360287,0.45559844,0.27756673,0.27756673
2,51,175,0.285581,29.129822,7.725601,0.45554492,0.2770648,0.2770648
2,52,176,0.28486446,29.057943,7.7170415,0.45510623,0.27661964,0.27661964
2,53,177,0.2841742,28.985691,7.7087464,0.45482293,0.2761918,0.2761918
2,54,178,0.28349766,28.91503,7.700562,0.45419466,0.2758609,0.2758609
2,55,179,0.2828071,28.844398,7.692491,0.45403007,0.27554062,0.27554062
2,56,180,0.28197277,28.764624,7.6852565,0.45410272,0.2752441,0.2752441
2,57,181,0.28118432,28.686241,7.6743617,0.4530658,0.27490485,0.27490485
2,58,182,0.2805135,28.625423,7.6667905,0.45213455,0.27457133,0.27457133
2,59,183,0.27974975,28.561789,7.6609054,0.45404753,0.2742609,0.2742609
2,60,184,0.27906525,28.500387,7.653499,0.4548919,0.27395,0.27395
2,61,185,0.27835357,28.438866,7.6434183,0.45570517,0.27345118,0.27345118
3,0,186,0.2776802,28.372705,7.6361675,0.4555656,0.27308375,0.27308375
3,1,187,0.276897,28.293196,7.62978,0.45558473,0.27273607,0.27273607
3,2,188,0.276178,28.215588,7.619291,0.45506048,0.27230242,0.27230242
3,3,189,0.27557036,28.161663,7.6098957,0.455457,0.27183038,0.27183038
3,4,190,0.27495444,28.089336,7.6026626,0.45604658,0.27145433,0.27145433
3,5,191,0.27429092,28.021658,7.5963993,0.4558382,0.27104867,0.27104867
3,6,192,0.27360642,27.956062,7.5887184,0.4549016,0.27074996,0.27074996
3,7,193,0.27289328,27.877104,7.582174,0.45530927,0.2704204,0.2704204
3,8,194,0.272188,27.810728,7.5752845,0.45495424,0.27012992,0.27012992
3,9,195,0.2717214,27.775633,7.5655203,0.45546255,0.26977086,0.26977086
3,10,196,0.271052,27.711164,7.556332,0.4545282,0.2694624,0.2694624
3,11,197,0.27031705,27.631628,7.5502396,0.45418724,0.26924837,0.26924837
3,12,198,0.26973036,27.576183,7.5441594,0.45417738,0.26891568,0.26891568
3,13,199,0.26918238,27.528223,7.535308,0.45353612,0.2684488,0.2684488
3,14,200,0.268571,27.47286,7.5256042,0.4528413,0.26804152,0.26804152
3,15,201,0.26809213,27.418941,7.518576,0.45263985,0.2676881,0.2676881
3,16,202,0.26749855,27.34864,7.512025,0.45324922,0.26728046,0.26728046
3,17,203,0.2668259,27.278221,7.5061736,0.45252144,0.26689178,0.26689178
3,18,204,0.26640218,27.23607,7.4975033,0.45199853,0.26650995,0.26650995
3,19,205,0.26592478,27.19118,7.4946594,0.45236748,0.2662721,0.2662721
3,20,206,0.26548222,27.153355,7.492104,0.45370346,0.26608604,0.26608604
3,21,207,0.26482302,27.086348,7.490676,0.45499605,0.2658156,0.2658156
3,22,208,0.2642669,27.033419,7.4857745,0.45619366,0.26560786,0.26560786
3,23,209,0.26382327,26.988628,7.4775534,0.45654786,0.26525766,0.26525766
3,24,210,0.26328263,26.932657,7.4710817,0.45675027,0.26499096,0.26499096
3,25,211,0.2627946,26.890326,7.46481,0.45621577,0.264786,0.264786
3,26,212,0.262294,26.832544,7.4609,0.45665738,0.26455215,0.26455215
3,27,213,0.26172528,26.777649,7.4559364,0.45731503,0.26435402,0.26435402
3,28,214,0.26112598,26.714653,7.450776,0.45747748,0.26417363,0.26417363
3,29,215,0.26068628,26.657104,7.447428,0.45870137,0.26393077,0.26393077
3,30,216,0.26007086,26.594799,7.4443727,0.4592373,0.26370624,0.26370624
3,31,217,0.2596314,26.546297,7.4387283,0.45980343,0.26349384,0.26349384
3,32,218,0.25901377,26.483187,7.4310803,0.45854586,0.26315016,0.26315016
3,33,219,0.25844204,26.430523,7.4215794,0.45763847,0.2627867,0.2627867
3,34,220,0.2580214,26.381905,7.415568,0.4579365,0.26251662,0.26251662
3,35,221,0.25755057,26.323357,7.4120803,0.45875588,0.2622048,0.2622048
3,36,222,0.25700295,26.266834,7.4080076,0.45863196,0.2619484,0.2619484
3,37,223,0.25650612,26.229923,7.4023,0.45861736,0.2615312,0.2615312
3,38,224,0.25599286,26.18168,7.3960247,0.4586836,0.26119766,0.26119766
3,39,225,0.2553897,26.12034,7.392431,0.45902202,0.26099214,0.26099214
3,40,226,0.2549478,26.079773,7.3880725,0.45932263,0.2607844,0.2607844
3,41,227,0.25442135,26.026014,7.3803678,0.45906422,0.2604545,0.2604545
3,42,228,0.25395644,25.98843,7.37607,0.45907733,0.26021934,0.26021934
3,43,229,0.25337976,25.921947,7.369327,0.45883796,0.25991175,0.25991175
3,44,230,0.25285214,25.870085,7.3622184,0.45864135,0.25955424,0.25955424
3,45,231,0.25242984,25.8277,7.355579,0.45830607,0.25925088,0.25925088
3,46,232,0.25199664,25.782913,7.3496585,0.45865422,0.2589789,0.2589789
3,47,233,0.25141713,25.724442,7.342361,0.45820355,0.25864217,0.25864217
3,48,234,0.25094336,25.670158,7.335366,0.45864767,0.25828713,0.25828713
3,49,235,0.25042552,25.611103,7.329323,0.45878023,0.2580692,0.2580692
3,50,236,0.24984945,25.55576,7.3236456,0.45847133,0.2578678,0.2578678
3,51,237,0.2493421,25.514484,7.317984,0.45906502,0.25754297,0.25754297
3,52,238,0.24887872,25.46336,7.3120728,0.45962223,0.25729814,0.25729814
3,53,239,0.24833634,25.411531,7.3057055,0.46012783,0.25703284,0.25703284
3,54,240,0.24788883,25.375652,7.2994266,0.46057802,0.2566859,0.2566859
3,55,241,0.24742019,25.334442,7.294017,0.46088946,0.25652337,0.25652337
3,56,242,0.24688298,25.283272,7.289006,0.46148697,0.25630128,0.25630128
3,57,243,0.24632555,25.2231,7.2836833,0.4619508,0.25600287,0.25600287
3,58,244,0.24587674,25.178463,7.2782927,0.4616616,0.2557321,0.2557321
3,59,245,0.2453595,25.133493,7.271117,0.4612705,0.255431,0.255431
3,60,246,0.24489377,25.090113,7.265908,0.46178594,0.25522006,0.25522006
3,61,247,0.24452826,25.048647,7.259959,0.46175018,0.25504887,0.25504887
4,0,248,0.24397145,24.99477,7.2543,0.4621552,0.2548214,0.2548214
4,1,249,0.24354169,24.958883,7.2491035,0.46239683,0.25447297,0.25447297
4,2,250,0.24315369,24.92874,7.246703,0.4635166,0.254202,0.254202
4,3,251,0.24268575,24.883274,7.239986,0.46332267,0.25396392,0.25396392
4,4,252,0.24225084,24.837914,7.232178,0.46308455,0.25360245,0.25360245
4,5,253,0.24173912,24.794678,7.2334137,0.46428236,0.2534565,0.2534565
4,6,254,0.2414235,24.776121,7.2302737,0.4639902,0.25320232,0.25320232
4,7,255,0.24108195,24.751604,7.2267766,0.46504945,0.25296047,0.25296047
4,8,256,0.24064599,24.712563,7.2251844,0.46595553,0.25290537,0.25290537
4,9,257,0.2402864,24.67591,7.2213583,0.4662934,0.25269198,0.25269198
4,10,258,0.23997706,24.644999,7.2177095,0.4667252,0.25258106,0.25258106
4,11,259,0.23968251,24.618742,7.215256,0.466836,0.25242475,0.25242475
4,12,260,0.23931465,24.582634,7.2107043,0.46700472,0.2522432,0.2522432
4,13,261,0.23886663,24.54049,7.2076845,0.46773395,0.25204673,0.25204673
4,14,262,0.23857707,24.52829,7.2040057,0.468804,0.25177988,0.25177988
4,15,263,0.23817933,24.494331,7.198566,0.46909195,0.25144982,0.25144982
4,16,264,0.2377143,24.445938,7.1930814,0.46857888,0.25128073,0.25128073
4,17,265,0.23731196,24.415255,7.1885824,0.4683986,0.2510004,0.2510004
4,18,266,0.23691896,24.374018,7.1842613,0.4682308,0.25081247,0.25081247
4,19,267,0.23647803,24.325298,7.181535,0.46751347,0.25064966,0.25064966
4,20,268,0.23610547,24.289415,7.178284,0.4679096,0.25040567,0.25040567
4,21,269,0.23570612,24.254528,7.1727953,0.4681799,0.25011423,0.25011423
4,22,270,0.23525919,24.203321,7.1674013,0.46817496,0.24990924,0.24990924
4,23,271,0.23478585,24.152163,7.163617,0.46852565,0.24966596,0.24966596
4,24,272,0.23435557,24.115816,7.15976,0.46944386,0.24944702,0.24944702
4,25,273,0.2339248,24.068275,7.15842,0.4691759,0.2493382,0.2493382
4,26,274,0.23365438,24.047222,7.15625,0.46964744,0.2491607,0.2491607
4,27,275,0.23329066,24.007563,7.1538086,0.4700177,0.24899343,0.24899343
4,28,276,0.23296149,23.964817,7.151271,0.4699565,0.24881488,0.24881488
4,29,277,0.23262239,23.92364,7.1455336,0.46962148,0.24859901,0.24859901
4,30,278,0.2323175,23.881311,7.1392956,0.46919897,0.24831869,0.24831869
4,31,279,0.23196149,23.83512,7.1338544,0.46896783,0.24805671,0.24805671
4,32,280,0.23159811,23.792942,7.1323023,0.4688738,0.24785066,0.24785066
4,33,281,0.23135188,23.777414,7.133286,0.46932027,0.24785796,0.24785796
4,34,282,0.23103943,23.736284,7.1298037,0.46973696,0.24760617,0.24760617
4,35,283,0.23067072,23.70051,7.123844,0.46952605,0.24738242,0.24738242
4,36,284,0.23027897,23.661179,7.1203036,0.46979147,0.24720939,0.24720939
4,37,285,0.22994593,23.630672,7.118606,0.46986756,0.24709272,0.24709272
4,38,286,0.22957897,23.59885,7.1130214,0.47026786,0.24687204,0.24687204
4,39,287,0.2292949,23.573002,7.1087375,0.4706705,0.24663761,0.24663761
4,40,288,0.2289626,23.543924,7.106697,0.47174242,0.24653663,0.24653663
4,41,289,0.22862522,23.505432,7.10254,0.47179577,0.24637036,0.24637036
4,42,290,0.22827882,23.47625,7.099159,0.47249597,0.2461512,0.2461512
4,43,291,0.2279358,23.444632,7.094234,0.472,0.2459496,0.2459496
4,44,292,0.22767124,23.42382,7.090539,0.47207046,0.24576366,0.24576366
4,45,293,0.2272246,23.383001,7.0863075,0.47245792,0.24548362,0.24548362
4,46,294,0.22683631,23.338503,7.0826535,0.47312865,0.2452829,0.2452829
4,47,295,0.22653416,23.308983,7.0798683,0.4729299,0.24515414,0.24515414
4,48,296,0.22622973,23.278479,7.075483,0.4727283,0.24499924,0.24499924
4,49,297,0.22586498,23.240545,7.0742426,0.4732775,0.24478877,0.24478877
4,50,298,0.225505,23.201439,7.072242,0.47368267,0.24469984,0.24469984
4,51,299,0.22515416,23.161945,7.0698514,0.47331363,0.24459545,0.24459545
4,52,300,0.22488113,23.136665,7.064951,0.47366503,0.24432322,0.24432322
4,53,301,0.22461927,23.118727,7.06192,0.47429615,0.2440558,0.2440558
4,54,302,0.22429834,23.093143,7.0575786,0.4746043,0.24392422,0.24392422
4,55,303,0.2239438,23.06335,7.0537553,0.47480768,0.24382804,0.24382804
4,56,304,0.22357166,23.03148,7.0492654,0.4749015,0.24370682,0.24370682
4,57,305,0.2231953,22.98362,7.045917,0.47552747,0.24353576,0.24353576
4,58,306,0.22298172,22.970985,7.0424523,0.47601673,0.24329461,0.24329461
4,59,307,0.22275026,22.960354,7.0395594,0.4764765,0.24310197,0.24310197
4,60,308,0.22246426,22.928705,7.036029,0.47669387,0.2429257,0.2429257
4,61,309,0.22216901,22.896084,7.0328903,0.47650495,0.2428448,0.2428448
5,0,310,0.22181138,22.864607,7.030831,0.47704318,0.24272808,0.24272808
5,1,311,0.22156408,22.845852,7.027915,0.4779805,0.24253346,0.24253346
5,2,312,0.22126785,22.81395,7.0269184,0.47924462,0.24237396,0.24237396
5,3,313,0.22090364,22.78108,7.024313,0.479217,0.24232274,0.24232274
5,4,314,0.22066738,22.756693,7.0214324,0.47920883,0.24214444,0.24214444
5,5,315,0.22030798,22.725317,7.018201,0.4799359,0.24202004,0.24202004
5,6,316,0.2200149,22.692017,7.014995,0.47967666,0.2419259,0.2419259
5,7,317,0.21974024,22.662235,7.011442,0.4795644,0.24173376,0.24173376
5,8,318,0.21943076,22.631342,7.00867,0.4796298,0.24162626,0.24162626
5,9,319,0.21915194,22.608599,7.008452,0.47981507,0.24149899,0.24149899
5,10,320,0.21887404,22.589466,7.007215,0.47982562,0.24141195,0.24141195
5,11,321,0.21866097,22.567955,7.002245,0.48000985,0.24115002,0.24115002
5,12,322,0.21839109,22.540882,6.9985185,0.48046273,0.24098313,0.24098313
5,13,323,0.21811101,22.514538,6.993675,0.48089203,0.24073543,0.24073543
5,14,324,0.21795565,22.498394,6.991125,0.48140198,0.24062428,0.24062428
5,15,325,0.21769361,22.47243,6.991815,0.481726,0.24055576,0.24055576
5,16,326,0.2173735,22.442755,6.991571,0.48106,0.24046175,0.24046175
5,17,327,0.21709633,22.421936,6.989029,0.48150066,0.24031845,0.24031845
5,18,328,0.21680474,22.387657,6.986872,0.48225528,0.24015969,0.24015969
5,19,329,0.21656358,22.36616,6.98429,0.48212934,0.2400097,0.2400097
5,20,330,0.21635154,22.344446,6.981269,0.48332486,0.23984236,0.23984236
5,21,331,0.21602146,22.310558,6.9779763,0.48302954,0.23967826,0.23967826
5,22,332,0.2157898,22.28394,6.975093,0.48318937,0.23953374,0.23953374
5,23,333,0.21545622,22.246473,6.9709234,0.48325342,0.23938642,0.23938642
5,24,334,0.21512783,22.211412,6.9693923,0.48364565,0.2392903,0.2392903
5,25,335,0.21480791,22.177128,6.9673643,0.48414204,0.2391419,0.2391419
5,26,336,0.21450338,22.1399,6.9642243,0.48402664,0.2389835,0.2389835
5,27,337,0.21423,22.108051,6.960039,0.48417756,0.23877756,0.23877756
5,28,338,0.2139511,22.073233,6.9554367,0.4836975,0.2385822,0.2385822
5,29,339,0.21371438,22.045576,6.9513884,0.4838136,0.23840155,0.23840155
5,30,340,0.2134842,22.02405,6.9477286,0.48398364,0.23820616,0.23820616
5,31,341,0.21329618,22.008446,6.9447427,0.48437068,0.2380266,0.2380266
5,32,342,0.21308848,21.99533,6.942446,0.48429093,0.23795001,0.23795001
5,33,343,0.21284157,21.972006,6.938516,0.4838165,0.23773395,0.23773395
5,34,344,0.2125152,21.939606,6.9355884,0.4847173,0.23756243,0.23756243
5,35,345,0.21223255,21.912807,6.9327984,0.48544896,0.23740415,0.23740415
5,36,346,0.21199718,21.89376,6.9307137,0.48590767,0.23730904,0.23730904
5,37,347,0.211811,21.882328,6.9279637,0.48649487,0.23715,0.23715
5,38,348,0.21154785,21.855324,6.9250126,0.48717752,0.23699103,0.23699103
5,39,349,0.21128371,21.828928,6.922736,0.48717216,0.23689911,0.23689911
5,40,350,0.21104705,21.812466,6.9218254,0.48684344,0.23692115,0.23692115
5,41,351,0.21081132,21.783152,6.9175224,0.4864398,0.23674653,0.23674653
5,42,352,0.21055685,21.759388,6.914532,0.48698092,0.23657548,0.23657548
5,43,353,0.21023533,21.72563,6.9107447,0.48731503,0.2364211,0.2364211
5,44,354,0.21002164,21.70264,6.906649,0.48784065,0.23619945,0.23619945
5,45,355,0.20972946,21.678537,6.9054317,0.4878613,0.23609991,0.23609991
5,46,356,0.20945308,21.650913,6.9031324,0.48824322,0.23601805,0.23601805
5,47,357,0.20932007,21.630865,6.8999977,0.48818725,0.23589358,0.23589358
5,48,358,0.20903417,21.59642,6.8964314,0.48815393,0.2357133,0.2357133
5,49,359,0.20876242,21.567467,6.8934937,0.4884469,0.23554003,0.23554003
5,50,360,0.2085861,21.544691,6.8908052,0.48837993,0.23536022,0.23536022
5,51,361,0.20835143,21.517427,6.8867064,0.4879432,0.23522748,0.23522748
5,52,362,0.2081696,21.501244,6.8839064,0.48825562,0.23505569,0.23505569
5,53,363,0.20794529,21.4845,6.8815365,0.48881596,0.23491341,0.23491341
5,54,364,0.20773801,21.456501,6.8790784,0.48885313,0.23474668,0.23474668
5,55,365,0.20753129,21.430502,6.8770223,0.48933998,0.2346104,0.2346104
5,56,366,0.20730789,21.41092,6.8743453,0.48957008,0.2344343,0.2344343
5,57,367,0.20704103,21.38502,6.8730555,0.48989397,0.23443127,0.23443127
5,58,368,0.20687303,21.374617,6.8684945,0.4904038,0.23420715,0.23420715
5,59,369,0.20661488,21.35121,6.86485,0.49119288,0.23400667,0.23400667
5,60,370,0.20636566,21.3263,6.8624315,0.49192637,0.23387232,0.23387232
5,61,371,0.20612791,21.302896,6.859269,0.49284878,0.23369385,0.23369385
6,0,372,0.20590618,21.282255,6.8559313,0.49297166,0.2335568,0.2335568
6,1,373,0.20564833,21.25771,6.85425,0.4932629,0.23342507,0.23342507
6,2,374,0.20543107,21.226204,6.8515115,0.49340767,0.23330009,0.23330009
6,3,375,0.20526111,21.21431,6.8502307,0.49309507,0.23315668,0.23315668
6,4,376,0.20502703,21.188328,6.84948,0.49323675,0.23301551,0.23301551
6,5,377,0.20488209,21.176792,6.84811,0.49372238,0.23289753,0.23289753
6,6,378,0.2047199,21.16404,6.8454137,0.4939758,0.23277871,0.23277871
6,7,379,0.20449504,21.145084,6.8416405,0.49430448,0.23259328,0.23259328
6,8,380,0.20430262,21.120676,6.8389535,0.49476972,0.23245195,0.23245195
6,9,381,0.20408739,21.092113,6.8367367,0.49486837,0.23240001,0.23240001
6,10,382,0.20382985,21.066042,6.8336554,0.49472207,0.23226166,0.23226166
6,11,383,0.20361805,21.043222,6.8302946,0.49475285,0.23213379,0.23213379
6,12,384,0.20330223,21.010664,6.82821,0.494886,0.23209773,0.23209773
6,13,385,0.20301236,20.981016,6.825118,0.49482378,0.23199832,0.23199832
6,14,386,0.20281848,20.96669,6.8240423,0.495023,0.2319669,0.2319669
6,15,387,0.20261455,20.946154,6.822631,0.49473783,0.23190701,0.23190701
6,16,388,0.20238145,20.926064,6.8197665,0.4946058,0.23178217,0.23178217
6,17,389,0.20213963,20.902617,6.8158717,0.49466562,0.23164566,0.23164566
6,18,390,0.20190531,20.8755,6.8146353,0.49508858,0.23155123,0.23155123
6,19,391,0.20167129,20.85293,6.811491,0.49531356,0.23135936,0.23135936
6,20,392,0.20146367,20.83984,6.8088827,0.49567056,0.23114993,0.23114993
6,21,393,0.20121121,20.814857,6.805535,0.49582982,0.23096357,0.23096357
6,22,394,0.20098522,20.800121,6.803267,0.49610913,0.23080496,0.23080496
6,23,395,0.20076841,20.782251,6.8014946,0.49613404,0.23070823,0.23070823
6,24,396,0.20059642,20.766949,6.7988205,0.4962837,0.23062369,0.23062369
6,25,397,0.20043491,20.744572,6.797195,0.49662372,0.23050158,0.23050158
6,26,398,0.2002817,20.738188,6.795011,0.49718094,0.23037603,0.23037603
6,27,399,0.20019118,20.71893,6.7949524,0.49823302,0.23026945,0.23026945
6,28,400,0.20001352,20.70152,6.793373,0.49813616,0.23017885,0.23017885
6,29,401,0.19983011,20.685738,6.7920084,0.49815345,0.2301318,0.2301318
6,30,402,0.19967872,20.663294,6.789526,0.498368,0.23002301,0.23002301
6,31,403,0.19946036,20.638826,6.787626,0.49882576,0.22995336,0.22995336
6,32,404,0.19933258,20.631958,6.786003,0.4987068,0.22985192,0.22985192
6,33,405,0.19905952,20.608034,6.7836337,0.49925482,0.22973382,0.22973382
6,34,406,0.19884609,20.589882,6.780587,0.49890956,0.22962447,0.22962447
6,35,407,0.1986628,20.571304,6.7800655,0.5000986,0.22953337,0.22953337
6,36,408,0.19844091,20.551277,6.777928,0.5002304,0.22941676,0.22941676
6,37,409,0.19830827,20.539349,6.7763066,0.5003967,0.22928873,0.22928873
6,38,410,0.19809505,20.520138,6.7732825,0.5003095,0.22911558,0.22911558
6,39,411,0.19795287,20.509657,6.770492,0.5007371,0.22898228,0.22898228
6,40,412,0.19773272,20.488407,6.76667,0.5005026,0.22879985,0.22879985
6,41,413,0.19752958,20.473072,6.7640157,0.5005769,0.22874743,0.22874743
6,42,414,0.19740906,20.4633,6.7615857,0.5009779,0.22861454,0.22861454
6,43,415,0.19722831,20.445103,6.759284,0.50138634,0.22849372,0.22849372
6,44,416,0.19708347,20.439188,6.756808,0.5018481,0.22841568,0.22841568
6,45,417,0.19699466,20.431242,6.754039,0.5018957,0.22826655,0.22826655
6,46,418,0.19681452,20.415813,6.7519383,0.5022548,0.22814478,0.22814478
6,47,419,0.19658469,20.39719,6.748321,0.50203276,0.22799595,0.22799595
6,48,420,0.19642326,20.381273,6.744895,0.5022731,0.22783257,0.22783257
6,49,421,0.1962158,20.358551,6.7423406,0.50288695,0.2277172,0.2277172
6,50,422,0.19597083,20.333498,6.739537,0.503362,0.22757877,0.22757877
6,51,423,0.19578834,20.311516,6.7404037,0.502932,0.22752449,0.22752449
6,52,424,0.19556504,20.291826,6.7374244,0.5030183,0.2274287,0.2274287
6,53,425,0.19540721,20.276728,6.736754,0.50350946,0.22732687,0.22732687
6,54,426,0.19529617,20.273954,6.737078,0.50402814,0.22728312,0.22728312
6,55,427,0.19520599,20.264486,6.7358255,0.5039589,0.2272568,0.2272568
6,56,428,0.19505955,20.254734,6.7356515,0.50455195,0.22721492,0.22721492
6,57,429,0.19487503,20.237448,6.7335205,0.5045442,0.22709902,0.22709902
6,58,430,0.1947072,20.223549,6.731405,0.50426173,0.2270066,0.2270066
6,59,431,0.19449084,20.202246,6.7285423,0.5045075,0.22687013,0.22687013
6,60,432,0.19426727,20.181507,6.7255096,0.50395465,0.22679079,0.22679079
6,61,433,0.19409013,20.167128,6.7230186,0.5040787,0.22665787,0.22665787
7,0,434,0.19388126,20.15126,6.7205405,0.5043665,0.22660221,0.22660221
7,1,435,0.19369528,20.137327,6.718976,0.50442445,0.22652243,0.22652243
7,2,436,0.19352034,20.124088,6.719356,0.50520927,0.22646834,0.22646834
7,3,437,0.19338188,20.109316,6.7179008,0.50564027,0.22628914,0.22628914
7,4,438,0.19324416,20.096571,6.716922,0.50609404,0.22621846,0.22621846
7,5,439,0.1930346,20.077055,6.7142563,0.50568306,0.2261316,0.2261316
7,6,440,0.19287214,20.060053,6.712057,0.50569737,0.22602688,0.22602688
7,7,441,0.19270517,20.040112,6.7126794,0.5060562,0.22600198,0.22600198
7,8,442,0.1925259,20.022005,6.7118955,0.50607026,0.22596373,0.22596373
7,9,443,0.192365,20.00165,6.7103095,0.5062151,0.2258698,0.2258698
7,10,444,0.19227372,19.995802,6.7069736,0.5061972,0.22568397,0.22568397
7,11,445,0.19210996,19.979958,6.7049985,0.50619507,0.22560032,0.22560032
7,12,446,0.19190358,19.959888,6.701901,0.5057133,0.22552298,0.22552298
7,13,447,0.19173107,19.945532,6.698758,0.50583047,0.22535686,0.22535686
7,14,448,0.19148687,19.919893,6.6959147,0.50570524,0.22528401,0.22528401
7,15,449,0.19134279,19.905876,6.6935396,0.5060513,0.22519398,0.22519398
7,16,450,0.19118623,19.890743,6.6933913,0.5067015,0.22511683,0.22511683
7,17,451,0.19104543,19.873602,6.6905856,0.50681835,0.22498891,0.22498891
7,18,452,0.19085905,19.858955,6.6896753,0.50675297,0.22495008,0.22495008
7,19,453,0.190731,19.849018,6.6868086,0.50668836,0.22481672,0.22481672
7,20,454,0.19056465,19.833296,6.684228,0.5064973,0.22473685,0.22473685
7,21,455,0.19046316,19.828325,6.6833572,0.50679386,0.22465388,0.22465388
7,22,456,0.19026956,19.810423,6.6834307,0.5070945,0.22456546,0.22456546
7,23,457,0.19015071,19.799232,6.682791,0.5072383,0.2244644,0.2244644
7,24,458,0.18997213,19.779974,6.6821346,0.5075517,0.224364,0.224364
7,25,459,0.18984812,19.767426,6.679441,0.5075098,0.22419985,0.22419985
7,26,460,0.18975279,19.762224,6.6777205,0.5077231,0.2241473,0.2241473
7,27,461,0.18960227,19.746689,6.6764016,0.508014,0.22404452,0.22404452
7,28,462,0.18944831,19.730911,6.673883,0.5086628,0.22389068,0.22389068
7,29,463,0.18929166,19.716671,6.670931,0.50885004,0.22376268,0.22376268
7,30,464,0.18916653,19.70697,6.667652,0.5091469,0.22358614,0.22358614
7,31,465,0.189019,19.689407,6.6652865,0.50912946,0.22347188,0.22347188
7,32,466,0.18885441,19.672394,6.662253,0.5088434,0.22341855,0.22341855
7,33,467,0.18871489,19.661987,6.6611867,0.5098596,0.22334631,0.22334631
7,34,468,0.18854007,19.641376,6.659851,0.5101135,0.22331268,0.22331268
7,35,469,0.18841809,19.633291,6.6568956,0.50996035,0.22318608,0.22318608
7,36,470,0.1882667,19.619204,6.6563797,0.51030177,0.22312975,0.22312975
7,37,471,0.18814266,19.600948,6.654518,0.5101703,0.22301652,0.22301652
7,38,472,0.1880265,19.592009,6.6529045,0.5101353,0.22298688,0.22298688
7,39,473,0.18787593,19.577507,6.6505833,0.51050484,0.22291347,0.22291347
7,40,474,0.18779656,19.573874,6.6487045,0.5110283,0.2228323,0.2228323
7,41,475,0.18770446,19.563738,6.646482,0.5115012,0.22274517,0.22274517
7,42,476,0.18751524,19.544876,6.6432424,0.5110982,0.22264692,0.22264692
7,43,477,0.18733042,19.529327,6.642187,0.5114985,0.22252597,0.22252597
7,44,478,0.18722436,19.5253,6.6400704,0.5118915,0.22241119,0.22241119
7,45,479,0.1870535,19.507767,6.638662,0.5121394,0.22228223,0.22228223
7,46,480,0.18691306,19.49191,6.6377816,0.5125533,0.22218995,0.22218995
7,47,481,0.1867648,19.479883,6.6384597,0.51341,0.22211301,0.22211301
7,48,482,0.18667927,19.470959,6.637068,0.51388484,0.22200905,0.22200905
7,49,483,0.18654934,19.457996,6.635606,0.5142897,0.22192171,0.22192171
7,50,484,0.1864115,19.445627,6.6335588,0.5149606,0.22178656,0.22178656
7,51,485,0.1862973,19.430607,6.631429,0.5154153,0.22169074,0.22169074
7,52,486,0.18616773,19.42023,6.63037,0.5157733,0.22159833,0.22159833
7,53,487,0.18601388,19.402828,6.6291904,0.5161319,0.22155944,0.22155944
7,54,488,0.18586683,19.39347,6.6269183,0.515999,0.22148198,0.22148198
7,55,489,0.18572932,19.380518,6.624889,0.51595116,0.22138499,0.22138499
7,56,490,0.18563715,19.372553,6.62335,0.51637536,0.22126977,0.22126977
7,57,491,0.1855033,19.360176,6.622262,0.51646954,0.22120084,0.22120084
7,58,492,0.18535593,19.346237,6.6216984,0.51685625,0.22116102,0.22116102
7,59,493,0.18516575,19.324574,6.6196375,0.5168542,0.2210235,0.2210235
7,60,494,0.18502524,19.313374,6.616723,0.51671726,0.22092614,0.22092614
7,61,495,0.18484388,19.295624,6.614093,0.51678,0.22083317,0.22083317
8,0,496,0.18463227,19.272474,6.6115937,0.51634854,0.2207251,0.2207251
8,1,497,0.18451443,19.259176,6.609549,0.5162242,0.2206375,0.2206375
8,2,498,0.18443632,19.245893,6.6070294,0.5161757,0.22052398,0.22052398
8,3,499,0.18430166,19.235409,6.6067786,0.51686335,0.22046041,0.22046041
8,4,500,0.18416786,19.222698,6.607308,0.51713085,0.22039838,0.22039838
8,5,501,0.18405329,19.208748,6.6067915,0.5176496,0.22035186,0.22035186
8,6,502,0.18398616,19.204344,6.60624,0.5178013,0.22030628,0.22030628
8,7,503,0.1839174,19.199768,6.605322,0.5181841,0.22021258,0.22021258
8,8,504,0.18381922,19.192091,6.6033487,0.51830965,0.22011605,0.22011605
8,9,505,0.18373641,19.185581,6.6022515,0.51825994,0.22006033,0.22006033
8,10,506,0.18356809,19.170849,6.6019015,0.5187539,0.22001292,0.22001292
8,11,507,0.18338428,19.155132,6.5998936,0.5190101,0.21994464,0.21994464
8,12,508,0.18324381,19.14117,6.5982304,0.5189649,0.21986002,0.21986002
8,13,509,0.18308678,19.12891,6.5964518,0.51915425,0.21974468,0.21974468
8,14,510,0.18295576,19.121737,6.593655,0.51949215,0.21959575,0.21959575
8,15,511,0.18283355,19.106758,6.5914316,0.51959294,0.21947542,0.21947542
8,16,512,0.1826775,19.09494,6.5889134,0.51975566,0.2194154,0.2194154
8,17,513,0.18255788,19.087305,6.5871162,0.52034265,0.21933468,0.21933468
8,18,514,0.18248235,19.080368,6.585346,0.52065194,0.21918555,0.21918555
8,19,515,0.18237227,19.06828,6.5851736,0.5208888,0.21914463,0.21914463
8,20,516,0.18230334,19.064835,6.583631,0.521102,0.21908082,0.21908082
8,21,517,0.18220642,19.050207,6.582238,0.52153873,0.21897787,0.21897787
8,22,518,0.18207592,19.033081,6.57943,0.5215721,0.21890178,0.21890178
8,23,519,0.1819719,19.022264,6.5775123,0.5215079,0.21882403,0.21882403
8,24,520,0.18182513,19.004164,6.575087,0.52132833,0.21872441,0.21872441
8,25,521,0.181705,18.986958,6.5738945,0.521316,0.21864858,0.21864858
8,26,522,0.18157142,18.970753,6.572278,0.5213877,0.21856667,0.21856667
8,27,523,0.18143864,18.958763,6.5705442,0.5213477,0.21841864,0.21841864
8,28,524,0.18135479,18.944792,6.569024,0.5218335,0.21833034,0.21833034
8,29,525,0.18122002,18.933165,6.5668626,0.5223015,0.21823397,0.21823397
8,30,526,0.18110494,18.922993,6.5668335,0.52293074,0.21812268,0.21812268
8,31,527,0.18097562,18.912544,6.5665307,0.523389,0.21809913,0.21809913
8,32,528,0.18088014,18.904146,6.565759,0.52379835,0.21801205,0.21801205
8,33,529,0.18074164,18.892565,6.5630646,0.5236218,0.21789722,0.21789722
8,34,530,0.18059976,18.880404,6.561116,0.52421606,0.21780962,0.21780962
8,35,531,0.18051425,18.87213,6.560369,0.5243424,0.21772681,0.21772681
8,36,532,0.18040377,18.862946,6.5591536,0.52482915,0.21765348,0.21765348
8,37,533,0.1803014,18.854723,6.5577674,0.52551585,0.2175753,0.2175753
8,38,534,0.18018612,18.844187,6.5554457,0.52566075,0.21749641,0.21749641
8,39,535,0.18005323,18.833645,6.553374,0.5257063,0.21738757,0.21738757
8,40,536,0.17988592,18.820635,6.5511737,0.52525645,0.21731393,0.21731393
8,41,537,0.17977664,18.809566,6.5496387,0.5252004,0.2172265,0.2172265
8,42,538,0.17964408,18.800941,6.5493274,0.52555364,0.2171385,0.2171385
8,43,539,0.17951724,18.792265,6.5483327,0.5256628,0.2170578,0.2170578
8,44,540,0.17946643,18.79264,6.547675,0.52658,0.21693054,0.21693054
8,45,541,0.17940786,18.788158,6.545493,0.52645916,0.21679375,0.21679375
8,46,542,0.17931037,18.78061,6.5442724,0.52631235,0.21669425,0.21669425
8,47,543,0.17924324,18.771898,6.5426526,0.5266095,0.21660422,0.21660422
8,48,544,0.17910582,18.759134,6.541905,0.52642256,0.21654548,0.21654548
8,49,545,0.17897506,18.745329,6.541215,0.52651834,0.21648808,0.21648808
8,50,546,0.17891489,18.745491,6.540755,0.52724713,0.2164826,0.2164826
8,51,547,0.17876808,18.73258,6.540073,0.5279918,0.21644369,0.21644369
8,52,548,0.17870764,18.725306,6.537727,0.5278313,0.21634294,0.21634294
8,53,549,0.17857352,18.713942,6.53667,0.5277623,0.21628328,0.21628328
8,54,550,0.17845097,18.700546,6.5358424,0.5277414,0.21622227,0.21622227
8,55,551,0.17837916,18.70134,6.5337076,0.52811843,0.21611199,0.21611199
8,56,552,0.17827982,18.69418,6.5320687,0.52817994,0.2160146,0.2160146
8,57,553,0.17820248,18.687881,6.533198,0.52848727,0.21605234,0.21605234
8,58,554,0.17808789,18.677212,6.5336103,0.52940005,0.21603362,0.21603362
8,59,555,0.17794235,18.662745,6.53113,0.5288953,0.21592186,0.21592186
8,60,556,0.17786825,18.65938,6.53021,0.52902836,0.21587935,0.21587935
8,61,557,0.17772922,18.647354,6.528748,0.5289811,0.21582155,0.21582155
9,0,558,0.17759797,18.63574,6.5268464,0.52925456,0.21572587,0.21572587
9,1,559,0.17748943,18.621895,6.5249352,0.52927125,0.21562693,0.21562693
9,2,560,0.17741382,18.61194,6.523436,0.5292593,0.21558656,0.21558656
9,3,561,0.17727429,18.59804,6.5219717,0.5296423,0.21553957,0.21553957
9,4,562,0.17716321,18.590801,6.520097,0.5300039,0.21551639,0.21551639
9,5,563,0.17705046,18.580618,6.5191045,0.5305241,0.21545961,0.21545961
9,6,564,0.17694637,18.571901,6.517301,0.53088236,0.21537364,0.21537364
9,7,565,0.1768375,18.557522,6.516781,0.53146094,0.21530287,0.21530287
9,8,566,0.17672299,18.544641,6.5153055,0.53194016,0.21521607,0.21521607
9,9,567,0.17659405,18.530935,6.5139613,0.5316986,0.21517658,0.21517658
9,10,568,0.17649394,18.523598,6.5127945,0.531954,0.21508332,0.21508332
9,11,569,0.17635992,18.509817,6.511856,0.5320811,0.21500884,0.21500884
9,12,570,0.17622238,18.495611,6.5104713,0.5323043,0.21497795,0.21497795
9,13,571,0.17617592,18.490583,6.509164,0.5324026,0.21490635,0.21490635
9,14,572,0.1760747,18.48341,6.507994,0.5329368,0.21481706,0.21481706
9,15,573,0.17598161,18.471619,6.5062,0.532911,0.21468805,0.21468805
9,16,574,0.17590255,18.46314,6.5051703,0.53376967,0.2146186,0.2146186
9,17,575,0.17577128,18.451532,6.502829,0.533674,0.21451384,0.21451384
9,18,576,0.17565653,18.439392,6.5010204,0.5338043,0.21439447,0.21439447
9,19,577,0.17553607,18.427479,6.49909,0.5337012,0.21431874,0.21431874
9,20,578,0.17542359,18.416607,6.4974113,0.53422457,0.21425495,0.21425495
9,21,579,0.17535377,18.406284,6.495722,0.5349139,0.21415892,0.21415892
9,22,580,0.17521225,18.39241,6.4931736,0.535498,0.21404962,0.21404962
9,23,581,0.17514075,18.385954,6.4922156,0.536165,0.21399441,0.21399441
9,24,582,0.17507276,18.382029,6.490798,0.53663236,0.2139018,0.2139018
9,25,583,0.17493626,18.3699,6.492964,0.5371359,0.21390027,0.21390027
9,26,584,0.17483166,18.362934,6.4921026,0.537018,0.21386662,0.21386662
9,27,585,0.17479609,18.366074,6.4918723,0.5375901,0.21376894,0.21376894
9,28,586,0.17471026,18.36535,6.4919825,0.53809285,0.21369153,0.21369153
9,29,587,0.17461118,18.356398,6.491286,0.5383266,0.2136211,0.2136211
9,30,588,0.17450011,18.34445,6.4902487,0.5389198,0.2135374,0.2135374
9,31,589,0.17439397,18.331306,6.488303,0.539071,0.21342902,0.21342902
9,32,590,0.1742842,18.321505,6.4865775,0.5387992,0.2133261,0.2133261
9,33,591,0.17421645,18.314863,6.4849124,0.53919554,0.21324168,0.21324168
9,34,592,0.17408864,18.301773,6.483261,0.5387479,0.2132074,0.2132074
9,35,593,0.1740112,18.294981,6.481737,0.53866684,0.21313995,0.21313995
9,36,594,0.17392275,18.284893,6.480758,0.5392006,0.21304162,0.21304162
9,37,595,0.17379025,18.271996,6.47979,0.5398569,0.21298988,0.21298988
9,38,596,0.17367555,18.25805,6.4785604,0.53997225,0.21292213,0.21292213
9,39,597,0.17357074,18.249718,6.4770226,0.5400997,0.21280491,0.21280491
9,40,598,0.17345454,18.239164,6.475213,0.5397833,0.21273603,0.21273603
9,41,599,0.17336288,18.22912,6.4739404,0.5394825,0.21262974,0.21262974
9,42,600,0.1732752,18.219683,6.472152,0.5398654,0.21257421,0.21257421
9,43,601,0.17315659,18.207247,6.470917,0.5403422,0.21249628,0.21249628
9,44,602,0.17305909,18.198786,6.4704404,0.54061127,0.21247585,0.21247585
9,45,603,0.17297599,18.194359,6.469631,0.5409468,0.21238615,0.21238615
9,46,604,0.1729128,18.187737,6.4686747,0.54118663,0.21234645,0.21234645
9,47,605,0.17282161,18.183374,6.466909,0.5412891,0.21229015,0.21229015
9,48,606,0.17274138,18.171804,6.4652667,0.541579,0.21219805,0.21219805
9,49,607,0.17264575,18.162304,6.464444,0.54160136,0.21213266,0.21213266
9,50,608,0.17255153,18.154335,6.4632587,0.541579,0.21210511,0.21210511
9,51,609,0.17244601,18.142101,6.4626946,0.54181767,0.21205206,0.21205206
9,52,610,0.1723516,18.131832,6.46342,0.5423803,0.21201791,0.21201791
9,53,611,0.17230634,18.13115,6.463158,0.54289925,0.2119286,0.2119286
9,54,612,0.17220326,18.119846,6.461884,0.5428636,0.21189553,0.21189553
9,55,613,0.17211586,18.116945,6.46035,0.5428571,0.21183069,0.21183069
9,56,614,0.17203988,18.106491,6.460171,0.54271346,0.21186411,0.21186411
9,57,615,0.17193021,18.097654,6.459881,0.543245,0.21181594,0.21181594
9,58,616,0.1718103,18.08874,6.458862,0.54376686,0.21171652,0.21171652
9,59,617,0.1717223,18.080256,6.457425,0.5443112,0.21162237,0.21162237
9,60,618,0.17162573,18.068443,6.4560113,0.54438764,0.21158426,0.21158426
9,61,619,0.17157361,18.0673,6.454306,0.54485166,0.21149695,0.21149695
10,0,620,0.17148453,18.059584,6.45305,0.5450275,0.21143593,0.21143593
10,1,621,0.17135072,18.047607,6.4514055,0.54520357,0.21135491,0.21135491
10,2,622,0.17126185,18.037346,6.450443,0.5452418,0.21131772,0.21131772
10,3,623,0.17114693,18.028032,6.4495654,0.5455497,0.21122402,0.21122402
10,4,624,0.17109452,18.027058,6.448379,0.5459173,0.21119416,0.21119416
10,5,625,0.17102987,18.023405,6.446157,0.54586416,0.21112648,0.21112648
10,6,626,0.17095125,18.018137,6.4441624,0.54567236,0.21101865,0.21101865
10,7,627,0.1708743,18.015594,6.4424124,0.5456524,0.21093202,0.21093202
10,8,628,0.1707603,18.005869,6.441228,0.5461815,0.21082295,0.21082295
10,9,629,0.17063046,17.993313,6.439649,0.5461861,0.21073858,0.21073858
10,10,630,0.17052893,17.985584,6.4377913,0.54615325,0.21063694,0.21063694
10,11,631,0.1704318,17.97862,6.436831,0.5469189,0.21056594,0.21056594
10,12,632,0.17036852,17.968609,6.4353504,0.547212,0.2104806,0.2104806
10,13,633,0.17029801,17.96034,6.43463,0.5478089,0.21042213,0.21042213
10,14,634,0.17022735,17.952724,6.4327016,0.5478112,0.21034814,0.21034814
10,15,635,0.17019102,17.947453,6.431973,0.54810756,0.21031114,0.21031114
10,16,636,0.17011502,17.940838,6.430018,0.5485848,0.21024579,0.21024579
10,17,637,0.16999,17.930647,6.4293566,0.54873747,0.21021558,0.21021558
10,18,638,0.1699094,17.925423,6.4272714,0.5489907,0.21015531,0.21015531
10,19,639,0.1697999,17.916939,6.4255595,0.54902,0.21009687,0.21009687
10,20,640,0.16972274,17.914083,6.424301,0.5492647,0.21001102,0.21001102
10,21,641,0.16963251,17.90612,6.4227858,0.5493084,0.20992948,0.20992948
10,22,642,0.16954845,17.90059,6.420287,0.5490014,0.20983826,0.20983826
10,23,643,0.16947961,17.897915,6.4193296,0.54918027,0.20977736,0.20977736
10,24,644,0.16937974,17.887205,6.417616,0.54937226,0.20970431,0.20970431
10,25,645,0.16927719,17.876333,6.4156585,0.54953945,0.20960641,0.20960641
10,26,646,0.16920102,17.869318,6.4139776,0.54957926,0.209518,0.209518
10,27,647,0.16916464,17.861927,6.4125037,0.54957503,0.20946802,0.20946802
10,28,648,0.16911733,17.855051,6.412243,0.5498441,0.20941055,0.20941055
10,29,649,0.16901939,17.845366,6.412993,0.5502243,0.20938987,0.20938987
10,30,650,0.16892767,17.83578,6.4125333,0.5503238,0.20936432,0.20936432
10,31,651,0.16886686,17.82951,6.410234,0.55046976,0.209299,0.209299
10,32,652,0.16881613,17.82052,6.4100914,0.5508609,0.2092297,0.2092297
10,33,653,0.16869338,17.809114,6.4098144,0.55118865,0.20919596,0.20919596
10,34,654,0.16860628,17.803753,6.4087844,0.5520784,0.20914514,0.20914514
10,35,655,0.16853878,17.80209,6.408159,0.55224967,0.20908345,0.20908345
10,36,656,0.16850425,17.807055,6.407171,0.5527057,0.20902316,0.20902316
10,37,657,0.16843307,17.801275,6.406518,0.5526905,0.20897996,0.20897996
10,38,658,0.16834873,17.791758,6.4051,0.55299515,0.20891352,0.20891352
10,39,659,0.16826719,17.781841,6.4032393,0.5531427,0.20883758,0.20883758
10,40,660,0.16824862,17.77828,6.4026446,0.55380595,0.20877005,0.20877005
10,41,661,0.1681459,17.768452,6.4009395,0.55418754,0.20869757,0.20869757
10,42,662,0.16807193,17.75885,6.3998685,0.5543099,0.20863463,0.20863463
10,43,663,0.16798878,17.749722,6.39836,0.5542495,0.2085496,0.2085496
10,44,664,0.16794236,17.749613,6.396884,0.5545648,0.2084754,0.2084754
10,45,665,0.16786554,17.741835,6.396775,0.5549112,0.20841628,0.20841628
10,46,666,0.16781045,17.738947,6.3958526,0.55528843,0.20836931,0.20836931
10,47,667,0.16777019,17.736807,6.3946505,0.5553842,0.20832734,0.20832734
10,48,668,0.1677311,17.735931,6.3943954,0.5555816,0.20831698,0.20831698
10,49,669,0.1676327,17.725065,6.3943467,0.5554764,0.20828652,0.20828652
10,50,670,0.1675331,17.713802,6.393299,0.55588,0.20824282,0.20824282
10,51,671,0.16748102,17.703714,6.3920145,0.55571026,0.20819464,0.20819464
10,52,672,0.1674577,17.69946,6.391617,0.55590993,0.20819719,0.20819719
10,53,673,0.16738284,17.693314,6.3903437,0.5562508,0.2081471,0.2081471
10,54,674,0.16729404,17.684729,6.3907914,0.5570966,0.20812723,0.20812723
10,55,675,0.167206,17.678919,6.389852,0.5572426,0.2080879,0.2080879
10,56,676,0.1671157,17.670818,6.3892846,0.5578403,0.20804991,0.20804991
10,57,677,0.1670309,17.662828,6.3883815,0.5581153,0.20797685,0.20797685
10,58,678,0.16699909,17.666222,6.387753,0.55827135,0.20794006,0.20794006
10,59,679,0.1669456,17.666222,6.3866205,0.5584731,0.20790716,0.20790716
10,60,680,0.1668484,17.656569,6.3860154,0.5586062,0.20787942,0.20787942
10,61,681,0.16678208,17.650616,6.3845296,0.5586863,0.20781988,0.20781988
11,0,682,0.16667257,17.637638,6.3832693,0.5591324,0.2077227,0.2077227
11,1,683,0.16660917,17.62622,6.3825507,0.5592606,0.20767638,0.20767638
11,2,684,0.16655847,17.621063,6.382522,0.5595259,0.2076221,0.2076221
11,3,685,0.16648535,17.610556,6.380987,0.55966955,0.20755717,0.20755717
11,4,686,0.16645138,17.604536,6.379849,0.55962074,0.20747109,0.20747109
11,5,687,0.16640902,17.598734,6.3795314,0.55984825,0.20741864,0.20741864
11,6,688,0.1663582,17.591547,6.377921,0.55964285,0.20732895,0.20732895
11,7,689,0.16631153,17.588741,6.377271,0.5599105,0.20729885,0.20729885
11,8,690,0.16619582,17.576881,6.3764653,0.5598999,0.20725168,0.20725168
11,9,691,0.16611294,17.570213,6.3753853,0.55990237,0.20719065,0.20719065
11,10,692,0.166007,17.558989,6.374762,0.5601668,0.20718133,0.20718133
11,11,693,0.16599533,17.558697,6.373345,0.5601875,0.2071423,0.2071423
11,12,694,0.16594522,17.55618,6.372081,0.5605925,0.20703894,0.20703894
11,13,695,0.16583616,17.546047,6.370717,0.5604202,0.20701112,0.20701112
11,14,696,0.16581726,17.548256,6.3706307,0.5607129,0.20696162,0.20696162
11,15,697,0.16572803,17.539146,6.37004,0.5603459,0.20693667,0.20693667
11,16,698,0.16566797,17.537857,6.3696103,0.56062406,0.2069249,0.2069249
11,17,699,0.1655929,17.52789,6.3679757,0.5607713,0.20684792,0.20684792
11,18,700,0.16553287,17.52125,6.3675985,0.5613015,0.20683272,0.20683272
11,19,701,0.16542405,17.510845,6.3658156,0.5610958,0.20678075,0.20678075
11,20,702,0.16537672,17.510893,6.364042,0.56114453,0.20668922,0.20668922
11,21,703,0.16530195,17.499485,6.3631864,0.56139493,0.2066458,0.2066458
11,22,704,0.16525239,17.49364,6.360804,0.56123,0.20656614,0.20656614
11,23,705,0.16519777,17.486849,6.359933,0.56183493,0.20650108,0.20650108
11,24,706,0.16511008,17.475838,6.3585987,0.5619273,0.20645943,0.20645943
11,25,707,0.165059,17.467989,6.3582273,0.56203014,0.20644915,0.20644915
11,26,708,0.16502589,17.466776,6.3562512,0.56225806,0.20637032,0.20637032
11,27,709,0.16497064,17.462555,6.355819,0.56240356,0.20631556,0.20631556
11,28,710,0.16486627,17.454151,6.355368,0.5629519,0.20625807,0.20625807
11,29,711,0.16478059,17.44444,6.3542166,0.5630334,0.20618418,0.20618418
11,30,712,0.16469352,17.43637,6.353968,0.5631104,0.20616032,0.20616032
11,31,713,0.16461977,17.427504,6.3528347,0.56315774,0.20611498,0.20611498
11,32,714,0.16456404,17.421068,6.351749,0.56291014,0.20604968,0.20604968
11,33,715,0.16448174,17.414124,6.3503747,0.56308866,0.20596837,0.20596837
11,34,716,0.16441068,17.404673,6.349374,0.56337637,0.2059086,0.2059086
11,35,717,0.16433729,17.397352,6.3488536,0.5633295,0.20585285,0.20585285
11,36,718,0.16428128,17.396187,6.347394,0.56346166,0.20578657,0.20578657
11,37,719,0.16422322,17.389185,6.3458934,0.56361,0.20571302,0.20571302
11,38,720,0.16413575,17.382809,6.3454514,0.5638022,0.20566274,0.20566274
11,39,721,0.16402489,17.371622,6.3439465,0.5634988,0.20561486,0.20561486
11,40,722,0.16397557,17.365479,6.3424993,0.5632515,0.20558174,0.20558174
11,41,723,0.16393596,17.360996,6.341326,0.5631979,0.20554191,0.20554191
11,42,724,0.16389102,17.35239,6.3394876,0.5633783,0.2054515,0.2054515
11,43,725,0.16386697,17.346561,6.339157,0.56336343,0.20538351,0.20538351
11,44,726,0.16383481,17.342945,6.338655,0.56375176,0.2053289,0.2053289
11,45,727,0.1637432,17.33443,6.3381624,0.5638389,0.20527881,0.20527881
11,46,728,0.16369036,17.328176,6.337694,0.5637164,0.20523795,0.20523795
11,47,729,0.16362941,17.322004,6.336693,0.56399006,0.20516929,0.20516929
11,48,730,0.16353469,17.31116,6.3361135,0.56429625,0.20510405,0.20510405
11,49,731,0.16346705,17.302021,6.3354626,0.56439495,0.20508353,0.20508353
11,50,732,0.16341117,17.292955,6.3341594,0.56431454,0.20504335,0.20504335
11,51,733,0.16337916,17.29132,6.333414,0.56430054,0.20502442,0.20502442
11,52,734,0.16331491,17.283606,6.3328385,0.5644105,0.2049956,0.2049956
11,53,735,0.16322747,17.276903,6.331482,0.56475216,0.20493738,0.20493738
11,54,736,0.16316114,17.267403,6.3300614,0.56474483,0.20485991,0.20485991
11,55,737,0.16309837,17.262672,6.328319,0.5645934,0.20481291,0.20481291
11,56,738,0.16301982,17.254496,6.327011,0.56472385,0.20478076,0.20478076
11,57,739,0.16295531,17.24648,6.325941,0.56461066,0.20475145,0.20475145
11,58,740,0.16288954,17.241535,6.3236094,0.5643311,0.20466654,0.20466654
11,59,741,0.16286214,17.23537,6.3221297,0.56456715,0.20460187,0.20460187
11,60,742,0.16276506,17.22509,6.320686,0.5644697,0.20453271,0.20453271
11,61,743,0.16272077,17.222828,6.319889,0.5644944,0.2044548,0.2044548
12,0,744,0.16265711,17.213894,6.31929,0.56490266,0.20437747,0.20437747
12,1,745,0.16258243,17.204805,6.3180027,0.5650536,0.20431562,0.20431562
12,2,746,0.16253677,17.20241,6.316671,0.5651998,0.20425642,0.20425642
12,3,747,0.16246776,17.194248,6.3168926,0.565661,0.20422506,0.20422506
12,4,748,0.16241965,17.192871,6.3157015,0.5657562,0.2041408,0.2041408
12,5,749,0.16236523,17.18996,6.315701,0.56616294,0.20411216,0.20411216
12,6,750,0.1622979,17.185139,6.314787,0.5664258,0.20411345,0.20411345
12,7,751,0.16224481,17.17967,6.313553,0.56638426,0.20406802,0.20406802
12,8,752,0.16217385,17.174479,6.3127446,0.5663941,0.20401518,0.20401518
12,9,753,0.16209514,17.166239,6.312636,0.56689185,0.20400639,0.20400639
12,10,754,0.16199698,17.156681,6.311503,0.56692755,0.20398024,0.20398024
12,11,755,0.16197464,17.152151,6.3119383,0.5669793,0.20397905,0.20397905
12,12,756,0.16191596,17.149193,6.311181,0.5674055,0.20390965,0.20390965
12,13,757,0.16186993,17.14465,6.3110533,0.56748414,0.20387483,0.20387483
12,14,758,0.16183762,17.139076,6.3121953,0.56759405,0.20388864,0.20388864
12,15,759,0.16176686,17.129093,6.3110394,0.5676223,0.20385036,0.20385036
12,16,760,0.1617187,17.125025,6.3105793,0.56757087,0.20382471,0.20382471
12,17,761,0.16167088,17.118286,6.3090725,0.5675328,0.20377153,0.20377153
12,18,762,0.16163424,17.117405,6.308311,0.5679497,0.20372084,0.20372084
12,19,763,0.16155866,17.10828,6.3071055,0.5679979,0.2036796,0.2036796
12,20,764,0.16151182,17.102411,6.3065934,0.56826174,0.20364144,0.20364144
12,21,765,0.16146311,17.099539,6.305403,0.56833833,0.20361452,0.20361452
12,22,766,0.16138548,17.09308,6.3041005,0.5682068,0.20355874,0.20355874
12,23,767,0.16134723,17.090643,6.3029056,0.568192,0.20349735,0.20349735
12,24,768,0.16127595,17.085201,6.301928,0.5684109,0.20345682,0.20345682
12,25,769,0.16122772,17.077232,6.300461,0.56832147,0.2033959,0.2033959
12,26,770,0.16115771,17.073044,6.299283,0.5682119,0.20332812,0.20332812
12,27,771,0.16112572,17.073818,6.2981668,0.5684793,0.20327663,0.20327663
12,28,772,0.16107346,17.06596,6.2971535,0.56853414,0.2032464,0.2032464
12,29,773,0.16104901,17.061014,6.295382,0.56836367,0.20318685,0.20318685
12,30,774,0.16100562,17.054161,6.2945776,0.56852674,0.20314361,0.20314361
12,31,775,0.16096213,17.052141,6.2941017,0.56865025,0.20310049,0.20310049
12,32,776,0.16091967,17.0464,6.293457,0.56885904,0.20307343,0.20307343
12,33,777,0.16085681,17.037636,6.293281,0.5693209,0.20301026,0.20301026
12,34,778,0.16082728,17.035631,6.292707,0.56962466,0.20296238,0.20296238
12,35,779,0.16077942,17.027805,6.2921543,0.5699487,0.20288767,0.20288767
12,36,780,0.1606811,17.017601,6.2906256,0.5697264,0.20281284,0.20281284
12,37,781,0.16063473,17.012676,6.289644,0.56974757,0.20278469,0.20278469
12,38,782,0.16057,17.006714,6.288112,0.5697192,0.20272511,0.20272511
12,39,783,0.16050991,17.001461,6.287367,0.569858,0.20266116,0.20266116
12,40,784,0.16046381,16.996622,6.285849,0.569884,0.20260154,0.20260154
12,41,785,0.16043612,16.990026,6.284621,0.5699491,0.20254941,0.20254941
12,42,786,0.16035247,16.980448,6.283208,0.5699223,0.20248738,0.20248738
12,43,787,0.16036807,16.974268,6.2815294,0.5698273,0.20241453,0.20241453
12,44,788,0.16028833,16.966396,6.280431,0.570111,0.20235014,0.20235014
12,45,789,0.1602097,16.957737,6.279937,0.5705174,0.2022968,0.2022968
12,46,790,0.16016704,16.954044,6.278986,0.5707021,0.20221962,0.20221962
12,47,791,0.160115,16.949844,6.2775283,0.57089436,0.20215856,0.20215856
12,48,792,0.16005112,16.943783,6.2762256,0.57077736,0.20212778,0.20212778
12,49,793,0.16000062,16.94237,6.2748814,0.5709061,0.2020553,0.2020553
12,50,794,0.15993172,16.931175,6.273782,0.57067186,0.20202765,0.20202765
12,51,795,0.15987831,16.926815,6.2737446,0.57096624,0.20200709,0.20200709
12,52,796,0.15983418,16.924292,6.2733274,0.57154447,0.20194444,0.20194444
12,53,797,0.15977062,16.918024,6.272949,0.57179075,0.20192696,0.20192696
12,54,798,0.15974732,16.918802,6.2720633,0.57181954,0.20188579,0.20188579
12,55,799,0.15969056,16.916805,6.270798,0.5721573,0.20184681,0.20184681
12,56,800,0.15963271,16.909096,6.2706194,0.57223225,0.20182417,0.20182417
12,57,801,0.15955332,16.90027,6.269942,0.5722725,0.20179123,0.20179123
12,58,802,0.15948194,16.892328,6.2697554,0.57225746,0.20179611,0.20179611
12,59,803,0.1594553,16.891119,6.268291,0.5723042,0.20175393,0.20175393
12,60,804,0.1593966,16.883274,6.267461,0.5722777,0.20172176,0.20172176
12,61,805,0.1593431,16.879892,6.2671995,0.5724774,0.20163189,0.20163189
13,0,806,0.1592711,16.8719,6.266559,0.5727101,0.20161203,0.20161203
13,1,807,0.15920421,16.864626,6.2661343,0.5730985,0.20159046,0.20159046
13,2,808,0.15915947,16.857141,6.265539,0.57345676,0.20154923,0.20154923
13,3,809,0.15908793,16.850658,6.2645144,0.573635,0.20149432,0.20149432
13,4,810,0.15905751,16.848566,6.263938,0.5737307,0.20144631,0.20144631
13,5,811,0.15899801,16.841227,6.263198,0.57418895,0.20140745,0.20140745
13,6,812,0.15897354,16.841208,6.2620916,0.5742396,0.2013425,0.2013425
13,7,813,0.15892208,16.837273,6.2606964,0.57442564,0.20128155,0.20128155
13,8,814,0.1588645,16.833881,6.25992,0.57480645,0.2012515,0.2012515
13,9,815,0.15879637,16.827358,6.2597523,0.57481563,0.20124182,0.20124182
13,10,816,0.15874554,16.824705,6.258432,0.5749643,0.2011894,0.2011894
13,11,817,0.15871495,16.824064,6.257387,0.57521737,0.20112985,0.20112985
13,12,818,0.15869871,16.819504,6.257064,0.57538426,0.20108709,0.20108709
13,13,819,0.15863508,16.810322,6.256063,0.5752629,0.20106404,0.20106404
13,14,820,0.1585703,16.800373,6.255707,0.5753988,0.20103952,0.20103952
13,15,821,0.15851618,16.794025,6.2546225,0.57557935,0.20098299,0.20098299
13,16,822,0.15848106,16.789051,6.2533336,0.5758849,0.20092203,0.20092203
13,17,823,0.15840921,16.783648,6.252038,0.5758683,0.20089251,0.20089251
13,18,824,0.15838534,16.78275,6.251313,0.57618266,0.20087974,0.20087974
13,19,825,0.15836564,16.779282,6.250239,0.57615393,0.20084302,0.20084302
13,20,826,0.15830803,16.77352,6.248854,0.5761911,0.20077644,0.20077644
13,21,827,0.15825681,16.771381,6.2478495,0.5765464,0.20071319,0.20071319
13,22,828,0.15819636,16.764896,6.247063,0.57661724,0.20069008,0.20069008
13,23,829,0.15817305,16.76289,6.246615,0.5769826,0.20067316,0.20067316
13,24,830,0.15812361,16.756292,6.245772,0.57691747,0.20062828,0.20062828
13,25,831,0.15808672,16.754263,6.244315,0.5769726,0.20056838,0.20056838
13,26,832,0.15810657,16.758976,6.244223,0.5770278,0.2005292,0.2005292
13,27,833,0.15808028,16.759258,6.243553,0.5771425,0.20047042,0.20047042
13,28,834,0.15803173,16.754747,6.242722,0.5771682,0.20040612,0.20040612
13,29,835,0.15795672,16.745743,6.2415295,0.5772479,0.20036122,0.20036122
13,30,836,0.15790355,16.73771,6.241174,0.5770038,0.20034556,0.20034556
13,31,837,0.1578412,16.729427,6.2403197,0.5769477,0.20029527,0.20029527
13,32,838,0.15778603,16.724432,6.238915,0.57692945,0.20022814,0.20022814
13,33,839,0.157729,16.717142,6.238487,0.5768059,0.20019299,0.20019299
13,34,840,0.15766811,16.710564,6.237391,0.5767578,0.20013398,0.20013398
13,35,841,0.15761851,16.70299,6.2364726,0.57668,0.20008177,0.20008177
13,36,842,0.15756603,16.696743,6.235202,0.5767077,0.20004418,0.20004418
13,37,843,0.1574991,16.688726,6.2344556,0.576637,0.20000422,0.20000422
13,38,844,0.15747508,16.690084,6.234234,0.5768459,0.19999105,0.19999105
13,39,845,0.15742978,16.686785,6.234367,0.5771507,0.19995639,0.19995639
13,40,846,0.15738207,16.679058,6.233764,0.5775255,0.19991057,0.19991057
13,41,847,0.15733057,16.67715,6.233625,0.577575,0.19988914,0.19988914
13,42,848,0.157282,16.67275,6.2326317,0.57772946,0.1998546,0.1998546
13,43,849,0.1572567,16.670248,6.2320337,0.5777543,0.19982319,0.19982319
13,44,850,0.15724316,16.670305,6.2316856,0.57781595,0.19978857,0.19978857
13,45,851,0.15721376,16.665447,6.231542,0.57800066,0.19977668,0.19977668
13,46,852,0.15715176,16.659763,6.2300363,0.5778396,0.19971837,0.19971837
13,47,853,0.1570856,16.653467,6.2287717,0.57771903,0.19967353,0.19967353
13,48,854,0.15707038,16.653708,6.2281647,0.5776616,0.19963595,0.19963595
13,49,855,0.1570299,16.650204,6.226836,0.57783157,0.19959068,0.19959068
13,50,856,0.15698875,16.649437,6.22598,0.5778676,0.19954291,0.19954291
13,51,857,0.15694696,16.646917,6.2252746,0.57817864,0.19949819,0.19949819
13,52,858,0.15690649,16.6444,6.2238493,0.5781357,0.19942431,0.19942431
13,53,859,0.15687105,16.642193,6.223275,0.5782503,0.19939357,0.19939357
13,54,860,0.15683222,16.640224,6.2229056,0.5783896,0.1993574,0.1993574
13,55,861,0.15676948,16.634874,6.2220974,0.5784386,0.19931833,0.19931833
13,56,862,0.15674034,16.63045,6.221595,0.57873744,0.199279,0.199279
13,57,863,0.15669668,16.624084,6.2201505,0.57858366,0.19922,0.19922
13,58,864,0.15665898,16.61912,6.219658,0.57875806,0.19918215,0.19918215
13,59,865,0.15660739,16.612907,6.219774,0.5788262,0.19919218,0.19919218
13,60,866,0.15662539,16.611687,6.219897,0.5791317,0.19912791,0.19912791
13,61,867,0.15658794,16.60927,6.2197585,0.5795981,0.19910899,0.19910899
14,0,868,0.15657265,16.609999,6.2195826,0.58005947,0.19904076,0.19904076
14,1,869,0.15655014,16.606447,6.2183404,0.5801579,0.1989873,0.1989873
14,2,870,0.15651716,16.603148,6.217462,0.58022577,0.1989462,0.1989462
14,3,871,0.15646306,16.59719,6.2172384,0.5802299,0.19895367,0.19895367
14,4,872,0.15639374,16.589321,6.216392,0.5801734,0.19892035,0.19892035
14,5,873,0.1563488,16.584867,6.2150693,0.5803136,0.19885647,0.19885647
14,6,874,0.15630051,16.580694,6.213873,0.5803967,0.198828,0.198828
14,7,875,0.15622595,16.573957,6.213145,0.58072984,0.19882692,0.19882692
14,8,876,0.15616295,16.566866,6.2123833,0.580999,0.19878747,0.19878747
14,9,877,0.15613315,16.562002,6.211807,0.5810866,0.19875458,0.19875458
14,10,878,0.15607704,16.555592,6.211098,0.5813103,0.19871639,0.19871639
14,11,879,0.1560398,16.548872,6.2093444,0.581373,0.19865207,0.19865207
14,12,880,0.15597224,16.541481,6.2082253,0.5816183,0.19859515,0.19859515
14,13,881,0.15593526,16.53865,6.2070193,0.5816818,0.1985216,0.1985216
14,14,882,0.15588732,16.53517,6.205942,0.5818934,0.19845729,0.19845729
14,15,883,0.1558325,16.528893,6.2046323,0.58200943,0.1983783,0.1983783
14,16,884,0.15574792,16.52098,6.203177,0.5819131,0.19835211,0.19835211
14,17,885,0.1557178,16.515383,6.2026772,0.58200014,0.19833535,0.19833535
14,18,886,0.15568276,16.50942,6.2013783,0.58187586,0.19829537,0.19829537
14,19,887,0.15570027,16.50718,6.2008276,0.58214194,0.19825013,0.19825013
14,20,888,0.1556398,16.497799,6.200355,0.5824841,0.19821064,0.19821064
14,21,889,0.1556108,16.493082,6.1999993,0.5827905,0.19818418,0.19818418
14,22,890,0.15558144,16.48992,6.1993318,0.5828755,0.19814941,0.19814941
14,23,891,0.15553354,16.485033,6.1990867,0.5830012,0.19812836,0.19812836
14,24,892,0.15548593,16.481823,6.199932,0.58307284,0.19813234,0.19813234
14,25,893,0.15543099,16.47475,6.1989202,0.58302885,0.1980814,0.1980814
14,26,894,0.15537569,16.467398,6.1983685,0.5831551,0.19803989,0.19803989
14,27,895,0.1553193,16.459898,6.1971693,0.58309865,0.19800465,0.19800465
14,28,896,0.155318,16.465807,6.1959505,0.5831616,0.1979576,0.1979576
14,29,897,0.15531549,16.46713,6.1954637,0.5835209,0.19792213,0.19792213
14,30,898,0.15529373,16.463991,6.1949315,0.5837838,0.19791271,0.19791271
14,31,899,0.15523796,16.45739,6.194795,0.5841009,0.19786854,0.19786854
14,32,900,0.15518601,16.451221,6.1945434,0.58423376,0.19783692,0.19783692
14,33,901,0.15513107,16.445112,6.193761,0.5842486,0.19779536,0.19779536
14,34,902,0.1550936,16.44297,6.193121,0.584212,0.19776149,0.19776149
14,35,903,0.15505792,16.440546,6.1927156,0.584405,0.1977647,0.1977647
14,36,904,0.155036,16.438421,6.1920137,0.58458793,0.19772558,0.19772558
14,37,905,0.15499198,16.43283,6.1907516,0.5847803,0.19766168,0.19766168
14,38,906,0.15493652,16.428652,6.1901383,0.585099,0.19762388,0.19762388
14,39,907,0.15489152,16.424574,6.189367,0.5852232,0.19759353,0.19759353
14,40,908,0.1548422,16.418438,6.1881614,0.5854996,0.19754837,0.19754837
14,41,909,0.15482092,16.41639,6.187497,0.58586,0.19751556,0.19751556
14,42,910,0.15476082,16.408834,6.187211,0.5860076,0.19747461,0.19747461
14,43,911,0.15469474,16.402166,6.1861906,0.5858221,0.19745176,0.19745176
14,44,912,0.15466288,16.401459,6.185034,0.58595425,0.19740216,0.19740216
14,45,913,0.15463722,16.397085,6.1841664,0.5861407,0.19736794,0.19736794
14,46,914,0.15456867,16.387981,6.1833262,0.5859137,0.19733718,0.19733718
14,47,915,0.15454605,16.384966,6.1830277,0.58585894,0.19728331,0.19728331
14,48,916,0.15448534,16.378159,6.182662,0.58558846,0.19725981,0.19725981
14,49,917,0.15444265,16.373259,6.182344,0.5856088,0.19722909,0.19722909
14,50,918,0.15438695,16.365719,6.181573,0.58590615,0.19716612,0.19716612
14,51,919,0.1543307,16.359108,6.1812944,0.5861142,0.19711904,0.19711904
14,52,920,0.15430278,16.358181,6.1804175,0.586079,0.1970674,0.1970674
14,53,921,0.15428945,16.357283,6.179457,0.5862398,0.19703044,0.19703044
14,54,922,0.1542849,16.357937,6.178192,0.58642644,0.19698101,0.19698101
14,55,923,0.1542517,16.356209,6.177465,0.5866453,0.1969428,0.1969428
14,56,924,0.15419754,16.35378,6.176249,0.58685374,0.19688167,0.19688167
14,57,925,0.15415499,16.350338,6.175222,0.58704823,0.19684483,0.19684483
14,58,926,0.15412623,16.344137,6.174743,0.58760923,0.19680563,0.19680563
14,59,927,0.15406471,16.338097,6.1741524,0.58764815,0.19677353,0.19677353
14,60,928,0.15401882,16.331715,6.1733623,0.5877865,0.19671978,0.19671978
14,61,929,0.15396965,16.327568,6.1725235,0.5878008,0.19668996,0.19668996
15,0,930,0.15392736,16.322165,6.171343,0.58779573,0.19662893,0.19662893
15,1,931,0.15390612,16.317616,6.170527,0.58815324,0.1966044,0.1966044
15,2,932,0.15384527,16.31228,6.170025,0.5885004,0.19655325,0.19655325
15,3,933,0.15380527,16.307121,6.168874,0.58861816,0.19648789,0.19648789
15,4,934,0.15378663,16.303162,6.167757,0.5886655,0.19645384,0.19645384
15,5,935,0.15376884,16.298687,6.167579,0.58927673,0.19645773,0.19645773
15,6,936,0.15373988,16.292572,6.167516,0.58952516,0.19643584,0.19643584
15,7,937,0.1536845,16.289291,6.1677694,0.58979654,0.19644217,0.19644217
15,8,938,0.15364866,16.286924,6.1676598,0.5900376,0.19642869,0.19642869
15,9,939,0.15362538,16.286942,6.167232,0.5902488,0.1963833,0.1963833
15,10,940,0.1535922,16.284515,6.166457,0.59034634,0.19631466,0.19631466
15,11,941,0.15356186,16.281767,6.1660223,0.5905735,0.19631194,0.19631194
15,12,942,0.15354148,16.278944,6.164854,0.5906437,0.1962753,0.1962753
15,13,943,0.15349269,16.275017,6.1650214,0.5910238,0.19625548,0.19625548
15,14,944,0.1534261,16.266748,6.1645827,0.5914454,0.19622415,0.19622415
15,15,945,0.15337367,16.262241,6.1645,0.59189075,0.19620834,0.19620834
15,16,946,0.15332311,16.258955,6.163478,0.5918891,0.19615503,0.19615503
15,17,947,0.1533179,16.262623,6.1632214,0.592054,0.19614917,0.19614917
15,18,948,0.15326731,16.257454,6.162089,0.5919759,0.1960941,0.1960941
15,19,949,0.15324593,16.256147,6.161277,0.59208345,0.19603872,0.19603872
15,20,950,0.15319894,16.251894,6.16014,0.5921241,0.19598643,0.19598643
15,21,951,0.15314636,16.246098,6.158739,0.5919028,0.19592929,0.19592929
15,22,952,0.15313108,16.244719,6.158236,0.59207875,0.19589937,0.19589937
15,23,953,0.15308739,16.23925,6.1569834,0.59213865,0.19585316,0.19585316
15,24,954,0.15304083,16.232288,6.1563478,0.59218305,0.19582167,0.19582167
15,25,955,0.15299577,16.227215,6.1555915,0.59202933,0.1958263,0.1958263
15,26,956,0.15294845,16.222004,6.1549735,0.5921967,0.19581677,0.19581677
15,27,957,0.1529503,16.219387,6.153682,0.5921596,0.19576564,0.19576564
15,28,958,0.15291959,16.216108,6.1529365,0.592163,0.19572195,0.19572195
15,29,959,0.15289026,16.213255,6.151828,0.592351,0.19567518,0.19567518
15,30,960,0.15288089,16.209225,6.1501946,0.59227663,0.1956217,0.1956217
15,31,961,0.15288725,16.20665,6.149262,0.592469,0.19558,0.19558
15,32,962,0.15285695,16.204256,6.148958,0.5925589,0.19555867,0.19555867
15,33,963,0.15283725,16.204554,6.1478076,0.59263563,0.19549416,0.19549416
15,34,964,0.15280306,16.199974,6.147154,0.5926075,0.19547112,0.19547112
15,35,965,0.15275815,16.196363,6.14588,0.59262615,0.19544204,0.19544204
15,36,966,0.15273286,16.192585,6.145021,0.59263635,0.19541845,0.19541845
15,37,967,0.15268168,16.188663,6.144158,0.59273154,0.19537531,0.19537531
15,38,968,0.15261784,16.181787,6.1434717,0.592857,0.19533549,0.19533549
15,39,969,0.15260062,16.17863,6.1428213,0.5928938,0.19531626,0.19531626
15,40,970,0.15254596,16.17257,6.142567,0.59306765,0.19530542,0.19530542
15,41,971,0.15249172,16.16746,6.1422215,0.59326124,0.1952787,0.1952787
15,42,972,0.15243462,16.160614,6.140968,0.5932241,0.19521917,0.19521917
15,43,973,0.15240309,16.153652,6.1399446,0.5931413,0.19518137,0.19518137
15,44,974,0.15239242,16.153984,6.139278,0.5930991,0.19513851,0.19513851
15,45,975,0.15235081,16.149479,6.138942,0.59338135,0.19510105,0.19510105
15,46,976,0.15230566,16.145819,6.138468,0.5935761,0.19505978,0.19505978
15,47,977,0.15229356,16.14492,6.137476,0.5934311,0.19502471,0.19502471
15,48,978,0.15229306,16.144857,6.1364856,0.59345454,0.19498459,0.19498459
15,49,979,0.15226191,16.138975,6.135452,0.59338045,0.19494103,0.19494103
15,50,980,0.15223561,16.135586,6.135567,0.5936303,0.1949149,0.1949149
15,51,981,0.15219004,16.132618,6.134686,0.5935138,0.19486491,0.19486491
15,52,982,0.1521722,16.132381,6.134309,0.5937943,0.19483821,0.19483821
15,53,983,0.15212502,16.126755,6.13319,0.5938605,0.19480859,0.19480859
15,54,984,0.15212718,16.128119,6.132941,0.5940777,0.19478226,0.19478226
15,55,985,0.15212822,16.126791,6.1320972,0.5939865,0.19474532,0.19474532
15,56,986,0.15210241,16.12321,6.1319127,0.59398377,0.1947137,0.1947137
15,57,987,0.1520671,16.122017,6.1316853,0.5940938,0.19468333,0.19468333
15,58,988,0.15203936,16.119095,6.1309657,0.59427756,0.19463816,0.19463816
15,59,989,0.15199515,16.115227,6.1302,0.5943466,0.19457792,0.19457792
15,60,990,0.15193823,16.108757,6.1297655,0.5942887,0.19455507,0.19455507
15,61,991,0.15188348,16.10494,6.129171,0.5948727,0.19451697,0.19451697
16,0,992,0.15185574,16.099064,6.128203,0.59499025,0.19447179,0.19447179
16,1,993,0.15182179,16.093414,6.127394,0.5948687,0.19445851,0.19445851
16,2,994,0.15177931,16.088575,6.1271386,0.5949764,0.19443034,0.19443034
16,3,995,0.15172128,16.085026,6.1266885,0.5949627,0.19442584,0.19442584
16,4,996,0.15168053,16.081036,6.1258144,0.5950249,0.19437388,0.19437388
16,5,997,0.15166923,16.077229,6.1250606,0.59529734,0.19433324,0.19433324
16,6,998,0.15166855,16.07366,6.124638,0.5954076,0.1943081,0.1943081
16,7,999,0.15163887,16.068283,6.123656,0.59541565,0.19425789,0.19425789
16,8,1000,0.1516357,16.067467,6.123501,0.5953506,0.19421452,0.19421452
16,9,1001,0.15159819,16.063187,6.1224475,0.5953756,0.19419302,0.19419302
16,10,1002,0.15154463,16.055676,6.12242,0.595639,0.19418907,0.19418907
16,11,1003,0.15147421,16.048637,6.121627,0.5954294,0.19415297,0.19415297
16,12,1004,0.15143488,16.045195,6.1208634,0.5955552,0.19411726,0.19411726
16,13,1005,0.15138243,16.040499,6.1198144,0.5957256,0.19407573,0.19407573
16,14,1006,0.15133062,16.03693,6.1187654,0.5958814,0.1940402,0.1940402
16,15,1007,0.15131709,16.03747,6.1172323,0.59587044,0.19399515,0.19399515
16,16,1008,0.15129508,16.034544,6.1160774,0.5959403,0.19397794,0.19397794
16,17,1009,0.15125701,16.030201,6.1153316,0.5959159,0.19397146,0.19397146
16,18,1010,0.15123008,16.027874,6.1143746,0.59601706,0.1939564,0.1939564
16,19,1011,0.15121901,16.024122,6.1131268,0.5959524,0.19390248,0.19390248
16,20,1012,0.15118355,16.019571,6.1128545,0.59615445,0.1938826,0.1938826
16,21,1013,0.15114051,16.014437,6.111964,0.5960323,0.1938602,0.1938602
16,22,1014,0.15114094,16.017744,6.110837,0.59607303,0.19379885,0.19379885
16,23,1015,0.1511232,16.012495,6.1105933,0.5963371,0.19377129,0.19377129
16,24,1016,0.15112154,16.009066,6.110215,0.5965919,0.19373548,0.19373548
16,25,1017,0.15108408,16.00506,6.1089807,0.5966888,0.19367383,0.19367383
16,26,1018,0.1510914,16.003046,6.107858,0.59681857,0.19363715,0.19363715
16,27,1019,0.15107334,15.99904,6.1076427,0.5970666,0.19362406,0.19362406
16,28,1020,0.15103504,15.995696,6.1066446,0.59708875,0.19359866,0.19359866
16,29,1021,0.15100923,15.992964,6.1059194,0.59708744,0.19354717,0.19354717
16,30,1022,0.15098071,15.98978,6.10501,0.5974287,0.19349323,0.19349323
16,31,1023,0.15094966,15.9847555,6.1039295,0.5974846,0.19343995,0.19343995
16,32,1024,0.1509169,15.979377,6.103159,0.5976932,0.19339333,0.19339333
16,33,1025,0.15086816,15.974836,6.102157,0.59761596,0.19336526,0.19336526
16,34,1026,0.15083341,15.973308,6.100828,0.5973914,0.193315,0.193315
16,35,1027,0.15083009,15.976438,6.10073,0.59776217,0.1933011,0.1933011
16,36,1028,0.15078796,15.973753,6.100234,0.59783846,0.19328022,0.19328022
16,37,1029,0.15077381,15.974554,6.099634,0.5981769,0.19324045,0.19324045
16,38,1030,0.15074992,15.9733,6.0986032,0.59848756,0.193203,0.193203
16,39,1031,0.15070492,15.967136,6.098364,0.5989094,0.19318484,0.19318484
16,40,1032,0.15068707,15.966222,6.097093,0.5989537,0.19315194,0.19315194
16,41,1033,0.15064815,15.964469,6.0964694,0.5990851,0.19312394,0.19312394
16,42,1034,0.15061155,15.96171,6.096171,0.5993177,0.19308351,0.19308351
16,43,1035,0.15059239,15.962338,6.0954227,0.5994443,0.19304468,0.19304468
16,44,1036,0.15055376,15.957562,6.094474,0.59952915,0.19299796,0.19299796
16,45,1037,0.15051913,15.953961,6.0936346,0.5995094,0.19296984,0.19296984
16,46,1038,0.15047377,15.947554,6.0927763,0.59940904,0.19293563,0.19293563
16,47,1039,0.15042672,15.940374,6.0927954,0.5996229,0.19293003,0.19293003
16,48,1040,0.15040118,15.937471,6.092157,0.5994857,0.19292621,0.19292621
16,49,1041,0.15035415,15.932411,6.0923266,0.5996485,0.19291174,0.19291174
16,50,1042,0.15030877,15.927135,6.09161,0.59964204,0.19289243,0.19289243
16,51,1043,0.15026018,15.921703,6.0907626,0.5996734,0.19285634,0.19285634
16,52,1044,0.15024333,15.922211,6.089749,0.59986365,0.19279075,0.19279075
16,53,1045,0.1502198,15.918328,6.0893416,0.60027915,0.19276185,0.19276185
16,54,1046,0.15017818,15.912524,6.088716,0.6000886,0.1927604,0.1927604
16,55,1047,0.15016489,15.912147,6.089034,0.60022354,0.19273798,0.19273798
16,56,1048,0.15011194,15.906376,6.0884523,0.6001559,0.19270965,0.19270965
16,57,1049,0.15007618,15.900935,6.087814,0.6002341,0.19267502,0.19267502
16,58,1050,0.15002617,15.895375,6.0870442,0.6002684,0.19264612,0.19264612
16,59,1051,0.14999762,15.890193,6.086802,0.60031116,0.19260103,0.19260103
16,60,1052,0.14995776,15.883428,6.086217,0.60019624,0.1925644,0.1925644
16,61,1053,0.14993915,15.881768,6.086343,0.6005167,0.19252732,0.19252732
17,0,1054,0.14991999,15.877119,6.0860395,0.60075414,0.19249818,0.19249818
17,1,1055,0.14993855,15.874653,6.085732,0.6010652,0.19246687,0.19246687
17,2,1056,0.14990366,15.86939,6.0851555,0.60101795,0.19242315,0.19242315
17,3,1057,0.14986302,15.864367,6.084156,0.6010201,0.19238633,0.19238633
17,4,1058,0.1498433,15.8625145,6.083322,0.6011026,0.19234677,0.19234677
17,5,1059,0.14980489,15.859072,6.082604,0.6015198,0.19229393,0.19229393
17,6,1060,0.14976491,15.854586,6.082128,0.60164785,0.1922558,0.1922558
17,7,1061,0.14972785,15.8522215,6.081081,0.6017321,0.19223936,0.19223936
17,8,1062,0.14973101,15.852627,6.080887,0.60215944,0.19221672,0.19221672
17,9,1063,0.14969689,15.849929,6.080683,0.6024271,0.19220056,0.19220056
17,10,1064,0.14966768,15.848374,6.079857,0.6022987,0.192169,0.192169
17,11,1065,0.14963838,15.846689,6.0787463,0.60226417,0.19212212,0.19212212
17,12,1066,0.14961869,15.847993,6.078237,0.60262495,0.19209673,0.19209673
17,13,1067,0.14958629,15.843943,6.0783334,0.60280645,0.19209583,0.19209583
17,14,1068,0.14955333,15.8399105,6.0779243,0.6026647,0.19205055,0.19205055
17,15,1069,0.14952806,15.838578,6.076969,0.60276484,0.19199248,0.19199248
17,16,1070,0.14950594,15.83443,6.076264,0.602765,0.19193462,0.19193462
17,17,1071,0.14947501,15.831269,6.0758324,0.6029095,0.19189842,0.19189842
17,18,1072,0.14944394,15.826917,6.074727,0.6029195,0.19185752,0.19185752
17,19,1073,0.14942509,15.823251,6.0741043,0.60287607,0.19182986,0.19182986
17,20,1074,0.14940563,15.821391,6.073809,0.6031209,0.19178297,0.19178297
17,21,1075,0.149369,15.816717,6.072747,0.6031201,0.19173448,0.19173448
17,22,1076,0.1493434,15.814644,6.071635,0.6030588,0.19169712,0.19169712
17,23,1077,0.14935485,15.81597,6.0704384,0.6030983,0.19165012,0.19165012
17,24,1078,0.1493276,15.813041,6.0701604,0.60324436,0.191633,0.191633
17,25,1079,0.1492911,15.807702,6.0693483,0.6033165,0.19158188,0.19158188
17,26,1080,0.1492381,15.80089,6.068091,0.60321516,0.19153973,0.19153973
17,27,1081,0.14927231,15.8032055,6.067933,0.6032491,0.1915072,0.1915072
17,28,1082,0.14923239,15.798911,6.067136,0.60325825,0.19146004,0.19146004
17,29,1083,0.14920557,15.796714,6.0662255,0.603144,0.19143274,0.19143274
17,30,1084,0.14917466,15.791951,6.0659666,0.6034097,0.19139759,0.19139759
17,31,1085,0.1491374,15.788269,6.06602,0.6038108,0.1913811,0.1913811
17,32,1086,0.14909123,15.783864,6.066188,0.603831,0.19137228,0.19137228
17,33,1087,0.14905542,15.77879,6.0657935,0.603867,0.19134764,0.19134764
17,34,1088,0.1490312,15.77385,6.065824,0.60416675,0.19135034,0.19135034
17,35,1089,0.14903545,15.772514,6.0654383,0.6041765,0.19132909,0.19132909
17,36,1090,0.14899865,15.768356,6.0650897,0.6043443,0.19128172,0.19128172
17,37,1091,0.14894794,15.762886,6.064585,0.6044253,0.19126375,0.19126375
17,38,1092,0.14892496,15.758726,6.063788,0.60475016,0.19122921,0.19122921
17,39,1093,0.1488833,15.753639,6.0630374,0.60476536,0.19120999,0.19120999
17,40,1094,0.1488527,15.75298,6.062489,0.6047321,0.19117682,0.19117682
17,41,1095,0.14881417,15.750213,6.061362,0.60484916,0.19112666,0.19112666
17,42,1096,0.1487921,15.748689,6.0602527,0.6047837,0.19109805,0.19109805
17,43,1097,0.1487653,15.745744,6.0598817,0.60476524,0.19109224,0.19109224
17,44,1098,0.14874393,15.740692,6.05894,0.60482544,0.19104402,0.19104402
17,45,1099,0.14870852,15.736279,6.0580864,0.60482913,0.19104171,0.19104171
17,46,1100,0.14871433,15.737372,6.057203,0.6048131,0.19101481,0.19101481
17,47,1101,0.14867523,15.731099,6.0563693,0.60469776,0.19100535,0.19100535
17,48,1102,0.14867646,15.731653,6.0562735,0.60508496,0.19099674,0.19099674
17,49,1103,0.14864351,15.72673,6.0560746,0.605303,0.19098525,0.19098525
17,50,1104,0.14860675,15.723191,6.0556407,0.60530585,0.19095728,0.19095728
17,51,1105,0.14859599,15.720918,6.0549335,0.60529625,0.19093229,0.19093229
17,52,1106,0.14858672,15.718905,6.054792,0.6055294,0.19091567,0.19091567
17,53,1107,0.14854953,15.713316,6.054358,0.6055298,0.19089544,0.19089544
17,54,1108,0.1485332,15.7115345,6.0539637,0.605432,0.19087309,0.19087309
17,55,1109,0.14849341,15.7071705,6.0535026,0.6055104,0.19086008,0.19086008
17,56,1110,0.1484622,15.700764,6.0529757,0.60560673,0.19083102,0.19083102
17,57,1111,0.1484676,15.705408,6.0523434,0.6056294,0.19081496,0.19081496
17,58,1112,0.14845538,15.706283,6.0512056,0.6055594,0.19077212,0.19077212
17,59,1113,0.14843719,15.704298,6.050436,0.60555744,0.19074407,0.19074407
17,60,1114,0.14839268,15.69941,6.0500503,0.6058435,0.19073658,0.19073658
17,61,1115,0.14836156,15.694107,6.0498457,0.6060159,0.19071084,0.19071084
18,0,1116,0.14832437,15.687799,6.049458,0.6058347,0.190689,0.190689
18,1,1117,0.14830258,15.685865,6.0487204,0.60576874,0.19065516,0.19065516
18,2,1118,0.1482552,15.6799555,6.048045,0.60591435,0.19061641,0.19061641
18,3,1119,0.14821006,15.673939,6.047861,0.6061509,0.19059902,0.19059902
18,4,1120,0.14817846,15.670377,6.0471725,0.6063251,0.19058102,0.19058102
18,5,1121,0.14814556,15.666973,6.0469484,0.60673594,0.1905655,0.1905655
18,6,1122,0.14809692,15.660782,6.0468125,0.60703003,0.19053206,0.19053206
18,7,1123,0.14808117,15.659857,6.0455112,0.60705525,0.19049232,0.19049232
18,8,1124,0.14807346,15.6611805,6.04469,0.60708535,0.19045487,0.19045487
18,9,1125,0.14801641,15.655104,6.043539,0.60698783,0.19040602,0.19040602
18,10,1126,0.14800525,15.653574,6.0429616,0.6071129,0.19036461,0.19036461
18,11,1127,0.1479782,15.651867,6.0427623,0.60747,0.19035259,0.19035259
18,12,1128,0.1479344,15.647122,6.041985,0.60757357,0.19031881,0.19031881
18,13,1129,0.14788735,15.6434965,6.0406904,0.60756004,0.19027646,0.19027646
18,14,1130,0.1478613,15.640208,6.0395865,0.6075149,0.1902282,0.1902282
18,15,1131,0.14786202,15.63918,6.038356,0.60745114,0.1901857,0.1901857
18,16,1132,0.14781597,15.635549,6.03747,0.60733664,0.19015862,0.19015862
18,17,1133,0.14777637,15.632534,6.037059,0.60737,0.19014178,0.19014178
18,18,1134,0.14772889,15.626354,6.0365567,0.60711634,0.19013315,0.19013315
18,19,1135,0.14770906,15.623262,6.036615,0.60751766,0.19014002,0.19014002
18,20,1136,0.14769217,15.62071,6.0364394,0.60777587,0.190119,0.190119
18,21,1137,0.14772484,15.62772,6.036566,0.60797966,0.19009705,0.19009705
18,22,1138,0.14772199,15.627638,6.036119,0.6078623,0.1900807,0.1900807
18,23,1139,0.14771232,15.62805,6.0354605,0.60778755,0.19006102,0.19006102
18,24,1140,0.14769644,15.626486,6.034786,0.6077811,0.19003943,0.19003943
18,25,1141,0.14767174,15.622631,6.0337396,0.60767984,0.1899986,0.1899986
18,26,1142,0.14763603,15.619175,6.032665,0.60774547,0.18995875,0.18995875
18,27,1143,0.14761655,15.6155405,6.032052,0.6078836,0.1899126,0.1899126
18,28,1144,0.14759049,15.613669,6.031289,0.608014,0.18987659,0.18987659
18,29,1145,0.14757094,15.609288,6.0300403,0.60797447,0.1898346,0.1898346
18,30,1146,0.14757326,15.611391,6.0284615,0.6079363,0.18977664,0.18977664
18,31,1147,0.14755638,15.611832,6.0279393,0.60787463,0.18974593,0.18974593
18,32,1148,0.1475455,15.611432,6.027829,0.6081032,0.18971358,0.18971358
18,33,1149,0.14751855,15.607296,6.0269876,0.6081622,0.18968776,0.18968776
18,34,1150,0.14748397,15.603521,6.0260577,0.6081234,0.18965362,0.18965362
18,35,1151,0.1474449,15.598309,6.02524,0.60821706,0.18961893,0.18961893
18,36,1152,0.14742196,15.593916,6.0244102,0.60837585,0.18957078,0.18957078
18,37,1153,0.14738788,15.589696,6.024147,0.6084848,0.18956234,0.18956234
18,38,1154,0.14736901,15.58764,6.0234137,0.6086176,0.18952952,0.18952952
18,39,1155,0.14735356,15.586412,6.022726,0.60861385,0.18950838,0.18950838
18,40,1156,0.14731985,15.582785,6.022198,0.60858613,0.18948723,0.18948723
18,41,1157,0.1472911,15.578783,6.0215445,0.6086715,0.18944435,0.18944435
18,42,1158,0.14726187,15.574664,6.0206237,0.6088739,0.18940681,0.18940681
18,43,1159,0.14724077,15.571382,6.0197344,0.6088238,0.18937385,0.18937385
18,44,1160,0.14720665,15.568439,6.019348,0.6089989,0.18934901,0.18934901
18,45,1161,0.1471611,15.563586,6.0184946,0.6090954,0.1893141,0.1893141
18,46,1162,0.14713633,15.56132,6.0175157,0.6090026,0.18927824,0.18927824
18,47,1163,0.14710343,15.557703,6.016806,0.6089499,0.18924621,0.18924621
18,48,1164,0.14707065,15.554746,6.016303,0.60897183,0.18921614,0.18921614
18,49,1165,0.14704195,15.550254,6.0156465,0.60903704,0.18919161,0.18919161
18,50,1166,0.14703804,15.551909,6.0156865,0.60936743,0.18914312,0.18914312
18,51,1167,0.14700396,15.549132,6.0159216,0.6098351,0.18913104,0.18913104
18,52,1168,0.14697969,15.5471115,6.015708,0.6101793,0.18910235,0.18910235
18,53,1169,0.14693554,15.544152,6.0153646,0.61032444,0.18908784,0.18908784
18,54,1170,0.14692554,15.543231,6.0148926,0.61020845,0.18904588,0.18904588
18,55,1171,0.14690655,15.541777,6.014021,0.6102334,0.1890004,0.1890004
18,56,1172,0.14688554,15.540611,6.0135727,0.61026174,0.18896653,0.18896653
18,57,1173,0.14686018,15.538226,6.012982,0.61018234,0.18893136,0.18893136
18,58,1174,0.14683089,15.535976,6.012544,0.61047906,0.18890768,0.18890768
18,59,1175,0.14680792,15.533346,6.011889,0.61058295,0.18887614,0.18887614
18,60,1176,0.1467758,15.530533,6.0116415,0.6106826,0.18887061,0.18887061
18,61,1177,0.14673989,15.52704,6.01111,0.61088336,0.1888675,0.1888675
19,0,1178,0.1467048,15.524188,6.0106797,0.61097765,0.1888385,0.1888385
19,1,1179,0.14667481,15.521243,6.009785,0.61103326,0.18880661,0.18880661
19,2,1180,0.14666125,15.517169,6.009058,0.6110245,0.18876544,0.18876544
19,3,1181,0.1466359,15.512755,6.008387,0.61101645,0.18873094,0.18873094
19,4,1182,0.14660269,15.507948,6.0079246,0.6110627,0.18869741,0.18869741
19,5,1183,0.14657141,15.503105,6.007677,0.6112317,0.18868674,0.18868674
19,6,1184,0.14654383,15.501213,6.0072427,0.61120397,0.18863647,0.18863647
19,7,1185,0.14653501,15.498781,6.0068407,0.61131483,0.18863334,0.18863334
19,8,1186,0.14651896,15.495422,6.0066504,0.6113209,0.18863635,0.18863635
19,9,1187,0.14652234,15.498233,6.006139,0.61157364,0.18861265,0.18861265
19,10,1188,0.14649776,15.496588,6.0058494,0.6117723,0.18858159,0.18858159
19,11,1189,0.14646196,15.4929,6.0053525,0.61180615,0.18855613,0.18855613
19,12,1190,0.14642967,15.489856,6.004675,0.61190844,0.18853731,0.18853731
19,13,1191,0.14640541,15.487452,6.003771,0.61181235,0.18850568,0.18850568
19,14,1192,0.14638317,15.484163,6.0028014,0.61204857,0.18845971,0.18845971
19,15,1193,0.14635387,15.480022,6.00208,0.61205053,0.18843068,0.18843068
19,16,1194,0.14632937,15.478763,6.0016165,0.6124589,0.18839966,0.18839966
19,17,1195,0.14630601,15.475652,6.001005,0.61240196,0.18838824,0.18838824
19,18,1196,0.14628798,15.474033,6.00086,0.61270237,0.18836764,0.18836764
19,19,1197,0.14623827,15.4694195,6.000141,0.61276007,0.18835059,0.18835059
19,20,1198,0.14623311,15.469718,5.9994144,0.61287767,0.18831581,0.18831581
19,21,1199,0.14620979,15.467424,5.99851,0.61289895,0.18827245,0.18827245
19,22,1200,0.14618842,15.464565,5.9979124,0.6130154,0.18825002,0.18825002
19,23,1201,0.14616539,15.462154,5.997038,0.61299735,0.1882179,0.1882179
19,24,1202,0.1461266,15.457104,5.99616,0.61301655,0.18817998,0.18817998
19,25,1203,0.1461058,15.458824,5.996095,0.6132355,0.18815915,0.18815915
19,26,1204,0.14608854,15.45928,5.9956365,0.6133595,0.18812907,0.18812907
19,27,1205,0.1460805,15.458051,5.994861,0.6133787,0.18809061,0.18809061
19,28,1206,0.14605236,15.454383,5.9942937,0.6135906,0.18806665,0.18806665
19,29,1207,0.14602733,15.451801,5.993998,0.61367846,0.18805765,0.18805765
19,30,1208,0.14599252,15.449542,5.993902,0.61392695,0.1880276,0.1880276
19,31,1209,0.14596121,15.447778,5.9933996,0.614047,0.18801734,0.18801734
19,32,1210,0.14593762,15.444411,5.9934573,0.61412114,0.18801235,0.18801235
19,33,1211,0.14591166,15.441656,5.9928117,0.61416984,0.18799308,0.18799308
19,34,1212,0.14588071,15.436602,5.992138,0.6142738,0.18795636,0.18795636
19,35,1213,0.14584288,15.430948,5.991424,0.6143668,0.18793474,0.18793474
19,36,1214,0.14580375,15.425939,5.9908853,0.6146173,0.18792684,0.18792684
19,37,1215,0.14581475,15.424426,5.990168,0.6146154,0.18789788,0.18789788
19,38,1216,0.1458058,15.422922,5.9894567,0.6146814,0.18787342,0.18787342
19,39,1217,0.14578827,15.420935,5.988638,0.61477274,0.18782946,0.18782946
19,40,1218,0.14578019,15.419563,5.988154,0.61485976,0.1877921,0.1877921
19,41,1219,0.14575379,15.416259,5.9877067,0.61513746,0.1877768,0.1877768
19,42,1220,0.14573312,15.41135,5.987534,0.6151459,0.18775113,0.18775113
19,43,1221,0.14570141,15.406704,5.986772,0.61514705,0.18772066,0.18772066
19,44,1222,0.14568496,15.4046,5.986262,0.6153415,0.18768917,0.18768917
19,45,1223,0.14568532,15.40498,5.9859867,0.61551607,0.18766454,0.18766454
19,46,1224,0.14565969,15.402455,5.9854717,0.6153891,0.18766022,0.18766022
19,47,1225,0.14565204,15.401801,5.9847317,0.61547315,0.1876298,0.1876298
19,48,1226,0.14565201,15.400404,5.984403,0.61576486,0.18759283,0.18759283
19,49,1227,0.14563578,15.399935,5.9838996,0.6159881,0.18756709,0.18756709
19,50,1228,0.14561607,15.397602,5.983596,0.61606723,0.18755728,0.18755728
19,51,1229,0.14559907,15.396123,5.982635,0.6160591,0.1875176,0.1875176
19,52,1230,0.14557283,15.393564,5.9823327,0.61612236,0.18749577,0.18749577
19,53,1231,0.14556019,15.392277,5.9818454,0.616097,0.18748476,0.18748476
19,54,1232,0.14553535,15.390651,5.981222,0.6162369,0.18744752,0.18744752
19,55,1233,0.1455138,15.386941,5.9805984,0.61638975,0.18740377,0.18740377
19,56,1234,0.14549872,15.384795,5.980807,0.61644167,0.18740623,0.18740623
19,57,1235,0.14550617,15.384478,5.9803157,0.61640906,0.18738107,0.18738107
19,58,1236,0.14549014,15.3822155,5.979542,0.61640745,0.18736218,0.18736218
19,59,1237,0.14547169,15.379289,5.9791675,0.61663955,0.18735228,0.18735228
19,60,1238,0.14545141,15.375746,5.9783363,0.6167253,0.18731393,0.18731393
19,61,1239,0.14541912,15.371944,5.977942,0.6167242,0.187314,0.187314
20,0,1240,0.14538908,15.369093,5.9782734,0.6169427,0.18731414,0.18731414
20,1,1241,0.1453771,15.367135,5.9778204,0.6170962,0.18726552,0.18726552
20,2,1242,0.14536561,15.365574,5.9769883,0.6171216,0.18724228,0.18724228
20,3,1243,0.14534155,15.3645735,5.9761734,0.6171058,0.18721698,0.18721698
20,4,1244,0.14535007,15.365973,5.9758525,0.61721337,0.1872189,0.1872189
20,5,1245,0.1453222,15.363212,5.9752283,0.61721754,0.18719685,0.18719685
20,6,1246,0.1452983,15.361853,5.9745665,0.61744064,0.1871698,0.1871698
20,7,1247,0.14527166,15.35796,5.973933,0.61746246,0.18714173,0.18714173
20,8,1248,0.14525008,15.353797,5.9732738,0.6174761,0.18710282,0.18710282
20,9,1249,0.14524022,15.353316,5.972717,0.6173355,0.18708897,0.18708897
20,10,1250,0.14522009,15.350443,5.9724646,0.61744344,0.18706451,0.18706451
20,11,1251,0.1451996,15.347737,5.9718924,0.6175356,0.18702939,0.18702939
20,12,1252,0.145174,15.34529,5.971036,0.6175947,0.18701419,0.18701419
20,13,1253,0.14517762,15.344077,5.970143,0.6174835,0.18697906,0.18697906
20,14,1254,0.14516824,15.342564,5.969324,0.6176015,0.18694541,0.18694541
20,15,1255,0.14514688,15.340715,5.9686713,0.61782485,0.1869199,0.1869199
20,16,1256,0.14512265,15.336716,5.9682374,0.6179803,0.18689023,0.18689023
20,17,1257,0.1451077,15.334484,5.967233,0.6180028,0.18685226,0.18685226
20,18,1258,0.14509545,15.33365,5.9666376,0.61795115,0.1868175,0.1868175
20,19,1259,0.14506935,15.33019,5.9661093,0.6179996,0.18680435,0.18680435
20,20,1260,0.1450221,15.325466,5.966028,0.6182805,0.18678887,0.18678887
20,21,1261,0.14500357,15.323064,5.965279,0.6182997,0.1867556,0.1867556
20,22,1262,0.14500466,15.324616,5.964379,0.6183345,0.18672061,0.18672061
20,23,1263,0.14497969,15.320259,5.963995,0.6185752,0.1866921,0.1866921
20,24,1264,0.14496271,15.317911,5.9636307,0.61868656,0.1866835,0.1866835
20,25,1265,0.14495479,15.316189,5.9625545,0.61880386,0.18663745,0.18663745
20,26,1266,0.14494279,15.315286,5.9623485,0.61896163,0.18661605,0.18661605
20,27,1267,0.1449309,15.315413,5.961299,0.6188589,0.18659428,0.18659428
20,28,1268,0.144905,15.312454,5.961094,0.61882305,0.1865895,0.1865895
20,29,1269,0.14489794,15.312168,5.9606485,0.61901915,0.18655553,0.18655553
20,30,1270,0.14487413,15.308741,5.959831,0.61912465,0.18650767,0.18650767
20,31,1271,0.14485037,15.305166,5.9588156,0.61895,0.18647233,0.18647233
20,32,1272,0.14482209,15.302387,5.958272,0.61896384,0.1864358,0.1864358
20,33,1273,0.14480467,15.300306,5.958118,0.6191082,0.18642418,0.18642418
20,34,1274,0.14477563,15.295923,5.9577727,0.61923116,0.18640667,0.18640667
20,35,1275,0.14475653,15.293368,5.957517,0.6194974,0.18640424,0.18640424
20,36,1276,0.14474,15.290827,5.9573274,0.6195371,0.18638253,0.18638253
20,37,1277,0.14474311,15.290919,5.956887,0.6195459,0.18635374,0.18635374
20,38,1278,0.1447282,15.28826,5.9563837,0.6196421,0.18632357,0.18632357
20,39,1279,0.14471143,15.287052,5.9559727,0.61977285,0.1862968,0.1862968
20,40,1280,0.1446966,15.285906,5.9561014,0.61995965,0.18627669,0.18627669
20,41,1281,0.14467642,15.283333,5.955686,0.61994594,0.1862568,0.1862568
20,42,1282,0.14465547,15.282432,5.954874,0.6199925,0.18623042,0.18623042
20,43,1283,0.14462903,15.279506,5.954286,0.6198646,0.18619709,0.18619709
20,44,1284,0.14460967,15.277616,5.954205,0.6197129,0.18618195,0.18618195
20,45,1285,0.14460811,15.277939,5.9539433,0.6200112,0.1861621,0.1861621
20,46,1286,0.1446149,15.275309,5.9533477,0.6200219,0.18612912,0.18612912
20,47,1287,0.14459303,15.273338,5.9527373,0.62006557,0.18610664,0.18610664
20,48,1288,0.144579,15.270562,5.952555,0.62040824,0.186079,0.186079
20,49,1289,0.14455423,15.26779,5.9525566,0.6206564,0.1860503,0.1860503
20,50,1290,0.14453453,15.266226,5.9525557,0.620833,0.1860356,0.1860356
20,51,1291,0.14453062,15.266046,5.952188,0.62111783,0.1859918,0.1859918
20,52,1292,0.14453095,15.267366,5.951433,0.62110716,0.1859719,0.1859719
20,53,1293,0.14453197,15.267282,5.950967,0.6211739,0.18594807,0.18594807
20,54,1294,0.14450671,15.264919,5.9506307,0.6211896,0.18591662,0.18591662
20,55,1295,0.14450845,15.265303,5.9500494,0.6212115,0.18589692,0.18589692
20,56,1296,0.14448866,15.261938,5.9497395,0.621387,0.18586485,0.18586485
20,57,1297,0.14447242,15.260842,5.9489694,0.6214413,0.1858363,0.1858363
20,58,1298,0.14445856,15.258627,5.9488297,0.6215176,0.18582991,0.18582991
20,59,1299,0.1444387,15.258142,5.948522,0.6218142,0.18580377,0.18580377
20,60,1300,0.14443535,15.255785,5.9482307,0.6220303,0.18578482,0.18578482
20,61,1301,0.14441782,15.254747,5.947615,0.62215364,0.18576014,0.18576014
21,0,1302,0.1444025,15.253665,5.947404,0.62230325,0.18574268,0.18574268
21,1,1303,0.14438349,15.253338,5.9467044,0.6224257,0.18569955,0.18569955
21,2,1304,0.14434916,15.250821,5.946286,0.6225191,0.18568374,0.18568374
21,3,1305,0.14432323,15.250254,5.9458256,0.62266076,0.18565215,0.18565215
21,4,1306,0.14431936,15.248309,5.9453726,0.622763,0.1856309,0.1856309
21,5,1307,0.14428836,15.244502,5.944921,0.6227891,0.18560591,0.18560591
21,6,1308,0.14427516,15.242341,5.944183,0.6228443,0.18557249,0.18557249
21,7,1309,0.14426339,15.241903,5.943535,0.6226699,0.18554774,0.18554774
21,8,1310,0.14426458,15.240143,5.9432926,0.62282515,0.18552995,0.18552995
21,9,1311,0.14424208,15.236884,5.943,0.6229108,0.18550709,0.18550709
21,10,1312,0.14421533,15.233233,5.9429064,0.6230452,0.18549217,0.18549217
21,11,1313,0.14419606,15.231331,5.9422183,0.6231366,0.18546347,0.18546347
21,12,1314,0.14418496,15.230349,5.9414496,0.62319773,0.18544112,0.18544112
21,13,1315,0.14415883,15.228009,5.9410048,0.6233205,0.1854257,0.1854257
21,14,1316,0.14415795,15.23101,5.940115,0.6233465,0.18539023,0.18539023
21,15,1317,0.14414895,15.228018,5.9393725,0.62343186,0.18536396,0.18536396
21,16,1318,0.14411587,15.224663,5.9388027,0.6234276,0.18533652,0.18533652
21,17,1319,0.14408726,15.220552,5.9382544,0.62325746,0.18531398,0.18531398
21,18,1320,0.14408489,15.220958,5.9379225,0.62352717,0.18529038,0.18529038
21,19,1321,0.14405912,15.217983,5.93749,0.62360215,0.18526787,0.18526787
21,20,1322,0.1440327,15.215388,5.9372683,0.6236127,0.1852535,0.1852535
21,21,1323,0.14403346,15.212858,5.936779,0.6236874,0.18521446,0.18521446
21,22,1324,0.14402151,15.210947,5.9365277,0.6238155,0.18520439,0.18520439
21,23,1325,0.14400807,15.209849,5.9360795,0.62409467,0.18516697,0.18516697
21,24,1326,0.1439784,15.206003,5.935628,0.6241334,0.18513384,0.18513384
21,25,1327,0.14395963,15.203735,5.934906,0.6241515,0.18510263,0.18510263
21,26,1328,0.14394332,15.201918,5.934513,0.6243323,0.18508433,0.18508433
21,27,1329,0.14391786,15.197409,5.9339333,0.62439334,0.18505977,0.18505977
21,28,1330,0.14391163,15.196465,5.932915,0.62435347,0.18502109,0.18502109
21,29,1331,0.14389731,15.19298,5.932368,0.62427914,0.18500993,0.18500993
21,30,1332,0.1438729,15.190813,5.931877,0.62451035,0.18497664,0.18497664
21,31,1333,0.14386386,15.188921,5.931234,0.62449944,0.18494584,0.18494584
21,32,1334,0.1438418,15.186988,5.9305425,0.62455416,0.18490914,0.18490914
21,33,1335,0.1438134,15.183878,5.9301558,0.62473416,0.1848865,0.1848865
21,34,1336,0.14379504,15.182787,5.929268,0.62468296,0.18486586,0.18486586
21,35,1337,0.14379242,15.184641,5.9285398,0.62469494,0.18482578,0.18482578
21,36,1338,0.14376625,15.182175,5.9284396,0.6246985,0.1848157,0.1848157
21,37,1339,0.14380077,15.190056,5.927736,0.6246855,0.18477361,0.18477361
21,38,1340,0.14377996,15.186784,5.9272366,0.6246154,0.18477269,0.18477269
21,39,1341,0.14376764,15.183346,5.9268794,0.6245252,0.18476813,0.18476813
21,40,1342,0.14375412,15.181467,5.926598,0.624583,0.18473192,0.18473192
21,41,1343,0.14373618,15.17889,5.926788,0.6248405,0.18472795,0.18472795
21,42,1344,0.1437369,15.181065,5.9261637,0.6248677,0.18469374,0.18469374
21,43,1345,0.14372489,15.179909,5.9253025,0.62484086,0.1846483,0.1846483
21,44,1346,0.14372146,15.179083,5.9244623,0.62485015,0.1846156,0.1846156
21,45,1347,0.14369869,15.176689,5.9237986,0.62494636,0.18459201,0.18459201
21,46,1348,0.1436773,15.174317,5.9229445,0.62503093,0.1845633,0.1845633
21,47,1349,0.1436684,15.171931,5.9220915,0.6249409,0.18453903,0.18453903
21,48,1350,0.143659,15.170434,5.921354,0.624914,0.18452151,0.18452151
21,49,1351,0.14365098,15.169657,5.920575,0.6250741,0.18450053,0.18450053
21,50,1352,0.14362404,15.167102,5.920047,0.62514096,0.18448348,0.18448348
21,51,1353,0.14360483,15.164581,5.9196467,0.625162,0.18446334,0.18446334
21,52,1354,0.14359337,15.162119,5.919432,0.62530905,0.1844762,0.1844762
21,53,1355,0.14356786,15.159838,5.918756,0.6252218,0.1844582,0.1844582
21,54,1356,0.14355549,15.159755,5.9176683,0.62535304,0.1844132,0.1844132
21,55,1357,0.14352784,15.155548,5.91673,0.62547004,0.18437664,0.18437664
21,56,1358,0.14349765,15.151512,5.9164443,0.62573063,0.18433984,0.18433984
21,57,1359,0.14349286,15.152109,5.9165435,0.62576365,0.18433724,0.18433724
21,58,1360,0.14349844,15.153456,5.915992,0.6257995,0.1843316,0.1843316
21,59,1361,0.14347848,15.150815,5.91596,0.6261306,0.18431309,0.18431309
21,60,1362,0.143463,15.148982,5.9160457,0.6263369,0.18429662,0.18429662
21,61,1363,0.14345148,15.148881,5.915324,0.6262693,0.18427594,0.18427594
22,0,1364,0.14344573,15.147281,5.914433,0.62620866,0.18423605,0.18423605
22,1,1365,0.14344037,15.146732,5.913873,0.62634444,0.18422318,0.18422318
22,2,1366,0.1434051,15.142452,5.912965,0.62618583,0.18419431,0.18419431
22,3,1367,0.14339189,15.140918,5.9121103,0.6261232,0.18416621,0.18416621
22,4,1368,0.14338264,15.140277,5.911745,0.6261877,0.18413989,0.18413989
22,5,1369,0.14336106,15.138933,5.911731,0.6263606,0.18412273,0.18412273
22,6,1370,0.1433541,15.138623,5.911584,0.62655234,0.18409549,0.18409549
22,7,1371,0.14333415,15.135665,5.91134,0.62672764,0.18407902,0.18407902
22,8,1372,0.14331436,15.133444,5.9109406,0.62692523,0.1840459,0.1840459
22,9,1373,0.1433077,15.130579,5.9104805,0.6270849,0.18402143,0.18402143
22,10,1374,0.14328176,15.1272955,5.9100113,0.62729603,0.18399617,0.18399617
22,11,1375,0.1432688,15.126169,5.9094152,0.627399,0.18396297,0.18396297
22,12,1376,0.14325093,15.124214,5.909002,0.6274467,0.18395294,0.18395294
22,13,1377,0.14324176,15.125233,5.908489,0.62747836,0.18392345,0.18392345
22,14,1378,0.14322808,15.124139,5.9079266,0.62755954,0.18389745,0.18389745
22,15,1379,0.14321724,15.122408,5.907318,0.6276255,0.18385762,0.18385762
22,16,1380,0.14321199,15.121203,5.9063945,0.62759906,0.18383344,0.18383344
22,17,1381,0.14320475,15.120743,5.9057837,0.6277074,0.18380578,0.18380578
22,18,1382,0.14318171,15.117211,5.9053264,0.62764746,0.18378547,0.18378547
22,19,1383,0.14316514,15.115354,5.904899,0.6276889,0.18376346,0.18376346
22,20,1384,0.1431509,15.113884,5.9041343,0.627858,0.18373777,0.18373777
22,21,1385,0.14312446,15.110379,5.903322,0.627915,0.18369901,0.18369901
22,22,1386,0.14312111,15.108332,5.9028945,0.6278797,0.18367219,0.18367219
22,23,1387,0.14310716,15.105586,5.902794,0.6278924,0.1836463,0.1836463
22,24,1388,0.14310765,15.103711,5.902451,0.62799925,0.18363713,0.18363713
22,25,1389,0.14308113,15.100616,5.9023557,0.6280035,0.18360955,0.18360955
22,26,1390,0.14307371,15.09933,5.9020805,0.62807375,0.18360756,0.18360756
22,27,1391,0.14304718,15.096939,5.9015574,0.62819475,0.18358798,0.18358798
22,28,1392,0.14303559,15.096076,5.901114,0.6283646,0.18356638,0.18356638
22,29,1393,0.14303437,15.097231,5.900682,0.6285599,0.18354271,0.18354271
22,30,1394,0.14302951,15.099133,5.9001837,0.62854767,0.18351737,0.18351737
22,31,1395,0.14301285,15.097387,5.899885,0.628588,0.1834995,0.1834995
22,32,1396,0.14298967,15.093699,5.899593,0.6285736,0.18348143,0.18348143
22,33,1397,0.1429806,15.092853,5.899193,0.62869525,0.18345223,0.18345223
22,34,1398,0.1429579,15.08909,5.898888,0.6288893,0.1834173,0.1834173
22,35,1399,0.14294429,15.086773,5.89845,0.6289984,0.1833944,0.1833944
22,36,1400,0.1429314,15.084875,5.898205,0.6291582,0.18336557,0.18336557
22,37,1401,0.14290632,15.0816765,5.8975954,0.62927264,0.18334037,0.18334037
22,38,1402,0.14289084,15.081959,5.897079,0.6295152,0.18330774,0.18330774
22,39,1403,0.14288226,15.079885,5.8965087,0.62949663,0.18329899,0.18329899
22,40,1404,0.14286539,15.078267,5.895761,0.6295483,0.18326817,0.18326817
22,41,1405,0.14285707,15.076823,5.8953457,0.62965137,0.18323965,0.18323965
22,42,1406,0.1428378,15.075752,5.894967,0.62987137,0.18321523,0.18321523
22,43,1407,0.142821,15.074432,5.8946104,0.6300511,0.18319295,0.18319295
22,44,1408,0.14280286,15.072443,5.8943205,0.6301492,0.18318683,0.18318683
22,45,1409,0.14278403,15.070894,5.8939705,0.6301874,0.18314949,0.18314949
22,46,1410,0.14276096,15.069407,5.8935766,0.63030815,0.18312925,0.18312925
22,47,1411,0.14272888,15.065659,5.8931546,0.63037115,0.18309909,0.18309909
22,48,1412,0.14270222,15.061264,5.8925123,0.630392,0.1830779,0.1830779
22,49,1413,0.14268833,15.060798,5.8920345,0.63029236,0.18307032,0.18307032
22,50,1414,0.14269786,15.06008,5.8923235,0.63049036,0.1830537,0.1830537
22,51,1415,0.14268585,15.0582285,5.892003,0.6305441,0.1830409,0.1830409
22,52,1416,0.14269093,15.057336,5.8919353,0.63056284,0.183039,0.183039
22,53,1417,0.14268398,15.056507,5.8917007,0.63064104,0.18302679,0.18302679
22,54,1418,0.1426917,15.056292,5.8919344,0.6308488,0.18300706,0.18300706
22,55,1419,0.14267969,15.054528,5.8918467,0.63086283,0.18299586,0.18299586
22,56,1420,0.14265245,15.051693,5.8913555,0.6308426,0.18297397,0.18297397
22,57,1421,0.14267588,15.052715,5.890841,0.6310954,0.1829507,0.1829507
22,58,1422,0.14266369,15.051293,5.890253,0.6311526,0.18292618,0.18292618
22,59,1423,0.14265582,15.050219,5.8900056,0.63109654,0.18292311,0.18292311
22,60,1424,0.14264323,15.0482,5.889581,0.63120645,0.18291478,0.18291478
22,61,1425,0.14262468,15.046585,5.889408,0.63134223,0.18288887,0.18288887
23,0,1426,0.14259943,15.044138,5.8887706,0.6314817,0.18286209,0.18286209
23,1,1427,0.14257894,15.042437,5.888243,0.6314458,0.18284713,0.18284713
23,2,1428,0.14256628,15.042475,5.8876553,0.6314512,0.18282872,0.18282872
23,3,1429,0.14254737,15.039894,5.8871875,0.63140124,0.18281603,0.18281603
23,4,1430,0.14254534,15.040287,5.8866377,0.63147396,0.18280974,0.18280974
23,5,1431,0.14252266,15.037548,5.8862524,0.63160586,0.1827851,0.1827851
23,6,1432,0.14250389,15.034779,5.8853846,0.6316987,0.18275346,0.18275346
23,7,1433,0.14249955,15.034893,5.885083,0.63182276,0.18272875,0.18272875
23,8,1434,0.14249201,15.034199,5.884613,0.63192755,0.18270588,0.18270588
23,9,1435,0.14248566,15.031946,5.883916,0.6319751,0.18267404,0.18267404
23,10,1436,0.14249243,15.029547,5.8828845,0.6320363,0.1826334,0.1826334
23,11,1437,0.14248383,15.029558,5.882201,0.6320542,0.18259971,0.18259971
23,12,1438,0.14246565,15.0270405,5.881812,0.63228285,0.18257336,0.18257336
23,13,1439,0.14245434,15.025689,5.881232,0.6323689,0.18254533,0.18254533
23,14,1440,0.14242992,15.022913,5.8806815,0.63244104,0.18252717,0.18252717
23,15,1441,0.14243045,15.020336,5.880232,0.6324114,0.18249802,0.18249802
23,16,1442,0.14242917,15.02133,5.8802304,0.632451,0.1825032,0.1825032
23,17,1443,0.14246164,15.025128,5.880839,0.6328097,0.18248636,0.18248636
23,18,1444,0.14247516,15.02735,5.881037,0.6328158,0.18246758,0.18246758
23,19,1445,0.14248173,15.029038,5.8808336,0.6328291,0.18244259,0.18244259
23,20,1446,0.1424747,15.029207,5.880599,0.6328612,0.18241927,0.18241927
23,21,1447,0.1424711,15.028614,5.879967,0.6329021,0.1823859,0.1823859
23,22,1448,0.14244932,15.025675,5.879564,0.63286,0.18237513,0.18237513
23,23,1449,0.14243266,15.021345,5.8788614,0.63270825,0.18235245,0.18235245
23,24,1450,0.1424186,15.018379,5.8783355,0.6327533,0.18232632,0.18232632
23,25,1451,0.14239344,15.013763,5.8779116,0.6327174,0.18229903,0.18229903
23,26,1452,0.14237799,15.011403,5.877169,0.6328089,0.18226194,0.18226194
23,27,1453,0.14236249,15.008184,5.876667,0.63299054,0.18223886,0.18223886
23,28,1454,0.14234988,15.005171,5.875914,0.6329808,0.18220787,0.18220787
23,29,1455,0.14235091,15.003499,5.8751693,0.6329355,0.18218265,0.18218265
23,30,1456,0.14234973,15.002808,5.8744764,0.6328926,0.1821586,0.1821586
23,31,1457,0.14234212,15.002799,5.874079,0.63304186,0.18212944,0.18212944
23,32,1458,0.14232464,15.000343,5.8736157,0.63309216,0.18211764,0.18211764
23,33,1459,0.14230585,14.997494,5.8732624,0.63301194,0.18211856,0.18211856
23,34,1460,0.14229351,14.995442,5.8727016,0.6329935,0.18210009,0.18210009
23,35,1461,0.14227088,14.992338,5.8723183,0.6330661,0.18207759,0.18207759
23,36,1462,0.14224628,14.988396,5.8718596,0.6328808,0.18207124,0.18207124
23,37,1463,0.14225921,14.991076,5.8716598,0.63295776,0.18205465,0.18205465
23,38,1464,0.14223981,14.988539,5.871085,0.6329719,0.18202423,0.18202423
23,39,1465,0.14223042,14.987962,5.8705707,0.6331727,0.18199135,0.18199135
23,40,1466,0.14220865,14.985967,5.8701024,0.6332699,0.18196699,0.18196699
23,41,1467,0.1421884,14.982478,5.869761,0.63332844,0.1819601,0.1819601
23,42,1468,0.14217924,14.980543,5.869334,0.63351715,0.18193588,0.18193588
23,43,1469,0.14216755,14.979971,5.868676,0.63348824,0.18191558,0.18191558
23,44,1470,0.14216502,14.980642,5.8682785,0.6335583,0.18190221,0.18190221
23,45,1471,0.1421501,14.979071,5.867482,0.6335416,0.18186851,0.18186851
23,46,1472,0.14214575,14.979085,5.8670845,0.6337685,0.18184415,0.18184415
23,47,1473,0.14214909,14.980883,5.8663845,0.63374764,0.1818263,0.1818263
23,48,1474,0.14213872,14.979426,5.8660765,0.6337701,0.18180993,0.18180993
23,49,1475,0.14212349,14.977386,5.865986,0.63379216,0.18181172,0.18181172
23,50,1476,0.14210978,14.974496,5.8655043,0.63395375,0.18177886,0.18177886
23,51,1477,0.1420925,14.9727745,5.86514,0.6342185,0.18175085,0.18175085
23,52,1478,0.14209001,14.971575,5.8652782,0.6343839,0.1817461,0.1817461
23,53,1479,0.14209107,14.9716835,5.864983,0.63456106,0.18172278,0.18172278
23,54,1480,0.14208882,14.969924,5.8643007,0.63454086,0.18170331,0.18170331
23,55,1481,0.14208281,14.969177,5.8640666,0.6347124,0.18168244,0.18168244
23,56,1482,0.14208026,14.970842,5.8635793,0.6347574,0.18165946,0.18165946
23,57,1483,0.14207163,14.970621,5.8633337,0.63478327,0.18164417,0.18164417
23,58,1484,0.14205217,14.969834,5.8626094,0.6347609,0.18162943,0.18162943
23,59,1485,0.14204432,14.967733,5.861963,0.634776,0.18161081,0.18161081
23,60,1486,0.14204347,14.965966,5.861419,0.6347951,0.18158367,0.18158367
23,61,1487,0.14202935,14.962838,5.860925,0.634947,0.18156677,0.18156677
24,0,1488,0.14200792,14.958882,5.8602886,0.63488203,0.18155108,0.18155108
24,1,1489,0.1420008,14.958332,5.860085,0.63494295,0.18152598,0.18152598
24,2,1490,0.1419711,14.954657,5.8596916,0.6350358,0.18150565,0.18150565
24,3,1491,0.14197019,14.953031,5.859455,0.6351883,0.18148853,0.18148853
24,4,1492,0.14196026,14.952254,5.8591857,0.6353104,0.18148145,0.18148145
24,5,1493,0.14195299,14.950986,5.8587756,0.6354179,0.18145911,0.18145911
24,6,1494,0.14195438,14.951207,5.8584785,0.6354366,0.18144108,0.18144108
24,7,1495,0.1419541,14.95134,5.8583164,0.63547945,0.18142082,0.18142082
24,8,1496,0.14193156,14.949333,5.8577776,0.6354909,0.18140608,0.18140608
24,9,1497,0.14190893,14.946455,5.857817,0.6355741,0.18140349,0.18140349
24,10,1498,0.14190012,14.945311,5.8574185,0.6356695,0.18138653,0.18138653
24,11,1499,0.14189453,14.943901,5.856829,0.6357463,0.18137214,0.18137214
24,12,1500,0.14188036,14.943457,5.8568773,0.6359721,0.1813452,0.1813452
24,13,1501,0.1418697,14.941302,5.856551,0.63614607,0.18131386,0.18131386
24,14,1502,0.14186499,14.939669,5.8563724,0.63627124,0.18129326,0.18129326
24,15,1503,0.14185777,14.938617,5.8564887,0.6363744,0.18127568,0.18127568
24,16,1504,0.14184213,14.93749,5.8562465,0.6364502,0.18125068,0.18125068
24,17,1505,0.14182766,14.935362,5.855737,0.6364501,0.1812449,0.1812449
24,18,1506,0.14182876,14.932805,5.8553624,0.63641226,0.18124852,0.18124852
24,19,1507,0.14182279,14.931628,5.8549304,0.6364233,0.18122503,0.18122503
24,20,1508,0.14180583,14.92984,5.8545127,0.63663316,0.18120578,0.18120578
24,21,1509,0.14178543,14.9278555,5.854229,0.636862,0.18118812,0.18118812
24,22,1510,0.14177814,14.928177,5.8543396,0.6370098,0.18118288,0.18118288
24,23,1511,0.1417805,14.929448,5.8541584,0.6371189,0.18116012,0.18116012
24,24,1512,0.14176793,14.929515,5.853956,0.6373003,0.18113825,0.18113825
24,25,1513,0.14175048,14.927048,5.8533335,0.6374182,0.18109722,0.18109722
24,26,1514,0.1417337,14.925721,5.8524485,0.6372761,0.18107969,0.18107969
24,27,1515,0.1417343,14.924423,5.8517704,0.63719064,0.18106455,0.18106455
24,28,1516,0.1417316,14.922753,5.851234,0.637113,0.18104702,0.18104702
24,29,1517,0.14171425,14.921108,5.8506684,0.6371221,0.18102849,0.18102849
24,30,1518,0.14168954,14.91767,5.8502264,0.63731605,0.18099914,0.18099914
24,31,1519,0.14166373,14.9141445,5.8496513,0.6374404,0.18096322,0.18096322
24,32,1520,0.14165711,14.914729,5.8489804,0.6374223,0.18094493,0.18094493
24,33,1521,0.14164366,14.913821,5.8486323,0.6373742,0.18093197,0.18093197
24,34,1522,0.14164248,14.912227,5.848524,0.63744724,0.18092197,0.18092197
24,35,1523,0.14164455,14.911896,5.8480806,0.6375549,0.18089196,0.18089196
24,36,1524,0.1416349,14.91119,5.8474913,0.6377283,0.18085684,0.18085684
24,37,1525,0.14163682,14.911467,5.8471074,0.63802487,0.18083382,0.18083382
24,38,1526,0.14162509,14.909699,5.8468413,0.63804555,0.18081139,0.18081139
24,39,1527,0.14163548,14.911047,5.8465157,0.63813907,0.18079184,0.18079184
24,40,1528,0.14162977,14.909893,5.846233,0.6380662,0.18079156,0.18079156
24,41,1529,0.14162812,14.91028,5.8459935,0.63819104,0.1807729,0.1807729
24,42,1530,0.14160451,14.907375,5.845925,0.6383904,0.18075913,0.18075913
24,43,1531,0.14159468,14.906612,5.845372,0.6384798,0.18072765,0.18072765
24,44,1532,0.14159563,14.906828,5.8447413,0.6385977,0.18068475,0.18068475
24,45,1533,0.14158301,14.904538,5.844447,0.63851273,0.18066901,0.18066901
24,46,1534,0.14156243,14.903159,5.844003,0.6386125,0.18065356,0.18065356
24,47,1535,0.14154616,14.900759,5.843526,0.6386394,0.18063411,0.18063411
24,48,1536,0.14153646,14.900064,5.8428555,0.63860905,0.18060663,0.18060663
24,49,1537,0.14151657,14.897749,5.8423414,0.6386357,0.18059029,0.18059029
24,50,1538,0.14150235,14.897478,5.842499,0.63872826,0.18059108,0.18059108
24,51,1539,0.14148259,14.895697,5.842133,0.6388247,0.18058454,0.18058454
24,52,1540,0.14146234,14.894125,5.8416986,0.63875175,0.18056193,0.18056193
24,53,1541,0.14145043,14.892565,5.84121,0.6387863,0.18054828,0.18054828
24,54,1542,0.14144169,14.889801,5.840446,0.6387537,0.18053061,0.18053061
24,55,1543,0.14141986,14.886875,5.8402267,0.6387189,0.1805103,0.1805103
24,56,1544,0.14142355,14.887005,5.840294,0.63864034,0.18051216,0.18051216
24,57,1545,0.14141983,14.887649,5.839836,0.63872427,0.18048319,0.18048319
24,58,1546,0.14141087,14.8864,5.840257,0.6389565,0.18047673,0.18047673
24,59,1547,0.141399,14.885567,5.83982,0.63916916,0.18044049,0.18044049
24,60,1548,0.1413878,14.88541,5.839239,0.6392746,0.18040842,0.18040842
24,61,1549,0.14138629,14.886167,5.8393073,0.63943946,0.1804011,0.1804011
25,0,1550,0.14138219,14.884244,5.8390822,0.63954747,0.18039408,0.18039408
25,1,1551,0.14139366,14.886244,5.838771,0.6397386,0.1803786,0.1803786
25,2,1552,0.14137971,14.884409,5.838281,0.6397328,0.1803578,0.1803578
25,3,1553,0.14137079,14.883891,5.837966,0.63987094,0.1803355,0.1803355
25,4,1554,0.14136031,14.881846,5.837447,0.64005935,0.18030569,0.18030569
25,5,1555,0.14135079,14.878882,5.8366714,0.6401712,0.18027641,0.18027641
25,6,1556,0.14132768,14.877065,5.8361125,0.6401631,0.18026341,0.18026341
25,7,1557,0.14133179,14.877266,5.8356595,0.6402473,0.18023373,0.18023373
25,8,1558,0.1413217,14.876249,5.8352985,0.64027786,0.18022114,0.18022114
25,9,1559,0.14130828,14.874405,5.8347726,0.64029205,0.18020026,0.18020026
25,10,1560,0.14130858,14.873815,5.8342586,0.6402463,0.18019496,0.18019496
25,11,1561,0.1413058,14.8732395,5.8338614,0.64032406,0.1801682,0.1801682
25,12,1562,0.14130011,14.871994,5.8333316,0.64034444,0.18015218,0.18015218
25,13,1563,0.14130189,14.871439,5.832941,0.640461,0.18014485,0.18014485
25,14,1564,0.14128819,14.870665,5.8327527,0.64060515,0.18012293,0.18012293
25,15,1565,0.1412805,14.869272,5.8322144,0.6407287,0.1800959,0.1800959
25,16,1566,0.14128278,14.8692045,5.831724,0.64094037,0.18007632,0.18007632
25,17,1567,0.14129035,14.868611,5.831434,0.64107233,0.18006474,0.18006474
25,18,1568,0.14127874,14.8667755,5.831116,0.640986,0.1800622,0.1800622
25,19,1569,0.14127897,14.865171,5.830678,0.6410632,0.18004161,0.18004161
25,20,1570,0.14128342,14.86511,5.8304195,0.64110565,0.1800142,0.1800142
25,21,1571,0.14126943,14.862284,5.8301706,0.641276,0.17999606,0.17999606
25,22,1572,0.14125896,14.861375,5.8299346,0.6414923,0.1799874,0.1799874
25,23,1573,0.14126456,14.863603,5.8294873,0.6415566,0.17996341,0.17996341
25,24,1574,0.14126164,14.863626,5.8293576,0.6416733,0.17996317,0.17996317
25,25,1575,0.14126666,14.862958,5.8291616,0.64181477,0.17993681,0.17993681
25,26,1576,0.14126584,14.862127,5.828836,0.6419704,0.17991659,0.17991659
25,27,1577,0.14126645,14.863268,5.8284583,0.6421101,0.17989594,0.17989594
25,28,1578,0.14125547,14.862469,5.8281546,0.6422339,0.17987625,0.17987625
25,29,1579,0.14123955,14.861261,5.8276854,0.6422488,0.17986327,0.17986327
25,30,1580,0.14123693,14.862108,5.8275514,0.6423829,0.17984939,0.17984939
25,31,1581,0.14124285,14.861361,5.8271594,0.6424383,0.1798349,0.1798349
25,32,1582,0.14123571,14.86089,5.8264875,0.6422893,0.17981148,0.17981148
25,33,1583,0.14122754,14.859753,5.826227,0.64233214,0.17980027,0.17980027
25,34,1584,0.14122361,14.856726,5.826387,0.6425192,0.17979342,0.17979342
25,35,1585,0.1412167,14.854839,5.826022,0.64259195,0.17977934,0.17977934
25,36,1586,0.14122093,14.855281,5.826238,0.64267945,0.17977306,0.17977306
25,37,1587,0.14121294,14.853722,5.8260536,0.6428014,0.17975017,0.17975017
25,38,1588,0.14120361,14.851562,5.8253574,0.64272106,0.17972833,0.17972833
25,39,1589,0.14119598,14.85007,5.8251276,0.6429191,0.17970748,0.17970748
25,40,1590,0.14120618,14.84989,5.8246965,0.6428633,0.1796983,0.1796983
25,41,1591,0.14120121,14.847737,5.8246775,0.6431976,0.17968395,0.17968395
25,42,1592,0.14118716,14.84592,5.8246136,0.643331,0.1796712,0.1796712
25,43,1593,0.14118883,14.846027,5.824176,0.6433202,0.17966555,0.17966555
25,44,1594,0.14118263,14.844338,5.824045,0.6435255,0.17964797,0.17964797
25,45,1595,0.14117718,14.844833,5.823666,0.6435625,0.17962901,0.17962901
25,46,1596,0.14117834,14.845863,5.823259,0.64360327,0.17961504,0.17961504
25,47,1597,0.1411785,14.846312,5.8230376,0.6437856,0.17960034,0.17960034
25,48,1598,0.14116038,14.844841,5.822877,0.64390796,0.17959054,0.17959054
25,49,1599,0.14116186,14.843594,5.8223743,0.6439011,0.17956649,0.17956649
25,50,1600,0.14117362,14.844465,5.822029,0.6441712,0.17953603,0.17953603
25,51,1601,0.14117832,14.845854,5.821671,0.6444314,0.17950886,0.17950886
25,52,1602,0.1411766,14.845085,5.821417,0.64460427,0.17947991,0.17947991
25,53,1603,0.14117447,14.844815,5.820983,0.64462185,0.17944999,0.17944999
25,54,1604,0.14117484,14.843882,5.8206224,0.64465046,0.179436,0.179436
25,55,1605,0.14116912,14.843805,5.820202,0.6446902,0.17941567,0.17941567
25,56,1606,0.14116701,14.844216,5.819543,0.6448127,0.17938669,0.17938669
25,57,1607,0.1411692,14.843548,5.818759,0.64483917,0.17934872,0.17934872
25,58,1608,0.14115945,14.842031,5.817919,0.6447094,0.17932254,0.17932254
25,59,1609,0.1411537,14.84243,5.817607,0.6447299,0.17931245,0.17931245
25,60,1610,0.1411426,14.840481,5.8172684,0.6448163,0.17928398,0.17928398
25,61,1611,0.14112413,14.838889,5.816543,0.64481443,0.17926447,0.17926447
26,0,1612,0.14111035,14.836684,5.816309,0.6449089,0.17924963,0.17924963
26,1,1613,0.1410805,14.833677,5.815976,0.64505136,0.17923178,0.17923178
26,2,1614,0.1410656,14.830969,5.8155284,0.64520615,0.17921728,0.17921728
26,3,1615,0.14104906,14.828714,5.8151536,0.6452832,0.17920575,0.17920575
26,4,1616,0.14103043,14.826351,5.8148737,0.64538586,0.1791822,0.1791822
26,5,1617,0.14100653,14.824249,5.8145103,0.6454525,0.17916845,0.17916845
26,6,1618,0.14100374,14.82572,5.813882,0.64549786,0.17915668,0.17915668
26,7,1619,0.14098787,14.824383,5.813407,0.6456839,0.17913008,0.17913008
26,8,1620,0.14096686,14.821672,5.812931,0.6457798,0.17912053,0.17912053
26,9,1621,0.14096099,14.82016,5.812856,0.64589244,0.1791167,0.1791167
26,10,1622,0.14095777,14.818759,5.812479,0.6459978,0.17911337,0.17911337
26,11,1623,0.14093623,14.81559,5.812134,0.64600223,0.1790948,0.1790948
26,12,1624,0.14092967,14.814515,5.811737,0.6460222,0.17907846,0.17907846
26,13,1625,0.14091372,14.8125515,5.8115997,0.64629513,0.1790648,0.1790648
26,14,1626,0.14091283,14.812154,5.8116198,0.64632225,0.17906868,0.17906868
26,15,1627,0.14089818,14.811015,5.811208,0.64633393,0.17905197,0.17905197
26,16,1628,0.14089227,14.809617,5.8110304,0.64645433,0.17902896,0.17902896
26,17,1629,0.14087476,14.806551,5.810477,0.6464023,0.17900965,0.17900965
26,18,1630,0.14087132,14.806396,5.8100896,0.6463772,0.17899291,0.17899291
26,19,1631,0.14086622,14.807028,5.809508,0.6463655,0.17898783,0.17898783
26,20,1632,0.14084654,14.804998,5.809065,0.64640766,0.17897679,0.17897679
26,21,1633,0.14083135,14.8037195,5.808554,0.6464855,0.17896032,0.17896032
26,22,1634,0.14080855,14.801062,5.8080316,0.64645666,0.17894185,0.17894185
26,23,1635,0.14079747,14.79915,5.807579,0.64640623,0.17892942,0.17892942
26,24,1636,0.14079246,14.798464,5.807199,0.6464535,0.1789074,0.1789074
26,25,1637,0.1407796,14.797247,5.8065305,0.64631003,0.1788794,0.1788794
26,26,1638,0.14078288,14.798153,5.806054,0.646405,0.17885141,0.17885141
26,27,1639,0.1407966,14.795463,5.805918,0.6464758,0.178838,0.178838
26,28,1640,0.14079286,14.793766,5.80531,0.64636356,0.17881161,0.17881161
26,29,1641,0.14078781,14.79222,5.8049755,0.6462653,0.17881383,0.17881383
26,30,1642,0.14077772,14.7910595,5.804591,0.6462419,0.1788035,0.1788035
26,31,1643,0.14077395,14.789897,5.8045106,0.6462623,0.17877457,0.17877457
26,32,1644,0.14077106,14.790273,5.804851,0.6463679,0.17877263,0.17877263
26,33,1645,0.1407606,14.787594,5.804432,0.6463834,0.17874947,0.17874947
26,34,1646,0.14076012,14.787203,5.80414,0.6465597,0.17872252,0.17872252
26,35,1647,0.14077005,14.789613,5.804241,0.6468015,0.17871413,0.17871413
26,36,1648,0.1407765,14.790019,5.8036423,0.6468143,0.1786845,0.1786845
26,37,1649,0.14077505,14.790667,5.8032155,0.6469165,0.1786633,0.1786633
26,38,1650,0.14077136,14.790013,5.8027782,0.6468613,0.17863989,0.17863989
26,39,1651,0.14076936,14.789542,5.8024797,0.6469342,0.17861706,0.17861706
26,40,1652,0.14075539,14.78756,5.801951,0.646994,0.17859931,0.17859931
26,41,1653,0.14076057,14.78748,5.801415,0.6470482,0.17857961,0.17857961
26,42,1654,0.14074993,14.78651,5.801037,0.6472494,0.1785525,0.1785525
26,43,1655,0.14075159,14.786002,5.8007197,0.6472352,0.1785434,0.1785434
26,44,1656,0.14074409,14.785351,5.8003387,0.64729464,0.17852405,0.17852405
26,45,1657,0.1407341,14.783268,5.799914,0.64734644,0.17851359,0.17851359
26,46,1658,0.1407386,14.782874,5.7993197,0.6474396,0.17848003,0.17848003
26,47,1659,0.14075647,14.783973,5.798914,0.64753014,0.17845693,0.17845693
26,48,1660,0.14074603,14.782329,5.7983136,0.6475538,0.17843145,0.17843145
26,49,1661,0.14073744,14.780319,5.797919,0.6476096,0.1784083,0.1784083
26,50,1662,0.1407296,14.77881,5.797278,0.6476838,0.1783907,0.1783907
26,51,1663,0.14071698,14.7772875,5.797034,0.64787346,0.17836161,0.17836161
26,52,1664,0.1407071,14.77662,5.7964125,0.6477744,0.17834094,0.17834094
26,53,1665,0.14069895,14.775646,5.7961287,0.64781785,0.1783247,0.1783247
26,54,1666,0.14069724,14.775255,5.795774,0.647888,0.17830181,0.17830181
26,55,1667,0.14071736,14.780752,5.7955837,0.6479698,0.17829007,0.17829007
26,56,1668,0.14071894,14.782436,5.795232,0.6481369,0.1782757,0.1782757
26,57,1669,0.14072034,14.783027,5.794586,0.64811265,0.17824782,0.17824782
26,58,1670,0.1407192,14.783338,5.794172,0.64813113,0.17822061,0.17822061
26,59,1671,0.14071265,14.782715,5.79371,0.6480975,0.17819755,0.17819755
26,60,1672,0.14070764,14.782168,5.7934966,0.64815265,0.17819504,0.17819504
26,61,1673,0.14071643,14.782784,5.7932644,0.64828587,0.17819227,0.17819227
27,0,1674,0.14069755,14.779732,5.793195,0.6483146,0.17818034,0.17818034
27,1,1675,0.14068523,14.777714,5.792511,0.64831084,0.17814836,0.17814836
27,2,1676,0.14070424,14.779253,5.7920313,0.64836085,0.17813748,0.17813748
27,3,1677,0.14070708,14.777676,5.791646,0.6483279,0.17812425,0.17812425
27,4,1678,0.14069125,14.77539,5.7914996,0.64837265,0.17810711,0.17810711
27,5,1679,0.140692,14.773888,5.7911286,0.64838856,0.17809121,0.17809121
27,6,1680,0.14068055,14.77219,5.791091,0.6486246,0.17808083,0.17808083
27,7,1681,0.14067715,14.771933,5.79082,0.6486536,0.1780623,0.1780623
27,8,1682,0.14067191,14.770675,5.790269,0.64859587,0.17804186,0.17804186
27,9,1683,0.14068206,14.770347,5.7895656,0.64859545,0.17802402,0.17802402
27,10,1684,0.14066556,14.768176,5.788851,0.6486205,0.1779997,0.1779997
27,11,1685,0.14065504,14.766344,5.788318,0.64859605,0.17798004,0.17798004
27,12,1686,0.14065483,14.7667675,5.7877135,0.64865726,0.17795974,0.17795974
27,13,1687,0.14065076,14.76596,5.7871237,0.6487744,0.17792521,0.17792521
27,14,1688,0.14064243,14.764939,5.786542,0.6487531,0.17789848,0.17789848
27,15,1689,0.14064941,14.767736,5.78639,0.64882016,0.17787622,0.17787622
27,16,1690,0.14063257,14.765456,5.7860584,0.6488669,0.1778542,0.1778542
27,17,1691,0.14063889,14.764467,5.785441,0.64896446,0.17782225,0.17782225
27,18,1692,0.14063475,14.763816,5.785014,0.6491075,0.1778089,0.1778089
27,19,1693,0.14063838,14.76302,5.78484,0.6491766,0.17779598,0.17779598
27,20,1694,0.14062811,14.761835,5.78422,0.6491103,0.17778218,0.17778218
27,21,1695,0.14062828,14.760598,5.7836995,0.6490797,0.17777537,0.17777537
27,22,1696,0.14062563,14.760479,5.7829547,0.64904183,0.17774263,0.17774263
27,23,1697,0.14061166,14.758786,5.7824206,0.649081,0.17773008,0.17773008
27,24,1698,0.14060636,14.756905,5.7820387,0.649148,0.17771709,0.17771709
27,25,1699,0.14060412,14.756987,5.7816935,0.64916915,0.17770357,0.17770357
27,26,1700,0.14059524,14.755737,5.7815433,0.6493652,0.17768444,0.17768444
27,27,1701,0.14058301,14.753973,5.7811465,0.64933497,0.17765862,0.17765862
27,28,1702,0.14060067,14.756396,5.780668,0.649351,0.17763144,0.17763144
27,29,1703,0.14059296,14.755562,5.780362,0.64940196,0.17761436,0.17761436
27,30,1704,0.14059162,14.754584,5.7800636,0.6494175,0.17759739,0.17759739
27,31,1705,0.14059716,14.756435,5.7796335,0.64945734,0.17756738,0.17756738
27,32,1706,0.14060268,14.755464,5.779309,0.64957005,0.17755637,0.17755637
27,33,1707,0.14059833,14.754656,5.7793546,0.64970505,0.1775417,0.1775417
27,34,1708,0.14059794,14.754173,5.7787323,0.64973617,0.17751776,0.17751776
27,35,1709,0.14059654,14.754075,5.77841,0.6497273,0.17750953,0.17750953
27,36,1710,0.14059731,14.7547245,5.7780485,0.6498926,0.17748201,0.17748201
27,37,1711,0.1405956,14.753858,5.7775254,0.6499218,0.17746697,0.17746697
27,38,1712,0.14059204,14.752928,5.7771983,0.6499956,0.17744312,0.17744312
27,39,1713,0.14060917,14.754211,5.7769027,0.6501699,0.17742285,0.17742285
27,40,1714,0.14060876,14.753644,5.7765474,0.6502675,0.17741147,0.17741147
27,41,1715,0.14062,14.753699,5.7763586,0.6503806,0.1773845,0.1773845
27,42,1716,0.14062089,14.753071,5.7760515,0.6505636,0.17736696,0.17736696
27,43,1717,0.14062653,14.75178,5.775567,0.6504569,0.17735088,0.17735088
27,44,1718,0.14062059,14.751248,5.775218,0.6505526,0.17733975,0.17733975
27,45,1719,0.14061144,14.74942,5.7748466,0.6506842,0.17731906,0.17731906
27,46,1720,0.14059834,14.747747,5.774212,0.6506826,0.17728633,0.17728633
27,47,1721,0.14059299,14.74615,5.7738185,0.6506216,0.1772783,0.1772783
27,48,1722,0.14060177,14.745778,5.7731557,0.6504756,0.17725922,0.17725922
27,49,1723,0.14060536,14.746529,5.772787,0.6506037,0.17723933,0.17723933
27,50,1724,0.14061259,14.745954,5.772411,0.6505052,0.17722005,0.17722005
27,51,1725,0.1406159,14.74601,5.772271,0.65062165,0.17721163,0.17721163
27,52,1726,0.14060974,14.744389,5.772038,0.6507416,0.17720161,0.17720161
27,53,1727,0.14060125,14.742621,5.7720056,0.65078235,0.17720081,0.17720081
27,54,1728,0.14060155,14.742509,5.7715454,0.650877,0.17717539,0.17717539
27,55,1729,0.14060092,14.742067,5.770807,0.6508414,0.1771533,0.1771533
27,56,1730,0.1406005,14.741839,5.7703643,0.65089816,0.17714159,0.17714159
27,57,1731,0.14059594,14.739339,5.7701216,0.65096045,0.17712161,0.17712161
27,58,1732,0.14059296,14.738245,5.769828,0.65103865,0.17709841,0.17709841
27,59,1733,0.14058696,14.73718,5.7699623,0.65111077,0.17710754,0.17710754
27,60,1734,0.14058915,14.738232,5.769805,0.65115976,0.17708471,0.17708471
27,61,1735,0.1405921,14.74083,5.769887,0.65139055,0.17708017,0.17708017
28,0,1736,0.1405874,14.740111,5.7698703,0.6514309,0.17706864,0.17706864
28,1,1737,0.14058949,14.740422,5.769996,0.65154445,0.17704454,0.17704454
28,2,1738,0.14058459,14.739372,5.769632,0.65169096,0.17702039,0.17702039
28,3,1739,0.1405816,14.738626,5.7690153,0.65161794,0.17700195,0.17700195
28,4,1740,0.14057134,14.737095,5.768391,0.65158415,0.17698297,0.17698297
28,5,1741,0.14055917,14.735934,5.768035,0.65167755,0.17697169,0.17697169
28,6,1742,0.14055079,14.734338,5.767547,0.6516809,0.17695442,0.17695442
28,7,1743,0.14056066,14.735757,5.7670264,0.65160954,0.17692739,0.17692739
28,8,1744,0.14056358,14.735778,5.766609,0.6515565,0.17692411,0.17692411
28,9,1745,0.14056617,14.733836,5.7663546,0.65164435,0.1769055,0.1769055
28,10,1746,0.14056152,14.732724,5.765909,0.65176564,0.17688887,0.17688887
28,11,1747,0.14055717,14.731831,5.765419,0.6517723,0.17686634,0.17686634
28,12,1748,0.14055109,14.732406,5.765061,0.6518291,0.17684495,0.17684495
28,13,1749,0.14054999,14.731225,5.764638,0.6519634,0.17682105,0.17682105
28,14,1750,0.14054425,14.73118,5.764214,0.6521333,0.17680182,0.17680182
28,15,1751,0.14054582,14.731336,5.763984,0.6521649,0.17678003,0.17678003
28,16,1752,0.14053673,14.728888,5.763862,0.6523507,0.17676793,0.17676793
28,17,1753,0.14053625,14.729929,5.763447,0.6523193,0.1767523,0.1767523
28,18,1754,0.14052898,14.729856,5.7631054,0.652422,0.17672865,0.17672865
28,19,1755,0.14051202,14.727185,5.7628617,0.65258896,0.17671166,0.17671166
28,20,1756,0.14049897,14.724502,5.762281,0.6525494,0.17670134,0.17670134
28,21,1757,0.14049315,14.723613,5.761808,0.65266377,0.1766859,0.1766859
28,22,1758,0.14051795,14.726914,5.761734,0.65284723,0.1766691,0.1766691
28,23,1759,0.14052284,14.728,5.761575,0.6530041,0.17665802,0.17665802
28,24,1760,0.1405198,14.728366,5.7614317,0.6530848,0.17664264,0.17664264
28,25,1761,0.14052916,14.730021,5.761388,0.6531566,0.1766407,0.1766407
28,26,1762,0.1405214,14.728674,5.7608232,0.65308857,0.17661756,0.17661756
28,27,1763,0.14051753,14.728078,5.76049,0.653168,0.17660399,0.17660399
28,28,1764,0.14050154,14.725694,5.7600355,0.65316284,0.1765807,0.1765807
28,29,1765,0.14049852,14.724141,5.7593503,0.6531699,0.17655635,0.17655635
28,30,1766,0.14049134,14.723047,5.7589517,0.6531731,0.17654787,0.17654787
28,31,1767,0.14048132,14.721954,5.7586703,0.6532511,0.17653146,0.17653146
28,32,1768,0.14048758,14.722398,5.758143,0.653239,0.1765138,0.1765138
28,33,1769,0.14048837,14.7239895,5.757616,0.6533634,0.17648776,0.17648776
28,34,1770,0.14048904,14.72314,5.7577453,0.65352744,0.17647403,0.17647403
28,35,1771,0.1404826,14.722956,5.7573752,0.6535206,0.17645869,0.17645869
28,36,1772,0.1404739,14.722387,5.757163,0.6536327,0.17645161,0.17645161
28,37,1773,0.14047867,14.721809,5.7570186,0.6538501,0.17643298,0.17643298
28,38,1774,0.14048626,14.721054,5.7568693,0.6538752,0.17642096,0.17642096
28,39,1775,0.1404797,14.720368,5.756576,0.6539877,0.17640503,0.17640503
28,40,1776,0.1404811,14.719772,5.756273,0.6539447,0.1764091,0.1764091
28,41,1777,0.14049456,14.721879,5.7560954,0.65392184,0.17639422,0.17639422
28,42,1778,0.14049639,14.722323,5.756033,0.6539772,0.17638183,0.17638183
28,43,1779,0.1404897,14.721825,5.755695,0.65403944,0.17635791,0.17635791
28,44,1780,0.14049745,14.722082,5.7553134,0.6541966,0.1763426,0.1763426
28,45,1781,0.14049366,14.721719,5.75511,0.6541518,0.17633812,0.17633812
28,46,1782,0.1404935,14.722684,5.754974,0.6540991,0.1763234,0.1763234
28,47,1783,0.14048491,14.720943,5.754682,0.65408874,0.17630213,0.17630213
28,48,1784,0.1404873,14.720077,5.7543793,0.6541734,0.17628476,0.17628476
28,49,1785,0.14048778,14.719409,5.754229,0.6542085,0.17627768,0.17627768
28,50,1786,0.14050247,14.717889,5.753951,0.6542417,0.17626663,0.17626663
28,51,1787,0.14050166,14.717028,5.753576,0.654266,0.17625555,0.17625555
28,52,1788,0.14049907,14.717001,5.7531757,0.65430355,0.17624058,0.17624058
28,53,1789,0.14050269,14.716357,5.7528806,0.65449196,0.17621635,0.17621635
28,54,1790,0.14050312,14.715022,5.7525797,0.6547142,0.1762032,0.1762032
28,55,1791,0.14050177,14.7142935,5.752166,0.654778,0.17618889,0.17618889
28,56,1792,0.14050204,14.714014,5.751665,0.6548102,0.17616493,0.17616493
28,57,1793,0.14049707,14.71352,5.7510777,0.65484715,0.17615515,0.17615515
28,58,1794,0.14051338,14.71383,5.7506194,0.6548638,0.17613956,0.17613956
28,59,1795,0.14052075,14.716047,5.750034,0.65485,0.17612034,0.17612034
28,60,1796,0.14052054,14.714529,5.7497993,0.654911,0.17609596,0.17609596
28,61,1797,0.14052285,14.714578,5.7492557,0.65501696,0.17606966,0.17606966
29,0,1798,0.14052522,14.713025,5.748553,0.6549651,0.17605442,0.17605442
29,1,1799,0.14053139,14.714405,5.7482023,0.65494406,0.17603897,0.17603897
29,2,1800,0.14052148,14.713129,5.7479634,0.65486556,0.17603731,0.17603731
29,3,1801,0.1405097,14.7108345,5.7477283,0.65489155,0.17602426,0.17602426
29,4,1802,0.14050443,14.708686,5.7474833,0.6549305,0.17601417,0.17601417
29,5,1803,0.14049868,14.707631,5.747167,0.65506804,0.17599802,0.17599802
29,6,1804,0.14050478,14.707537,5.7465305,0.6551213,0.17597455,0.17597455
29,7,1805,0.1405061,14.707676,5.7459264,0.6552079,0.17595492,0.17595492
29,8,1806,0.14050287,14.707812,5.7455792,0.6552773,0.17593089,0.17593089
29,9,1807,0.14050469,14.708474,5.745086,0.65533143,0.17590897,0.17590897
29,10,1808,0.14050841,14.708668,5.7446427,0.6554007,0.17588396,0.17588396
29,11,1809,0.14050858,14.708153,5.744404,0.65548795,0.17586486,0.17586486
29,12,1810,0.1404984,14.70587,5.7440114,0.65550154,0.17585172,0.17585172
29,13,1811,0.14050907,14.709133,5.7434926,0.6554877,0.17584313,0.17584313
29,14,1812,0.14052624,14.710474,5.74305,0.6554949,0.17582022,0.17582022
29,15,1813,0.14053826,14.712813,5.742765,0.6555805,0.17581005,0.17581005
29,16,1814,0.1405361,14.7131605,5.742461,0.6556715,0.17579715,0.17579715
29,17,1815,0.14052938,14.711049,5.742074,0.6556371,0.17578839,0.17578839
29,18,1816,0.14052461,14.71051,5.7416763,0.65567917,0.17578167,0.17578167
29,19,1817,0.14052883,14.710337,5.741355,0.6557484,0.1757639,0.1757639
29,20,1818,0.14051917,14.708869,5.7408047,0.65579647,0.175737,0.175737
29,21,1819,0.14051723,14.707184,5.7401524,0.6557438,0.17571343,0.17571343
29,22,1820,0.14052518,14.707455,5.739886,0.6557862,0.17570439,0.17570439
29,23,1821,0.14052385,14.706859,5.739436,0.6558791,0.17568645,0.17568645
29,24,1822,0.14052902,14.706892,5.738666,0.6558839,0.1756571,0.1756571
29,25,1823,0.14053008,14.706906,5.7382913,0.65588725,0.17565861,0.17565861
29,26,1824,0.14053509,14.706593,5.737764,0.6560483,0.17563373,0.17563373
29,27,1825,0.140528,14.705479,5.7372737,0.6560713,0.17562683,0.17562683
29,28,1826,0.14053744,14.705521,5.736999,0.65608793,0.17560774,0.17560774
29,29,1827,0.14052911,14.704147,5.736629,0.65605813,0.17559734,0.17559734
29,30,1828,0.14052442,14.702108,5.736191,0.65603024,0.1755769,0.1755769
29,31,1829,0.14052172,14.701054,5.735582,0.6560051,0.17555016,0.17555016
29,32,1830,0.140535,14.703028,5.735236,0.6559949,0.1755358,0.1755358
29,33,1831,0.14054868,14.703801,5.734762,0.65600824,0.17552295,0.17552295
29,34,1832,0.14054987,14.703667,5.7344728,0.65618724,0.1755172,0.1755172
29,35,1833,0.14055245,14.703463,5.734066,0.6562771,0.1755031,0.1755031
29,36,1834,0.14054847,14.70297,5.7336316,0.6562507,0.17548679,0.17548679
29,37,1835,0.1405543,14.704672,5.733414,0.6563776,0.17546886,0.17546886
29,38,1836,0.14054435,14.703333,5.7332044,0.6564133,0.17544982,0.17544982
29,39,1837,0.1405638,14.705223,5.7331824,0.65658474,0.17543861,0.17543861
29,40,1838,0.14056504,14.705036,5.732726,0.65668446,0.1754388,0.1754388
29,41,1839,0.14056845,14.705765,5.732503,0.65682113,0.17541979,0.17541979
29,42,1840,0.14058842,14.70764,5.732247,0.65682566,0.17540866,0.17540866
29,43,1841,0.14059289,14.7074995,5.731937,0.6569026,0.1753935,0.1753935
29,44,1842,0.14058638,14.707154,5.73163,0.65701866,0.1753752,0.1753752
29,45,1843,0.1405814,14.706637,5.731384,0.6571231,0.17535698,0.17535698
29,46,1844,0.14058319,14.706702,5.731137,0.6571543,0.17534786,0.17534786
29,47,1845,0.14058164,14.705846,5.731098,0.6571422,0.1753298,0.1753298
29,48,1846,0.14057857,14.705918,5.730855,0.65723664,0.17531426,0.17531426
29,49,1847,0.1405751,14.705336,5.7302976,0.65723217,0.17529123,0.17529123
29,50,1848,0.14057583,14.704362,5.7301803,0.6574072,0.1752776,0.1752776
29,51,1849,0.14057434,14.7038965,5.7296853,0.6573745,0.17525983,0.17525983
29,52,1850,0.14056885,14.702964,5.7292123,0.65731764,0.17524147,0.17524147
29,53,1851,0.14057621,14.703244,5.728542,0.65723866,0.1752184,0.1752184
29,54,1852,0.14058936,14.7041235,5.7281218,0.65715337,0.17521642,0.17521642
29,55,1853,0.14059022,14.702995,5.727624,0.657182,0.17519513,0.17519513
29,56,1854,0.14058775,14.701721,5.7273674,0.6572454,0.17518802,0.17518802
29,57,1855,0.14058203,14.701326,5.726848,0.6572488,0.17517124,0.17517124
29,58,1856,0.14057305,14.700131,5.7265162,0.65733296,0.17515422,0.17515422
29,59,1857,0.14057045,14.698871,5.7261896,0.6573715,0.1751417,0.1751417
29,60,1858,0.1405748,14.697615,5.725652,0.65745544,0.17511705,0.17511705
29,61,1859,0.14056799,14.696095,5.725238,0.6574377,0.17511311,0.17511311
30,0,1860,0.1405566,14.695126,5.724853,0.65743434,0.17509432,0.17509432
30,1,1861,0.14055508,14.694476,5.7245364,0.6574651,0.17508572,0.17508572
30,2,1862,0.14054744,14.692682,5.7243657,0.65741163,0.17506519,0.17506519
30,3,1863,0.14054921,14.692354,5.724139,0.6574183,0.17504665,0.17504665
30,4,1864,0.14054278,14.690724,5.7238793,0.6574068,0.17503561,0.17503561
30,5,1865,0.14054619,14.689976,5.723839,0.65755534,0.17502882,0.17502882
30,6,1866,0.1405369,14.689456,5.723786,0.6575918,0.17501965,0.17501965
30,7,1867,0.14053406,14.6896305,5.723497,0.65764904,0.17500119,0.17500119
30,8,1868,0.14054072,14.691154,5.7230344,0.65770525,0.17497927,0.17497927
30,9,1869,0.14053233,14.689112,5.722618,0.65773576,0.17497233,0.17497233
30,10,1870,0.14053375,14.688301,5.7220364,0.6577916,0.17495222,0.17495222
30,11,1871,0.14052598,14.687234,5.721838,0.6579372,0.17494707,0.17494707
30,12,1872,0.1405306,14.68891,5.721506,0.658062,0.17492321,0.17492321
30,13,1873,0.14052935,14.689103,5.7212863,0.6580534,0.1749218,0.1749218
30,14,1874,0.14052734,14.688916,5.7210007,0.65799963,0.1749236,0.1749236
30,15,1875,0.14054005,14.688593,5.720704,0.65804195,0.17490262,0.17490262
30,16,1876,0.14053553,14.687959,5.7203903,0.6580279,0.17490214,0.17490214
30,17,1877,0.14054696,14.6887455,5.7203293,0.6581053,0.17490338,0.17490338
30,18,1878,0.14054786,14.6872635,5.720062,0.65812314,0.17488821,0.17488821
30,19,1879,0.14055264,14.687845,5.719789,0.65820765,0.17486684,0.17486684
30,20,1880,0.140547,14.685928,5.719243,0.6580839,0.17485309,0.17485309
30,21,1881,0.1405586,14.688074,5.718576,0.65811145,0.17482194,0.17482194
30,22,1882,0.14055488,14.687941,5.7180862,0.6581731,0.17481415,0.17481415
30,23,1883,0.14055791,14.687927,5.7176566,0.6580844,0.17479941,0.17479941
30,24,1884,0.14056212,14.687793,5.71716,0.65798396,0.1747776,0.1747776
30,25,1885,0.14055896,14.686148,5.7167454,0.6579727,0.17476036,0.17476036
30,26,1886,0.14055574,14.686174,5.7162657,0.65799487,0.17474172,0.17474172
30,27,1887,0.14055647,14.6841135,5.716248,0.65809447,0.17474319,0.17474319
30,28,1888,0.14054826,14.681977,5.715861,0.6581021,0.17473617,0.17473617
30,29,1889,0.14057179,14.683916,5.715528,0.6581309,0.17471628,0.17471628
30,30,1890,0.14057489,14.683038,5.715484,0.65819126,0.17471014,0.17471014
30,31,1891,0.14057162,14.681983,5.7153153,0.6582956,0.17469676,0.17469676
30,32,1892,0.14056307,14.680316,5.7151537,0.6583794,0.17467675,0.17467675
30,33,1893,0.14056179,14.680794,5.714787,0.6584059,0.17464913,0.17464913
30,34,1894,0.14056054,14.680676,5.714393,0.6583698,0.17463456,0.17463456
30,35,1895,0.14055182,14.679539,5.71398,0.65842295,0.17461719,0.17461719
30,36,1896,0.1405482,14.678753,5.7135878,0.6583705,0.17460425,0.17460425
30,37,1897,0.14055607,14.679355,5.7131295,0.65832084,0.17459026,0.17459026
30,38,1898,0.14057046,14.679729,5.712748,0.6584561,0.17457071,0.17457071
30,39,1899,0.14056998,14.67815,5.7129846,0.65851074,0.17456844,0.17456844
30,40,1900,0.14057401,14.677443,5.7126303,0.6585295,0.17454854,0.17454854
30,41,1901,0.14058608,14.680067,5.7122188,0.65867835,0.17452411,0.17452411
30,42,1902,0.14059901,14.679334,5.7118344,0.6586764,0.17450017,0.17450017
30,43,1903,0.14060906,14.679606,5.7115617,0.65871984,0.17448589,0.17448589
30,44,1904,0.14061442,14.679393,5.7110405,0.6588512,0.17446017,0.17446017
30,45,1905,0.14061253,14.677972,5.7104692,0.6588635,0.17443791,0.17443791
30,46,1906,0.1406111,14.679172,5.7098885,0.65880656,0.17442136,0.17442136
30,47,1907,0.14062706,14.679581,5.709715,0.6587803,0.17441648,0.17441648
30,48,1908,0.14061502,14.678261,5.709602,0.6588477,0.17439781,0.17439781
30,49,1909,0.14061259,14.676541,5.7095733,0.6588781,0.17438547,0.17438547
30,50,1910,0.1406162,14.676139,5.70939,0.6589397,0.17437504,0.17437504
30,51,1911,0.14062282,14.676817,5.7093225,0.65901405,0.17435355,0.17435355
30,52,1912,0.14064118,14.679644,5.7092957,0.6591447,0.17433843,0.17433843
30,53,1913,0.1406389,14.679212,5.70908,0.6591741,0.1743442,0.1743442
30,54,1914,0.14064187,14.679505,5.7088585,0.6592572,0.17432888,0.17432888
30,55,1915,0.14064807,14.679512,5.7085357,0.65930724,0.17431916,0.17431916
30,56,1916,0.14065106,14.679032,5.707817,0.65926707,0.1742983,0.1742983
30,57,1917,0.14066264,14.680258,5.707638,0.65926945,0.17428708,0.17428708
30,58,1918,0.14066622,14.68144,5.707338,0.6592584,0.17426531,0.17426531
30,59,1919,0.14067298,14.682871,5.7066336,0.6593183,0.17423391,0.17423391
30,60,1920,0.14067605,14.683607,5.70655,0.6594938,0.17422473,0.17422473
30,61,1921,0.14069092,14.68451,5.706153,0.65948266,0.17421187,0.17421187
31,0,1922,0.14069527,14.683886,5.705899,0.65946895,0.1741959,0.1741959
31,1,1923,0.1407131,14.688076,5.7052913,0.6594836,0.17416382,0.17416382
31,2,1924,0.14071877,14.688402,5.7049584,0.65946853,0.1741495,0.1741495
31,3,1925,0.14071247,14.686709,5.7045813,0.6594957,0.17413525,0.17413525
31,4,1926,0.14071098,14.686235,5.704106,0.65957874,0.17411841,0.17411841
31,5,1927,0.14069976,14.684318,5.703621,0.65973264,0.174093,0.174093
31,6,1928,0.14069393,14.683002,5.7031493,0.659744,0.17407335,0.17407335
31,7,1929,0.14068781,14.681732,5.7029495,0.6598456,0.17405872,0.17405872
31,8,1930,0.14069313,14.681954,5.702634,0.65986365,0.17405912,0.17405912
31,9,1931,0.14069076,14.680619,5.702291,0.65995395,0.17404233,0.17404233
31,10,1932,0.14069013,14.679612,5.701927,0.6599785,0.1740221,0.1740221
31,11,1933,0.14070076,14.679867,5.701598,0.66010815,0.17400804,0.17400804
31,12,1934,0.14069647,14.678749,5.7012334,0.66007066,0.1739995,0.1739995
31,13,1935,0.14070213,14.679247,5.7006044,0.66008043,0.17398185,0.17398185
31,14,1936,0.14069977,14.678579,5.700321,0.6600738,0.1739729,0.1739729
31,15,1937,0.14070353,14.677815,5.7001634,0.66013485,0.17396832,0.17396832
31,16,1938,0.14069846,14.676495,5.699942,0.6602505,0.17396381,0.17396381
31,17,1939,0.14069965,14.675744,5.699742,0.6602299,0.17394525,0.17394525
31,18,1940,0.1407058,14.675641,5.6994505,0.66044,0.17392667,0.17392667
31,19,1941,0.14070465,14.6759,5.698952,0.66046846,0.17390792,0.17390792
31,20,1942,0.14070798,14.676178,5.6985936,0.6604591,0.17390108,0.17390108
31,21,1943,0.14071202,14.676261,5.6982083,0.66040415,0.17388633,0.17388633
31,22,1944,0.1407235,14.676807,5.697869,0.6604178,0.17387101,0.17387101
31,23,1945,0.14072661,14.67599,5.6975803,0.6603728,0.17385945,0.17385945
31,24,1946,0.14072737,14.675156,5.697126,0.6603488,0.17384186,0.17384186
31,25,1947,0.14072542,14.674394,5.6969657,0.660363,0.17382553,0.17382553
31,26,1948,0.14073929,14.67603,5.6967907,0.66042763,0.17381425,0.17381425
31,27,1949,0.14074177,14.676303,5.6966486,0.66045105,0.17380266,0.17380266
31,28,1950,0.14073856,14.67599,5.696108,0.6603953,0.17378461,0.17378461
31,29,1951,0.14073348,14.674801,5.6956134,0.66034484,0.1737661,0.1737661
31,30,1952,0.14075062,14.674765,5.695366,0.66034144,0.17374721,0.17374721
31,31,1953,0.14075582,14.673361,5.6947675,0.6603431,0.17372334,0.17372334
31,32,1954,0.14076015,14.673081,5.6943827,0.66042984,0.1737157,0.1737157
31,33,1955,0.14077294,14.674229,5.693971,0.66041833,0.17369838,0.17369838
31,34,1956,0.14077154,14.673294,5.6933465,0.6603675,0.17367405,0.17367405
31,35,1957,0.14077279,14.67278,5.6929812,0.6604184,0.17365779,0.17365779
31,36,1958,0.14076969,14.6717415,5.692462,0.6604537,0.17363815,0.17363815
31,37,1959,0.14077687,14.672989,5.692259,0.66046935,0.17362586,0.17362586
31,38,1960,0.14078051,14.673307,5.6919765,0.66071254,0.17360759,0.17360759
31,39,1961,0.1408051,14.676563,5.691748,0.66082996,0.17359468,0.17359468
31,40,1962,0.14082226,14.678435,5.691508,0.660931,0.17358063,0.17358063
31,41,1963,0.14082436,14.678627,5.69129,0.6610081,0.17356431,0.17356431
31,42,1964,0.1408382,14.680741,5.690811,0.66106534,0.17354341,0.17354341
31,43,1965,0.1408585,14.6819725,5.6905503,0.66110337,0.17353955,0.17353955
31,44,1966,0.14085822,14.68049,5.6902013,0.6611366,0.17351699,0.17351699
31,45,1967,0.1408615,14.680466,5.6898074,0.6612204,0.17350544,0.17350544
31,46,1968,0.14087081,14.680803,5.689512,0.66128737,0.17349839,0.17349839
31,47,1969,0.14087918,14.680708,5.6891246,0.6613221,0.17347507,0.17347507
31,48,1970,0.14087617,14.67939,5.688808,0.66135174,0.17346165,0.17346165
31,49,1971,0.14087835,14.67886,5.688298,0.66132176,0.17343134,0.17343134
31,50,1972,0.14087157,14.67728,5.6877112,0.661235,0.17341276,0.17341276
31,51,1973,0.14088604,14.679087,5.6874123,0.6613361,0.17339861,0.17339861
31,52,1974,0.14089009,14.6792145,5.6871166,0.66142994,0.17338021,0.17338021
31,53,1975,0.14088336,14.6786,5.686563,0.66140664,0.17335805,0.17335805
31,54,1976,0.1408897,14.6779585,5.686158,0.6614043,0.17334707,0.17334707
31,55,1977,0.14088315,14.677026,5.686102,0.6615021,0.17334372,0.17334372
31,56,1978,0.14088291,14.676724,5.685838,0.66159225,0.17333399,0.17333399
31,57,1979,0.14089957,14.677952,5.6856017,0.6616057,0.17331912,0.17331912
31,58,1980,0.14090253,14.678006,5.6854663,0.6616571,0.17330973,0.17330973
31,59,1981,0.14090934,14.679113,5.685315,0.66171455,0.17329293,0.17329293
31,60,1982,0.14090998,14.67868,5.684872,0.66171885,0.17326824,0.17326824
31,61,1983,0.14090769,14.677879,5.684521,0.6616746,0.17325243,0.17325243
32,0,1984,0.14091027,14.676769,5.6841574,0.6617623,0.17323123,0.17323123
32,1,1985,0.14090472,14.67611,5.6838317,0.6618203,0.17322351,0.17322351
32,2,1986,0.14091288,14.674965,5.683655,0.66184753,0.17321363,0.17321363
32,3,1987,0.14092377,14.674887,5.6829677,0.6618237,0.1731857,0.1731857
32,4,1988,0.14091748,14.6743355,5.682638,0.66188186,0.17316605,0.17316605
32,5,1989,0.14092194,14.674708,5.6822524,0.6619184,0.1731551,0.1731551
32,6,1990,0.14093933,14.674961,5.68184,0.66192585,0.17313267,0.17313267
32,7,1991,0.14094897,14.676178,5.681522,0.6619768,0.17312711,0.17312711
32,8,1992,0.1409496,14.676139,5.68112,0.66208345,0.1731029,0.1731029
32,9,1993,0.14095822,14.678391,5.6805663,0.66211313,0.1730839,0.1730839
32,10,1994,0.14096749,14.679922,5.680071,0.6620799,0.17307597,0.17307597
32,11,1995,0.1409693,14.680444,5.679807,0.66212225,0.17305908,0.17305908
32,12,1996,0.140963,14.679152,5.6795826,0.6621123,0.17305048,0.17305048
32,13,1997,0.14096504,14.679188,5.6791873,0.66208327,0.17303708,0.17303708
32,14,1998,0.14096831,14.679611,5.678559,0.66213584,0.17300309,0.17300309
32,15,1999,0.14097708,14.679435,5.678301,0.66216624,0.17299248,0.17299248
32,16,2000,0.14098084,14.679297,5.677754,0.6622153,0.17296937,0.17296937
32,17,2001,0.14098226,14.678782,5.6773324,0.6623309,0.1729516,0.1729516
32,18,2002,0.14097966,14.67753,5.6770763,0.6624151,0.17293422,0.17293422
32,19,2003,0.14097816,14.677379,5.6769524,0.66249144,0.17293225,0.17293225
32,20,2004,0.14097911,14.678216,5.6767025,0.6627022,0.17291348,0.17291348
32,21,2005,0.14099193,14.678576,5.6762295,0.66268826,0.17289361,0.17289361
32,22,2006,0.14100303,14.679879,5.6759334,0.66278887,0.17288323,0.17288323
32,23,2007,0.1409997,14.679196,5.67567,0.6629452,0.17286333,0.17286333
32,24,2008,0.14101025,14.679662,5.675417,0.6629742,0.17285304,0.17285304
32,25,2009,0.1410117,14.67984,5.674895,0.6629369,0.172839,0.172839
32,26,2010,0.14102158,14.680131,5.6745152,0.6629566,0.17282811,0.17282811
32,27,2011,0.14101616,14.6788435,5.6743994,0.66308856,0.1728179,0.1728179
32,28,2012,0.14101431,14.677036,5.6742578,0.66317546,0.17280617,0.17280617
32,29,2013,0.14100924,14.676794,5.674093,0.6632043,0.17278738,0.17278738
32,30,2014,0.14102769,14.67979,5.673773,0.66324246,0.17277762,0.17277762
32,31,2015,0.14103216,14.680374,5.6735506,0.66339713,0.17276433,0.17276433
32,32,2016,0.14104845,14.681328,5.6734996,0.6635503,0.17275812,0.17275812
32,33,2017,0.1410433,14.681599,5.6730924,0.66362983,0.17274688,0.17274688
32,34,2018,0.14104897,14.682034,5.6727567,0.6636296,0.1727341,0.1727341
32,35,2019,0.14104962,14.682434,5.6720777,0.6636652,0.17271276,0.17271276
32,36,2020,0.14105116,14.682534,5.6716576,0.66368735,0.17269921,0.17269921
32,37,2021,0.141044,14.680867,5.671007,0.66365474,0.17268026,0.17268026
32,38,2022,0.14103657,14.679554,5.670536,0.66366124,0.1726636,0.1726636
32,39,2023,0.14104573,14.679638,5.670365,0.6636623,0.17265655,0.17265655
32,40,2024,0.14103283,14.678144,5.6703033,0.6637549,0.17264707,0.17264707
32,41,2025,0.14104214,14.678878,5.670119,0.6638234,0.17262974,0.17262974
32,42,2026,0.14105287,14.679313,5.6697426,0.6638469,0.17260192,0.17260192
32,43,2027,0.14106673,14.681092,5.6691484,0.6638349,0.1725839,0.1725839
32,44,2028,0.14106953,14.681223,5.6689825,0.66399777,0.17257266,0.17257266
32,45,2029,0.14107274,14.681058,5.6686425,0.6640811,0.17255607,0.17255607
32,46,2030,0.14107528,14.68176,5.6686306,0.66423273,0.17253654,0.17253654
32,47,2031,0.14107974,14.681328,5.6689243,0.66444707,0.17253464,0.17253464
32,48,2032,0.14109701,14.681607,5.6687813,0.66458106,0.17252162,0.17252162
32,49,2033,0.14110032,14.681411,5.668385,0.66465026,0.17251135,0.17251135
32,50,2034,0.14110577,14.682261,5.6680436,0.6647413,0.17249662,0.17249662
32,51,2035,0.14110106,14.681247,5.667643,0.66466683,0.17249398,0.17249398
32,52,2036,0.14110816,14.682711,5.6673484,0.6646683,0.17248298,0.17248298
32,53,2037,0.14110461,14.6820965,5.666812,0.6647062,0.17245726,0.17245726
32,54,2038,0.14112788,14.682421,5.6665397,0.66477764,0.17244345,0.17244345
32,55,2039,0.14112848,14.683017,5.6660023,0.66483355,0.17242105,0.17242105
32,56,2040,0.14113149,14.684036,5.665664,0.6648791,0.17240734,0.17240734
32,57,2041,0.14112833,14.68433,5.6653547,0.66501987,0.17238273,0.17238273
32,58,2042,0.14113158,14.684972,5.6650286,0.6650237,0.17236413,0.17236413
32,59,2043,0.14113225,14.685419,5.664632,0.665062,0.17234087,0.17234087
32,60,2044,0.1411484,14.688222,5.6642637,0.66505575,0.17233233,0.17233233
32,61,2045,0.14115591,14.68913,5.664101,0.66503435,0.17232451,0.17232451
33,0,2046,0.14115486,14.689043,5.6636724,0.6650002,0.17230415,0.17230415
33,1,2047,0.14115421,14.689136,5.66308,0.66488755,0.17228499,0.17228499
33,2,2048,0.14115828,14.688885,5.6628566,0.6648796,0.17227982,0.17227982
33,3,2049,0.14115287,14.687273,5.6628475,0.66493666,0.17228268,0.17228268
33,4,2050,0.14115609,14.686764,5.662604,0.66491723,0.172267,0.172267
33,5,2051,0.14116964,14.688127,5.662442,0.6650582,0.17225493,0.17225493
33,6,2052,0.14118779,14.689886,5.6622033,0.6650958,0.17224374,0.17224374
33,7,2053,0.14119154,14.689366,5.6619205,0.66513795,0.1722215,0.1722215
33,8,2054,0.14121741,14.688134,5.6617165,0.66517955,0.17220606,0.17220606
33,9,2055,0.1412158,14.686801,5.661394,0.66523254,0.17218603,0.17218603
33,10,2056,0.14122361,14.686746,5.6610217,0.66522884,0.17216331,0.17216331
33,11,2057,0.14121963,14.68578,5.6608887,0.6653566,0.17216016,0.17216016
33,12,2058,0.1412267,14.685565,5.660721,0.66546476,0.17215315,0.17215315
33,13,2059,0.1412356,14.686409,5.660271,0.66545767,0.17214477,0.17214477
33,14,2060,0.14125139,14.68793,5.6597905,0.66549104,0.17212382,0.17212382
33,15,2061,0.14125726,14.687724,5.6594334,0.66552806,0.17211188,0.17211188
33,16,2062,0.14126006,14.687093,5.6591015,0.6655168,0.17208742,0.17208742
33,17,2063,0.14126092,14.686522,5.6586576,0.6654757,0.17207158,0.17207158
33,18,2064,0.14128964,14.690601,5.6582985,0.6655019,0.17205007,0.17205007
33,19,2065,0.14129436,14.690932,5.658092,0.6655492,0.17203796,0.17203796
33,20,2066,0.14129433,14.690506,5.6578064,0.6655382,0.172027,0.172027
33,21,2067,0.14130577,14.689812,5.657418,0.6655133,0.17201371,0.17201371
33,22,2068,0.14130628,14.689514,5.6570983,0.6655946,0.17199491,0.17199491
33,23,2069,0.14131755,14.688921,5.6568146,0.66562915,0.17197418,0.17197418
33,24,2070,0.14133158,14.689462,5.656446,0.6656347,0.17194812,0.17194812
33,25,2071,0.14133628,14.688436,5.656123,0.665717,0.17194021,0.17194021
33,26,2072,0.14134564,14.687925,5.6559353,0.66571665,0.17193149,0.17193149
33,27,2073,0.14135644,14.689562,5.6555576,0.66573256,0.17192009,0.17192009
33,28,2074,0.14135738,14.688606,5.6553264,0.66569775,0.171921,0.171921
33,29,2075,0.14136147,14.689008,5.6549435,0.6656976,0.17191975,0.17191975
33,30,2076,0.14136174,14.688438,5.6547084,0.66571873,0.17190905,0.17190905
33,31,2077,0.14136788,14.687657,5.6543913,0.6658574,0.17189386,0.17189386
33,32,2078,0.14137594,14.68898,5.6539,0.66591716,0.17187655,0.17187655
33,33,2079,0.14138126,14.6896305,5.6536126,0.66590637,0.17185846,0.17185846
33,34,2080,0.14137934,14.689335,5.653361,0.6659763,0.17184111,0.17184111
33,35,2081,0.14137839,14.688541,5.6528487,0.66598517,0.17181842,0.17181842
33,36,2082,0.14138111,14.688188,5.652501,0.66599447,0.17180556,0.17180556
33,37,2083,0.14138927,14.688388,5.6522503,0.6661386,0.17179407,0.17179407
33,38,2084,0.14139529,14.688995,5.652019,0.6661287,0.17178681,0.17178681
33,39,2085,0.14140317,14.689612,5.6518655,0.66622907,0.17176417,0.17176417
33,40,2086,0.1414077,14.6905985,5.651628,0.6662481,0.1717488,0.1717488
33,41,2087,0.1414171,14.690711,5.6513658,0.6662571,0.1717386,0.1717386
33,42,2088,0.141426,14.690553,5.6512184,0.6662437,0.17172752,0.17172752
33,43,2089,0.1414356,14.690748,5.650808,0.666162,0.17170854,0.17170854
33,44,2090,0.1414455,14.690172,5.6501412,0.66608065,0.17168939,0.17168939
33,45,2091,0.14144415,14.689681,5.649687,0.6661392,0.17167242,0.17167242
33,46,2092,0.1414429,14.689025,5.6491575,0.66605204,0.17165767,0.17165767
33,47,2093,0.14145468,14.689112,5.648855,0.66603965,0.17165172,0.17165172
33,48,2094,0.14146243,14.688987,5.6484323,0.66603124,0.17163558,0.17163558
33,49,2095,0.14147528,14.690304,5.6478214,0.6660235,0.17161272,0.17161272
33,50,2096,0.1414871,14.69152,5.647438,0.66606575,0.17160237,0.17160237
33,51,2097,0.14149415,14.692968,5.646937,0.6660658,0.17159061,0.17159061
33,52,2098,0.14150605,14.6944,5.646531,0.66616213,0.17157461,0.17157461
33,53,2099,0.14151326,14.69453,5.6462235,0.6661548,0.1715495,0.1715495
33,54,2100,0.14151725,14.694521,5.645871,0.66620964,0.17154159,0.17154159
33,55,2101,0.14152285,14.69457,5.645693,0.66620857,0.17153092,0.17153092
33,56,2102,0.14151739,14.693844,5.64551,0.66634876,0.17151572,0.17151572
33,57,2103,0.14152707,14.694479,5.6452045,0.6664592,0.17149667,0.17149667
33,58,2104,0.14154255,14.695309,5.6448574,0.66643596,0.1714783,0.1714783
33,59,2105,0.14156494,14.697623,5.644415,0.66645426,0.17145942,0.17145942
33,60,2106,0.14159438,14.697909,5.644373,0.6665481,0.17144984,0.17144984
33,61,2107,0.14161606,14.698918,5.64418,0.6665338,0.1714473,0.1714473
34,0,2108,0.14162497,14.697641,5.644162,0.66658634,0.17144081,0.17144081
34,1,2109,0.14163834,14.697883,5.644107,0.66671276,0.17143366,0.17143366
34,2,2110,0.14165407,14.699229,5.643905,0.6668663,0.17141837,0.17141837
34,3,2111,0.14166245,14.70032,5.643674,0.6669384,0.1714053,0.1714053
34,4,2112,0.14168052,14.702284,5.6432385,0.6669221,0.1713885,0.1713885
34,5,2113,0.1416826,14.701525,5.64273,0.6668496,0.17137279,0.17137279
34,6,2114,0.14170052,14.704498,5.6425276,0.66693884,0.17136456,0.17136456
34,7,2115,0.14170028,14.704805,5.6421776,0.66699415,0.1713528,0.1713528
34,8,2116,0.141712,14.705354,5.6418176,0.6670649,0.17133376,0.17133376
34,9,2117,0.14171341,14.705297,5.641478,0.6671071,0.17131937,0.17131937
34,10,2118,0.14171441,14.706227,5.641138,0.6671627,0.171302,0.171302
34,11,2119,0.14171956,14.705378,5.6407743,0.6672174,0.17128848,0.17128848
34,12,2120,0.14171848,14.704856,5.640288,0.66722065,0.1712704,0.1712704
34,13,2121,0.14172336,14.705667,5.6399302,0.66722023,0.17125733,0.17125733
34,14,2122,0.14172915,14.706026,5.6396747,0.6673149,0.17124939,0.17124939
34,15,2123,0.14174055,14.70615,5.6391277,0.6673312,0.17123385,0.17123385
34,16,2124,0.14175348,14.707971,5.6385674,0.66742593,0.17121197,0.17121197
34,17,2125,0.14175385,14.707422,5.638236,0.6675071,0.1712023,0.1712023
34,18,2126,0.1417607,14.707759,5.6376214,0.6674474,0.17119086,0.17119086
34,19,2127,0.14177679,14.709314,5.637168,0.66749424,0.17117049,0.17117049
34,20,2128,0.14177811,14.708998,5.6369786,0.66755414,0.1711677,0.1711677
34,21,2129,0.14179364,14.710533,5.636695,0.66754574,0.17114803,0.17114803
34,22,2130,0.14180198,14.710259,5.636662,0.6675652,0.17114517,0.17114517
34,23,2131,0.14181554,14.710572,5.636332,0.6676444,0.17112352,0.17112352
34,24,2132,0.1418315,14.712077,5.635995,0.6676603,0.17110913,0.17110913
34,25,2133,0.14184788,14.714389,5.6358337,0.6678428,0.1710917,0.1710917
34,26,2134,0.14185797,14.715216,5.635413,0.66793734,0.17106935,0.17106935
34,27,2135,0.14187206,14.716503,5.635278,0.6680001,0.17106128,0.17106128
34,28,2136,0.14187416,14.716684,5.635138,0.66811407,0.17104347,0.17104347
34,29,2137,0.14188106,14.717022,5.634857,0.6681148,0.17103252,0.17103252
34,30,2138,0.1418842,14.717039,5.6347365,0.6681772,0.17102088,0.17102088
34,31,2139,0.14189386,14.717399,5.634758,0.6682656,0.17100646,0.17100646
34,32,2140,0.14190412,14.71737,5.634325,0.66823626,0.17099954,0.17099954
34,33,2141,0.14191985,14.717452,5.6338806,0.6682614,0.17098269,0.17098269
34,34,2142,0.14193894,14.719131,5.6334796,0.6682975,0.17096661,0.17096661
34,35,2143,0.14195175,14.720657,5.633256,0.6682754,0.17096049,0.17096049
34,36,2144,0.14195456,14.719701,5.6328416,0.66826504,0.17094128,0.17094128
34,37,2145,0.14196208,14.719158,5.6326647,0.66837066,0.17094167,0.17094167
34,38,2146,0.14197557,14.718986,5.6324334,0.66852635,0.17092928,0.17092928
34,39,2147,0.14198154,14.718668,5.632221,0.66863,0.17091697,0.17091697
34,40,2148,0.14198312,14.718038,5.6319366,0.6686229,0.17090528,0.17090528
34,41,2149,0.14199348,14.718133,5.6316934,0.6687336,0.17090203,0.17090203
34,42,2150,0.14201039,14.718986,5.631293,0.66871315,0.17088531,0.17088531
34,43,2151,0.14202335,14.720139,5.6309476,0.66861445,0.17087983,0.17087983
34,44,2152,0.14203896,14.7199745,5.6304083,0.6685829,0.1708607,0.1708607
34,45,2153,0.142052,14.720374,5.6297865,0.66852653,0.17084335,0.17084335
34,46,2154,0.142066,14.721015,5.629359,0.6685008,0.17083308,0.17083308
34,47,2155,0.14206097,14.720787,5.628917,0.6685545,0.1708179,0.1708179
34,48,2156,0.14206356,14.719945,5.6283026,0.6685464,0.17079288,0.17079288
34,49,2157,0.14207552,14.721277,5.627899,0.6686307,0.17078485,0.17078485
34,50,2158,0.14208323,14.721851,5.627543,0.6687113,0.1707653,0.1707653
34,51,2159,0.14208394,14.721995,5.6272326,0.668738,0.17075084,0.17075084
34,52,2160,0.14212853,14.728148,5.626907,0.6687107,0.17073296,0.17073296
34,53,2161,0.14214061,14.72913,5.6268244,0.6688217,0.17071956,0.17071956
34,54,2162,0.14214602,14.728939,5.626542,0.66878843,0.17070818,0.17070818
34,55,2163,0.14215174,14.729624,5.626388,0.6688518,0.17070076,0.17070076
34,56,2164,0.14216077,14.729257,5.6261964,0.6688228,0.17068975,0.17068975
34,57,2165,0.14216384,14.729105,5.625907,0.66887707,0.1706711,0.1706711
34,58,2166,0.1421699,14.729256,5.6255455,0.6689004,0.17065267,0.17065267
34,59,2167,0.14218202,14.730796,5.625182,0.6688771,0.17063425,0.17063425
34,60,2168,0.14219902,14.732247,5.624774,0.66890645,0.17061184,0.17061184
34,61,2169,0.14220223,14.73265,5.6244044,0.6689334,0.17058916,0.17058916
35,0,2170,0.14219607,14.731267,5.623882,0.6688313,0.17057142,0.17057142
35,1,2171,0.14219286,14.730442,5.623761,0.66892856,0.17056304,0.17056304
35,2,2172,0.14218667,14.729148,5.623484,0.6690018,0.17055349,0.17055349
35,3,2173,0.14219856,14.731696,5.623259,0.66905284,0.17053953,0.17053953
35,4,2174,0.14219894,14.73151,5.622714,0.6690511,0.17052138,0.17052138
35,5,2175,0.14221188,14.733034,5.622143,0.6691834,0.1704944,0.1704944
35,6,2176,0.14222607,14.733286,5.6218033,0.6692071,0.17048168,0.17048168
35,7,2177,0.14225006,14.73346,5.6216307,0.66933274,0.17046967,0.17046967
35,8,2178,0.1422573,14.732986,5.621388,0.66935426,0.17045687,0.17045687
35,9,2179,0.1422705,14.733442,5.6211576,0.6693141,0.17044406,0.17044406
35,10,2180,0.1422757,14.733386,5.6209,0.6693451,0.17042866,0.17042866
35,11,2181,0.14229062,14.734052,5.6207066,0.6693699,0.17042448,0.17042448
35,12,2182,0.14231616,14.735171,5.6205506,0.6693686,0.17041436,0.17041436
35,13,2183,0.14232624,14.735115,5.6203904,0.6694718,0.17040655,0.17040655
35,14,2184,0.1423311,14.735566,5.6201367,0.66960174,0.170393,0.170393
35,15,2185,0.14234364,14.736268,5.619781,0.669649,0.17037971,0.17037971
35,16,2186,0.14235434,14.737016,5.6195216,0.66966945,0.17037047,0.17037047
35,17,2187,0.14237127,14.738004,5.619166,0.6696415,0.17035586,0.17035586
35,18,2188,0.14237529,14.738157,5.6188912,0.66972345,0.17033511,0.17033511
35,19,2189,0.14239989,14.740768,5.6185093,0.6698015,0.17032094,0.17032094
35,20,2190,0.14241958,14.74264,5.618149,0.6698837,0.17030412,0.17030412
35,21,2191,0.14243673,14.744073,5.617762,0.6699659,0.170283,0.170283
35,22,2192,0.14244565,14.744586,5.6175537,0.66998315,0.17026882,0.17026882
35,23,2193,0.14246768,14.746848,5.617316,0.67003465,0.17025585,0.17025585
35,24,2194,0.14248423,14.748156,5.6168647,0.6700766,0.1702386,0.1702386
35,25,2195,0.14249459,14.749254,5.6166453,0.67011493,0.17022692,0.17022692
35,26,2196,0.14250404,14.75005,5.6162915,0.67011356,0.17020592,0.17020592
35,27,2197,0.14251128,14.749956,5.6159277,0.6700712,0.17019095,0.17019095
35,28,2198,0.14251044,14.749408,5.6156697,0.67011666,0.17018351,0.17018351
35,29,2199,0.14251004,14.748427,5.6154294,0.6702532,0.1701683,0.1701683
35,30,2200,0.14252593,14.74942,5.615128,0.67026836,0.1701531,0.1701531
35,31,2201,0.14253907,14.750168,5.614833,0.6703466,0.17014423,0.17014423
35,32,2202,0.14256054,14.751699,5.6145935,0.67035174,0.1701285,0.1701285
35,33,2203,0.14257464,14.753013,5.614519,0.67046803,0.17011395,0.17011395
35,34,2204,0.1425973,14.755339,5.6144037,0.6705523,0.17010535,0.17010535
35,35,2205,0.14261398,14.756981,5.614211,0.67057914,0.17008518,0.17008518
35,36,2206,0.14262876,14.757903,5.613993,0.67058516,0.1700711,0.1700711
35,37,2207,0.14263606,14.758256,5.613772,0.6705775,0.17006546,0.17006546
35,38,2208,0.14264706,14.75851,5.613446,0.67062306,0.17005587,0.17005587
35,39,2209,0.14265043,14.757856,5.612974,0.6705709,0.17003663,0.17003663
35,40,2210,0.14266174,14.759183,5.612615,0.67057323,0.17002858,0.17002858
35,41,2211,0.14267558,14.760311,5.6124754,0.6706387,0.1700115,0.1700115
35,42,2212,0.14268252,14.760676,5.612156,0.6706803,0.16999437,0.16999437
35,43,2213,0.14268868,14.760879,5.611874,0.67079115,0.16998684,0.16998684
35,44,2214,0.14269659,14.760833,5.6117706,0.6708133,0.16998917,0.16998917
35,45,2215,0.14270732,14.761512,5.611441,0.6709245,0.16996998,0.16996998
35,46,2216,0.14272666,14.761961,5.611261,0.6709487,0.16996545,0.16996545
35,47,2217,0.14273438,14.761793,5.6109014,0.6709158,0.1699475,0.1699475
35,48,2218,0.14274551,14.762974,5.6106057,0.67092884,0.16993207,0.16993207
35,49,2219,0.14276218,14.762018,5.6102457,0.6710183,0.1699161,0.1699161
35,50,2220,0.14277568,14.762376,5.6100554,0.6710134,0.16990033,0.16990033
35,51,2221,0.14279118,14.764473,5.609988,0.6711123,0.16990012,0.16990012
35,52,2222,0.14280789,14.765796,5.6097884,0.6711348,0.16989899,0.16989899
35,53,2223,0.14281736,14.7667885,5.609698,0.67122495,0.16988567,0.16988567
35,54,2224,0.1428355,14.768529,5.6095214,0.6712504,0.16988792,0.16988792
35,55,2225,0.14284214,14.768966,5.609266,0.67124957,0.1698786,0.1698786
35,56,2226,0.14286238,14.769337,5.6087995,0.67127985,0.16986276,0.16986276
35,57,2227,0.1428689,14.769191,5.608553,0.67128175,0.16985476,0.16985476
35,58,2228,0.14287269,14.769168,5.608325,0.6713592,0.1698316,0.1698316
35,59,2229,0.14287865,14.769451,5.6080785,0.6713392,0.16981976,0.16981976
35,60,2230,0.14290044,14.771739,5.6078215,0.67135876,0.16980627,0.16980627
35,61,2231,0.14291003,14.771858,5.6076164,0.6714654,0.16979527,0.16979527
36,0,2232,0.14291576,14.771491,5.607237,0.6714842,0.16977812,0.16977812
36,1,2233,0.14292164,14.771893,5.6068554,0.6714769,0.16976279,0.16976279
36,2,2234,0.14292993,14.772448,5.6063447,0.6714546,0.16973859,0.16973859
36,3,2235,0.14292932,14.771671,5.606169,0.6714501,0.16974092,0.16974092
36,4,2236,0.14292479,14.771411,5.6058717,0.67148626,0.16973063,0.16973063
36,5,2237,0.1429314,14.771742,5.6054454,0.6714334,0.169719,0.169719
36,6,2238,0.14294374,14.773172,5.6051373,0.67149293,0.16970558,0.16970558
36,7,2239,0.14294821,14.773205,5.6049013,0.6715329,0.16968803,0.16968803
36,8,2240,0.14294969,14.772495,5.6045504,0.6715942,0.16967373,0.16967373
36,9,2241,0.142951,14.772087,5.604094,0.6715445,0.16967016,0.16967016
36,10,2242,0.1429564,14.771372,5.6038356,0.6714835,0.16965528,0.16965528
36,11,2243,0.14296411,14.771896,5.603604,0.6715403,0.1696463,0.1696463
36,12,2244,0.14296943,14.771466,5.6034665,0.6716119,0.16964366,0.16964366
36,13,2245,0.14297214,14.770815,5.603174,0.6715913,0.16964705,0.16964705
36,14,2246,0.14299864,14.7722435,5.6030006,0.6716744,0.16962941,0.16962941
36,15,2247,0.14301382,14.773666,5.60299,0.6717598,0.16961615,0.16961615
36,16,2248,0.14301968,14.774124,5.602866,0.6718159,0.16960448,0.16960448
36,17,2249,0.14302984,14.775335,5.6026607,0.6718967,0.16958688,0.16958688
36,18,2250,0.14303324,14.775673,5.6023617,0.67189175,0.16957468,0.16957468
36,19,2251,0.14303538,14.775936,5.60206,0.6718862,0.16956319,0.16956319
36,20,2252,0.14304382,14.777488,5.6016603,0.6719343,0.16954939,0.16954939
36,21,2253,0.14304551,14.777519,5.60125,0.6719403,0.16953285,0.16953285
36,22,2254,0.14304948,14.77823,5.6011295,0.671954,0.16951492,0.16951492
36,23,2255,0.14305654,14.778285,5.600826,0.67198455,0.16950922,0.16950922
36,24,2256,0.14307386,14.779088,5.600536,0.67201984,0.16950288,0.16950288
36,25,2257,0.14308336,14.779428,5.6003137,0.672138,0.16948777,0.16948777
36,26,2258,0.1430922,14.78028,5.5999446,0.6721145,0.16947284,0.16947284
36,27,2259,0.14310536,14.780805,5.599625,0.6721178,0.16946448,0.16946448
36,28,2260,0.14311779,14.781001,5.5992517,0.6721061,0.16945665,0.16945665
36,29,2261,0.14312933,14.780328,5.5990367,0.67217124,0.16944489,0.16944489
36,30,2262,0.143141,14.780739,5.598798,0.6722617,0.16943856,0.16943856
36,31,2263,0.1431502,14.781422,5.598518,0.67234856,0.16942371,0.16942371
36,32,2264,0.1431705,14.783287,5.5982466,0.6724078,0.16940725,0.16940725
36,33,2265,0.14317074,14.782832,5.598021,0.6724245,0.16939747,0.16939747
36,34,2266,0.1432004,14.787984,5.597754,0.67247725,0.1693903,0.1693903
36,35,2267,0.14323336,14.793499,5.5975475,0.6725361,0.16937734,0.16937734
36,36,2268,0.14324659,14.795203,5.5972443,0.6725949,0.16936885,0.16936885
36,37,2269,0.14325315,14.795834,5.5971365,0.6726894,0.16935499,0.16935499
36,38,2270,0.1432627,14.797396,5.596856,0.6727156,0.16934408,0.16934408
36,39,2271,0.14327319,14.798364,5.5964065,0.6727032,0.16932674,0.16932674
36,40,2272,0.14329182,14.799765,5.5961647,0.67270243,0.16931784,0.16931784
36,41,2273,0.1433051,14.8006115,5.5959105,0.6727858,0.16931084,0.16931084
36,42,2274,0.14330654,14.800954,5.595438,0.6727969,0.16929308,0.16929308
36,43,2275,0.14331761,14.80253,5.594998,0.6727798,0.1692842,0.1692842
36,44,2276,0.14332035,14.802808,5.5947285,0.6727463,0.1692673,0.1692673
36,45,2277,0.14332816,14.802194,5.594287,0.67271453,0.16925764,0.16925764
36,46,2278,0.14334205,14.801447,5.5939765,0.67278486,0.16924274,0.16924274
36,47,2279,0.14335145,14.801913,5.5936017,0.67283255,0.16922492,0.16922492
36,48,2280,0.14336777,14.801916,5.593182,0.67290795,0.16921574,0.16921574
36,49,2281,0.14337316,14.801499,5.592775,0.6729467,0.16919547,0.16919547
36,50,2282,0.14337578,14.801862,5.592545,0.6730115,0.16918175,0.16918175
36,51,2283,0.14337867,14.802727,5.5922146,0.67305607,0.16916402,0.16916402
36,52,2284,0.14338624,14.802216,5.5918937,0.6730584,0.16914506,0.16914506
36,53,2285,0.14339146,14.8020115,5.591731,0.673153,0.16912723,0.16912723
36,54,2286,0.14339265,14.800993,5.5914865,0.673233,0.16911724,0.16911724
36,55,2287,0.14339651,14.801067,5.5911975,0.67327565,0.16910328,0.16910328
36,56,2288,0.14340037,14.800776,5.5910387,0.6732573,0.16909069,0.16909069
36,57,2289,0.1434066,14.80186,5.590999,0.6733414,0.169083,0.169083
36,58,2290,0.14342123,14.803031,5.590654,0.673356,0.1690679,0.1690679
36,59,2291,0.14343883,14.804256,5.590456,0.6734637,0.16904937,0.16904937
36,60,2292,0.14345516,14.8056965,5.5904202,0.67358166,0.1690437,0.1690437
36,61,2293,0.1434682,14.805901,5.590096,0.67358756,0.16903785,0.16903785
37,0,2294,0.14347957,14.806318,5.5898614,0.67371297,0.16903491,0.16903491
37,1,2295,0.1434889,14.806846,5.589487,0.67368525,0.16901746,0.16901746
37,2,2296,0.1434989,14.807597,5.5892754,0.673788,0.16900325,0.16900325
37,3,2297,0.14350677,14.807907,5.589056,0.6738466,0.16899459,0.16899459
37,4,2298,0.14351454,14.809052,5.5887766,0.6739154,0.16899163,0.16899163
37,5,2299,0.14351979,14.809817,5.5884542,0.67394423,0.16898343,0.16898343
37,6,2300,0.14353068,14.810383,5.588198,0.67399365,0.16897713,0.16897713
37,7,2301,0.1435431,14.811802,5.5878963,0.67406833,0.16896296,0.16896296
37,8,2302,0.14355707,14.812777,5.5874295,0.67415756,0.16894197,0.16894197
37,9,2303,0.14356415,14.813653,5.5871286,0.6741622,0.16892695,0.16892695
37,10,2304,0.14357015,14.814648,5.586881,0.6742136,0.16891135,0.16891135
37,11,2305,0.14358106,14.81625,5.5866013,0.67424715,0.16888961,0.16888961
37,12,2306,0.14358959,14.8157625,5.5861683,0.6743107,0.16887219,0.16887219
37,13,2307,0.1435961,14.815312,5.585921,0.6744234,0.1688587,0.1688587
37,14,2308,0.14360212,14.815956,5.585477,0.67447215,0.1688444,0.1688444
37,15,2309,0.14362174,14.81638,5.5852036,0.67439955,0.16883573,0.16883573
37,16,2310,0.14362288,14.816405,5.5850167,0.67447895,0.16882315,0.16882315
37,17,2311,0.14362605,14.816654,5.584963,0.6745471,0.1688184,0.1688184
37,18,2312,0.14362386,14.816046,5.5848346,0.67460126,0.1688098,0.1688098
37,19,2313,0.14363617,14.816009,5.5847125,0.6746659,0.1687958,0.1687958
37,20,2314,0.14365798,14.817304,5.5845456,0.674627,0.16879448,0.16879448
37,21,2315,0.14367875,14.819142,5.584257,0.67474127,0.16877536,0.16877536
37,22,2316,0.14368993,14.820309,5.5840755,0.67477226,0.16876397,0.16876397
37,23,2317,0.14370903,14.821779,5.5837975,0.674768,0.16875651,0.16875651
37,24,2318,0.1437116,14.821365,5.583411,0.6748036,0.16874488,0.16874488
37,25,2319,0.14371921,14.822046,5.583009,0.67488676,0.16872552,0.16872552
37,26,2320,0.1437279,14.822726,5.582736,0.67494017,0.16871603,0.16871603
37,27,2321,0.14372735,14.823044,5.5823817,0.6749534,0.16870227,0.16870227
37,28,2322,0.14374016,14.824462,5.5819945,0.6749766,0.16868974,0.16868974
37,29,2323,0.14375503,14.825219,5.581602,0.67501783,0.16867003,0.16867003
37,30,2324,0.14376782,14.825273,5.581252,0.6750073,0.16865377,0.16865377
37,31,2325,0.14376926,14.825313,5.5809245,0.6750769,0.16863917,0.16863917
37,32,2326,0.14377935,14.825853,5.5803304,0.6750357,0.16862187,0.16862187
37,33,2327,0.14379363,14.827263,5.5799785,0.6750772,0.16861022,0.16861022
37,34,2328,0.14380325,14.827445,5.579478,0.67506266,0.1685951,0.1685951
37,35,2329,0.14381236,14.82788,5.579181,0.6751097,0.1685741,0.1685741
37,36,2330,0.14381982,14.827625,5.578853,0.6751719,0.16855559,0.16855559
37,37,2331,0.14383028,14.828655,5.5786233,0.67514443,0.16855113,0.16855113
37,38,2332,0.14383584,14.828595,5.578233,0.67513674,0.1685306,0.1685306
37,39,2333,0.14385206,14.831291,5.578021,0.67522997,0.16851947,0.16851947
37,40,2334,0.1438668,14.831888,5.5777926,0.6753487,0.16851059,0.16851059
37,41,2335,0.14388494,14.833267,5.5773573,0.6753404,0.1684988,0.1684988
37,42,2336,0.14389984,14.834106,5.5770955,0.6753597,0.16848226,0.16848226
37,43,2337,0.14393187,14.834526,5.576886,0.6753595,0.16847743,0.16847743
37,44,2338,0.14394137,14.834696,5.5765758,0.67534995,0.16847175,0.16847175
37,45,2339,0.14396217,14.835721,5.5761676,0.67536485,0.16845743,0.16845743
37,46,2340,0.14397384,14.835766,5.575843,0.67534685,0.16845258,0.16845258
37,47,2341,0.14398617,14.836815,5.575461,0.67535263,0.16843127,0.16843127
37,48,2342,0.14400455,14.838255,5.5752735,0.67540693,0.16841793,0.16841793
37,49,2343,0.1440143,14.839109,5.5751133,0.6754509,0.16840601,0.16840601
37,50,2344,0.14401996,14.8384075,5.5747185,0.6754477,0.16839081,0.16839081
37,51,2345,0.14402103,14.838401,5.574258,0.67545956,0.16837417,0.16837417
37,52,2346,0.14403042,14.83931,5.5741515,0.67552954,0.16837087,0.16837087
37,53,2347,0.14403741,14.8402605,5.5739307,0.6755281,0.16836649,0.16836649
37,54,2348,0.14404461,14.840809,5.5736294,0.6756322,0.1683451,0.1683451
37,55,2349,0.1440663,14.843342,5.573393,0.67562985,0.16833517,0.16833517
37,56,2350,0.14408147,14.84562,5.5729733,0.6755598,0.1683233,0.1683233
37,57,2351,0.1440947,14.8476715,5.572668,0.6756044,0.16830969,0.16830969
37,58,2352,0.14410555,14.84901,5.5723176,0.6755962,0.16829814,0.16829814
37,59,2353,0.14411087,14.849228,5.572133,0.6755739,0.16829905,0.16829905
37,60,2354,0.14411685,14.848908,5.5718236,0.67550814,0.16829054,0.16829054
37,61,2355,0.1441276,14.849819,5.571564,0.6755711,0.16827784,0.16827784
38,0,2356,0.14413095,14.850563,5.5713124,0.6755665,0.16826347,0.16826347
38,1,2357,0.14413892,14.851681,5.5710006,0.67548734,0.16825056,0.16825056
38,2,2358,0.14414373,14.851817,5.570603,0.67548394,0.16823815,0.16823815
38,3,2359,0.14415331,14.852172,5.5704145,0.6755247,0.16823034,0.16823034
38,4,2360,0.14416227,14.8528595,5.569978,0.6754827,0.1682199,0.1682199
38,5,2361,0.14416969,14.852995,5.569491,0.6754221,0.16820757,0.16820757
38,6,2362,0.1441802,14.853302,5.569137,0.67544305,0.16819331,0.16819331
38,7,2363,0.1441814,14.852726,5.568839,0.6754408,0.16818096,0.16818096
38,8,2364,0.14419243,14.853768,5.5685697,0.6754842,0.16816986,0.16816986
38,9,2365,0.14419964,14.854249,5.5683575,0.67557514,0.16815989,0.16815989
38,10,2366,0.14420927,14.854453,5.567928,0.6755553,0.16814657,0.16814657
38,11,2367,0.14421602,14.854762,5.567526,0.67562616,0.1681285,0.1681285
38,12,2368,0.14422333,14.855253,5.567328,0.67569584,0.16811134,0.16811134
38,13,2369,0.14422768,14.855671,5.5668516,0.67570484,0.16809162,0.16809162
38,14,2370,0.144238,14.856095,5.566527,0.6757592,0.16807532,0.16807532
38,15,2371,0.14425634,14.856545,5.566176,0.6757392,0.16805641,0.16805641
38,16,2372,0.14427404,14.858124,5.5658474,0.6757612,0.16804038,0.16804038
38,17,2373,0.14429513,14.859772,5.5656433,0.67581785,0.16802114,0.16802114
38,18,2374,0.14431125,14.861,5.5654426,0.67584467,0.16801584,0.16801584
38,19,2375,0.1443305,14.863412,5.565318,0.6759435,0.16800533,0.16800533
38,20,2376,0.14434198,14.864355,5.5650744,0.6760179,0.16798708,0.16798708
38,21,2377,0.14436248,14.865682,5.5648646,0.67605263,0.1679726,0.1679726
38,22,2378,0.14437109,14.865115,5.564584,0.67615384,0.16796443,0.16796443
38,23,2379,0.14438602,14.865093,5.56431,0.6761687,0.16794936,0.16794936
38,24,2380,0.14439858,14.866337,5.564021,0.67622644,0.16793601,0.16793601
38,25,2381,0.14440994,14.867592,5.563799,0.67623055,0.16792879,0.16792879
38,26,2382,0.14442569,14.869395,5.563271,0.67621017,0.1679114,0.1679114
38,27,2383,0.14444093,14.869761,5.5628867,0.6761616,0.16790217,0.16790217
38,28,2384,0.14445019,14.869862,5.5626454,0.6762715,0.16788419,0.16788419
38,29,2385,0.14446974,14.87151,5.562182,0.6763044,0.16786887,0.16786887
38,30,2386,0.14447829,14.872376,5.56175,0.6763475,0.1678536,0.1678536
38,31,2387,0.14448978,14.873168,5.561745,0.67630494,0.16784532,0.16784532
38,32,2388,0.14449397,14.874283,5.561578,0.67643654,0.16782813,0.16782813
38,33,2389,0.14452007,14.875762,5.5613804,0.6764372,0.16782756,0.16782756
38,34,2390,0.14453739,14.87601,5.5614285,0.676568,0.16782156,0.16782156
38,35,2391,0.14454117,14.876562,5.5611725,0.6766682,0.16781338,0.16781338
38,36,2392,0.1445566,14.87779,5.5608454,0.67665535,0.16779996,0.16779996
38,37,2393,0.14456889,14.878398,5.5606017,0.67674357,0.16779743,0.16779743
38,38,2394,0.14457452,14.878988,5.5601754,0.67677873,0.16778612,0.16778612
38,39,2395,0.14458746,14.880067,5.559873,0.6767585,0.167778,0.167778
38,40,2396,0.14459166,14.880009,5.55972,0.6768122,0.16776453,0.16776453
38,41,2397,0.14459182,14.879524,5.5594964,0.6767947,0.16775298,0.16775298
38,42,2398,0.1445956,14.880117,5.559098,0.6767797,0.16773926,0.16773926
38,43,2399,0.14460438,14.880983,5.558823,0.6767189,0.16773409,0.16773409
38,44,2400,0.14460959,14.880708,5.558593,0.6767362,0.16771927,0.16771927
38,45,2401,0.14462169,14.883028,5.5582743,0.6768252,0.16770978,0.16770978
38,46,2402,0.14462982,14.883942,5.557949,0.6768288,0.16770704,0.16770704
38,47,2403,0.144641,14.884682,5.5575743,0.6768068,0.16769727,0.16769727
38,48,2404,0.14465043,14.8852825,5.557403,0.67687744,0.16768478,0.16768478
38,49,2405,0.1446625,14.886343,5.5570335,0.6769178,0.16767082,0.16767082
38,50,2406,0.14468116,14.88831,5.556592,0.6769873,0.16764617,0.16764617
38,51,2407,0.14470278,14.890131,5.556273,0.6770651,0.16763815,0.16763815
38,52,2408,0.14471832,14.891177,5.555905,0.6770601,0.16762882,0.16762882
38,53,2409,0.1447267,14.892099,5.555667,0.6770512,0.16761857,0.16761857
38,54,2410,0.14473489,14.89259,5.5555134,0.6770578,0.16761678,0.16761678
38,55,2411,0.14475302,14.893621,5.555305,0.67712355,0.16759992,0.16759992
38,56,2412,0.14476235,14.892634,5.5549016,0.6770729,0.16758499,0.16758499
38,57,2413,0.14478084,14.893702,5.5545616,0.67717457,0.16757694,0.16757694
38,58,2414,0.14479151,14.894569,5.5543604,0.67722607,0.16756186,0.16756186
38,59,2415,0.14480203,14.895296,5.5541425,0.6772257,0.16755788,0.16755788
38,60,2416,0.14481235,14.895927,5.5538387,0.6772638,0.1675492,0.1675492
38,61,2417,0.14482723,14.896795,5.5534925,0.67731297,0.16753818,0.16753818
39,0,2418,0.14483517,14.897478,5.553296,0.67736423,0.16752365,0.16752365
39,1,2419,0.14484128,14.89786,5.5532217,0.67749643,0.16751508,0.16751508
39,2,2420,0.14485295,14.898094,5.5529156,0.6775398,0.16750939,0.16750939
39,3,2421,0.14486802,14.899361,5.552531,0.6775277,0.16749133,0.16749133
39,4,2422,0.1448741,14.899985,5.552152,0.67754626,0.16747852,0.16747852
39,5,2423,0.14488775,14.901898,5.551742,0.67758346,0.16746308,0.16746308
39,6,2424,0.14489643,14.902655,5.551602,0.6776726,0.16744956,0.16744956
39,7,2425,0.14490938,14.902988,5.551624,0.67781186,0.16744035,0.16744035
39,8,2426,0.14496441,14.90505,5.5514703,0.6779182,0.16742611,0.16742611
39,9,2427,0.14501238,14.90653,5.551327,0.6779341,0.16741227,0.16741227
39,10,2428,0.14503717,14.908684,5.551086,0.6779818,0.16740537,0.16740537
39,11,2429,0.14505002,14.909024,5.5507116,0.677974,0.16738972,0.16738972
39,12,2430,0.14506334,14.909861,5.550461,0.6780395,0.16738953,0.16738953
39,13,2431,0.14507331,14.911488,5.550145,0.6780369,0.16738203,0.16738203
39,14,2432,0.14508384,14.912423,5.5498796,0.678048,0.16737181,0.16737181
39,15,2433,0.1450882,14.913121,5.5494447,0.67805016,0.16735217,0.16735217
39,16,2434,0.14510874,14.916272,5.549225,0.6780807,0.16734017,0.16734017
39,17,2435,0.14512469,14.917782,5.5488305,0.67805296,0.16732723,0.16732723
39,18,2436,0.14513588,14.919082,5.548471,0.6780006,0.16730893,0.16730893
39,19,2437,0.14515626,14.921442,5.5480957,0.67800343,0.16729662,0.16729662
39,20,2438,0.145163,14.92258,5.5477414,0.6780959,0.16726933,0.16726933
39,21,2439,0.14517951,14.923343,5.547378,0.67811525,0.16725516,0.16725516
39,22,2440,0.145192,14.924515,5.546982,0.67813283,0.16724612,0.16724612
39,23,2441,0.14519867,14.925,5.5467587,0.67817765,0.16724561,0.16724561
39,24,2442,0.14520556,14.92549,5.5463343,0.67818505,0.1672313,0.1672313
39,25,2443,0.14521903,14.926636,5.546238,0.67825514,0.16722935,0.16722935
39,26,2444,0.14523694,14.928377,5.5458317,0.67830807,0.16721784,0.16721784
39,27,2445,0.14525354,14.929767,5.5455923,0.678369,0.16721255,0.16721255
39,28,2446,0.14526151,14.929506,5.5453367,0.67839277,0.1672045,0.1672045
39,29,2447,0.14526638,14.92978,5.5450807,0.67850643,0.16719078,0.16719078
39,30,2448,0.14527626,14.929265,5.544712,0.6785383,0.16717823,0.16717823
39,31,2449,0.14529161,14.930682,5.544476,0.6785465,0.16716707,0.16716707
39,32,2450,0.14530265,14.9323435,5.5442157,0.678519,0.16716418,0.16716418
39,33,2451,0.1453241,14.934191,5.5440288,0.67856157,0.167151,0.167151
39,34,2452,0.14533764,14.935301,5.543881,0.67858577,0.16713725,0.16713725
39,35,2453,0.14535204,14.936667,5.5436087,0.6786694,0.16712596,0.16712596
39,36,2454,0.14536148,14.9375305,5.54332,0.6787547,0.16711631,0.16711631
39,37,2455,0.1453629,14.937819,5.5429306,0.67878455,0.16710192,0.16710192
39,38,2456,0.14538664,14.941688,5.542634,0.6787142,0.16709538,0.16709538
39,39,2457,0.14539742,14.9432335,5.542309,0.6787612,0.16707946,0.16707946
39,40,2458,0.14540327,14.943499,5.542006,0.6787775,0.16706103,0.16706103
39,41,2459,0.14541663,14.944193,5.541729,0.6788861,0.1670474,0.1670474
39,42,2460,0.14542703,14.94467,5.5416174,0.67894006,0.16704233,0.16704233
39,43,2461,0.14544554,14.946368,5.5412097,0.678905,0.16702859,0.16702859
39,44,2462,0.1454609,14.9487,5.540719,0.67891526,0.16701186,0.16701186
39,45,2463,0.14546248,14.948696,5.5404387,0.6788969,0.16699927,0.16699927
39,46,2464,0.14546803,14.948922,5.540129,0.67894894,0.16697964,0.16697964
39,47,2465,0.14547984,14.9490385,5.539703,0.6789892,0.16696186,0.16696186
39,48,2466,0.14549556,14.949855,5.539523,0.67902696,0.16695699,0.16695699
39,49,2467,0.14550161,14.95027,5.5392776,0.6790624,0.16693713,0.16693713
39,50,2468,0.14551085,14.951651,5.5389996,0.67906576,0.16693732,0.16693732
39,51,2469,0.14552772,14.952763,5.5387554,0.67910635,0.16692698,0.16692698
39,52,2470,0.1455368,14.953819,5.538649,0.6791452,0.16691115,0.16691115
39,53,2471,0.14555107,14.954552,5.5385423,0.6791295,0.16689482,0.16689482
39,54,2472,0.14557195,14.95408,5.5381765,0.67906374,0.16688308,0.16688308
39,55,2473,0.14558616,14.955846,5.5380893,0.67906815,0.166883,0.166883
39,56,2474,0.14559442,14.956379,5.537848,0.67905295,0.16687812,0.16687812
39,57,2475,0.14559802,14.956552,5.537438,0.6789993,0.16686597,0.16686597
39,58,2476,0.14561284,14.958281,5.5373354,0.67896646,0.16685121,0.16685121
39,59,2477,0.1456179,14.957481,5.5372877,0.67900175,0.16683674,0.16683674
39,60,2478,0.14563341,14.957544,5.536937,0.6790437,0.16681805,0.16681805
39,61,2479,0.14564644,14.957645,5.5365376,0.6790108,0.16680649,0.16680649
40,0,2480,0.14565969,14.958853,5.536184,0.6790621,0.16679537,0.16679537
40,1,2481,0.14567246,14.959204,5.5358777,0.6791213,0.16678323,0.16678323
40,2,2482,0.14567402,14.959034,5.535522,0.67915046,0.1667705,0.1667705
40,3,2483,0.14568952,14.960601,5.5352583,0.6791462,0.16676362,0.16676362
40,4,2484,0.14569524,14.960975,5.5351763,0.67919695,0.16675119,0.16675119
40,5,2485,0.1457088,14.961656,5.5350046,0.67919266,0.1667425,0.1667425
40,6,2486,0.14571679,14.961568,5.5347137,0.67930055,0.16673596,0.16673596
40,7,2487,0.14572111,14.96132,5.5344133,0.6794028,0.16671929,0.16671929
40,8,2488,0.1457406,14.963455,5.534119,0.6794378,0.16670474,0.16670474
40,9,2489,0.14574692,14.964454,5.5339575,0.6795363,0.16669917,0.16669917
40,10,2490,0.14575692,14.965129,5.533725,0.67950255,0.16669255,0.16669255
40,11,2491,0.14576536,14.966096,5.5335712,0.67956096,0.16668563,0.16668563
40,12,2492,0.14577731,14.966763,5.533342,0.6795358,0.1666696,0.1666696
40,13,2493,0.14579257,14.967084,5.5330215,0.6794987,0.16666214,0.16666214
40,14,2494,0.14580745,14.969219,5.532615,0.67947054,0.16664252,0.16664252
40,15,2495,0.14581335,14.969012,5.5323033,0.6794556,0.16663809,0.16663809
40,16,2496,0.14582217,14.96954,5.532069,0.6794941,0.16663261,0.16663261
40,17,2497,0.14584044,14.970292,5.531871,0.67955536,0.16661759,0.16661759
40,18,2498,0.14586009,14.971462,5.531647,0.6796597,0.16660331,0.16660331
40,19,2499,0.14587756,14.9732,5.531457,0.67973053,0.1665894,0.1665894
40,20,2500,0.14590195,14.975184,5.531178,0.67977536,0.16656922,0.16656922
40,21,2501,0.14591919,14.976464,5.530879,0.6797533,0.16655482,0.16655482
40,22,2502,0.14593805,14.97763,5.530674,0.67976916,0.16654946,0.16654946
40,23,2503,0.14595029,14.978584,5.530346,0.67979145,0.16654071,0.16654071
40,24,2504,0.14597024,14.979607,5.5302253,0.67985785,0.16652961,0.16652961
40,25,2505,0.14598307,14.979641,5.529994,0.67986083,0.16651897,0.16651897
40,26,2506,0.14600234,14.981008,5.5297966,0.6799061,0.1665112,0.1665112
40,27,2507,0.14601715,14.9827,5.5295186,0.67993975,0.16650064,0.16650064
40,28,2508,0.14602411,14.983999,5.529222,0.67995524,0.16649349,0.16649349
40,29,2509,0.14603285,14.984554,5.5289354,0.67999595,0.16648144,0.16648144
40,30,2510,0.1460467,14.985392,5.5288553,0.68011945,0.16647394,0.16647394
40,31,2511,0.14605686,14.987103,5.528576,0.680181,0.16645476,0.16645476
40,32,2512,0.14608209,14.990583,5.528442,0.6802171,0.16645291,0.16645291
40,33,2513,0.14609894,14.993565,5.5281816,0.6802483,0.16644718,0.16644718
40,34,2514,0.14611909,14.994616,5.5278726,0.6802579,0.16644168,0.16644168
40,35,2515,0.14613038,14.995784,5.5276456,0.68032455,0.1664338,0.1664338
40,36,2516,0.14614165,14.997255,5.5274296,0.6803343,0.16641499,0.16641499
40,37,2517,0.14615147,14.99713,5.527256,0.68028516,0.16641022,0.16641022
40,38,2518,0.14617015,14.998513,5.5269985,0.6803113,0.16639955,0.16639955
40,39,2519,0.14618272,14.999233,5.526848,0.68041664,0.16639115,0.16639115
40,40,2520,0.14619796,15.000838,5.5264196,0.6803723,0.16637757,0.16637757
40,41,2521,0.14621325,15.001077,5.5260763,0.68041205,0.1663672,0.1663672
40,42,2522,0.14622715,15.001738,5.526044,0.68042177,0.16635309,0.16635309
40,43,2523,0.14624101,15.003848,5.5256834,0.68042165,0.1663411,0.1663411
40,44,2524,0.14625196,15.003997,5.5252,0.6803983,0.16632453,0.16632453
40,45,2525,0.1462672,15.004441,5.5249033,0.68048483,0.16630831,0.16630831
40,46,2526,0.14627737,15.004176,5.5245953,0.68051636,0.1662965,0.1662965
40,47,2527,0.14629614,15.004282,5.5242715,0.68048906,0.16628061,0.16628061
40,48,2528,0.14630428,15.004754,5.524014,0.6805357,0.1662679,0.1662679
40,49,2529,0.14631438,15.005241,5.523728,0.6805835,0.16625352,0.16625352
40,50,2530,0.1463292,15.006524,5.523561,0.68065625,0.16624019,0.16624019
40,51,2531,0.14634176,15.00758,5.523215,0.6806306,0.16622637,0.16622637
40,52,2532,0.1463543,15.007766,5.5228996,0.6806479,0.16621263,0.16621263
40,53,2533,0.14636786,15.008352,5.522595,0.680676,0.16620083,0.16620083
40,54,2534,0.146385,15.009323,5.5221634,0.68067914,0.16618554,0.16618554
40,55,2535,0.14640696,15.009964,5.521809,0.68078107,0.1661692,0.1661692
40,56,2536,0.1464144,15.010291,5.521517,0.68079096,0.16615637,0.16615637
40,57,2537,0.14641923,15.010294,5.5212994,0.68084556,0.16614747,0.16614747
40,58,2538,0.14643633,15.0114565,5.5209074,0.68080205,0.16613789,0.16613789
40,59,2539,0.14644425,15.011486,5.52064,0.6808033,0.16613092,0.16613092
40,60,2540,0.14646599,15.014282,5.5201516,0.6808258,0.16610786,0.16610786
40,61,2541,0.14647825,15.015666,5.5198016,0.6808223,0.16609064,0.16609064
41,0,2542,0.14649627,15.017277,5.5195656,0.6809026,0.16607185,0.16607185
41,1,2543,0.14650598,15.018472,5.519383,0.68101996,0.16605295,0.16605295
41,2,2544,0.14651765,15.018871,5.5190105,0.6810637,0.16603804,0.16603804
41,3,2545,0.14652985,15.019947,5.5187645,0.6810655,0.1660315,0.1660315
41,4,2546,0.14653686,15.020096,5.518383,0.68110144,0.1660149,0.1660149
41,5,2547,0.14654967,15.019888,5.5180864,0.6811097,0.16600257,0.16600257
41,6,2548,0.14656484,15.021099,5.517877,0.6811383,0.16599353,0.16599353
41,7,2549,0.14658287,15.023258,5.5174446,0.68117404,0.1659767,0.1659767
41,8,2550,0.14659783,15.02364,5.5171723,0.68118566,0.16597153,0.16597153
41,9,2551,0.14661144,15.023703,5.516804,0.68118507,0.16595785,0.16595785
41,10,2552,0.14662722,15.024288,5.516612,0.68128324,0.16594948,0.16594948
41,11,2553,0.1466397,15.024614,5.516393,0.68133396,0.16593741,0.16593741
41,12,2554,0.14664617,15.025696,5.516292,0.6813713,0.16593118,0.16593118
41,13,2555,0.14665416,15.026012,5.5159073,0.6813739,0.1659158,0.1659158
41,14,2556,0.14666246,15.026939,5.515771,0.6814079,0.16590475,0.16590475
41,15,2557,0.14667308,15.027947,5.5156217,0.68144953,0.1658963,0.1658963
41,16,2558,0.14668602,15.02897,5.5153604,0.6814045,0.16589125,0.16589125
41,17,2559,0.14670584,15.029823,5.5151157,0.681316,0.16588607,0.16588607
41,18,2560,0.14672236,15.031293,5.5147295,0.6812817,0.16587617,0.16587617
41,19,2561,0.14675605,15.034193,5.514494,0.6812875,0.16586721,0.16586721
41,20,2562,0.14676988,15.035823,5.51432,0.6813159,0.16585985,0.16585985
41,21,2563,0.14679144,15.03793,5.5141063,0.68135124,0.16584772,0.16584772
41,22,2564,0.14679807,15.0388155,5.5139446,0.681435,0.16583337,0.16583337
41,23,2565,0.14681007,15.039466,5.5137086,0.6814666,0.1658258,0.1658258
41,24,2566,0.14682284,15.040556,5.5133986,0.68147826,0.16582361,0.16582361
41,25,2567,0.146833,15.040907,5.513106,0.68142366,0.1658139,0.1658139
41,26,2568,0.14684193,15.041471,5.5130424,0.6814791,0.16580403,0.16580403
41,27,2569,0.1468494,15.041799,5.512994,0.6814901,0.1658003,0.1658003
41,28,2570,0.14686513,15.042469,5.512777,0.6814763,0.16578948,0.16578948
41,29,2571,0.14688043,15.04398,5.5125084,0.681547,0.16577648,0.16577648
41,30,2572,0.14690086,15.04525,5.512146,0.68160236,0.16575964,0.16575964
41,31,2573,0.14691278,15.046145,5.511917,0.6816625,0.16574821,0.16574821
41,32,2574,0.14692132,15.047461,5.511634,0.68167317,0.16573876,0.16573876
41,33,2575,0.14692616,15.048252,5.511412,0.6816562,0.16573246,0.16573246
41,34,2576,0.1469364,15.04876,5.511197,0.68165725,0.165726,0.165726
41,35,2577,0.14693984,15.04883,5.5109763,0.6816592,0.16572344,0.16572344
41,36,2578,0.14695834,15.049601,5.5105815,0.6816429,0.16570695,0.16570695
41,37,2579,0.1469605,15.049481,5.510449,0.6816149,0.16569306,0.16569306
41,38,2580,0.14696793,15.049124,5.5101223,0.6815917,0.16568598,0.16568598
41,39,2581,0.14698437,15.049879,5.509824,0.6815805,0.16567536,0.16567536
41,40,2582,0.1470161,15.053448,5.5095286,0.681537,0.16565764,0.16565764
41,41,2583,0.14705321,15.057198,5.509322,0.68159145,0.16564652,0.16564652
41,42,2584,0.14707313,15.058468,5.509076,0.68158805,0.16563305,0.16563305
41,43,2585,0.14709449,15.059959,5.5086727,0.6815403,0.16561575,0.16561575
41,44,2586,0.14710827,15.060946,5.5084953,0.68156725,0.16561413,0.16561413
41,45,2587,0.14712292,15.061882,5.50813,0.681546,0.1656067,0.1656067
41,46,2588,0.14713213,15.061906,5.5078864,0.68155986,0.16559733,0.16559733
41,47,2589,0.1471478,15.063265,5.507636,0.6815936,0.16559444,0.16559444
41,48,2590,0.14718106,15.069157,5.5073886,0.6817244,0.16558056,0.16558056
41,49,2591,0.14722827,15.077072,5.5070868,0.6817942,0.1655657,0.1655657
41,50,2592,0.14724533,15.079769,5.506772,0.68174833,0.16555847,0.16555847
41,51,2593,0.14725785,15.08112,5.506439,0.6817229,0.1655453,0.1655453
41,52,2594,0.14726447,15.081808,5.506151,0.6817052,0.1655313,0.1655313
41,53,2595,0.14727788,15.082556,5.5059795,0.6817923,0.16551816,0.16551816
41,54,2596,0.14729184,15.083578,5.505697,0.6817564,0.1655035,0.1655035
41,55,2597,0.14731047,15.085324,5.505206,0.6816844,0.16548496,0.16548496
41,56,2598,0.14732653,15.0862875,5.5048933,0.6816776,0.16547588,0.16547588
41,57,2599,0.14735174,15.087557,5.5045543,0.68164176,0.16546841,0.16546841
41,58,2600,0.14736554,15.088471,5.5043764,0.6816174,0.16545917,0.16545917
41,59,2601,0.14737551,15.088725,5.504118,0.6816187,0.16545482,0.16545482
41,60,2602,0.14738387,15.09028,5.5037932,0.68167436,0.1654455,0.1654455
41,61,2603,0.14739537,15.091199,5.503414,0.6816835,0.16543631,0.16543631
42,0,2604,0.14740098,15.091804,5.5031962,0.6817232,0.16543111,0.16543111
42,1,2605,0.14741015,15.092653,5.5029073,0.681697,0.16541588,0.16541588
42,2,2606,0.14741649,15.0926,5.5025826,0.6816805,0.16541104,0.16541104
42,3,2607,0.14742483,15.092317,5.502167,0.6816777,0.16540109,0.16540109
42,4,2608,0.14743507,15.092562,5.5018864,0.68168306,0.16538863,0.16538863
42,5,2609,0.1474474,15.092582,5.501658,0.6816748,0.16537641,0.16537641
42,6,2610,0.14746761,15.094286,5.5014415,0.68174654,0.16536774,0.16536774
42,7,2611,0.14747977,15.094131,5.5013022,0.68180144,0.1653667,0.1653667
42,8,2612,0.14749001,15.094915,5.5011396,0.681818,0.16535644,0.16535644
42,9,2613,0.14750424,15.095298,5.500973,0.6819185,0.16533701,0.16533701
42,10,2614,0.14751837,15.096084,5.500721,0.682012,0.1653241,0.1653241
42,11,2615,0.14753471,15.09718,5.5004163,0.68205434,0.16531117,0.16531117
42,12,2616,0.1475512,15.0981455,5.5000978,0.68206775,0.16530295,0.16530295
42,13,2617,0.1475608,15.09859,5.4998927,0.6820348,0.16529514,0.16529514
42,14,2618,0.1475788,15.098794,5.49966,0.6820569,0.165292,0.165292
42,15,2619,0.14758638,15.097981,5.4992766,0.6820175,0.16527689,0.16527689
42,16,2620,0.14760444,15.099309,5.4988947,0.6820582,0.16526088,0.16526088
42,17,2621,0.14761099,15.100254,5.4984446,0.6820141,0.16525047,0.16525047
42,18,2622,0.14762133,15.10164,5.4983363,0.68208236,0.16524793,0.16524793
42,19,2623,0.14763333,15.102461,5.498176,0.6822115,0.16523261,0.16523261
42,20,2624,0.14764829,15.1041,5.498024,0.6822728,0.16522196,0.16522196
42,21,2625,0.14765783,15.104687,5.4977,0.6823127,0.16520648,0.16520648
42,22,2626,0.1476804,15.106095,5.4974227,0.68231744,0.1651937,0.1651937
42,23,2627,0.14769585,15.107811,5.497265,0.68236643,0.16518673,0.16518673
42,24,2628,0.14771351,15.109944,5.4973855,0.6824562,0.16518196,0.16518196
42,25,2629,0.14772543,15.110795,5.497328,0.68248236,0.16517442,0.16517442
42,26,2630,0.14773664,15.1123705,5.497312,0.68254447,0.16517018,0.16517018
42,27,2631,0.14776148,15.114964,5.4970655,0.68256235,0.16515765,0.16515765
42,28,2632,0.14777848,15.117097,5.4968166,0.6826601,0.16514426,0.16514426
42,29,2633,0.14779538,15.118747,5.496439,0.68266827,0.16513047,0.16513047
42,30,2634,0.147816,15.120511,5.496121,0.6827124,0.16512045,0.16512045
42,31,2635,0.14785218,15.123022,5.495926,0.6827874,0.16510727,0.16510727
42,32,2636,0.14788347,15.124305,5.4956193,0.68278944,0.16509914,0.16509914
42,33,2637,0.1479055,15.1251955,5.49532,0.6827536,0.16509736,0.16509736
42,34,2638,0.1479222,15.126547,5.495254,0.682836,0.16509654,0.16509654
42,35,2639,0.14792898,15.126265,5.494806,0.6827809,0.16507798,0.16507798
42,36,2640,0.14794007,15.127201,5.4945965,0.6828168,0.16507083,0.16507083
42,37,2641,0.14795071,15.127823,5.494315,0.6828121,0.16505928,0.16505928
42,38,2642,0.14796369,15.129238,5.4939146,0.6828221,0.16504319,0.16504319
42,39,2643,0.14797041,15.129306,5.493628,0.6828258,0.16503595,0.16503595
42,40,2644,0.1479849,15.130088,5.4934464,0.682804,0.16503008,0.16503008
42,41,2645,0.14800256,15.131274,5.493215,0.6828711,0.16502206,0.16502206
42,42,2646,0.14802414,15.133771,5.493044,0.68285584,0.16501255,0.16501255
42,43,2647,0.14804247,15.1353245,5.492823,0.6829111,0.16500379,0.16500379
42,44,2648,0.14805892,15.136412,5.492518,0.68292063,0.16500044,0.16500044
42,45,2649,0.1480749,15.137521,5.4922256,0.6829307,0.16498612,0.16498612
42,46,2650,0.14809355,15.1406555,5.4921303,0.68293977,0.1649868,0.1649868
42,47,2651,0.14810571,15.141986,5.4919333,0.6830056,0.16496846,0.16496846
42,48,2652,0.14811936,15.143448,5.491736,0.68300956,0.1649567,0.1649567
42,49,2653,0.14812475,15.144476,5.4915233,0.68292916,0.16495508,0.16495508
42,50,2654,0.14813697,15.145093,5.4913845,0.6830193,0.16494897,0.16494897
42,51,2655,0.14815128,15.1468115,5.491012,0.6830181,0.16493687,0.16493687
42,52,2656,0.14816368,15.148157,5.4907684,0.68308395,0.16492172,0.16492172
42,53,2657,0.14819017,15.1502695,5.4905453,0.68309253,0.16491355,0.16491355
42,54,2658,0.14820787,15.151641,5.490377,0.68312377,0.16490403,0.16490403
42,55,2659,0.14821981,15.152115,5.4903083,0.6831555,0.1648884,0.1648884
42,56,2660,0.14823225,15.152393,5.489993,0.6831407,0.16487046,0.16487046
42,57,2661,0.14825028,15.153702,5.4896946,0.68318427,0.16485786,0.16485786
42,58,2662,0.14825907,15.153763,5.4894323,0.6832037,0.16484542,0.16484542
42,59,2663,0.14827698,15.154615,5.4891133,0.6831944,0.1648268,0.1648268
42,60,2664,0.14831257,15.156046,5.488795,0.6831483,0.16481066,0.16481066
42,61,2665,0.1483277,15.157202,5.4885683,0.6831373,0.16479893,0.16479893
43,0,2666,0.1483466,15.158733,5.488319,0.68315876,0.16478756,0.16478756
43,1,2667,0.14835656,15.15887,5.488006,0.6831433,0.16477646,0.16477646
43,2,2668,0.14837122,15.159677,5.4878135,0.68315107,0.16476592,0.16476592
43,3,2669,0.14838032,15.159819,5.487415,0.6831452,0.16474357,0.16474357
43,4,2670,0.14839774,15.161884,5.486954,0.6831137,0.1647299,0.1647299
43,5,2671,0.14840704,15.162998,5.486803,0.68314886,0.16473125,0.16473125
43,6,2672,0.14841446,15.164617,5.4865623,0.6831603,0.16472705,0.16472705
43,7,2673,0.1484118,15.163678,5.486246,0.6831133,0.16471273,0.16471273
43,8,2674,0.14841317,15.163344,5.485897,0.6830811,0.16470116,0.16470116
43,9,2675,0.14843231,15.163684,5.485685,0.68313575,0.16468695,0.16468695
43,10,2676,0.14844397,15.164353,5.485343,0.6831897,0.1646736,0.1646736
43,11,2677,0.14844944,15.165046,5.485004,0.6832179,0.16465484,0.16465484
43,12,2678,0.14845833,15.165957,5.484725,0.6832293,0.16463704,0.16463704
43,13,2679,0.14847371,15.166542,5.4843264,0.683151,0.16461897,0.16461897
43,14,2680,0.14848611,15.166447,5.4840117,0.68312097,0.1646082,0.1646082
43,15,2681,0.14849406,15.167057,5.4837704,0.68315756,0.16460556,0.16460556
43,16,2682,0.14851424,15.168682,5.4836106,0.6832471,0.16459471,0.16459471
43,17,2683,0.14853159,15.169918,5.483341,0.68327075,0.16458553,0.16458553
43,18,2684,0.14856863,15.17089,5.482909,0.68325657,0.16457164,0.16457164
43,19,2685,0.1485874,15.171565,5.4825454,0.68320495,0.16456346,0.16456346
43,20,2686,0.14860548,15.173435,5.4821997,0.6832418,0.16455114,0.16455114
43,21,2687,0.14861915,15.174421,5.482036,0.6832804,0.16454768,0.16454768
43,22,2688,0.14863226,15.175016,5.48177,0.68329215,0.16453438,0.16453438
43,23,2689,0.14865391,15.177435,5.4815707,0.6832794,0.1645302,0.1645302
43,24,2690,0.14866456,15.178657,5.4814243,0.68331134,0.1645239,0.1645239
43,25,2691,0.14867555,15.179157,5.4812922,0.68339896,0.16451575,0.16451575
43,26,2692,0.1486902,15.181038,5.4809594,0.6833828,0.16450271,0.16450271
43,27,2693,0.14870407,15.182185,5.48063,0.68346506,0.1644929,0.1644929
43,28,2694,0.1487183,15.184179,5.4805536,0.683575,0.16448535,0.16448535
43,29,2695,0.1487366,15.185677,5.480299,0.6835673,0.16447842,0.16447842
43,30,2696,0.14876823,15.18716,5.4801345,0.6835338,0.16446835,0.16446835
43,31,2697,0.14878571,15.18936,5.479796,0.68353117,0.16445647,0.16445647
43,32,2698,0.14878932,15.189214,5.4794645,0.6836135,0.1644465,0.1644465
43,33,2699,0.14879952,15.1892185,5.4794207,0.68362194,0.1644481,0.1644481
43,34,2700,0.14881715,15.191513,5.479049,0.6836515,0.16443567,0.16443567
43,35,2701,0.14883773,15.19328,5.4788322,0.68363607,0.16443186,0.16443186
43,36,2702,0.14886045,15.197405,5.478457,0.68368983,0.1644147,0.1644147
43,37,2703,0.14887357,15.199176,5.478216,0.6837286,0.16440247,0.16440247
43,38,2704,0.14888963,15.201332,5.478006,0.68379307,0.16439843,0.16439843
43,39,2705,0.14890815,15.202779,5.4776855,0.6838758,0.16438955,0.16438955
43,40,2706,0.14891884,15.204551,5.477528,0.6838434,0.16438149,0.16438149
43,41,2707,0.14893052,15.205622,5.4773307,0.6838593,0.1643745,0.1643745
43,42,2708,0.14894667,15.207987,5.476862,0.68384975,0.16436125,0.16436125
43,43,2709,0.14898653,15.211844,5.476463,0.68387103,0.16434374,0.16434374
43,44,2710,0.14901617,15.215885,5.4761353,0.6838314,0.16433173,0.16433173
43,45,2711,0.14904183,15.218297,5.4759655,0.68389964,0.16431892,0.16431892
43,46,2712,0.1490584,15.21942,5.475744,0.6839072,0.1643067,0.1643067
43,47,2713,0.1490772,15.221635,5.4754086,0.68385124,0.16429403,0.16429403
43,48,2714,0.14908612,15.222112,5.4750524,0.6838534,0.16428322,0.16428322
43,49,2715,0.14910737,15.22299,5.4746847,0.6837956,0.16427378,0.16427378
43,50,2716,0.14911266,15.223458,5.474386,0.68383896,0.16426349,0.16426349
43,51,2717,0.14912498,15.224782,5.473934,0.6837844,0.16424371,0.16424371
43,52,2718,0.14914231,15.227407,5.473699,0.68376887,0.1642303,0.1642303
43,53,2719,0.14915933,15.228467,5.4733343,0.6838142,0.16421784,0.16421784
43,54,2720,0.14917628,15.228608,5.472878,0.6838501,0.16420104,0.16420104
43,55,2721,0.1491866,15.229032,5.4724607,0.6838638,0.16418721,0.16418721
43,56,2722,0.14919609,15.2297735,5.472223,0.6838633,0.16417801,0.16417801
43,57,2723,0.14922279,15.232125,5.4722543,0.6838387,0.16417113,0.16417113
43,58,2724,0.14923754,15.233178,5.472153,0.68384135,0.16415599,0.16415599
43,59,2725,0.14927039,15.235582,5.4719996,0.68388474,0.16414827,0.16414827
43,60,2726,0.14928865,15.235994,5.471605,0.6838231,0.16414317,0.16414317
43,61,2727,0.14930448,15.237506,5.471511,0.6838041,0.16413769,0.16413769
44,0,2728,0.1493178,15.237774,5.4715195,0.68380505,0.16412866,0.16412866
44,1,2729,0.14933667,15.238415,5.4712987,0.68380314,0.16412222,0.16412222
44,2,2730,0.1493487,15.239104,5.471194,0.68386066,0.1641158,0.1641158
44,3,2731,0.14936219,15.239114,5.4709396,0.6839339,0.16410854,0.16410854
44,4,2732,0.14936735,15.239135,5.470541,0.6838915,0.16409263,0.16409263
44,5,2733,0.14939277,15.241369,5.470304,0.6838843,0.16408736,0.16408736
44,6,2734,0.14940229,15.24185,5.4698486,0.6838356,0.16407143,0.16407143
44,7,2735,0.14942244,15.243599,5.4695487,0.6838182,0.16406174,0.16406174
44,8,2736,0.1494321,15.243426,5.469307,0.68376005,0.16405492,0.16405492
44,9,2737,0.14944331,15.24367,5.4689302,0.68374467,0.1640414,0.1640414
44,10,2738,0.14945681,15.244767,5.4685745,0.6838092,0.16402826,0.16402826
44,11,2739,0.14946246,15.244505,5.4681377,0.6837766,0.16401659,0.16401659
44,12,2740,0.14947243,15.245607,5.467918,0.6837752,0.1640041,0.1640041
44,13,2741,0.14948708,15.246243,5.4675565,0.6838073,0.16398491,0.16398491
44,14,2742,0.14949626,15.247473,5.4674487,0.6837877,0.16397494,0.16397494
44,15,2743,0.1495071,15.247637,5.467232,0.68375254,0.16395739,0.16395739
44,16,2744,0.14951703,15.247789,5.467132,0.6837698,0.16394651,0.16394651
44,17,2745,0.14952591,15.248086,5.46676,0.6837697,0.16393435,0.16393435
44,18,2746,0.14953837,15.248352,5.466624,0.68382347,0.16392481,0.16392481
44,19,2747,0.14954132,15.248341,5.4664297,0.6838616,0.16391599,0.16391599
44,20,2748,0.14955229,15.248662,5.4661016,0.68382204,0.16389817,0.16389817
44,21,2749,0.14956394,15.24906,5.4657626,0.6837626,0.16389236,0.16389236
44,22,2750,0.14957792,15.250089,5.465447,0.6837634,0.16387828,0.16387828
44,23,2751,0.14959046,15.250868,5.465093,0.6838059,0.16386113,0.16386113
44,24,2752,0.14959759,15.251118,5.464764,0.68376493,0.16384768,0.16384768
44,25,2753,0.14961442,15.251941,5.4645443,0.6837953,0.16384378,0.16384378
44,26,2754,0.14962243,15.252497,5.4642043,0.6837743,0.16383338,0.16383338
44,27,2755,0.1496504,15.252762,5.4638443,0.6837323,0.1638199,0.1638199
44,28,2756,0.1496684,15.252823,5.4634767,0.683756,0.16380362,0.16380362
44,29,2757,0.14968821,15.254435,5.4630976,0.68376946,0.16378763,0.16378763
44,30,2758,0.14971004,15.254818,5.462847,0.68382955,0.16377534,0.16377534
44,31,2759,0.1497312,15.256015,5.462623,0.6839013,0.1637663,0.1637663
44,32,2760,0.14975715,15.257129,5.462424,0.6839178,0.16375023,0.16375023
44,33,2761,0.14977685,15.257481,5.462242,0.6839117,0.1637388,0.1637388
44,34,2762,0.1497992,15.258856,5.46218,0.68394905,0.16372633,0.16372633
44,35,2763,0.14982985,15.261939,5.462116,0.6840089,0.16372553,0.16372553
44,36,2764,0.14984551,15.262395,5.4619517,0.684014,0.16372557,0.16372557
44,37,2765,0.14988099,15.267803,5.4618063,0.6840669,0.16371804,0.16371804
44,38,2766,0.14990214,15.269693,5.461663,0.6840797,0.16370942,0.16370942
44,39,2767,0.14991617,15.271182,5.461391,0.6840966,0.16370337,0.16370337
44,40,2768,0.14993215,15.272469,5.4610863,0.6841039,0.16368994,0.16368994
44,41,2769,0.1499463,15.273881,5.460908,0.684165,0.1636801,0.1636801
44,42,2770,0.14995348,15.274805,5.460668,0.68416244,0.16367473,0.16367473
44,43,2771,0.14996758,15.276718,5.460594,0.68422216,0.16366719,0.16366719
44,44,2772,0.14997956,15.277314,5.4603252,0.68420756,0.16365789,0.16365789
44,45,2773,0.14998868,15.277703,5.460147,0.6842542,0.16364858,0.16364858
44,46,2774,0.15000498,15.279323,5.4599814,0.68426967,0.16363998,0.16363998
44,47,2775,0.15002814,15.280901,5.4597063,0.6842644,0.16363186,0.16363186
44,48,2776,0.15003376,15.280692,5.4594636,0.68420213,0.1636304,0.1636304
44,49,2777,0.15003568,15.280737,5.459219,0.6841808,0.16361994,0.16361994
44,50,2778,0.15004641,15.280214,5.459033,0.6841545,0.16362122,0.16362122
44,51,2779,0.15006372,15.281857,5.458736,0.6841296,0.16361526,0.16361526
44,52,2780,0.15007617,15.28261,5.4584465,0.6842105,0.16360135,0.16360135
44,53,2781,0.15009612,15.283409,5.4582047,0.68420756,0.16359979,0.16359979
44,54,2782,0.15011138,15.284571,5.4579797,0.684189,0.1635892,0.1635892
44,55,2783,0.15012595,15.285343,5.45769,0.6842345,0.16357996,0.16357996
44,56,2784,0.15012994,15.285251,5.457511,0.6843076,0.16356644,0.16356644
44,57,2785,0.1501379,15.285674,5.457296,0.6842915,0.16356061,0.16356061
44,58,2786,0.15016559,15.2883,5.456885,0.6842914,0.16354488,0.16354488
44,59,2787,0.15018877,15.289493,5.4566774,0.68422633,0.1635417,0.1635417
44,60,2788,0.1502037,15.289868,5.4562726,0.68417585,0.16352914,0.16352914
44,61,2789,0.15020601,15.288886,5.4561644,0.6842428,0.16351579,0.16351579
45,0,2790,0.15021496,15.289667,5.455784,0.68417215,0.16350585,0.16350585
45,1,2791,0.15023309,15.291065,5.4553847,0.6841373,0.16349193,0.16349193
45,2,2792,0.1502639,15.294665,5.4550734,0.6842055,0.16347703,0.16347703
45,3,2793,0.15028714,15.2971,5.4546227,0.6842097,0.163456,0.163456
45,4,2794,0.15030697,15.297845,5.4543705,0.68426824,0.16344655,0.16344655
45,5,2795,0.15031856,15.297915,5.454007,0.68425655,0.16343509,0.16343509
45,6,2796,0.15033858,15.298343,5.4537783,0.684319,0.16343053,0.16343053
45,7,2797,0.1507274,15.2989235,5.5030274,0.6842666,0.16342391,0.16342391
45,8,2798,0.15444459,15.300345,5.5090427,0.68424326,0.16341208,0.16341208
45,9,2799,0.15466729,15.301986,5.513397,0.68425477,0.1634201,0.1634201
45,10,2800,0.15480392,15.302589,5.516925,0.6843467,0.16346489,0.16346489
45,11,2801,0.15491101,15.304215,5.520236,0.6844033,0.16349404,0.16349404
45,12,2802,0.15499312,15.305331,5.5232663,0.6844373,0.16351685,0.16351685
45,13,2803,0.15506077,15.305847,5.5260262,0.6844369,0.16356494,0.16356494
45,14,2804,0.15512718,15.307257,5.528277,0.6843929,0.1635957,0.1635957
45,15,2805,0.15518862,15.3101015,5.5302434,0.6844239,0.16361734,0.16361734
45,16,2806,0.15523323,15.312679,5.53224,0.6844435,0.16363372,0.16363372
45,17,2807,0.15527943,15.314992,5.5344286,0.6844069,0.1636643,0.1636643
45,18,2808,0.15530506,15.316789,5.536109,0.6843522,0.16368745,0.16368745
45,19,2809,0.15533423,15.31811,5.5379405,0.6843173,0.1637117,0.1637117
45,20,2810,0.1553626,15.318465,5.5396547,0.68429875,0.16374783,0.16374783
45,21,2811,0.15538913,15.320292,5.5412016,0.6843088,0.16376181,0.16376181
45,22,2812,0.15541124,15.320882,5.5424676,0.6842668,0.16377905,0.16377905
45,23,2813,0.15542558,15.320211,5.5436254,0.6841462,0.16379584,0.16379584
45,24,2814,0.15544564,15.321192,5.5449405,0.6841909,0.1638192,0.1638192
45,25,2815,0.15545204,15.321344,5.5461707,0.6841718,0.16383426,0.16383426
45,26,2816,0.15547018,15.322769,5.54741,0.6842106,0.16385408,0.16385408
45,27,2817,0.15548933,15.323761,5.548333,0.6842383,0.16387327,0.16387327
45,28,2818,0.15551454,15.325861,5.549351,0.6841916,0.16388416,0.16388416
45,29,2819,0.1555218,15.325814,5.550305,0.68416774,0.16389707,0.16389707
45,30,2820,0.1555265,15.325067,5.5515075,0.6842761,0.16391483,0.16391483
45,31,2821,0.15553673,15.325522,5.55267,0.68426913,0.1639399,0.1639399
45,32,2822,0.15555781,15.327173,5.553514,0.68425614,0.16395831,0.16395831
45,33,2823,0.15557691,15.328519,5.554548,0.6841967,0.163978,0.163978
45,34,2824,0.15558735,15.330612,5.5552835,0.68422973,0.16399452,0.16399452
45,35,2825,0.1556012,15.331167,5.5563316,0.6842957,0.16401106,0.16401106
45,36,2826,0.15560618,15.331605,5.5573487,0.68434185,0.16403094,0.16403094
45,37,2827,0.1556172,15.331602,5.558148,0.6843255,0.1640339,0.1640339
45,38,2828,0.15561965,15.330871,5.5589633,0.6843002,0.1640522,0.1640522
45,39,2829,0.15563175,15.331205,5.559828,0.68434536,0.1640664,0.1640664
45,40,2830,0.1556303,15.330415,5.560518,0.6843218,0.16407354,0.16407354
45,41,2831,0.15564078,15.330882,5.561184,0.684316,0.16408165,0.16408165
45,42,2832,0.15564917,15.331461,5.5618978,0.68427974,0.1640923,0.1640923
45,43,2833,0.15565735,15.331056,5.562875,0.68430644,0.16411132,0.16411132
45,44,2834,0.15566684,15.332058,5.563847,0.6844472,0.1641249,0.1641249
45,45,2835,0.15568486,15.3340845,5.5647297,0.6845109,0.16413747,0.16413747
45,46,2836,0.15570709,15.337765,5.565289,0.6845542,0.16414496,0.16414496
45,47,2837,0.15571806,15.339252,5.565954,0.6845742,0.16415943,0.16415943
45,48,2838,0.15572414,15.340029,5.5666203,0.68457687,0.16417192,0.16417192
45,49,2839,0.15573117,15.340623,5.5673666,0.6846098,0.16418998,0.16418998
45,50,2840,0.15574,15.341103,5.5678983,0.6845576,0.16420704,0.16420704
45,51,2841,0.15574524,15.34068,5.568484,0.6844999,0.1642063,0.1642063
45,52,2842,0.15574639,15.340296,5.569134,0.68453133,0.16421612,0.16421612
45,53,2843,0.15574963,15.339938,5.5696692,0.6845118,0.16421582,0.16421582
45,54,2844,0.15575446,15.339976,5.5702868,0.6845585,0.16422726,0.16422726
45,55,2845,0.15576074,15.340599,5.570922,0.68458724,0.16422655,0.16422655
45,56,2846,0.15577462,15.341168,5.571437,0.68453467,0.16423278,0.16423278
45,57,2847,0.15577872,15.341335,5.5721335,0.6845603,0.16424274,0.16424274
45,58,2848,0.15578607,15.341976,5.5725904,0.6845734,0.16423266,0.16423266
45,59,2849,0.15579608,15.343195,5.5733867,0.68459636,0.16424644,0.16424644
45,60,2850,0.15580541,15.343049,5.5740457,0.68455535,0.16425033,0.16425033
45,61,2851,0.15581343,15.343252,5.574607,0.6845376,0.1642551,0.1642551
46,0,2852,0.15582,15.343439,5.575027,0.68454814,0.16425145,0.16425145
46,1,2853,0.15582904,15.343944,5.5756135,0.6845659,0.16426237,0.16426237
46,2,2854,0.15584031,15.345439,5.5763216,0.68448454,0.1642751,0.1642751
46,3,2855,0.15584941,15.346032,5.576945,0.68449885,0.16426872,0.16426872
46,4,2856,0.15585339,15.346304,5.577572,0.6845537,0.16426851,0.16426851
46,5,2857,0.1558578,15.347369,5.5780115,0.6845595,0.16426592,0.16426592
46,6,2858,0.15586996,15.348536,5.578475,0.6846658,0.1642593,0.1642593
46,7,2859,0.15587936,15.349666,5.578996,0.6846333,0.16426368,0.16426368
46,8,2860,0.1558892,15.349913,5.579569,0.6846376,0.16426821,0.16426821
46,9,2861,0.15590015,15.3500395,5.5800395,0.68464464,0.16427293,0.16427293
46,10,2862,0.1559126,15.351355,5.580545,0.68462193,0.16427241,0.16427241
46,11,2863,0.15591836,15.352249,5.5810366,0.68455,0.16427444,0.16427444
46,12,2864,0.15593173,15.35376,5.5813613,0.6845684,0.16427451,0.16427451
46,13,2865,0.15593874,15.35537,5.5819254,0.68455654,0.16427214,0.16427214
46,14,2866,0.15595207,15.356466,5.582517,0.6845867,0.16427648,0.16427648
46,15,2867,0.15595949,15.357091,5.5831113,0.68463475,0.16427632,0.16427632
46,16,2868,0.15596822,15.35839,5.5835457,0.68463147,0.16427206,0.16427206
46,17,2869,0.15597591,15.359302,5.5840926,0.68464255,0.16426677,0.16426677
46,18,2870,0.15598543,15.360292,5.584854,0.6846621,0.16426863,0.16426863
46,19,2871,0.1559976,15.362179,5.5853276,0.6846711,0.1642644,0.1642644
46,20,2872,0.15600564,15.363085,5.5858393,0.6847151,0.16426826,0.16426826
46,21,2873,0.15600578,15.363404,5.586298,0.6847134,0.164265,0.164265
46,22,2874,0.1560176,15.364343,5.586842,0.684736,0.16425826,0.16425826
46,23,2875,0.15601802,15.363854,5.587206,0.6847131,0.16426298,0.16426298
46,24,2876,0.15602733,15.365002,5.587746,0.6847314,0.16426332,0.16426332
46,25,2877,0.15604022,15.365587,5.5881505,0.68472844,0.16427235,0.16427235
46,26,2878,0.15604863,15.366796,5.588534,0.6846866,0.16427515,0.16427515
46,27,2879,0.15605727,15.367955,5.589061,0.6847576,0.16427918,0.16427918
46,28,2880,0.15606143,15.368262,5.5896072,0.6847889,0.16427276,0.16427276
46,29,2881,0.15607536,15.3693285,5.5898504,0.68477106,0.16426021,0.16426021
46,30,2882,0.15607756,15.369877,5.590192,0.6847807,0.16425534,0.16425534
46,31,2883,0.15607958,15.369898,5.590536,0.68473136,0.16424772,0.16424772
46,32,2884,0.15609019,15.371713,5.591031,0.6847628,0.16424376,0.16424376
46,33,2885,0.15609628,15.371948,5.591379,0.6847389,0.1642325,0.1642325
46,34,2886,0.15610144,15.3726845,5.5919814,0.6847698,0.16423918,0.16423918
46,35,2887,0.1561089,15.373651,5.5924387,0.6848286,0.1642312,0.1642312
46,36,2888,0.15612054,15.375066,5.592711,0.68484235,0.164227,0.164227
46,37,2889,0.15613005,15.375394,5.592874,0.68482184,0.1642197,0.1642197
46,38,2890,0.15613754,15.376038,5.5932508,0.6848383,0.16421865,0.16421865
46,39,2891,0.15614717,15.377331,5.593587,0.68483466,0.16421796,0.16421796
46,40,2892,0.1561617,15.379314,5.5939703,0.6847799,0.16422021,0.16422021
46,41,2893,0.15618175,15.383064,5.594517,0.6848505,0.16422054,0.16422054
46,42,2894,0.15619318,15.3837595,5.59482,0.6849006,0.16421051,0.16421051
46,43,2895,0.1562056,15.385103,5.595131,0.6848996,0.16420199,0.16420199
46,44,2896,0.15621784,15.386545,5.595309,0.6849381,0.16419034,0.16419034
46,45,2897,0.15623009,15.388089,5.595575,0.68494546,0.16418228,0.16418228
46,46,2898,0.15624505,15.390299,5.595756,0.68493366,0.16417672,0.16417672
46,47,2899,0.15626034,15.3922825,5.595851,0.68496346,0.16415837,0.16415837
46,48,2900,0.15627307,15.39407,5.596018,0.6849669,0.16414686,0.16414686
46,49,2901,0.15627488,15.394664,5.5963187,0.68494475,0.16413759,0.16413759
46,50,2902,0.15629044,15.3966875,5.5964603,0.68496114,0.16412756,0.16412756
46,51,2903,0.15630092,15.397924,5.5968566,0.68498147,0.16412833,0.16412833
46,52,2904,0.15630823,15.398809,5.5970664,0.6850231,0.16411506,0.16411506
46,53,2905,0.1563189,15.400255,5.5972943,0.6850418,0.1641108,0.1641108
46,54,2906,0.1563311,15.401995,5.597634,0.6850636,0.16411105,0.16411105
46,55,2907,0.15633798,15.40299,5.598138,0.68511814,0.16411178,0.16411178
46,56,2908,0.15634167,15.4034195,5.5984573,0.6851152,0.16411202,0.16411202
46,57,2909,0.15636598,15.407122,5.598816,0.6851227,0.16410653,0.16410653
46,58,2910,0.15637979,15.408717,5.599179,0.6851256,0.16410032,0.16410032
46,59,2911,0.15638673,15.409306,5.599304,0.6851314,0.16409281,0.16409281
46,60,2912,0.1563908,15.409342,5.5993257,0.6851161,0.16407454,0.16407454
46,61,2913,0.15640266,15.410437,5.5994773,0.685091,0.16406776,0.16406776
47,0,2914,0.15640834,15.41112,5.599831,0.6851672,0.16406888,0.16406888
47,1,2915,0.156406,15.410608,5.6000385,0.6852181,0.16406055,0.16406055
47,2,2916,0.1564134,15.41209,5.60033,0.6852034,0.16406107,0.16406107
47,3,2917,0.15642388,15.414084,5.6006002,0.68519586,0.16405536,0.16405536
47,4,2918,0.15643853,15.416527,5.600883,0.6852084,0.16403976,0.16403976
47,5,2919,0.15645325,15.417952,5.601086,0.6851906,0.16402242,0.16402242
47,6,2920,0.1564588,15.418675,5.6011314,0.6851119,0.16401571,0.16401571
47,7,2921,0.15646708,15.419878,5.6011553,0.6850572,0.1640036,0.1640036
47,8,2922,0.15647501,15.4209585,5.601414,0.68512625,0.16399263,0.16399263
47,9,2923,0.15648255,15.422063,5.601752,0.6851416,0.16399197,0.16399197
47,10,2924,0.15649301,15.423742,5.6020164,0.68517905,0.16398446,0.16398446
47,11,2925,0.15650906,15.425936,5.60224,0.68519515,0.16397138,0.16397138
47,12,2926,0.15651774,15.427581,5.602618,0.6851934,0.16397092,0.16397092
47,13,2927,0.15652955,15.429386,5.60265,0.68517655,0.16395436,0.16395436
47,14,2928,0.1565358,15.430403,5.602791,0.68514526,0.1639461,0.1639461
47,15,2929,0.15653962,15.430599,5.60305,0.6852336,0.1639358,0.1639358
47,16,2930,0.15655205,15.432114,5.603256,0.68526214,0.16393161,0.16393161
47,17,2931,0.15655887,15.432021,5.6034775,0.68530726,0.16392851,0.16392851
47,18,2932,0.15656392,15.432823,5.603723,0.68536144,0.16392407,0.16392407
47,19,2933,0.15657109,15.434117,5.603883,0.6853222,0.16392271,0.16392271
47,20,2934,0.1565839,15.434554,5.604314,0.68541735,0.16391727,0.16391727
47,21,2935,0.15659094,15.434742,5.6045027,0.68544585,0.16391283,0.16391283
47,22,2936,0.15660498,15.436086,5.604866,0.6855189,0.16391629,0.16391629
47,23,2937,0.15661737,15.437407,5.605038,0.68550396,0.16390741,0.16390741
47,24,2938,0.1566297,15.43901,5.605412,0.68547785,0.1639035,0.1639035
47,25,2939,0.1566459,15.44036,5.605407,0.6854783,0.16388984,0.16388984
47,26,2940,0.15665838,15.441481,5.605583,0.6854564,0.16388069,0.16388069
47,27,2941,0.15665868,15.441513,5.6057186,0.6855091,0.16386677,0.16386677
47,28,2942,0.15666804,15.442265,5.6056395,0.6854506,0.16385232,0.16385232
47,29,2943,0.15666889,15.441886,5.605726,0.68542415,0.1638467,0.1638467
47,30,2944,0.15667903,15.442963,5.6057215,0.6854015,0.16383462,0.16383462
47,31,2945,0.15669322,15.4447365,5.605843,0.68545896,0.16382988,0.16382988
47,32,2946,0.15669794,15.445146,5.606101,0.6854056,0.16382015,0.16382015
47,33,2947,0.15670307,15.44542,5.6062756,0.6854483,0.16381092,0.16381092
47,34,2948,0.15671226,15.446034,5.606527,0.6854795,0.16380093,0.16380093
47,35,2949,0.15672454,15.446651,5.6065197,0.6854975,0.16379064,0.16379064
47,36,2950,0.1567371,15.448013,5.6066785,0.6854792,0.16378674,0.16378674
47,37,2951,0.15675576,15.450514,5.606969,0.68549883,0.16378483,0.16378483
47,38,2952,0.15677024,15.451789,5.607239,0.6854426,0.16378333,0.16378333
47,39,2953,0.15678325,15.452965,5.6074214,0.6854445,0.16377892,0.16377892
47,40,2954,0.15679151,15.454223,5.6074915,0.6854246,0.16376543,0.16376543
47,41,2955,0.15680663,15.45651,5.607865,0.68557537,0.16375767,0.16375767
47,42,2956,0.15681732,15.457818,5.6079545,0.6855344,0.16375199,0.16375199
47,43,2957,0.15683554,15.460324,5.6079917,0.6855445,0.16374373,0.16374373
47,44,2958,0.15684982,15.462366,5.608154,0.6855504,0.16374211,0.16374211
47,45,2959,0.1568715,15.464541,5.608225,0.68559766,0.16373222,0.16373222
47,46,2960,0.15688673,15.466025,5.608263,0.68559957,0.1637189,0.1637189
47,47,2961,0.15690205,15.469122,5.6083913,0.6856342,0.1636996,0.1636996
47,48,2962,0.15691514,15.470518,5.608646,0.68565196,0.16369298,0.16369298
47,49,2963,0.15693241,15.471856,5.6087837,0.6856345,0.16368508,0.16368508
47,50,2964,0.1569447,15.47269,5.6089106,0.68568075,0.16367662,0.16367662
47,51,2965,0.15696084,15.474987,5.6090517,0.6857248,0.16366237,0.16366237
47,52,2966,0.15699595,15.480339,5.6091223,0.6857227,0.16365293,0.16365293
47,53,2967,0.15701519,15.481922,5.6091795,0.68575203,0.1636473,0.1636473
47,54,2968,0.1570333,15.484489,5.609481,0.68576795,0.16364312,0.16364312
47,55,2969,0.15704502,15.485558,5.609703,0.68584275,0.16364096,0.16364096
47,56,2970,0.15707003,15.48758,5.6098742,0.68587476,0.16364191,0.16364191
47,57,2971,0.15708017,15.48912,5.6099987,0.6858578,0.1636359,0.1636359
47,58,2972,0.15709311,15.4907465,5.610232,0.68589115,0.16362993,0.16362993
47,59,2973,0.15711385,15.493014,5.6103926,0.68589985,0.16362867,0.16362867
47,60,2974,0.15712407,15.49473,5.6105375,0.6859727,0.16361874,0.16361874
47,61,2975,0.15713632,15.495962,5.610599,0.68599266,0.16361317,0.16361317
48,0,2976,0.15714635,15.497288,5.610712,0.6860392,0.16360027,0.16360027
48,1,2977,0.15715984,15.500076,5.610762,0.6860419,0.16359231,0.16359231
48,2,2978,0.15717712,15.502617,5.6109595,0.6860638,0.1635888,0.1635888
48,3,2979,0.15719217,15.503782,5.611036,0.6861035,0.16357622,0.16357622
48,4,2980,0.15720534,15.504733,5.611002,0.68614113,0.16356392,0.16356392
48,5,2981,0.15721901,15.50689,5.6110673,0.6861389,0.16355458,0.16355458
48,6,2982,0.15723275,15.508389,5.611165,0.68614817,0.16354384,0.16354384
48,7,2983,0.15725082,15.5091915,5.611183,0.6860956,0.16353382,0.16353382
48,8,2984,0.15726477,15.510286,5.611321,0.68613607,0.16352752,0.16352752
48,9,2985,0.15727976,15.510824,5.6112885,0.6861405,0.1635174,0.1635174
48,10,2986,0.15728536,15.511298,5.6116576,0.68617624,0.16351376,0.16351376
48,11,2987,0.15729152,15.51132,5.611792,0.68621093,0.16351044,0.16351044
48,12,2988,0.15730348,15.512802,5.6118875,0.68623495,0.16350266,0.16350266
48,13,2989,0.15731746,15.514392,5.612127,0.68627495,0.16348997,0.16348997
48,14,2990,0.1573273,15.515682,5.612339,0.68631953,0.16348352,0.16348352
48,15,2991,0.15734412,15.51756,5.6123705,0.68632907,0.1634717,0.1634717
48,16,2992,0.15736032,15.519561,5.6122203,0.68626046,0.16345568,0.16345568
48,17,2993,0.15736833,15.519908,5.6122723,0.68626124,0.16344608,0.16344608
48,18,2994,0.15738177,15.5216675,5.612245,0.6862076,0.16343352,0.16343352
48,19,2995,0.15739217,15.522565,5.612344,0.6862088,0.16343679,0.16343679
48,20,2996,0.15740219,15.5229645,5.612432,0.6862192,0.16343245,0.16343245
48,21,2997,0.15741044,15.524027,5.6126246,0.68619525,0.16342644,0.16342644
48,22,2998,0.1574162,15.524465,5.612768,0.6861716,0.16342121,0.16342121
48,23,2999,0.1574193,15.524637,5.612909,0.6862174,0.16340895,0.16340895
48,24,3000,0.15742417,15.524662,5.612965,0.6862329,0.16340773,0.16340773
48,25,3001,0.15742832,15.524626,5.613138,0.6862441,0.16340293,0.16340293
48,26,3002,0.1574473,15.527021,5.6132536,0.6863261,0.16339631,0.16339631
48,27,3003,0.15746191,15.528706,5.613146,0.6862639,0.16338599,0.16338599
48,28,3004,0.15747182,15.529641,5.6132493,0.6862476,0.16338126,0.16338126
48,29,3005,0.15748334,15.530115,5.613359,0.6862684,0.16337399,0.16337399
48,30,3006,0.15749285,15.530578,5.613385,0.6862344,0.1633632,0.1633632
48,31,3007,0.15750226,15.53185,5.6134415,0.68619186,0.16335711,0.16335711
48,32,3008,0.15750897,15.531463,5.61363,0.6861491,0.16334605,0.16334605
48,33,3009,0.15751645,15.5315695,5.613718,0.6862199,0.16333294,0.16333294
48,34,3010,0.15752798,15.532525,5.6135406,0.6861554,0.16331565,0.16331565
48,35,3011,0.15754312,15.533922,5.613693,0.6862157,0.16330539,0.16330539
48,36,3012,0.15755513,15.535049,5.613769,0.6862208,0.16329668,0.16329668
48,37,3013,0.1575704,15.536571,5.6137805,0.68621206,0.1632847,0.1632847
48,38,3014,0.1575804,15.536961,5.613706,0.6862138,0.16327338,0.16327338
48,39,3015,0.15759774,15.539291,5.613862,0.6862443,0.16326685,0.16326685
48,40,3016,0.15761842,15.542454,5.61392,0.6862244,0.16325955,0.16325955
48,41,3017,0.15762913,15.543252,5.6144323,0.6862419,0.16326445,0.16326445
48,42,3018,0.15764472,15.544194,5.6145787,0.68624246,0.16326204,0.16326204
48,43,3019,0.1576728,15.548086,5.6147246,0.6863167,0.1632479,0.1632479
48,44,3020,0.15769836,15.54988,5.6147194,0.68640226,0.16323404,0.16323404
48,45,3021,0.15771088,15.551371,5.6148458,0.6864073,0.1632319,0.1632319
48,46,3022,0.15772866,15.553251,5.6151447,0.6864082,0.1632242,0.1632242
48,47,3023,0.15773997,15.554218,5.615394,0.68643427,0.16322102,0.16322102
48,48,3024,0.15776506,15.5573635,5.6154237,0.6864375,0.16321763,0.16321763
48,49,3025,0.1577813,15.558897,5.6154704,0.6864714,0.16321105,0.16321105
48,50,3026,0.15779495,15.560213,5.615478,0.68647325,0.1631991,0.1631991
48,51,3027,0.1578036,15.561123,5.6155357,0.68644893,0.16319688,0.16319688
48,52,3028,0.15781353,15.561965,5.6154933,0.6863956,0.16318743,0.16318743
48,53,3029,0.15782662,15.563324,5.6157246,0.6863967,0.16317672,0.16317672
48,54,3030,0.15783861,15.564825,5.615914,0.68642145,0.16317472,0.16317472
48,55,3031,0.15784824,15.566066,5.6160197,0.6863997,0.16316679,0.16316679
48,56,3032,0.15785886,15.566155,5.6161594,0.6863786,0.16315925,0.16315925
48,57,3033,0.15786909,15.566555,5.6163554,0.68644744,0.1631535,0.1631535
48,58,3034,0.1578838,15.567836,5.616468,0.68646955,0.16314155,0.16314155
48,59,3035,0.15789846,15.5700445,5.6165166,0.6865093,0.16313036,0.16313036
48,60,3036,0.15792122,15.571676,5.6165333,0.68653464,0.16312219,0.16312219
48,61,3037,0.15793489,15.573663,5.616533,0.6865629,0.16310434,0.16310434
49,0,3038,0.15794937,15.5752125,5.616581,0.686591,0.16309555,0.16309555
49,1,3039,0.15796371,15.576803,5.6164837,0.68658304,0.1630817,0.1630817
49,2,3040,0.15799113,15.578422,5.6165075,0.6866208,0.16307485,0.16307485
49,3,3041,0.15801403,15.581237,5.616338,0.6865688,0.16306317,0.16306317
49,4,3042,0.1580339,15.58423,5.6163955,0.6866612,0.16304888,0.16304888
49,5,3043,0.15804762,15.585454,5.6165643,0.68665445,0.16305062,0.16305062
49,6,3044,0.15806751,15.5885725,5.6169424,0.6867027,0.1630378,0.1630378
49,7,3045,0.15809548,15.591855,5.617201,0.68669105,0.1630262,0.1630262
49,8,3046,0.15811361,15.593905,5.617237,0.6866912,0.16301048,0.16301048
49,9,3047,0.15813264,15.595749,5.617365,0.68674934,0.16300291,0.16300291
49,10,3048,0.15816826,15.599211,5.61734,0.686776,0.16299696,0.16299696
49,11,3049,0.15818956,15.601688,5.6174564,0.68678653,0.16298877,0.16298877
49,12,3050,0.15820369,15.602505,5.6174507,0.6868014,0.16298127,0.16298127
49,13,3051,0.15821217,15.604133,5.6175046,0.6867924,0.16296959,0.16296959
49,14,3052,0.15823254,15.606813,5.617364,0.68677807,0.16296108,0.16296108
49,15,3053,0.1582452,15.608637,5.6174474,0.68679047,0.16294952,0.16294952
49,16,3054,0.15825695,15.610475,5.6174183,0.6868963,0.16293627,0.16293627
49,17,3055,0.15827599,15.61338,5.617536,0.6869141,0.16293058,0.16293058
49,18,3056,0.15848306,15.654163,5.6350813,0.70450556,0.16291794,0.16291794
49,19,3057,0.1592225,15.799885,5.638948,0.7045822,0.16309537,0.16309537
49,20,3058,0.15933792,15.821606,5.6425505,0.7045956,0.16328795,0.16328795
49,21,3059,0.15940198,15.83372,5.644974,0.70452845,0.16341798,0.16341798
49,22,3060,0.15945199,15.843466,5.6471386,0.7045525,0.16352428,0.16352428
49,23,3061,0.15950376,15.851927,5.6486225,0.70456123,0.16360334,0.16360334
49,24,3062,0.15953657,15.856663,5.6501203,0.7046344,0.16367891,0.16367891
49,25,3063,0.15957135,15.8608675,5.6512566,0.70458156,0.16374293,0.16374293
49,26,3064,0.15959562,15.864033,5.652575,0.7045124,0.16380979,0.16380979
49,27,3065,0.15962264,15.867347,5.65382,0.7045478,0.16385797,0.16385797
49,28,3066,0.1596461,15.869258,5.6547008,0.7045478,0.16390337,0.16390337
49,29,3067,0.1596581,15.870259,5.655617,0.7045004,0.16395491,0.16395491
49,30,3068,0.15967321,15.871141,5.6563406,0.7044719,0.16399695,0.16399695
49,31,3069,0.15968746,15.872272,5.6571627,0.70449954,0.16404447,0.16404447
49,32,3070,0.15968841,15.872166,5.6580653,0.7044766,0.16410051,0.16410051
49,33,3071,0.15969573,15.872964,5.658676,0.7044584,0.16413358,0.16413358
49,34,3072,0.15971765,15.874043,5.65944,0.70444036,0.16417459,0.16417459
49,35,3073,0.15972722,15.873979,5.660087,0.7044158,0.16421537,0.16421537
49,36,3074,0.15974224,15.8756895,5.660731,0.70438015,0.16424543,0.16424543
49,37,3075,0.15974382,15.875477,5.6614604,0.70440656,0.16429119,0.16429119
49,38,3076,0.15975514,15.8769245,5.6621985,0.7043352,0.16432866,0.16432866
49,39,3077,0.1597692,15.878855,5.6629133,0.7042845,0.16436362,0.16436362
49,40,3078,0.15977143,15.878475,5.663789,0.7043168,0.1644053,0.1644053
49,41,3079,0.15978193,15.878829,5.664365,0.70434123,0.16443606,0.16443606
49,42,3080,0.15978548,15.879348,5.664952,0.7043951,0.16446088,0.16446088
49,43,3081,0.15980321,15.8813925,5.6652145,0.7043543,0.16448043,0.16448043
49,44,3082,0.15982367,15.883512,5.665526,0.70428705,0.16450115,0.16450115
49,45,3083,0.1598364,15.884399,5.665942,0.7042372,0.16453385,0.16453385
49,46,3084,0.15984914,15.884444,5.666523,0.70425093,0.16456965,0.16456965
49,47,3085,0.15986022,15.885547,5.6669374,0.7042699,0.16458255,0.16458255
49,48,3086,0.1598694,15.886587,5.667431,0.70425814,0.16460624,0.16460624
49,49,3087,0.15988111,15.887889,5.667666,0.7042386,0.16461712,0.16461712
49,50,3088,0.15989645,15.888775,5.6681337,0.70421016,0.1646472,0.1646472
49,51,3089,0.1598995,15.888222,5.6685634,0.7042101,0.16466558,0.16466558
49,52,3090,0.15990867,15.888559,5.6689677,0.7041614,0.16468595,0.16468595
49,53,3091,0.15992084,15.889171,5.669503,0.7041857,0.16471234,0.16471234
49,54,3092,0.15992256,15.888056,5.66997,0.70416284,0.16473559,0.16473559
49,55,3093,0.15993589,15.888929,5.6704884,0.70420027,0.16475148,0.16475148
49,56,3094,0.1599397,15.889117,5.670796,0.7041281,0.16477141,0.16477141
49,57,3095,0.15995958,15.889673,5.6712227,0.7041123,0.16479212,0.16479212
49,58,3096,0.15998638,15.891615,5.671431,0.70404637,0.1648107,0.1648107
49,59,3097,0.16000181,15.892685,5.671969,0.70400566,0.16483778,0.16483778
49,60,3098,0.16001575,15.893969,5.6724825,0.7040086,0.16485065,0.16485065
49,61,3099,0.16002788,15.894302,5.6728907,0.7040529,0.16486761,0.16486761
50,0,3100,0.16003859,15.895835,5.6732597,0.70401675,0.16488312,0.16488312
50,1,3101,0.16004518,15.896567,5.673699,0.7040323,0.16489844,0.16489844
50,2,3102,0.16005091,15.896672,5.6741858,0.7040342,0.1649255,0.1649255
50,3,3103,0.16005757,15.896726,5.67443,0.70401585,0.16493925,0.16493925
50,4,3104,0.16007008,15.896994,5.674913,0.7040464,0.1649629,0.1649629
50,5,3105,0.16008644,15.89765,5.6753345,0.70400655,0.1649888,0.1649888
50,6,3106,0.16009924,15.898183,5.6756372,0.70405376,0.16500317,0.16500317
50,7,3107,0.16011223,15.899695,5.6762314,0.70406276,0.16502257,0.16502257
50,8,3108,0.1601276,15.900556,5.67645,0.7040478,0.16503595,0.16503595
50,9,3109,0.16013919,15.901968,5.676716,0.70408255,0.16505149,0.16505149
50,10,3110,0.160157,15.90465,5.6769714,0.7040653,0.16506156,0.16506156
50,11,3111,0.16016419,15.904615,5.677471,0.70415217,0.16507846,0.16507846
50,12,3112,0.16017169,15.90445,5.6777496,0.704124,0.16508815,0.16508815
50,13,3113,0.16019197,15.905351,5.67806,0.70412886,0.16510794,0.16510794
50,14,3114,0.16020542,15.90591,5.678396,0.7041384,0.16512974,0.16512974
50,15,3115,0.16021055,15.905976,5.67888,0.7041456,0.16515869,0.16515869
50,16,3116,0.16022432,15.907267,5.6790085,0.7041321,0.1651624,0.1651624
50,17,3117,0.16023248,15.908008,5.6792736,0.70415646,0.16517304,0.16517304
50,18,3118,0.16024223,15.908816,5.6795406,0.70413065,0.16518807,0.16518807
50,19,3119,0.16025022,15.910021,5.679905,0.70414627,0.16520394,0.16520394
50,20,3120,0.16026248,15.911159,5.680285,0.7042072,0.1652131,0.1652131
50,21,3121,0.16027027,15.9121065,5.6806335,0.7042221,0.16522811,0.16522811
50,22,3122,0.16027826,15.912544,5.681021,0.704235,0.16523725,0.16523725
50,23,3123,0.16028255,15.913263,5.681327,0.70425457,0.16524193,0.16524193
50,24,3124,0.16028357,15.913815,5.6815243,0.70424086,0.16524772,0.16524772
50,25,3125,0.16029987,15.91423,5.6819167,0.7042244,0.16526791,0.16526791
50,26,3126,0.16030747,15.9146595,5.68211,0.70422125,0.16528003,0.16528003
50,27,3127,0.16030867,15.914792,5.6825414,0.7042486,0.16529042,0.16529042
50,28,3128,0.16031316,15.915702,5.683074,0.7042415,0.16530748,0.16530748
50,29,3129,0.16031647,15.915529,5.6834564,0.7042277,0.16531838,0.16531838
50,30,3130,0.16032425,15.915688,5.68361,0.7042278,0.16532573,0.16532573
50,31,3131,0.16033217,15.915913,5.6837726,0.7041841,0.16533397,0.16533397
50,32,3132,0.16033393,15.915957,5.6841636,0.70424545,0.16535139,0.16535139
50,33,3133,0.16033806,15.916422,5.6844373,0.70428455,0.16536401,0.16536401
50,34,3134,0.1603566,15.917921,5.6846685,0.7042687,0.16537492,0.16537492
50,35,3135,0.16039053,15.919343,5.6848865,0.7042755,0.16538143,0.16538143
50,36,3136,0.16039935,15.919683,5.6851892,0.7043049,0.1653931,0.1653931
50,37,3137,0.16041854,15.920454,5.6853967,0.7043061,0.16540487,0.16540487
50,38,3138,0.16043678,15.920955,5.685629,0.70433706,0.16541457,0.16541457
50,39,3139,0.16045162,15.92211,5.685982,0.7044348,0.16541582,0.16541582
50,40,3140,0.16046247,15.922987,5.68658,0.7044364,0.16543184,0.16543184
50,41,3141,0.16046542,15.923611,5.6868467,0.70444727,0.1654363,0.1654363
50,42,3142,0.16047965,15.925026,5.6872272,0.70441437,0.16544563,0.16544563
50,43,3143,0.1604859,15.925296,5.687404,0.7044257,0.16545184,0.16545184
50,44,3144,0.16049834,15.924707,5.6874986,0.7043603,0.1654583,0.1654583
50,45,3145,0.16052485,15.925494,5.687624,0.7043615,0.16545899,0.16545899
50,46,3146,0.16052383,15.924766,5.6878386,0.70431733,0.16546984,0.16546984
50,47,3147,0.16053191,15.925649,5.688006,0.70429486,0.16547793,0.16547793
50,48,3148,0.16053696,15.926107,5.6881194,0.70430076,0.16548005,0.16548005
50,49,3149,0.16054004,15.927294,5.6885023,0.70436287,0.16548815,0.16548815
50,50,3150,0.16055055,15.927156,5.6888614,0.7043903,0.16549769,0.16549769
50,51,3151,0.1605617,15.928149,5.689158,0.704434,0.16550279,0.16550279
50,52,3152,0.16056971,15.929109,5.689458,0.704478,0.1655117,0.1655117
50,53,3153,0.16057743,15.929815,5.689794,0.70456755,0.16552103,0.16552103
50,54,3154,0.16058487,15.930759,5.68988,0.7045939,0.16552527,0.16552527
50,55,3155,0.16058967,15.931496,5.6900325,0.7046256,0.16552332,0.16552332
50,56,3156,0.16060147,15.932119,5.6903796,0.7046571,0.16553253,0.16553253
50,57,3157,0.16060865,15.93269,5.690877,0.7047153,0.16555743,0.16555743
50,58,3158,0.1606221,15.932926,5.6912265,0.7048063,0.1655762,0.1655762
50,59,3159,0.16063984,15.933355,5.6915836,0.7048804,0.1655917,0.1655917
50,60,3160,0.16064638,15.933651,5.691967,0.70492435,0.1655976,0.1655976
50,61,3161,0.1606606,15.934992,5.691949,0.70484996,0.16560343,0.16560343
51,0,3162,0.16067472,15.9354,5.6922436,0.7048682,0.16560969,0.16560969
51,1,3163,0.1606847,15.935564,5.6925397,0.70485526,0.16562611,0.16562611
51,2,3164,0.1606898,15.935704,5.6927767,0.7048263,0.16563672,0.16563672
51,3,3165,0.16070618,15.936536,5.6931586,0.7048074,0.16564946,0.16564946
51,4,3166,0.1607118,15.936676,5.693556,0.70490426,0.16565154,0.16565154
51,5,3167,0.16071343,15.936911,5.6938353,0.70502454,0.16565831,0.16565831
51,6,3168,0.16073085,15.937814,5.694074,0.7050819,0.16566794,0.16566794
51,7,3169,0.16074926,15.940046,5.694349,0.70515615,0.16567294,0.16567294
51,8,3170,0.16077022,15.941543,5.694593,0.70513785,0.16568024,0.16568024
51,9,3171,0.16077882,15.943307,5.6948304,0.705251,0.16568682,0.16568682
51,10,3172,0.1607852,15.944502,5.694994,0.70527464,0.16569732,0.16569732
51,11,3173,0.16079487,15.945536,5.6951437,0.7053224,0.16570057,0.16570057
51,12,3174,0.16080008,15.945882,5.6953316,0.7053575,0.16570628,0.16570628
51,13,3175,0.16081208,15.947856,5.6954412,0.7054073,0.16571301,0.16571301
51,14,3176,0.16081512,15.947413,5.6956677,0.7054832,0.16571186,0.16571186
51,15,3177,0.16081981,15.947095,5.695798,0.705476,0.16571471,0.16571471
51,16,3178,0.16082852,15.94753,5.696022,0.70546263,0.16572765,0.16572765
51,17,3179,0.16083826,15.948631,5.6962304,0.705531,0.16572645,0.16572645
51,18,3180,0.1608421,15.94857,5.696524,0.7055564,0.16574001,0.16574001
51,19,3181,0.16085473,15.949559,5.696686,0.70559037,0.16574287,0.16574287
51,20,3182,0.160869,15.951148,5.696788,0.7056281,0.16574787,0.16574787
51,21,3183,0.16088824,15.952248,5.6969614,0.7056456,0.16575731,0.16575731
51,22,3184,0.16090465,15.953533,5.6971097,0.7056117,0.16577284,0.16577284
51,23,3185,0.16091636,15.954582,5.6972103,0.705663,0.16577555,0.16577555
51,24,3186,0.16094342,15.955162,5.697268,0.7057017,0.16577439,0.16577439
51,25,3187,0.16096023,15.955732,5.6975346,0.70578736,0.1657801,0.1657801
51,26,3188,0.16096956,15.956454,5.6977386,0.7058376,0.16578543,0.16578543
51,27,3189,0.16098139,15.958044,5.6979904,0.7059062,0.16578887,0.16578887
51,28,3190,0.16100249,15.959636,5.6981635,0.70596856,0.16579583,0.16579583
51,29,3191,0.16101645,15.960628,5.6983094,0.70593643,0.16580975,0.16580975
51,30,3192,0.16103302,15.962246,5.6985745,0.7059608,0.16582216,0.16582216
51,31,3193,0.16103211,15.962542,5.6987166,0.70599097,0.16582456,0.16582456
51,32,3194,0.16103908,15.962881,5.698945,0.7059837,0.16583243,0.16583243
51,33,3195,0.16105023,15.963946,5.699312,0.7060691,0.16584776,0.16584776
51,34,3196,0.1610566,15.964335,5.6995773,0.70614433,0.16585852,0.16585852
51,35,3197,0.16106428,15.96539,5.6997633,0.7062032,0.16586775,0.16586775
51,36,3198,0.16106674,15.965936,5.699915,0.70624185,0.1658677,0.1658677
51,37,3199,0.16107737,15.966856,5.7001257,0.70628476,0.16587111,0.16587111
51,38,3200,0.16108026,15.967104,5.7002897,0.70633453,0.16587095,0.16587095
51,39,3201,0.16108151,15.9676,5.700679,0.70638394,0.16587979,0.16587979
51,40,3202,0.16109744,15.968382,5.7009892,0.7064639,0.16589409,0.16589409
51,41,3203,0.16110922,15.969658,5.701542,0.70655364,0.16591932,0.16591932
51,42,3204,0.16112879,15.97144,5.701791,0.7065776,0.16593139,0.16593139
51,43,3205,0.16114548,15.973499,5.701877,0.7065367,0.16593897,0.16593897
51,44,3206,0.16116372,15.974696,5.7020907,0.70658123,0.16593654,0.16593654
51,45,3207,0.16117308,15.974352,5.7023773,0.70658326,0.165945,0.165945
51,46,3208,0.16118625,15.975705,5.70275,0.70663315,0.16595429,0.16595429
51,47,3209,0.16119984,15.975864,5.7031736,0.70671904,0.16597149,0.16597149
51,48,3210,0.1612077,15.977034,5.703271,0.7067556,0.16597356,0.16597356
51,49,3211,0.1612165,15.977904,5.703508,0.70681804,0.1659781,0.1659781
51,50,3212,0.16121818,15.978818,5.7037306,0.7067866,0.16598375,0.16598375
51,51,3213,0.16123864,15.980232,5.703822,0.7068341,0.16598849,0.16598849
51,52,3214,0.16124566,15.980747,5.7038813,0.70680547,0.16598843,0.16598843
51,53,3215,0.16125822,15.981613,5.704141,0.70684904,0.16599484,0.16599484
51,54,3216,0.16126357,15.981796,5.7042294,0.70680267,0.16599564,0.16599564
51,55,3217,0.16127639,15.983033,5.704466,0.70678765,0.16600394,0.16600394
51,56,3218,0.16128024,15.983698,5.7045813,0.7067716,0.16601013,0.16601013
51,57,3219,0.16128722,15.985048,5.704865,0.7067835,0.1660272,0.1660272
51,58,3220,0.16130523,15.985823,5.705151,0.70678246,0.16603816,0.16603816
51,59,3221,0.16131991,15.987337,5.7057323,0.70685124,0.16605256,0.16605256
51,60,3222,0.16133142,15.988168,5.7060423,0.70684475,0.16606101,0.16606101
51,61,3223,0.1613453,15.989887,5.7063065,0.7068757,0.16606574,0.16606574
52,0,3224,0.16136679,15.991116,5.706548,0.7068858,0.16607514,0.16607514
52,1,3225,0.16137975,15.992098,5.7066875,0.70693046,0.16607454,0.16607454
52,2,3226,0.1613929,15.992811,5.7069306,0.70696175,0.1660838,0.1660838
52,3,3227,0.16140175,15.993498,5.707062,0.7069749,0.16608728,0.16608728
52,4,3228,0.16141765,15.994179,5.7070704,0.7069658,0.16609146,0.16609146
52,5,3229,0.16143216,15.994963,5.7071257,0.7069813,0.16609588,0.16609588
52,6,3230,0.1614404,15.995634,5.7073064,0.70694816,0.16610155,0.16610155
52,7,3231,0.1614548,15.996632,5.707288,0.70689446,0.16610335,0.16610335
52,8,3232,0.16145991,15.996294,5.7076807,0.70698,0.16612762,0.16612762
52,9,3233,0.16146754,15.996727,5.7077193,0.7069362,0.1661318,0.1661318
52,10,3234,0.16147739,15.998375,5.707825,0.7068972,0.16613728,0.16613728
52,11,3235,0.16148447,15.999177,5.7079945,0.70691794,0.16614656,0.16614656
52,12,3236,0.16150635,16.000296,5.7081113,0.70695895,0.1661512,0.1661512
52,13,3237,0.16152169,16.002243,5.7083344,0.70697546,0.16615777,0.16615777
52,14,3238,0.16153891,16.004112,5.708399,0.70700747,0.16615953,0.16615953
52,15,3239,0.16155595,16.006361,5.708449,0.7069909,0.1661606,0.1661606
52,16,3240,0.16155857,16.006912,5.708645,0.7070496,0.16616227,0.16616227
52,17,3241,0.16156226,16.007437,5.708901,0.707028,0.1661701,0.1661701
52,18,3242,0.16157466,16.008413,5.7090282,0.70704174,0.16617182,0.16617182
52,19,3243,0.16157848,16.009144,5.709138,0.70701724,0.16617472,0.16617472
52,20,3244,0.16158894,16.010935,5.7093334,0.70701015,0.16617903,0.16617903
52,21,3245,0.16159642,16.011978,5.7095118,0.7070319,0.16617996,0.16617996
52,22,3246,0.1616163,16.013971,5.709564,0.7070804,0.16618177,0.16618177
52,23,3247,0.16164601,16.014872,5.709866,0.70709753,0.166185,0.166185
52,24,3248,0.16166642,16.015978,5.7100873,0.7071915,0.16618478,0.16618478
52,25,3249,0.16168514,16.018433,5.7103815,0.70723534,0.16619256,0.16619256
52,26,3250,0.16169949,16.020527,5.7106028,0.707305,0.16619973,0.16619973
52,27,3251,0.16171598,16.022236,5.710746,0.70737267,0.16619933,0.16619933
52,28,3252,0.1617336,16.023823,5.710827,0.70742303,0.16619982,0.16619982
52,29,3253,0.16175127,16.025097,5.7109237,0.7074813,0.1662024,0.1662024
52,30,3254,0.16176021,16.025564,5.711097,0.70748466,0.16620779,0.16620779
52,31,3255,0.16176292,16.025654,5.711075,0.70744663,0.16621067,0.16621067
52,32,3256,0.1617683,16.025826,5.7111077,0.7074101,0.16621068,0.16621068
52,33,3257,0.16177464,16.026031,5.711137,0.7073699,0.16621645,0.16621645
52,34,3258,0.1617924,16.027838,5.711104,0.7073338,0.16621809,0.16621809
52,35,3259,0.1618105,16.030485,5.7111835,0.7073907,0.16621691,0.16621691
52,36,3260,0.16182193,16.032705,5.711354,0.7074135,0.16623196,0.16623196
52,37,3261,0.16183138,16.034126,5.711481,0.7074595,0.16623324,0.16623324
52,38,3262,0.1618555,16.036522,5.711772,0.7074788,0.1662409,0.1662409
52,39,3263,0.16186859,16.038094,5.712127,0.707545,0.16624501,0.16624501
52,40,3264,0.16188572,16.040676,5.7123866,0.7075901,0.16624783,0.16624783
52,41,3265,0.16191939,16.042488,5.712534,0.7075511,0.16625059,0.16625059
52,42,3266,0.16193289,16.04328,5.7127323,0.70753485,0.166261,0.166261
52,43,3267,0.16194415,16.043427,5.713124,0.7076065,0.16626705,0.16626705
52,44,3268,0.16195643,16.044865,5.7132373,0.7076172,0.1662686,0.1662686
52,45,3269,0.1619731,16.047201,5.713411,0.707572,0.16627818,0.16627818
52,46,3270,0.16198157,16.047636,5.713538,0.7075566,0.16628781,0.16628781
52,47,3271,0.16198592,16.047943,5.7135954,0.7075217,0.16628566,0.16628566
52,48,3272,0.1619971,16.048326,5.7139454,0.707595,0.16628937,0.16628937
52,49,3273,0.16201691,16.050034,5.714135,0.7077418,0.16629125,0.16629125
52,50,3274,0.16203934,16.051527,5.714464,0.7077825,0.16630304,0.16630304
52,51,3275,0.16205817,16.053854,5.7146626,0.70776886,0.16631126,0.16631126
52,52,3276,0.16206184,16.054817,5.7149515,0.7077965,0.16632326,0.16632326
52,53,3277,0.16207278,16.055729,5.7151265,0.70779365,0.16632666,0.16632666
52,54,3278,0.16208448,16.056877,5.715434,0.7078083,0.16633292,0.16633292
52,55,3279,0.1620988,16.057953,5.715662,0.7078615,0.16633779,0.16633779
52,56,3280,0.16211136,16.059082,5.7157984,0.7078519,0.16634247,0.16634247
52,57,3281,0.16212872,16.060791,5.7159204,0.70781755,0.16634752,0.16634752
52,58,3282,0.1621355,16.061401,5.7160435,0.7078683,0.1663567,0.1663567
52,59,3283,0.16215385,16.063202,5.7162957,0.70791477,0.16636096,0.16636096
52,60,3284,0.16217472,16.066298,5.716492,0.7079798,0.16637,0.16637
52,61,3285,0.16219716,16.069534,5.71666,0.708014,0.16637808,0.16637808
53,0,3286,0.16221498,16.0716,5.7167997,0.7080772,0.16638358,0.16638358
53,1,3287,0.16222163,16.07258,5.717096,0.7081561,0.16640027,0.16640027
53,2,3288,0.16223614,16.07424,5.7171407,0.7081609,0.16640458,0.16640458
53,3,3289,0.16224451,16.0757,5.717139,0.708131,0.16640005,0.16640005
53,4,3290,0.16225503,16.076538,5.717319,0.7081311,0.16640043,0.16640043
53,5,3291,0.16226804,16.07776,5.7173653,0.7081302,0.16639929,0.16639929
53,6,3292,0.16227396,16.077827,5.717687,0.70814735,0.16640793,0.16640793
53,7,3293,0.16228855,16.079245,5.7179856,0.70816654,0.1664202,0.1664202
53,8,3294,0.16229807,16.080019,5.7182193,0.7082018,0.16642131,0.16642131
53,9,3295,0.16231093,16.080568,5.718625,0.70820206,0.16643839,0.16643839
53,10,3296,0.16231823,16.081602,5.7188134,0.70820767,0.1664445,0.1664445
53,11,3297,0.16232745,16.083082,5.719064,0.7082608,0.1664486,0.1664486
53,12,3298,0.16233341,16.084217,5.719105,0.7082681,0.16644558,0.16644558
53,13,3299,0.16235596,16.08494,5.7191153,0.7082384,0.16644934,0.16644934
53,14,3300,0.16237137,16.086546,5.7192855,0.70829064,0.16645189,0.16645189
53,15,3301,0.16239679,16.08774,5.719489,0.70824957,0.16645397,0.16645397
53,16,3302,0.16241711,16.08908,5.719977,0.70829886,0.16646156,0.16646156
53,17,3303,0.16242811,16.08996,5.7203946,0.7083514,0.16646637,0.16646637
53,18,3304,0.1624342,16.091194,5.720616,0.70842505,0.16646764,0.16646764
53,19,3305,0.16244152,16.092682,5.721058,0.70847505,0.16647196,0.16647196
53,20,3306,0.16245165,16.09309,5.7212715,0.70852566,0.16647643,0.16647643
53,21,3307,0.1624796,16.094673,5.721225,0.7085649,0.16647357,0.16647357
53,22,3308,0.16249768,16.096514,5.7213106,0.70864075,0.16647597,0.16647597
53,23,3309,0.1625072,16.097736,5.721407,0.70864636,0.16647708,0.16647708
53,24,3310,0.16251884,16.099161,5.72134,0.7086008,0.16647649,0.16647649
53,25,3311,0.16252969,16.099865,5.7215056,0.70859444,0.16649309,0.16649309
53,26,3312,0.16254804,16.101631,5.7216334,0.7086252,0.1664983,0.1664983
53,27,3313,0.16255248,16.101814,5.7218795,0.7086598,0.16650489,0.16650489
53,28,3314,0.16256057,16.103004,5.7219934,0.70870036,0.16650724,0.16650724
53,29,3315,0.16257423,16.104338,5.722115,0.70872176,0.1665043,0.1665043
53,30,3316,0.1625874,16.105452,5.722267,0.7087431,0.16650946,0.16650946
53,31,3317,0.16259181,16.106562,5.7225056,0.7087351,0.16651377,0.16651377
53,32,3318,0.16260949,16.107828,5.722546,0.70869654,0.16651402,0.16651402
53,33,3319,0.16264686,16.108698,5.7225456,0.70873094,0.16650856,0.16650856
53,34,3320,0.16268636,16.109613,5.722469,0.70873106,0.16650699,0.16650699
53,35,3321,0.16270036,16.111559,5.7224927,0.70870024,0.16651501,0.16651501
53,36,3322,0.16271697,16.113039,5.7224936,0.70871234,0.16651566,0.16651566
53,37,3323,0.16272967,16.114706,5.722557,0.7087547,0.16651596,0.16651596
53,38,3324,0.16274601,16.116488,5.7227674,0.70879763,0.16651909,0.16651909
53,39,3325,0.16276017,16.117481,5.722928,0.7088327,0.16652957,0.16652957
53,40,3326,0.16277291,16.11877,5.723119,0.7088526,0.1665316,0.1665316
53,41,3327,0.16277446,16.119957,5.7233047,0.7088533,0.16653411,0.16653411
53,42,3328,0.16279757,16.120962,5.7234135,0.7088532,0.16653685,0.16653685
53,43,3329,0.16282526,16.122595,5.7234406,0.70888644,0.16653495,0.16653495
53,44,3330,0.16284107,16.12385,5.723726,0.708872,0.1665474,0.1665474
53,45,3331,0.16285029,16.125315,5.7237835,0.70885015,0.16654828,0.16654828
53,46,3332,0.16285731,16.126888,5.7238245,0.708846,0.16655232,0.16655232
53,47,3333,0.16287017,16.1274,5.7238827,0.7088678,0.1665553,0.1665553
53,48,3334,0.1628742,16.127523,5.7238765,0.70887834,0.1665506,0.1665506
53,49,3335,0.16288325,16.128317,5.724005,0.70893663,0.16655007,0.16655007
53,50,3336,0.16288951,16.12847,5.7240252,0.7088752,0.16655558,0.16655558
53,51,3337,0.16289872,16.12968,5.723925,0.70881665,0.16655155,0.16655155
53,52,3338,0.16291626,16.132116,5.723865,0.708763,0.16655089,0.16655089
53,53,3339,0.16293977,16.133907,5.7239356,0.70882875,0.16654727,0.16654727
53,54,3340,0.1629532,16.134886,5.724141,0.70886075,0.16655359,0.16655359
53,55,3341,0.16297226,16.136587,5.7242126,0.7088264,0.16655229,0.16655229
53,56,3342,0.16299032,16.138485,5.7243004,0.7088334,0.1665537,0.1665537
53,57,3343,0.16300385,16.139305,5.724518,0.70887476,0.16656187,0.16656187
53,58,3344,0.16300958,16.13967,5.7247314,0.7088461,0.16657494,0.16657494
53,59,3345,0.16302049,16.141045,5.7250166,0.708916,0.1665824,0.1665824
53,60,3346,0.16303313,16.142385,5.7250752,0.7089162,0.16658475,0.16658475
53,61,3347,0.1630506,16.144335,5.7251306,0.70896226,0.16658266,0.16658266
54,0,3348,0.16305932,16.144861,5.7253604,0.70902795,0.16658837,0.16658837
54,1,3349,0.16307393,16.147488,5.725394,0.7090012,0.16659133,0.16659133
54,2,3350,0.1630885,16.148867,5.725474,0.70905197,0.16658795,0.16658795
54,3,3351,0.16309881,16.149443,5.7254796,0.70905125,0.16658933,0.16658933
54,4,3352,0.16311777,16.15252,5.725564,0.7090907,0.16659003,0.16659003
54,5,3353,0.16312361,16.153082,5.7256184,0.70912075,0.16659372,0.16659372
54,6,3354,0.16313383,16.15463,5.725549,0.7091031,0.166597,0.166597
54,7,3355,0.1631399,16.155403,5.7256827,0.7091302,0.16660658,0.16660658
54,8,3356,0.16314736,16.156239,5.7258644,0.7091553,0.16661154,0.16661154
54,9,3357,0.16317463,16.159006,5.725935,0.7091476,0.16661087,0.16661087
54,10,3358,0.1631838,16.160208,5.726049,0.70912194,0.16661026,0.16661026
54,11,3359,0.16320045,16.162262,5.7261047,0.70910275,0.16660552,0.16660552
54,12,3360,0.16320506,16.163189,5.7262244,0.7091383,0.16660714,0.16660714
54,13,3361,0.16321139,16.163742,5.7261934,0.7091123,0.16660662,0.16660662
54,14,3362,0.1632145,16.164028,5.7262383,0.7091128,0.1666034,0.1666034
54,15,3363,0.16323031,16.16507,5.7262897,0.70916677,0.16660024,0.16660024
54,16,3364,0.16324273,16.166494,5.7264524,0.7092255,0.1665984,0.1665984
54,17,3365,0.163255,16.16729,5.7265844,0.70924276,0.16660166,0.16660166
54,18,3366,0.16326356,16.168816,5.7268395,0.7092655,0.16661078,0.16661078
54,19,3367,0.16327807,16.170315,5.7271323,0.7092505,0.16661449,0.16661449
54,20,3368,0.16330081,16.172235,5.727041,0.70924866,0.16661794,0.16661794
54,21,3369,0.16331443,16.172903,5.7272267,0.7093542,0.16662058,0.16662058
54,22,3370,0.16332993,16.174183,5.727288,0.7094059,0.16661453,0.16661453
54,23,3371,0.16334607,16.176346,5.727296,0.70940447,0.16661811,0.16661811
54,24,3372,0.16335432,16.176828,5.72751,0.7093997,0.16663493,0.16663493
54,25,3373,0.16336729,16.177887,5.727532,0.7094308,0.16663906,0.16663906
54,26,3374,0.16337454,16.179043,5.727784,0.70946336,0.16663644,0.16663644
54,27,3375,0.16339077,16.179916,5.727902,0.70945805,0.1666423,0.1666423
54,28,3376,0.16341867,16.182583,5.7280703,0.7094825,0.16664912,0.16664912
54,29,3377,0.16344191,16.18381,5.7283196,0.70949364,0.1666575,0.1666575
54,30,3378,0.16345657,16.184763,5.7284293,0.7095583,0.1666536,0.1666536
54,31,3379,0.16346778,16.186289,5.728507,0.70953315,0.1666604,0.1666604
54,32,3380,0.16349049,16.18775,5.7285514,0.7095009,0.16666435,0.16666435
54,33,3381,0.16351373,16.190723,5.728637,0.7094602,0.1666681,0.1666681
54,34,3382,0.16353141,16.191599,5.7286263,0.7094569,0.16667017,0.16667017
54,35,3383,0.16354305,16.192644,5.7287464,0.7094672,0.1666751,0.1666751
54,36,3384,0.16355322,16.194386,5.728907,0.7095119,0.16668183,0.16668183
54,37,3385,0.16356523,16.195927,5.7288175,0.7094466,0.16667874,0.16667874
54,38,3386,0.16357486,16.197565,5.7289863,0.70943725,0.1666894,0.1666894
54,39,3387,0.1635805,16.198027,5.7290096,0.70942307,0.16668928,0.16668928
54,40,3388,0.16358764,16.198341,5.729007,0.7094306,0.16667962,0.16667962
54,41,3389,0.16359887,16.198858,5.7290583,0.70944095,0.16668104,0.16668104
54,42,3390,0.16360936,16.199516,5.729051,0.70942736,0.16668591,0.16668591
54,43,3391,0.16363072,16.200806,5.7289624,0.70937,0.16668344,0.16668344
54,44,3392,0.1636417,16.201025,5.729069,0.70940155,0.16668274,0.16668274
54,45,3393,0.16365705,16.2021,5.728941,0.70937794,0.16667917,0.16667917
54,46,3394,0.16367488,16.203102,5.729033,0.7092967,0.16668639,0.16668639
54,47,3395,0.16368744,16.20453,5.7291565,0.7093474,0.16668627,0.16668627
54,48,3396,0.16369638,16.205511,5.729209,0.7092928,0.16668853,0.16668853
54,49,3397,0.16370973,16.206734,5.729362,0.70929277,0.16669169,0.16669169
54,50,3398,0.16373998,16.208807,5.729478,0.70921844,0.16669312,0.16669312
54,51,3399,0.16375123,16.210276,5.729793,0.7092482,0.16669427,0.16669427
54,52,3400,0.16375561,16.211748,5.729774,0.7092232,0.16669177,0.16669177
54,53,3401,0.16376218,16.212315,5.7297993,0.70925444,0.16669413,0.16669413
54,54,3402,0.1637739,16.21291,5.7298017,0.709255,0.16669591,0.16669591
54,55,3403,0.16380152,16.21418,5.7298117,0.70922166,0.16669863,0.16669863
54,56,3404,0.1638273,16.21646,5.729748,0.709193,0.16669971,0.16669971
54,57,3405,0.16383943,16.217781,5.7298875,0.70930403,0.16670609,0.16670609
54,58,3406,0.16384709,16.219238,5.7299786,0.7092972,0.16670482,0.16670482
54,59,3407,0.1638611,16.220974,5.730074,0.70930326,0.1667058,0.1667058
54,60,3408,0.16388315,16.222511,5.729943,0.7092449,0.1667036,0.1667036
54,61,3409,0.16389789,16.22483,5.7300043,0.7093076,0.1667036,0.1667036
55,0,3410,0.16391172,16.224619,5.73007,0.7093341,0.16670932,0.16670932
55,1,3411,0.16391301,16.224964,5.7301774,0.7093786,0.16671027,0.16671027
55,2,3412,0.16392666,16.225946,5.7302074,0.70936,0.16671057,0.16671057
55,3,3413,0.1639333,16.226969,5.7302313,0.7093778,0.16671306,0.16671306
55,4,3414,0.16395356,16.228401,5.7302012,0.70937556,0.16671252,0.16671252
55,5,3415,0.1639638,16.230333,5.730413,0.7094004,0.16671611,0.16671611
55,6,3416,0.1639798,16.232086,5.730442,0.7095082,0.16671297,0.16671297
55,7,3417,0.16399229,16.23432,5.7305236,0.70958555,0.1667083,0.1667083
55,8,3418,0.16401543,16.237715,5.730476,0.7095947,0.16670467,0.16670467
55,9,3419,0.16403502,16.240294,5.730494,0.7095826,0.16670454,0.16670454
55,10,3420,0.1640396,16.241255,5.730389,0.7095766,0.16669773,0.16669773
55,11,3421,0.16405222,16.242987,5.7303658,0.7095293,0.1666939,0.1666939
55,12,3422,0.16406569,16.24481,5.7304535,0.7095601,0.16669375,0.16669375
55,13,3423,0.16407883,16.24537,5.730556,0.70959586,0.16669524,0.16669524
55,14,3424,0.16408442,16.246077,5.730546,0.70960695,0.16668989,0.16668989
55,15,3425,0.16409886,16.24731,5.730623,0.7095507,0.16668601,0.16668601
55,16,3426,0.1641193,16.248175,5.730686,0.70950496,0.16669185,0.16669185
55,17,3427,0.16413437,16.248428,5.7306056,0.7094486,0.16669075,0.16669075
55,18,3428,0.16414773,16.249426,5.730533,0.70940995,0.16668867,0.16668867
55,19,3429,0.16416937,16.250134,5.7304587,0.70938057,0.16668437,0.16668437
55,20,3430,0.16417676,16.250738,5.7304454,0.70936435,0.1666855,0.1666855
55,21,3431,0.16418718,16.251537,5.730473,0.7094528,0.16668715,0.16668715
55,22,3432,0.16420625,16.253721,5.7303987,0.7094606,0.16668537,0.16668537
55,23,3433,0.16421649,16.255503,5.7304773,0.7094395,0.16668284,0.16668284
55,24,3434,0.16421887,16.256363,5.7305446,0.70944047,0.16668344,0.16668344
55,25,3435,0.1642253,16.257065,5.7306643,0.7094657,0.16668402,0.16668402
55,26,3436,0.16424352,16.258776,5.7308645,0.7094807,0.16668798,0.16668798
55,27,3437,0.16427296,16.260199,5.7309756,0.7094384,0.16669412,0.16669412
55,28,3438,0.16427988,16.26133,5.7311187,0.7094431,0.16669321,0.16669321
55,29,3439,0.16429305,16.263268,5.7311273,0.7094036,0.16669911,0.16669911
55,30,3440,0.16430268,16.264341,5.7311387,0.70935297,0.1667031,0.1667031
55,31,3441,0.16431257,16.264893,5.731233,0.70937043,0.16670363,0.16670363
55,32,3442,0.16432177,16.264814,5.731286,0.7093699,0.16670287,0.16670287
55,33,3443,0.16431923,16.264688,5.7313223,0.70933604,0.16670011,0.16670011
55,34,3444,0.16433641,16.266506,5.731382,0.70935005,0.16670252,0.16670252
55,35,3445,0.16435246,16.267956,5.731395,0.7093158,0.16670325,0.16670325
55,36,3446,0.16436112,16.268848,5.731354,0.7093094,0.16670536,0.16670536
55,37,3447,0.1643648,16.26854,5.7313533,0.709317,0.16670519,0.16670519
55,38,3448,0.16436681,16.269306,5.7312784,0.7092576,0.16670237,0.16670237
55,39,3449,0.16437419,16.269878,5.731343,0.7092706,0.16670142,0.16670142
55,40,3450,0.16438249,16.270697,5.7313604,0.70924723,0.16670388,0.16670388
55,41,3451,0.16439769,16.272146,5.7314057,0.709201,0.16670874,0.16670874
55,42,3452,0.16441558,16.273275,5.73163,0.7091683,0.16672124,0.16672124
55,43,3453,0.1644203,16.274424,5.731657,0.70915234,0.16672167,0.16672167
55,44,3454,0.16442987,16.274694,5.731748,0.7091213,0.1667264,0.1667264
55,45,3455,0.1644357,16.275682,5.7318454,0.7091429,0.16672932,0.16672932
55,46,3456,0.16445602,16.278822,5.7317624,0.7091734,0.16672198,0.16672198
55,47,3457,0.16446236,16.279913,5.731959,0.7091542,0.16673112,0.16673112
55,48,3458,0.1644808,16.283043,5.7319684,0.7091688,0.1667271,0.1667271
55,49,3459,0.16448721,16.283833,5.732032,0.70919865,0.1667335,0.1667335
55,50,3460,0.16449824,16.284225,5.7322316,0.70921165,0.16674063,0.16674063
55,51,3461,0.16450787,16.285038,5.7321854,0.709178,0.16674231,0.16674231
55,52,3462,0.16452761,16.287794,5.732321,0.70922214,0.16674364,0.16674364
55,53,3463,0.16453494,16.288885,5.7323647,0.7091896,0.16674939,0.16674939
55,54,3464,0.16456464,16.29026,5.7324996,0.7091754,0.16675493,0.16675493
55,55,3465,0.16457234,16.290613,5.7325225,0.70922005,0.16675428,0.16675428
55,56,3466,0.16457467,16.290436,5.7325983,0.7092801,0.16675545,0.16675545
55,57,3467,0.16458228,16.291838,5.732596,0.70930755,0.16675259,0.16675259
55,58,3468,0.16459857,16.292503,5.732504,0.7092877,0.1667539,0.1667539
55,59,3469,0.16460858,16.293419,5.7325516,0.7092635,0.16675417,0.16675417
55,60,3470,0.16461797,16.295095,5.732526,0.70921934,0.16675496,0.16675496
55,61,3471,0.16463155,16.296164,5.7326965,0.70927167,0.1667586,0.1667586
56,0,3472,0.1646443,16.296995,5.732665,0.70923376,0.16676266,0.16676266
56,1,3473,0.16465187,16.297665,5.7325163,0.70917183,0.16676389,0.16676389
56,2,3474,0.16466002,16.29895,5.7325983,0.70921934,0.16676517,0.16676517
56,3,3475,0.16467285,16.300594,5.7326355,0.70922124,0.16676508,0.16676508
56,4,3476,0.16468379,16.30226,5.7326927,0.70922434,0.16676804,0.16676804
56,5,3477,0.16469198,16.30292,5.732739,0.70923007,0.16676909,0.16676909
56,6,3478,0.1647108,16.303196,5.732909,0.70918393,0.16677363,0.16677363
56,7,3479,0.16471729,16.30438,5.732916,0.7092475,0.16677135,0.16677135
56,8,3480,0.1647293,16.305565,5.7327933,0.70922625,0.16676445,0.16676445
56,9,3481,0.1647453,16.30807,5.732813,0.70920676,0.16676582,0.16676582
56,10,3482,0.16475649,16.3095,5.7326684,0.7092068,0.1667589,0.1667589
56,11,3483,0.16476111,16.310078,5.732602,0.70916003,0.16675338,0.16675338
56,12,3484,0.16477911,16.312521,5.7325416,0.709163,0.1667448,0.1667448
56,13,3485,0.16479813,16.31341,5.7325106,0.70919865,0.16674085,0.16674085
56,14,3486,0.16480795,16.314243,5.7324834,0.7092328,0.16673663,0.16673663
56,15,3487,0.16481662,16.314337,5.732638,0.7092617,0.1667439,0.1667439
56,16,3488,0.16482964,16.31545,5.7327747,0.70928013,0.16674796,0.16674796
56,17,3489,0.1648503,16.316887,5.732691,0.70928574,0.16674708,0.16674708
56,18,3490,0.16486622,16.318125,5.7326865,0.7092736,0.16674323,0.16674323
56,19,3491,0.16486982,16.319073,5.7327914,0.7092945,0.16675137,0.16675137
56,20,3492,0.16487882,16.321043,5.732812,0.7093603,0.16675073,0.16675073
56,21,3493,0.16488832,16.32075,5.732798,0.7093115,0.16676076,0.16676076
56,22,3494,0.16490297,16.3222,5.732743,0.7092701,0.16675591,0.16675591
56,23,3495,0.16491736,16.324373,5.7326646,0.709253,0.16675355,0.16675355
56,24,3496,0.16492449,16.325327,5.7327113,0.70929575,0.1667524,0.1667524
56,25,3497,0.1649386,16.325876,5.7327776,0.70932853,0.16675451,0.16675451
56,26,3498,0.16495484,16.326393,5.7329636,0.70935506,0.16675639,0.16675639
56,27,3499,0.16497463,16.329277,5.733156,0.70945024,0.16675253,0.16675253
56,28,3500,0.16499159,16.33143,5.733206,0.7095286,0.16674483,0.16674483
56,29,3501,0.16509265,16.349707,5.733825,0.7101717,0.16674136,0.16674136
56,30,3502,0.16521156,16.372915,5.7340183,0.7101711,0.16674736,0.16674736
56,31,3503,0.16524975,16.379288,5.734055,0.7101627,0.1667475,0.1667475
56,32,3504,0.16528082,16.382412,5.7340713,0.71019065,0.16675101,0.16675101
56,33,3505,0.16531178,16.38704,5.734143,0.71017057,0.16675556,0.16675556
56,34,3506,0.16534188,16.389938,5.734063,0.7101272,0.16675562,0.16675562
56,35,3507,0.1653566,16.391594,5.733997,0.71010464,0.16674772,0.16674772
56,36,3508,0.16536108,16.391558,5.7339463,0.7100333,0.16674489,0.16674489
56,37,3509,0.16536918,16.392296,5.7340612,0.7100574,0.16674744,0.16674744
56,38,3510,0.16538042,16.393658,5.7340975,0.71001077,0.1667459,0.1667459
56,39,3511,0.16538194,16.393538,5.7342,0.7100197,0.16675268,0.16675268
56,40,3512,0.1653878,16.394108,5.7341485,0.7100252,0.16675334,0.16675334
56,41,3513,0.16540167,16.394245,5.7339363,0.7099833,0.16675162,0.16675162
56,42,3514,0.16540837,16.393911,5.7339697,0.7099548,0.16675512,0.16675512
56,43,3515,0.16540954,16.39325,5.7338667,0.70991784,0.16675399,0.16675399
56,44,3516,0.16541192,16.393461,5.7337627,0.70986944,0.16676,0.16676
56,45,3517,0.16541797,16.39362,5.733795,0.70983535,0.16676103,0.16676103
56,46,3518,0.16542041,16.394201,5.7337356,0.70983833,0.16675915,0.16675915
56,47,3519,0.16543444,16.394844,5.733811,0.70986474,0.1667658,0.1667658
56,48,3520,0.1654479,16.396358,5.73368,0.70980585,0.16676229,0.16676229
56,49,3521,0.16545591,16.396973,5.7337613,0.7097655,0.16676813,0.16676813
56,50,3522,0.16546588,16.3979,5.733977,0.70978975,0.16677085,0.16677085
56,51,3523,0.16547176,16.398296,5.7339983,0.70980847,0.16676569,0.16676569
56,52,3524,0.16548434,16.399748,5.7340145,0.70979214,0.16676025,0.16676025
56,53,3525,0.16549954,16.399664,5.734215,0.70983094,0.16676132,0.16676132
56,54,3526,0.1655095,16.400639,5.7342525,0.7097923,0.16676751,0.16676751
56,55,3527,0.16551846,16.40133,5.734281,0.7098007,0.16676493,0.16676493
56,56,3528,0.16554023,16.403978,5.734116,0.7097471,0.1667607,0.1667607
56,57,3529,0.16556007,16.405293,5.734262,0.7097136,0.16676264,0.16676264
56,58,3530,0.16557312,16.405922,5.734289,0.70972127,0.16675925,0.16675925
56,59,3531,0.16558635,16.406445,5.7343254,0.70968795,0.16676119,0.16676119
56,60,3532,0.16559938,16.40747,5.7343526,0.70964646,0.16675843,0.16675843
56,61,3533,0.16560614,16.408525,5.7343593,0.70969814,0.1667538,0.1667538
57,0,3534,0.16561633,16.4094,5.734454,0.70971423,0.16675332,0.16675332
57,1,3535,0.16561538,16.409603,5.7345057,0.7097258,0.16674739,0.16674739
57,2,3536,0.16563787,16.412052,5.734454,0.70971537,0.16674025,0.16674025
57,3,3537,0.16566405,16.413435,5.734356,0.70968485,0.16673724,0.16673724
57,4,3538,0.16566993,16.413494,5.7343698,0.70963717,0.16674143,0.16674143
57,5,3539,0.16567418,16.414326,5.734345,0.70962393,0.16674668,0.16674668
57,6,3540,0.16567856,16.415382,5.734318,0.7095835,0.16674465,0.16674465
57,7,3541,0.16567625,16.415304,5.7343965,0.7095466,0.16674797,0.16674797
57,8,3542,0.16568112,16.415926,5.734435,0.70951426,0.16675173,0.16675173
57,9,3543,0.16568965,16.416567,5.7344546,0.70951,0.16675341,0.16675341
57,10,3544,0.16569887,16.41752,5.734294,0.7095165,0.16675171,0.16675171
57,11,3545,0.16570705,16.418303,5.7343116,0.7095146,0.16674656,0.16674656
57,12,3546,0.1657209,16.419352,5.7343554,0.70956093,0.16674125,0.16674125
57,13,3547,0.1657384,16.420675,5.734291,0.7095603,0.16673805,0.16673805
57,14,3548,0.16575032,16.421396,5.7341084,0.70950973,0.16673303,0.16673303
57,15,3549,0.16576605,16.422373,5.7340307,0.7094511,0.16673103,0.16673103
57,16,3550,0.16577649,16.42323,5.7339315,0.7094426,0.16673225,0.16673225
57,17,3551,0.16578367,16.424128,5.7338104,0.7094194,0.16672719,0.16672719
57,18,3552,0.16578937,16.424072,5.733721,0.7094265,0.16672716,0.16672716
57,19,3553,0.16579714,16.424067,5.733726,0.709392,0.1667342,0.1667342
57,20,3554,0.16580029,16.424036,5.7338786,0.7093556,0.16673785,0.16673785
57,21,3555,0.16581038,16.425041,5.734085,0.70934236,0.16674511,0.16674511
57,22,3556,0.1658272,16.426786,5.733884,0.7093042,0.16674367,0.16674367
57,23,3557,0.16584337,16.428005,5.733973,0.7093436,0.16673835,0.16673835
57,24,3558,0.16585808,16.430273,5.734022,0.709399,0.16673777,0.16673777
57,25,3559,0.16586365,16.43092,5.7340055,0.709395,0.16673675,0.16673675
57,26,3560,0.16587657,16.432793,5.7340374,0.7094158,0.16672845,0.16672845
57,27,3561,0.16589434,16.435013,5.733932,0.7093632,0.16672835,0.16672835
57,28,3562,0.16591175,16.436228,5.734007,0.70937645,0.16673519,0.16673519
57,29,3563,0.16592082,16.436258,5.7340755,0.70939857,0.16673493,0.16673493
57,30,3564,0.1659394,16.43761,5.7340236,0.70939815,0.166736,0.166736
57,31,3565,0.16595237,16.438828,5.7339296,0.7093236,0.1667333,0.1667333
57,32,3566,0.16595376,16.43919,5.7339067,0.70930123,0.16672914,0.16672914
57,33,3567,0.16596644,16.439974,5.733954,0.70929587,0.16672271,0.16672271
57,34,3568,0.16597556,16.44075,5.733924,0.709238,0.16672,0.16672
57,35,3569,0.16599533,16.44189,5.733899,0.70925844,0.16671935,0.16671935
57,36,3570,0.16599835,16.44175,5.7339716,0.70919794,0.16672762,0.16672762
57,37,3571,0.16601427,16.44337,5.733992,0.70918894,0.16673288,0.16673288
57,38,3572,0.16601664,16.443499,5.73401,0.70913875,0.16673027,0.16673027
57,39,3573,0.16601992,16.443464,5.734038,0.7091386,0.16673033,0.16673033
57,40,3574,0.1660397,16.446505,5.7340364,0.7091443,0.16673116,0.16673116
57,41,3575,0.16605285,16.4478,5.7340527,0.70923924,0.16672751,0.16672751
57,42,3576,0.16606094,16.44818,5.734098,0.70927864,0.16673224,0.16673224
57,43,3577,0.16608682,16.450314,5.734006,0.70926,0.1667269,0.1667269
57,44,3578,0.16609946,16.452652,5.733966,0.709268,0.16672316,0.16672316
57,45,3579,0.16611251,16.453352,5.7338424,0.7092537,0.16672195,0.16672195
57,46,3580,0.16611552,16.454119,5.733827,0.7092337,0.16672163,0.16672163
57,47,3581,0.16612178,16.454916,5.733944,0.70925075,0.16672575,0.16672575
57,48,3582,0.1661347,16.456596,5.7340994,0.70924526,0.16672438,0.16672438
57,49,3583,0.16615066,16.458899,5.7341275,0.7092502,0.16672578,0.16672578
57,50,3584,0.1661558,16.459618,5.734031,0.70928156,0.16672456,0.16672456
57,51,3585,0.16616482,16.460905,5.734034,0.70925117,0.16672157,0.16672157
57,52,3586,0.16619599,16.462759,5.734032,0.70924014,0.166719,0.166719
57,53,3587,0.16623461,16.464727,5.733936,0.70920575,0.16671991,0.16671991
57,54,3588,0.16624704,16.465918,5.7339416,0.70918435,0.16672245,0.16672245
57,55,3589,0.16625541,16.46693,5.73394,0.7091707,0.1667238,0.1667238
57,56,3590,0.16625553,16.467352,5.733987,0.7091609,0.16672145,0.16672145
57,57,3591,0.16626692,16.468292,5.733987,0.7091406,0.16671908,0.16671908
57,58,3592,0.16626751,16.46898,5.7340817,0.70916426,0.16672318,0.16672318
57,59,3593,0.16627218,16.46958,5.7341204,0.7091828,0.16672938,0.16672938
57,60,3594,0.16627829,16.470654,5.734046,0.70918494,0.16672337,0.16672337
57,61,3595,0.1662944,16.471684,5.734048,0.70923674,0.1667238,0.1667238
58,0,3596,0.16631539,16.473753,5.7339334,0.70919734,0.16672505,0.16672505
58,1,3597,0.16633281,16.476025,5.7339897,0.70919937,0.16672172,0.16672172
58,2,3598,0.16633925,16.4779,5.7340546,0.70923984,0.16671911,0.16671911
58,3,3599,0.16634029,16.478235,5.7340045,0.7092617,0.1667171,0.1667171
58,4,3600,0.16635165,16.479397,5.734054,0.7092769,0.16671951,0.16671951
58,5,3601,0.16636685,16.481207,5.7339807,0.7092332,0.16672063,0.16672063
58,6,3602,0.16638653,16.483631,5.734008,0.70918494,0.16671975,0.16671975
58,7,3603,0.16641566,16.484968,5.733975,0.7092207,0.1667144,0.1667144
58,8,3604,0.16643144,16.486355,5.734008,0.70917916,0.16671723,0.16671723
58,9,3605,0.16644488,16.48719,5.7339015,0.7091656,0.16671215,0.16671215
58,10,3606,0.16645363,16.487194,5.733794,0.709187,0.16670965,0.16670965
58,11,3607,0.16645852,16.48808,5.7338786,0.70924294,0.1667134,0.1667134
58,12,3608,0.16646516,16.48891,5.733779,0.70925105,0.166709,0.166709
58,13,3609,0.1664845,16.49069,5.733756,0.70927083,0.16670722,0.16670722
58,14,3610,0.1664976,16.49218,5.733671,0.70928645,0.16670445,0.16670445
58,15,3611,0.16650635,16.493298,5.733664,0.70929897,0.16670467,0.16670467
58,16,3612,0.16650978,16.49383,5.73366,0.7093052,0.1667034,0.1667034
58,17,3613,0.16651504,16.49481,5.733575,0.70928574,0.16669738,0.16669738
58,18,3614,0.16652432,16.496246,5.73354,0.70931005,0.16668789,0.16668789
58,19,3615,0.16654181,16.49871,5.733588,0.70933175,0.16668583,0.16668583
58,20,3616,0.16655974,16.501015,5.733556,0.70932364,0.16668276,0.16668276
58,21,3617,0.16657543,16.503563,5.7335334,0.7093166,0.16667786,0.16667786
58,22,3618,0.16657816,16.504442,5.733643,0.7093237,0.16667922,0.16667922
58,23,3619,0.1666021,16.50567,5.7338433,0.70936817,0.16667752,0.16667752
58,24,3620,0.16660997,16.506874,5.734048,0.70943725,0.16667612,0.16667612
58,25,3621,0.16661051,16.507261,5.734112,0.7094408,0.16667451,0.16667451
58,26,3622,0.16661614,16.507473,5.734179,0.70943916,0.16667628,0.16667628
58,27,3623,0.16662036,16.50764,5.734293,0.7094792,0.1666752,0.1666752
58,28,3624,0.1666396,16.509598,5.734256,0.7095066,0.16667235,0.16667235
58,29,3625,0.16664454,16.5097,5.734215,0.70955235,0.16666555,0.16666555
58,30,3626,0.16664903,16.510252,5.7340617,0.7095128,0.16666369,0.16666369
58,31,3627,0.16666009,16.51188,5.733965,0.7094819,0.16665941,0.16665941
58,32,3628,0.16667315,16.512976,5.733957,0.70952404,0.16665961,0.16665961
58,33,3629,0.16670652,16.514072,5.7339015,0.7095892,0.1666544,0.1666544
58,34,3630,0.1667424,16.517311,5.733867,0.7096416,0.16664575,0.16664575
58,35,3631,0.16676277,16.520061,5.734018,0.709672,0.16664802,0.16664802
58,36,3632,0.166769,16.520613,5.7338715,0.70963025,0.16663921,0.16663921
58,37,3633,0.1667778,16.522364,5.7339444,0.70963156,0.16664283,0.16664283
58,38,3634,0.16678105,16.522259,5.733966,0.7096553,0.16664389,0.16664389
58,39,3635,0.16679555,16.524025,5.7338586,0.70962477,0.16663735,0.16663735
58,40,3636,0.16681322,16.525934,5.733784,0.7096128,0.16663831,0.16663831
58,41,3637,0.16682038,16.52609,5.733972,0.7095589,0.1666395,0.1666395
58,42,3638,0.1668275,16.526783,5.734113,0.7095247,0.16664252,0.16664252
58,43,3639,0.16684544,16.526772,5.734129,0.7095839,0.16664326,0.16664326
58,44,3640,0.16684969,16.527048,5.734298,0.70973146,0.16664256,0.16664256
58,45,3641,0.16686703,16.529919,5.7343616,0.70974153,0.16664079,0.16664079
58,46,3642,0.16689067,16.532907,5.734485,0.7097115,0.16664673,0.16664673
58,47,3643,0.16690421,16.534489,5.7345357,0.7096956,0.16664608,0.16664608
58,48,3644,0.16690916,16.534868,5.7345734,0.7096407,0.16665462,0.16665462
58,49,3645,0.16692504,16.537348,5.7345476,0.7096587,0.16665143,0.16665143
58,50,3646,0.16693395,16.537853,5.734666,0.7096943,0.16665687,0.16665687
58,51,3647,0.1669405,16.538433,5.7347784,0.70967215,0.16665801,0.16665801
58,52,3648,0.16694704,16.53959,5.7347226,0.7096787,0.16665818,0.16665818
58,53,3649,0.16696043,16.540588,5.734626,0.709633,0.16665567,0.16665567
58,54,3650,0.1669664,16.541716,5.7346044,0.70961875,0.16665553,0.16665553
58,55,3651,0.16697823,16.542934,5.73465,0.7096154,0.1666556,0.1666556
58,56,3652,0.1669907,16.543655,5.734433,0.70955944,0.16665107,0.16665107
58,57,3653,0.16701645,16.544601,5.7343645,0.7095633,0.16664483,0.16664483
58,58,3654,0.16701552,16.544142,5.7343106,0.7095354,0.16664267,0.16664267
58,59,3655,0.16701911,16.543743,5.7343264,0.7094983,0.16664135,0.16664135
58,60,3656,0.16702724,16.545538,5.7342796,0.7095043,0.16663784,0.16663784
58,61,3657,0.16703339,16.545805,5.734307,0.70950896,0.16663505,0.16663505
59,0,3658,0.16705328,16.547829,5.734193,0.70947427,0.16663325,0.16663325
59,1,3659,0.16706993,16.549137,5.7340097,0.70943123,0.16662201,0.16662201
59,2,3660,0.16708475,16.550919,5.7338257,0.70940804,0.16662018,0.16662018
59,3,3661,0.16710907,16.55372,5.733763,0.7093981,0.16661975,0.16661975
59,4,3662,0.16711855,16.555262,5.7336764,0.7094306,0.16661656,0.16661656
59,5,3663,0.16713108,16.556856,5.7335587,0.70942795,0.16661155,0.16661155
59,6,3664,0.1671449,16.558863,5.733425,0.7093822,0.16660744,0.16660744
59,7,3665,0.16714574,16.559563,5.733517,0.70934176,0.16661766,0.16661766
59,8,3666,0.16715918,16.561687,5.7335877,0.7093426,0.16661829,0.16661829
59,9,3667,0.16716602,16.563732,5.733596,0.7093127,0.16661744,0.16661744
59,10,3668,0.16717535,16.564753,5.733622,0.7093252,0.16661738,0.16661738
59,11,3669,0.16718155,16.56509,5.733626,0.70931596,0.16661878,0.16661878
59,12,3670,0.16720104,16.566256,5.7335615,0.709336,0.16661543,0.16661543
59,13,3671,0.16720799,16.566887,5.733502,0.7093454,0.16661438,0.16661438
59,14,3672,0.1672121,16.56756,5.7333717,0.70930386,0.16661043,0.16661043
59,15,3673,0.16721722,16.567753,5.7332687,0.709251,0.16660964,0.16660964
59,16,3674,0.16722845,16.568604,5.733286,0.7092365,0.16660601,0.16660601
59,17,3675,0.16723476,16.569412,5.7331543,0.7092542,0.1666006,0.1666006
59,18,3676,0.16724074,16.57104,5.732953,0.7092432,0.1665957,0.1665957
59,19,3677,0.16724458,16.572008,5.732846,0.7092355,0.16659515,0.16659515
59,20,3678,0.1672566,16.573936,5.7328815,0.7092029,0.16659877,0.16659877
59,21,3679,0.16726823,16.576021,5.7329063,0.7092119,0.16659336,0.16659336
59,22,3680,0.16729212,16.57705,5.73283,0.70919526,0.1665895,0.1665895
59,23,3681,0.1673019,16.578411,5.732781,0.70915467,0.16658597,0.16658597
59,24,3682,0.16731676,16.57987,5.7327995,0.70916516,0.16658671,0.16658671
59,25,3683,0.16732638,16.582014,5.733009,0.7092363,0.16659124,0.16659124
59,26,3684,0.16734138,16.584032,5.7329507,0.70923233,0.16658573,0.16658573
59,27,3685,0.16735671,16.585896,5.7328973,0.70924443,0.16658516,0.16658516
59,28,3686,0.16736943,16.588453,5.7327394,0.7092141,0.16657966,0.16657966
59,29,3687,0.16738722,16.590425,5.732657,0.7092199,0.1665737,0.1665737
59,30,3688,0.16739698,16.591236,5.732659,0.70925665,0.1665677,0.1665677
59,31,3689,0.16740245,16.592703,5.732566,0.7092853,0.16656448,0.16656448
59,32,3690,0.16741453,16.594664,5.7325354,0.7092381,0.16656418,0.16656418
59,33,3691,0.16742131,16.595905,5.7325854,0.70925194,0.16656227,0.16656227
59,34,3692,0.16743192,16.59715,5.7327566,0.7093214,0.16657175,0.16657175
59,35,3693,0.16743526,16.59764,5.732766,0.7093032,0.16657043,0.16657043
59,36,3694,0.16745329,16.598927,5.7327437,0.709354,0.1665696,0.1665696
59,37,3695,0.16745995,16.599339,5.7327895,0.7093665,0.16657288,0.16657288
59,38,3696,0.16746828,16.600588,5.7328386,0.7094153,0.1665699,0.1665699
59,39,3697,0.16748022,16.60213,5.732751,0.70941055,0.16656758,0.16656758
59,40,3698,0.16748965,16.603586,5.732698,0.7093894,0.16656859,0.16656859
59,41,3699,0.167501,16.606071,5.7325387,0.70935154,0.16656359,0.16656359
59,42,3700,0.16751508,16.60803,5.7325454,0.7094195,0.166561,0.166561
59,43,3701,0.16752367,16.609507,5.7323947,0.7094139,0.16655764,0.16655764
59,44,3702,0.16753553,16.61049,5.7323313,0.7093642,0.16655515,0.16655515
59,45,3703,0.16755491,16.61318,5.7323833,0.709359,0.16655701,0.16655701
59,46,3704,0.16756606,16.614868,5.7324605,0.70939785,0.16654801,0.16654801
59,47,3705,0.16758361,16.616362,5.732418,0.7093669,0.16655137,0.16655137
59,48,3706,0.16759424,16.617119,5.7325525,0.70937085,0.16655724,0.16655724
59,49,3707,0.16760896,16.618664,5.7324643,0.70935017,0.16655102,0.16655102
59,50,3708,0.16762698,16.619837,5.7324686,0.70932704,0.16655247,0.16655247
59,51,3709,0.16764155,16.620619,5.732448,0.70935374,0.16654809,0.16654809
59,52,3710,0.16764882,16.622225,5.7322903,0.70935065,0.16654487,0.16654487
59,53,3711,0.16767874,16.626635,5.7322235,0.7093013,0.1665395,0.1665395
59,54,3712,0.1676878,16.628183,5.7322197,0.709307,0.16654195,0.16654195
59,55,3713,0.16769646,16.629702,5.732092,0.70930326,0.16653456,0.16653456
59,56,3714,0.16771051,16.631199,5.7321734,0.70934284,0.1665376,0.1665376
59,57,3715,0.16772181,16.631393,5.7321024,0.7093365,0.16653523,0.16653523
59,58,3716,0.16775271,16.635439,5.7319775,0.70929116,0.1665266,0.1665266
59,59,3717,0.1677817,16.63964,5.731768,0.70930135,0.16652009,0.16652009
59,60,3718,0.167797,16.63999,5.731806,0.70928276,0.16651876,0.16651876
59,61,3719,0.16780259,16.640797,5.731763,0.70926976,0.1665193,0.1665193
60,0,3720,0.16780894,16.640953,5.7317142,0.7092356,0.16652082,0.16652082
60,1,3721,0.16781694,16.642609,5.7316265,0.70922875,0.16651537,0.16651537
60,2,3722,0.16782932,16.643131,5.7315917,0.7092333,0.1665062,0.1665062
60,3,3723,0.16784033,16.643589,5.7314324,0.7092387,0.1665012,0.1665012
60,4,3724,0.16784148,16.643728,5.73142,0.7092675,0.16649857,0.16649857
60,5,3725,0.1678506,16.645168,5.7313185,0.70926493,0.16649377,0.16649377
60,6,3726,0.16786385,16.647507,5.731255,0.7092693,0.16649194,0.16649194
60,7,3727,0.16786802,16.649067,5.7312164,0.70922416,0.16649225,0.16649225
60,8,3728,0.16787109,16.649504,5.731246,0.70926404,0.16648945,0.16648945
60,9,3729,0.16787907,16.650665,5.73121,0.70925933,0.16648552,0.16648552
60,10,3730,0.16788824,16.651894,5.731187,0.7092637,0.16648372,0.16648372
60,11,3731,0.16789536,16.652697,5.731201,0.7092899,0.1664769,0.1664769
60,12,3732,0.16790363,16.653708,5.7312083,0.70934516,0.1664779,0.1664779
60,13,3733,0.16792566,16.658167,5.731051,0.7093459,0.1664682,0.1664682
60,14,3734,0.16793591,16.659946,5.7308307,0.7093127,0.16646376,0.16646376
60,15,3735,0.16794482,16.660652,5.7308264,0.70929193,0.16647382,0.16647382
60,16,3736,0.16794755,16.660776,5.730889,0.70927763,0.16647449,0.16647449
60,17,3737,0.16795968,16.661152,5.730935,0.70930356,0.16647163,0.16647163
60,18,3738,0.1679751,16.663988,5.730878,0.70926493,0.1664675,0.1664675
60,19,3739,0.16798489,16.665306,5.730835,0.7092913,0.16646773,0.16646773
60,20,3740,0.16798729,16.665976,5.7308393,0.7093457,0.16646615,0.16646615
60,21,3741,0.16802406,16.667595,5.73081,0.7093701,0.16646203,0.16646203
60,22,3742,0.16804375,16.669355,5.730755,0.70938903,0.16645761,0.16645761
60,23,3743,0.16805884,16.671463,5.7308035,0.7093965,0.16645439,0.16645439
60,24,3744,0.16808525,16.673597,5.7307706,0.70938987,0.16645159,0.16645159
60,25,3745,0.16809382,16.67438,5.7306914,0.7093485,0.16645019,0.16645019
60,26,3746,0.16809401,16.674559,5.7306023,0.7093111,0.16644633,0.16644633
60,27,3747,0.16809972,16.675812,5.730691,0.70932716,0.16644521,0.16644521
60,28,3748,0.16809776,16.676193,5.7307334,0.7093354,0.16644333,0.16644333
60,29,3749,0.16810584,16.676027,5.730762,0.70935035,0.1664473,0.1664473
60,30,3750,0.16812928,16.679169,5.730741,0.70932114,0.16644675,0.16644675
60,31,3751,0.16813646,16.679033,5.7306595,0.7093142,0.16644578,0.16644578
60,32,3752,0.16814145,16.679768,5.730568,0.70928305,0.16644096,0.16644096
60,33,3753,0.16815238,16.68225,5.730421,0.7092554,0.16643272,0.16643272
60,34,3754,0.16816846,16.682974,5.73035,0.70921564,0.16643511,0.16643511
60,35,3755,0.16817126,16.682709,5.73019,0.70919263,0.16643165,0.16643165
60,36,3756,0.16818076,16.683617,5.730123,0.7091924,0.16643159,0.16643159
60,37,3757,0.16818686,16.683907,5.730073,0.70915806,0.1664315,0.1664315
60,38,3758,0.16818629,16.6841,5.729998,0.7091203,0.16642751,0.16642751
60,39,3759,0.168197,16.685497,5.73001,0.7091483,0.16643372,0.16643372
60,40,3760,0.16820449,16.685694,5.7298985,0.7091543,0.16642985,0.16642985
60,41,3761,0.16821873,16.686987,5.7298884,0.70914245,0.16642582,0.16642582
60,42,3762,0.16822964,16.688818,5.7298512,0.7091484,0.16642477,0.16642477
60,43,3763,0.16824424,16.690145,5.729777,0.7091108,0.16642143,0.16642143
60,44,3764,0.16825196,16.69102,5.7298026,0.70912606,0.16642265,0.16642265
60,45,3765,0.16825971,16.692007,5.729841,0.7091704,0.16642214,0.16642214
60,46,3766,0.16827841,16.693575,5.7299204,0.70921844,0.16641955,0.16641955
60,47,3767,0.16828674,16.695175,5.729862,0.709215,0.16641286,0.16641286
60,48,3768,0.16830388,16.698309,5.730113,0.70927966,0.16641748,0.16641748
60,49,3769,0.16830951,16.699419,5.730437,0.70928156,0.16642009,0.16642009
60,50,3770,0.16832235,16.700993,5.730385,0.70930773,0.16641681,0.16641681
60,51,3771,0.16834238,16.704847,5.730207,0.7092233,0.16641518,0.16641518
60,52,3772,0.16835956,16.70662,5.7301507,0.70919913,0.16641249,0.16641249
60,53,3773,0.1683783,16.706572,5.7301254,0.7092566,0.16640542,0.16640542
60,54,3774,0.16839078,16.706812,5.7300973,0.7092081,0.16640215,0.16640215
60,55,3775,0.16840339,16.707594,5.730005,0.70918876,0.16639774,0.16639774
60,56,3776,0.16840862,16.708326,5.73,0.70916927,0.16639577,0.16639577
60,57,3777,0.16840963,16.708664,5.7300153,0.7091363,0.16639374,0.16639374
60,58,3778,0.16843115,16.711962,5.7300453,0.7091109,0.16639589,0.16639589
60,59,3779,0.16845047,16.714401,5.729969,0.70913106,0.16639179,0.16639179
60,60,3780,0.16846056,16.715263,5.729933,0.70915884,0.16638942,0.16638942
60,61,3781,0.16848236,16.717192,5.7298346,0.709137,0.16638325,0.16638325
61,0,3782,0.1685148,16.718773,5.7299595,0.70914894,0.16638851,0.16638851
61,1,3783,0.16854182,16.720263,5.7298584,0.70909625,0.16638093,0.16638093
61,2,3784,0.16854975,16.721313,5.729801,0.7090671,0.16637836,0.16637836
61,3,3785,0.16855419,16.722143,5.7295938,0.70900047,0.16637734,0.16637734
61,4,3786,0.1685577,16.722765,5.7294316,0.7089725,0.16636854,0.16636854
61,5,3787,0.16855697,16.722923,5.729228,0.7089175,0.16636483,0.16636483
61,6,3788,0.16856042,16.723103,5.729023,0.7089235,0.16635665,0.16635665
61,7,3789,0.16856891,16.724497,5.7288914,0.70886767,0.16635974,0.16635974
61,8,3790,0.16857322,16.726627,5.728715,0.70886004,0.1663531,0.1663531
61,9,3791,0.16858199,16.727644,5.7287107,0.70887536,0.16635239,0.16635239
61,10,3792,0.16859432,16.72929,5.728635,0.70890814,0.16634877,0.16634877
61,11,3793,0.16860186,16.73066,5.7286124,0.7089107,0.16634491,0.16634491
61,12,3794,0.16861889,16.732615,5.7285743,0.708917,0.16633908,0.16633908
61,13,3795,0.16864146,16.736656,5.7284827,0.7089235,0.16633584,0.16633584
61,14,3796,0.16866632,16.73967,5.7284126,0.708947,0.16633148,0.16633148
61,15,3797,0.16868426,16.741987,5.72828,0.70891,0.1663288,0.1663288
61,16,3798,0.16869551,16.743517,5.7281737,0.7088739,0.16633019,0.16633019
61,17,3799,0.16870575,16.743925,5.728003,0.7087753,0.16632895,0.16632895
61,18,3800,0.16871479,16.744637,5.727948,0.70872205,0.16632214,0.16632214
61,19,3801,0.16871986,16.744936,5.7278852,0.7087177,0.16632162,0.16632162
61,20,3802,0.16873227,16.746923,5.7277937,0.70866823,0.166319,0.166319
61,21,3803,0.16874443,16.747227,5.7276754,0.7086387,0.1663131,0.1663131
61,22,3804,0.16874978,16.747684,5.727696,0.70865566,0.16631208,0.16631208
61,23,3805,0.1687535,16.748018,5.727724,0.70865154,0.16631296,0.16631296
61,24,3806,0.16877288,16.75085,5.727835,0.7086592,0.16631538,0.16631538
61,25,3807,0.1687888,16.753248,5.7277536,0.70860296,0.1663171,0.1663171
61,26,3808,0.16879985,16.75475,5.7277026,0.7085811,0.16631436,0.16631436
61,27,3809,0.16881366,16.755741,5.727641,0.70858353,0.16631249,0.16631249
61,28,3810,0.16882604,16.75676,5.727601,0.7085377,0.16631411,0.16631411
61,29,3811,0.1688322,16.758041,5.727621,0.7085754,0.16631363,0.16631363
61,30,3812,0.16884048,16.758904,5.727558,0.7085716,0.16630411,0.16630411
61,31,3813,0.16884449,16.759804,5.727509,0.7085144,0.16630597,0.16630597
61,32,3814,0.16885713,16.760391,5.727548,0.70854336,0.1663038,0.1663038
61,33,3815,0.1688625,16.761415,5.7275047,0.708549,0.16630214,0.16630214
61,34,3816,0.16886798,16.762081,5.727621,0.7085349,0.16630758,0.16630758
61,35,3817,0.16888157,16.76488,5.7275147,0.7085239,0.16630228,0.16630228
61,36,3818,0.16891667,16.770168,5.727325,0.7085273,0.16629197,0.16629197
61,37,3819,0.16893092,16.772902,5.727318,0.70849127,0.16628832,0.16628832
61,38,3820,0.16894555,16.773808,5.727433,0.7084579,0.16628926,0.16628926
61,39,3821,0.16895925,16.775469,5.7273917,0.7084963,0.16628003,0.16628003
61,40,3822,0.16896795,16.77599,5.727317,0.70848197,0.16627656,0.16627656
61,41,3823,0.16897863,16.777138,5.727105,0.7084688,0.16627032,0.16627032
61,42,3824,0.16899033,16.778845,5.72705,0.70847464,0.16626748,0.16626748
61,43,3825,0.16899738,16.780489,5.727092,0.70846903,0.16626783,0.16626783
61,44,3826,0.16901594,16.78169,5.727006,0.70847565,0.16626747,0.16626747
61,45,3827,0.16902716,16.782696,5.726865,0.70850986,0.16626112,0.16626112
61,46,3828,0.16903117,16.783754,5.7267323,0.70848113,0.16625078,0.16625078
61,47,3829,0.16903982,16.785625,5.7266717,0.7084848,0.1662447,0.1662447
61,48,3830,0.16905236,16.786423,5.726577,0.7084417,0.16624455,0.16624455
61,49,3831,0.16906367,16.787354,5.7265067,0.70841235,0.16624358,0.16624358
61,50,3832,0.16907081,16.788694,5.7265506,0.7083878,0.16624498,0.16624498
61,51,3833,0.16908015,16.789978,5.726652,0.7083213,0.16624704,0.16624704
61,52,3834,0.16908368,16.79053,5.7265677,0.7083288,0.16624402,0.16624402
61,53,3835,0.16909336,16.791763,5.726614,0.7083693,0.16624281,0.16624281
61,54,3836,0.16910078,16.792398,5.7266383,0.7084065,0.16624248,0.16624248
61,55,3837,0.16911174,16.793215,5.7265882,0.7084077,0.16623579,0.16623579
61,56,3838,0.16913894,16.7948,5.7267103,0.70847213,0.16624033,0.16624033
61,57,3839,0.16915499,16.79609,5.726569,0.7084499,0.16623634,0.16623634
61,58,3840,0.16916238,16.797716,5.726565,0.7084359,0.16623586,0.16623586
61,59,3841,0.16918264,16.798628,5.726549,0.7084862,0.16623537,0.16623537
61,60,3842,0.16919032,16.79897,5.726442,0.7084816,0.166233,0.166233
61,61,3843,0.16919637,16.799849,5.7263827,0.70845324,0.16623078,0.16623078
62,0,3844,0.16920102,16.800283,5.726321,0.7084705,0.16622348,0.16622348
62,1,3845,0.16920386,16.800505,5.726329,0.7084836,0.1662229,0.1662229
62,2,3846,0.16921341,16.80179,5.7263026,0.7084634,0.16622792,0.16622792
62,3,3847,0.16921937,16.801552,5.7263145,0.70843583,0.16623518,0.16623518
62,4,3848,0.16922295,16.802364,5.726309,0.7083932,0.1662422,0.1662422
62,5,3849,0.16922447,16.80272,5.726273,0.70841396,0.16624136,0.16624136
62,6,3850,0.16922984,16.80326,5.726166,0.7084439,0.16624188,0.16624188
62,7,3851,0.16925502,16.806734,5.7259502,0.70845884,0.16623515,0.16623515
62,8,3852,0.16927762,16.810154,5.725888,0.70847756,0.16623092,0.16623092
62,9,3853,0.16928369,16.810638,5.7258058,0.7084588,0.16622968,0.16622968
62,10,3854,0.16929406,16.813274,5.7257614,0.70847046,0.16622286,0.16622286
62,11,3855,0.1693046,16.81398,5.725655,0.70840806,0.16622461,0.16622461
62,12,3856,0.16930787,16.814474,5.7254844,0.7084243,0.16622022,0.16622022
62,13,3857,0.16931517,16.814598,5.725381,0.70842797,0.16621643,0.16621643
62,14,3858,0.16933155,16.817451,5.7252316,0.7084312,0.16621059,0.16621059
62,15,3859,0.16933979,16.817852,5.725272,0.7084588,0.16620994,0.16620994
62,16,3860,0.16935688,16.819685,5.7252893,0.7084754,0.16620992,0.16620992
62,17,3861,0.16937149,16.821075,5.7251344,0.70848316,0.1661987,0.1661987
62,18,3862,0.16938463,16.822577,5.7251253,0.70850784,0.16619758,0.16619758
62,19,3863,0.16939612,16.823414,5.725093,0.70851797,0.16619115,0.16619115
62,20,3864,0.16941138,16.825762,5.7249904,0.7084945,0.16618985,0.16618985
62,21,3865,0.16941379,16.82636,5.724972,0.708463,0.16618806,0.16618806
62,22,3866,0.1694187,16.82711,5.7249637,0.7084798,0.1661868,0.1661868
62,23,3867,0.16943005,16.828888,5.7248607,0.7084645,0.16619015,0.16619015
62,24,3868,0.16943859,16.829391,5.724782,0.7084531,0.16618417,0.16618417
62,25,3869,0.16946305,16.830248,5.724777,0.7084408,0.1661821,0.1661821
62,26,3870,0.16947791,16.831633,5.7245855,0.7084496,0.16617523,0.16617523
62,27,3871,0.16949216,16.83322,5.724447,0.7084444,0.16616994,0.16616994
62,28,3872,0.169505,16.835024,5.7243166,0.7084756,0.16616413,0.16616413
62,29,3873,0.16951622,16.836607,5.7244015,0.7084896,0.16616225,0.16616225
62,30,3874,0.16952947,16.838724,5.7244353,0.70849866,0.1661618,0.1661618
62,31,3875,0.16953442,16.839636,5.7243013,0.7084963,0.166156,0.166156
62,32,3876,0.16954425,16.840818,5.72421,0.70852077,0.16614848,0.16614848
62,33,3877,0.16955918,16.842344,5.724105,0.70849437,0.16614491,0.16614491
62,34,3878,0.16956982,16.843016,5.72418,0.7084997,0.16614634,0.16614634
62,35,3879,0.16958007,16.844334,5.7241817,0.70851856,0.1661413,0.1661413
62,36,3880,0.16959018,16.845718,5.724187,0.70856273,0.16613743,0.16613743
62,37,3881,0.16960129,16.847239,5.724157,0.7085476,0.16613382,0.16613382
62,38,3882,0.16961627,16.848629,5.7240386,0.70848244,0.16613024,0.16613024
62,39,3883,0.16962075,16.849245,5.723801,0.7084329,0.16612189,0.16612189
62,40,3884,0.169631,16.8494,5.7235975,0.7084211,0.16611601,0.16611601
62,41,3885,0.16963702,16.849703,5.723637,0.70844126,0.16612172,0.16612172
62,42,3886,0.16966146,16.852001,5.7234826,0.7084055,0.16611828,0.16611828
62,43,3887,0.1696783,16.853071,5.7232666,0.7083576,0.16611052,0.16611052
62,44,3888,0.16968799,16.854795,5.723165,0.7083577,0.16610764,0.16610764
62,45,3889,0.16970193,16.856756,5.723071,0.7083601,0.16610278,0.16610278
62,46,3890,0.16972505,16.859467,5.722981,0.7084235,0.16609223,0.16609223
62,47,3891,0.1697487,16.862516,5.7230515,0.7084394,0.16609019,0.16609019
62,48,3892,0.16976532,16.863914,5.722803,0.7084142,0.16608484,0.16608484
62,49,3893,0.16977689,16.865107,5.722704,0.708391,0.16607732,0.16607732
62,50,3894,0.16981119,16.86664,5.7226954,0.7083925,0.16608141,0.16608141
62,51,3895,0.16981947,16.867273,5.7227926,0.7084113,0.16608076,0.16608076
62,52,3896,0.16983247,16.867603,5.722801,0.7084559,0.1660782,0.1660782
62,53,3897,0.16984239,16.869392,5.7227144,0.70843434,0.16607687,0.16607687
62,54,3898,0.16984963,16.870792,5.7225747,0.7084084,0.16607003,0.16607003
62,55,3899,0.16986111,16.872131,5.7225375,0.7084345,0.1660655,0.1660655
62,56,3900,0.16987735,16.873165,5.722412,0.7083786,0.16606224,0.16606224
62,57,3901,0.16989917,16.877272,5.7224298,0.70846915,0.16606358,0.16606358
62,58,3902,0.169905,16.878286,5.7223163,0.70846826,0.16606335,0.16606335
62,59,3903,0.16991216,16.879044,5.7222085,0.7084855,0.16605979,0.16605979
62,60,3904,0.16992036,16.880999,5.722119,0.7084501,0.16605525,0.16605525
62,61,3905,0.1699261,16.881857,5.7222877,0.7084174,0.16605319,0.16605319
63,0,3906,0.16993958,16.8832,5.722171,0.70835245,0.1660511,0.1660511
63,1,3907,0.16996364,16.884884,5.7221518,0.7083373,0.16604893,0.16604893
63,2,3908,0.16996777,16.8849,5.722032,0.70833224,0.16604315,0.16604315
63,3,3909,0.16998115,16.886381,5.721978,0.70834506,0.16604045,0.16604045
63,4,3910,0.17000028,16.88828,5.7219543,0.7083413,0.16604252,0.16604252
63,5,3911,0.17000681,16.888805,5.7219076,0.70833313,0.16603628,0.16603628
63,6,3912,0.17001908,16.88974,5.721833,0.7083336,0.16603276,0.16603276
63,7,3913,0.17003776,16.89213,5.721801,0.708364,0.16602837,0.16602837
63,8,3914,0.17004591,16.893562,5.7218747,0.70830786,0.16602845,0.16602845
63,9,3915,0.17005983,16.895472,5.7217813,0.7083085,0.1660175,0.1660175
63,10,3916,0.17006642,16.8959,5.721561,0.7082764,0.16601413,0.16601413
63,11,3917,0.17006913,16.89635,5.7214594,0.70824456,0.16600922,0.16600922
63,12,3918,0.17007431,16.895803,5.7212925,0.7081828,0.16600497,0.16600497
63,13,3919,0.17009872,16.897959,5.7211466,0.7082021,0.16599843,0.16599843
63,14,3920,0.17010908,16.898758,5.72106,0.70821434,0.165994,0.165994
63,15,3921,0.17011587,16.899738,5.7210245,0.70820624,0.16599011,0.16599011
63,16,3922,0.17012925,16.901264,5.7210736,0.7082222,0.16599147,0.16599147
63,17,3923,0.17014125,16.902863,5.720928,0.70825547,0.16598447,0.16598447
63,18,3924,0.17014915,16.904406,5.7208066,0.7082272,0.16598774,0.16598774
63,19,3925,0.17016205,16.906448,5.720695,0.70822865,0.16598153,0.16598153
63,20,3926,0.17016245,16.907036,5.720536,0.7082083,0.16597494,0.16597494
63,21,3927,0.17016557,16.908173,5.720438,0.708195,0.1659734,0.1659734
63,22,3928,0.1701779,16.91023,5.720353,0.7081571,0.16596761,0.16596761
63,23,3929,0.1701905,16.911808,5.720335,0.7081912,0.16596526,0.16596526
63,24,3930,0.17019734,16.912104,5.7201777,0.7081825,0.1659552,0.1659552
63,25,3931,0.17020255,16.913158,5.7200236,0.7081939,0.16594914,0.16594914
63,26,3932,0.17021099,16.91403,5.7199273,0.7081463,0.16594303,0.16594303
63,27,3933,0.17022946,16.914902,5.719874,0.7080833,0.16594006,0.16594006
63,28,3934,0.17024934,16.915878,5.719794,0.7080567,0.16593806,0.16593806
63,29,3935,0.17025661,16.915579,5.719755,0.7080015,0.16593687,0.16593687
63,30,3936,0.17026447,16.916456,5.7195992,0.7079634,0.16593683,0.16593683
63,31,3937,0.17027837,16.917238,5.719516,0.70793766,0.16593464,0.16593464
63,32,3938,0.17030348,16.920815,5.7195272,0.7079299,0.16592915,0.16592915
63,33,3939,0.17030925,16.922,5.7195597,0.7079402,0.16592035,0.16592035
63,34,3940,0.17034465,16.923618,5.7195683,0.7079207,0.16591927,0.16591927
63,35,3941,0.17037721,16.92554,5.7194757,0.70791215,0.16591515,0.16591515
63,36,3942,0.17038094,16.925774,5.7194138,0.70794106,0.16590942,0.16590942
63,37,3943,0.1703881,16.926905,5.7192903,0.707902,0.16590603,0.16590603
63,38,3944,0.17039888,16.928207,5.719196,0.7078355,0.16590449,0.16590449
63,39,3945,0.17041492,16.92847,5.7191744,0.7077877,0.16590519,0.16590519
63,40,3946,0.17042363,16.929674,5.7190785,0.70773923,0.1659035,0.1659035
63,41,3947,0.17043239,16.931175,5.7190843,0.7076888,0.16590501,0.16590501
63,42,3948,0.17043723,16.931837,5.719027,0.7076934,0.16590276,0.16590276
63,43,3949,0.17044292,16.932669,5.7189813,0.70768356,0.16589592,0.16589592
63,44,3950,0.1704579,16.93377,5.7189493,0.7077051,0.16589257,0.16589257
63,45,3951,0.17047293,16.93562,5.718859,0.7077259,0.1658892,0.1658892
63,46,3952,0.1704759,16.93612,5.718699,0.7076722,0.1658818,0.1658818
63,47,3953,0.17049152,16.936975,5.7186046,0.7076271,0.1658809,0.1658809
63,48,3954,0.17050493,16.93893,5.7185755,0.70762306,0.16587502,0.16587502
63,49,3955,0.17051035,16.93981,5.718645,0.7075998,0.16587575,0.16587575
63,50,3956,0.17053372,16.940292,5.7186723,0.7076329,0.16587014,0.16587014
63,51,3957,0.17056185,16.940945,5.7186017,0.7075959,0.16587158,0.16587158
63,52,3958,0.17058054,16.942883,5.7187014,0.7076263,0.16586752,0.16586752
63,53,3959,0.17058787,16.94385,5.718671,0.7076002,0.16586637,0.16586637
63,54,3960,0.17060164,16.945911,5.718612,0.7075448,0.16586597,0.16586597
63,55,3961,0.17062496,16.94869,5.718516,0.7075726,0.16586569,0.16586569
63,56,3962,0.17063013,16.94971,5.7184215,0.7075549,0.1658652,0.1658652
63,57,3963,0.17064154,16.95183,5.7183065,0.7075591,0.16586012,0.16586012
63,58,3964,0.17065233,16.953808,5.7182097,0.7075435,0.16585736,0.16585736
63,59,3965,0.17065953,16.955122,5.718084,0.70751756,0.16585533,0.16585533
63,60,3966,0.17066956,16.956549,5.7178817,0.7074922,0.16584778,0.16584778
63,61,3967,0.17066991,16.95678,5.7178106,0.70751506,0.1658463,0.1658463
64,0,3968,0.17068893,16.959208,5.7178774,0.7075456,0.16585065,0.16585065
64,1,3969,0.17069349,16.961002,5.717889,0.7075599,0.1658479,0.1658479
64,2,3970,0.17070076,16.962242,5.7179556,0.70761013,0.1658504,0.1658504
64,3,3971,0.17071146,16.96361,5.717761,0.7076026,0.16584735,0.16584735
64,4,3972,0.17072617,16.965412,5.7176065,0.7076006,0.16584474,0.16584474
64,5,3973,0.17073971,16.966543,5.717509,0.7075615,0.16584603,0.16584603
64,6,3974,0.1707495,16.968504,5.7174664,0.70760113,0.16584562,0.16584562
64,7,3975,0.17075026,16.968697,5.717329,0.70756876,0.1658437,0.1658437
64,8,3976,0.1707663,16.969818,5.717226,0.70757025,0.16583863,0.16583863
64,9,3977,0.17079791,16.97001,5.717013,0.70756054,0.165831,0.165831
64,10,3978,0.17080304,16.970379,5.7169905,0.70755404,0.1658327,0.1658327
64,11,3979,0.17080367,16.970318,5.7169776,0.70757484,0.16582966,0.16582966
64,12,3980,0.17081906,16.971752,5.716814,0.7075209,0.16582714,0.16582714
64,13,3981,0.17082682,16.97299,5.7166934,0.7075313,0.16582021,0.16582021
64,14,3982,0.1708456,16.975166,5.716516,0.7074898,0.16581611,0.16581611
64,15,3983,0.17085409,16.976002,5.7163305,0.70744956,0.16581245,0.16581245
64,16,3984,0.17086892,16.977047,5.7162375,0.70745176,0.16580835,0.16580835
64,17,3985,0.17088144,16.978228,5.716216,0.7074245,0.16581213,0.16581213
64,18,3986,0.17089266,16.979738,5.7160525,0.70738244,0.16580918,0.16580918
64,19,3987,0.17090149,16.98051,5.716042,0.70738167,0.16580841,0.16580841
64,20,3988,0.17090547,16.981514,5.7160683,0.70742923,0.16580597,0.16580597
64,21,3989,0.1709156,16.982906,5.716021,0.70745647,0.16580361,0.16580361
64,22,3990,0.17092645,16.983763,5.7159677,0.70748675,0.1658009,0.1658009
64,23,3991,0.1709578,16.987091,5.715824,0.70743036,0.1658032,0.1658032
64,24,3992,0.17097348,16.989761,5.7158175,0.70741963,0.16579956,0.16579956
64,25,3993,0.17099126,16.993055,5.71577,0.70746636,0.16579609,0.16579609
64,26,3994,0.17099918,16.994518,5.715578,0.7074292,0.16579495,0.16579495
64,27,3995,0.17100058,16.995,5.7154756,0.7074168,0.16579366,0.16579366
64,28,3996,0.17100015,16.99571,5.7153616,0.70736766,0.1657879,0.1657879
64,29,3997,0.17101169,16.995262,5.7152424,0.7073689,0.16578604,0.16578604
64,30,3998,0.17103232,16.995626,5.7151,0.70736575,0.16577873,0.16577873
64,31,3999,0.17104182,16.99706,5.714957,0.7073373,0.16577159,0.16577159
64,32,4000,0.17105766,16.999027,5.7149634,0.7073732,0.16576774,0.16576774
64,33,4001,0.17106803,16.999544,5.7149186,0.707335,0.16576925,0.16576925
64,34,4002,0.17108178,17.001476,5.7149153,0.707344,0.16576554,0.16576554
64,35,4003,0.171098,17.003704,5.7148104,0.7073262,0.1657601,0.1657601
64,36,4004,0.17110503,17.005173,5.7146244,0.7073131,0.16575196,0.16575196
64,37,4005,0.17111664,17.006752,5.7144713,0.70729613,0.1657457,0.1657457
64,38,4006,0.17111866,17.006758,5.7143793,0.70732695,0.16574432,0.16574432
64,39,4007,0.17112765,17.007183,5.714176,0.7072727,0.16573997,0.16573997
64,40,4008,0.17113638,17.008543,5.7140565,0.70727175,0.16573448,0.16573448
64,41,4009,0.17114432,17.009277,5.7140293,0.7072965,0.1657306,0.1657306
64,42,4010,0.17117025,17.012156,5.713878,0.70725375,0.16572447,0.16572447
64,43,4011,0.17119975,17.016516,5.71382,0.70724005,0.16572493,0.16572493
64,44,4012,0.17121556,17.017874,5.7137294,0.7072679,0.16571835,0.16571835
64,45,4013,0.17122981,17.01899,5.713709,0.7072717,0.16571254,0.16571254
64,46,4014,0.17124937,17.020157,5.713764,0.70735055,0.16571482,0.16571482
64,47,4015,0.17126068,17.02153,5.713764,0.70741385,0.16571075,0.16571075
64,48,4016,0.17127526,17.022919,5.713726,0.707372,0.16571023,0.16571023
64,49,4017,0.1712903,17.0251,5.713625,0.70738274,0.16570622,0.16570622
64,50,4018,0.17130381,17.026638,5.713537,0.7073307,0.16570486,0.16570486
64,51,4019,0.17131117,17.028023,5.7134147,0.70733434,0.16570018,0.16570018
64,52,4020,0.17132589,17.029404,5.7133307,0.7073856,0.16569665,0.16569665
64,53,4021,0.17133637,17.031097,5.7132525,0.70741045,0.16569473,0.16569473
64,54,4022,0.1713498,17.032757,5.71327,0.7074757,0.1656939,0.1656939
64,55,4023,0.17135516,17.033405,5.71314,0.70747125,0.16568696,0.16568696
64,56,4024,0.17136037,17.03442,5.713027,0.7074575,0.16568042,0.16568042
64,57,4025,0.17137128,17.035604,5.7129335,0.7074811,0.16567734,0.16567734
64,58,4026,0.17139229,17.037035,5.7128043,0.7074626,0.16567609,0.16567609
64,59,4027,0.17140552,17.038855,5.7127266,0.7074913,0.16567118,0.16567118
64,60,4028,0.17140818,17.039125,5.7124267,0.70743215,0.16566005,0.16566005
64,61,4029,0.17141575,17.03974,5.7123184,0.70745367,0.165653,0.165653
65,0,4030,0.17144212,17.042995,5.7122607,0.7074445,0.16564861,0.16564861
65,1,4031,0.17145604,17.044361,5.7120843,0.70747393,0.16564064,0.16564064
65,2,4032,0.1714601,17.0443,5.7119184,0.70745194,0.16563267,0.16563267
65,3,4033,0.17146194,17.044495,5.7118015,0.7075102,0.16562182,0.16562182
65,4,4034,0.17148478,17.046824,5.7116866,0.7075077,0.16561908,0.16561908
65,5,4035,0.17151943,17.050716,5.7117343,0.70753616,0.16561857,0.16561857
65,6,4036,0.17152372,17.051628,5.7116365,0.70750487,0.16561066,0.16561066
65,7,4037,0.17152831,17.052172,5.711577,0.7074309,0.16561426,0.16561426
65,8,4038,0.17153192,17.05181,5.711358,0.70735395,0.1656094,0.1656094
65,9,4039,0.17153528,17.052717,5.711219,0.70731544,0.16560723,0.16560723
65,10,4040,0.17154293,17.053328,5.7111297,0.7072961,0.1656046,0.1656046
65,11,4041,0.1715689,17.05637,5.711173,0.70733464,0.16560194,0.16560194
65,12,4042,0.17157274,17.056803,5.711129,0.707363,0.16560169,0.16560169
65,13,4043,0.17158207,17.058197,5.710962,0.70737195,0.16559418,0.16559418
65,14,4044,0.17159939,17.05929,5.710797,0.70738524,0.16558725,0.16558725
65,15,4045,0.17159936,17.059458,5.7106338,0.7073968,0.16558178,0.16558178
65,16,4046,0.17160115,17.05949,5.710528,0.7073483,0.16558035,0.16558035
65,17,4047,0.17160961,17.060175,5.7104216,0.707278,0.16558501,0.16558501
65,18,4048,0.17162117,17.06067,5.7102785,0.7071815,0.1655801,0.1655801
65,19,4049,0.17162561,17.062008,5.7101893,0.70720327,0.16557333,0.16557333
65,20,4050,0.17163365,17.06304,5.710103,0.70722276,0.1655641,0.1655641
65,21,4051,0.17164537,17.064363,5.7100024,0.7071665,0.16555989,0.16555989
65,22,4052,0.17165884,17.065235,5.7098994,0.7071416,0.16555262,0.16555262
65,23,4053,0.17168231,17.06777,5.7098665,0.7071253,0.16554992,0.16554992
65,24,4054,0.17168994,17.067978,5.709791,0.7071474,0.16554154,0.16554154
65,25,4055,0.17170289,17.069057,5.709657,0.70714575,0.16553056,0.16553056
65,26,4056,0.17170712,17.069054,5.7097616,0.70715004,0.16553226,0.16553226
65,27,4057,0.17171279,17.069342,5.7097034,0.7071933,0.16552827,0.16552827
65,28,4058,0.17172816,17.070784,5.709634,0.7071877,0.16552238,0.16552238
65,29,4059,0.17174214,17.072191,5.7097073,0.7071821,0.16551878,0.16551878
65,30,4060,0.17175233,17.073227,5.709611,0.7071713,0.16551141,0.16551141
65,31,4061,0.17176199,17.07414,5.709564,0.7071856,0.16550884,0.16550884
65,32,4062,0.1717683,17.07458,5.7095118,0.707166,0.16550447,0.16550447
65,33,4063,0.17177372,17.075172,5.709353,0.7071499,0.16549566,0.16549566
65,34,4064,0.17177962,17.07655,5.7093096,0.7071269,0.16549832,0.16549832
65,35,4065,0.17178941,17.077509,5.7091937,0.70710945,0.16549654,0.16549654
65,36,4066,0.17180145,17.078814,5.708991,0.70707464,0.16548727,0.16548727
65,37,4067,0.17183107,17.083132,5.7089124,0.7070881,0.16547962,0.16547962
65,38,4068,0.17183873,17.083403,5.708838,0.707071,0.16547437,0.16547437
65,39,4069,0.17184623,17.083673,5.7087684,0.7070755,0.16547427,0.16547427
65,40,4070,0.17185417,17.08438,5.708691,0.7070549,0.16547152,0.16547152
65,41,4071,0.17185827,17.084873,5.708689,0.7070416,0.16547412,0.16547412
65,42,4072,0.17187725,17.087072,5.708623,0.7070401,0.16547348,0.16547348
65,43,4073,0.17190644,17.091484,5.708635,0.70711017,0.16546878,0.16546878
65,44,4074,0.17191625,17.092804,5.7084823,0.70706195,0.165464,0.165464
65,45,4075,0.1719254,17.094147,5.7083397,0.7070601,0.16545814,0.16545814
65,46,4076,0.17194343,17.095766,5.708254,0.7070278,0.16545543,0.16545543
65,47,4077,0.1719627,17.09744,5.708169,0.7070187,0.16545337,0.16545337
65,48,4078,0.17198351,17.099154,5.7080503,0.7069969,0.16544984,0.16544984
65,49,4079,0.17199317,17.10095,5.708025,0.7069854,0.16544919,0.16544919
65,50,4080,0.17201428,17.10384,5.707948,0.70698047,0.16544302,0.16544302
65,51,4081,0.17202716,17.105877,5.707971,0.70702106,0.16543578,0.16543578
65,52,4082,0.17204194,17.10782,5.7080026,0.7070131,0.16543664,0.16543664
65,53,4083,0.17205992,17.109661,5.707967,0.7070203,0.1654318,0.1654318
65,54,4084,0.17209043,17.112616,5.707807,0.707003,0.16542965,0.16542965
65,55,4085,0.17209941,17.113916,5.7076545,0.70698565,0.16542599,0.16542599
65,56,4086,0.17210993,17.114988,5.7076163,0.70698714,0.16542396,0.16542396
65,57,4087,0.1721248,17.116415,5.7075496,0.7069412,0.16542774,0.16542774
65,58,4088,0.17214781,17.11795,5.707493,0.7069161,0.16543055,0.16543055
65,59,4089,0.17216808,17.12,5.7073593,0.7068776,0.16542697,0.16542697
65,60,4090,0.17218155,17.121506,5.707291,0.70688975,0.16542383,0.16542383
65,61,4091,0.1721841,17.12232,5.7072515,0.70693034,0.16541947,0.16541947
66,0,4092,0.1721882,17.123188,5.7071333,0.7069439,0.16542156,0.16542156
66,1,4093,0.17219457,17.123547,5.7070236,0.70693755,0.1654131,0.1654131
66,2,4094,0.17221054,17.124199,5.7070622,0.7068816,0.16541082,0.16541082
66,3,4095,0.17222509,17.124882,5.706967,0.7068626,0.16540204,0.16540204
66,4,4096,0.17223513,17.125818,5.70686,0.70686173,0.16539495,0.16539495
66,5,4097,0.1722472,17.126448,5.706687,0.70677954,0.16539204,0.16539204
66,6,4098,0.17226544,17.127884,5.706584,0.70674515,0.16539125,0.16539125
66,7,4099,0.17228307,17.130217,5.706557,0.70680594,0.1653893,0.1653893
66,8,4100,0.17229831,17.131847,5.706418,0.70679045,0.16538684,0.16538684
66,9,4101,0.1723065,17.133951,5.7063684,0.70681775,0.16538095,0.16538095
66,10,4102,0.17231399,17.134958,5.706271,0.7068072,0.16537677,0.16537677
66,11,4103,0.17232044,17.136007,5.7061615,0.7067929,0.16536832,0.16536832
66,12,4104,0.172331,17.136332,5.706079,0.70678055,0.16536373,0.16536373
66,13,4105,0.17233802,17.13706,5.705954,0.70674616,0.16536085,0.16536085
66,14,4106,0.17234388,17.138186,5.705908,0.706734,0.16536072,0.16536072
66,15,4107,0.17235252,17.138273,5.7057056,0.70665896,0.16535527,0.16535527
66,16,4108,0.1723579,17.13879,5.705543,0.7066112,0.16534778,0.16534778
66,17,4109,0.17237243,17.140781,5.7054353,0.7066173,0.16534562,0.16534562
66,18,4110,0.17238057,17.14233,5.7053623,0.70661324,0.16534334,0.16534334
66,19,4111,0.17239043,17.143211,5.7052927,0.7066127,0.16533995,0.16533995
66,20,4112,0.17239465,17.143187,5.705147,0.7066135,0.16533448,0.16533448
66,21,4113,0.17241503,17.144325,5.7048726,0.7065932,0.16532643,0.16532643
66,22,4114,0.17243552,17.14527,5.70476,0.70661294,0.16532268,0.16532268
66,23,4115,0.17244285,17.145456,5.704562,0.7066235,0.1653153,0.1653153
66,24,4116,0.17245388,17.146587,5.7044187,0.7065962,0.16531351,0.16531351
66,25,4117,0.17246786,17.148518,5.7042813,0.7066194,0.16530412,0.16530412
66,26,4118,0.1724801,17.150242,5.7041035,0.7066411,0.16529828,0.16529828
66,27,4119,0.17249197,17.150904,5.7040157,0.7066446,0.16529351,0.16529351
66,28,4120,0.1725018,17.152744,5.704,0.7066427,0.16529344,0.16529344
66,29,4121,0.17250963,17.154394,5.7039475,0.7066173,0.16529095,0.16529095
66,30,4122,0.17251974,17.155405,5.7038074,0.70661825,0.16528657,0.16528657
66,31,4123,0.1725301,17.155945,5.703774,0.706651,0.1652836,0.1652836
66,32,4124,0.1725704,17.156673,5.7037535,0.7066635,0.1652822,0.1652822
66,33,4125,0.17258096,17.157661,5.70365,0.7066715,0.165275,0.165275
66,34,4126,0.17258942,17.159414,5.703509,0.70663863,0.16526876,0.16526876
66,35,4127,0.17259824,17.160305,5.703328,0.70661837,0.16526315,0.16526315
66,36,4128,0.17261386,17.162334,5.7032013,0.7066517,0.16525549,0.16525549
66,37,4129,0.1726291,17.16359,5.7030625,0.70666355,0.16525546,0.16525546
66,38,4130,0.17264175,17.16482,5.702828,0.70664155,0.16525047,0.16525047
66,39,4131,0.17265293,17.166319,5.702814,0.70670986,0.16524908,0.16524908
66,40,4132,0.17266202,17.16738,5.702739,0.7067073,0.1652477,0.1652477
66,41,4133,0.1726639,17.167511,5.702844,0.7067337,0.16524974,0.16524974
66,42,4134,0.17267872,17.16944,5.7027283,0.7067353,0.16524118,0.16524118
66,43,4135,0.17269011,17.17095,5.702678,0.7067197,0.16523932,0.16523932
66,44,4136,0.17270876,17.173424,5.702611,0.706739,0.16523893,0.16523893
66,45,4137,0.17272025,17.174812,5.702526,0.7067497,0.16523707,0.16523707
66,46,4138,0.17272896,17.176147,5.7024007,0.70675266,0.16523246,0.16523246
66,47,4139,0.1727503,17.178043,5.7022843,0.7067434,0.16523138,0.16523138
66,48,4140,0.17277257,17.179802,5.702253,0.70673114,0.1652326,0.1652326
66,49,4141,0.17278126,17.180843,5.702162,0.706797,0.16522878,0.16522878
66,50,4142,0.17279658,17.18231,5.7019744,0.70677096,0.16521926,0.16521926
66,51,4143,0.17281014,17.184523,5.7018437,0.7067423,0.16521725,0.16521725
66,52,4144,0.17281963,17.185719,5.7016873,0.7067313,0.16521484,0.16521484
66,53,4145,0.1728227,17.186373,5.701591,0.7067496,0.16521002,0.16521002
66,54,4146,0.17282747,17.186726,5.7014494,0.70672053,0.16520843,0.16520843
66,55,4147,0.17283794,17.187721,5.7013764,0.70672923,0.1652028,0.1652028
66,56,4148,0.1728659,17.191738,5.701269,0.7067156,0.16519769,0.16519769
66,57,4149,0.17288645,17.194569,5.7011976,0.7067234,0.16519493,0.16519493
66,58,4150,0.17289995,17.195839,5.701096,0.70669395,0.1651914,0.1651914
66,59,4151,0.17291206,17.19685,5.7011247,0.7067044,0.16518845,0.16518845
66,60,4152,0.17292228,17.19845,5.701054,0.7067027,0.16518623,0.16518623
66,61,4153,0.17292917,17.199074,5.7009487,0.70669144,0.1651811,0.1651811
67,0,4154,0.17293829,17.200542,5.700848,0.7066786,0.16518001,0.16518001
67,1,4155,0.17293942,17.20075,5.700764,0.70666116,0.16517681,0.16517681
67,2,4156,0.1729602,17.202345,5.7006235,0.7066663,0.16517375,0.16517375
67,3,4157,0.1729767,17.203518,5.700453,0.70664304,0.16517276,0.16517276
67,4,4158,0.17299323,17.204765,5.70037,0.7067063,0.16517,0.16517
67,5,4159,0.17301345,17.207048,5.7002764,0.7067441,0.16516887,0.16516887
67,6,4160,0.173026,17.20851,5.700087,0.706731,0.1651616,0.1651616
67,7,4161,0.17303017,17.209476,5.699923,0.7066709,0.16515794,0.16515794
67,8,4162,0.17304352,17.210926,5.6997375,0.7066444,0.16515258,0.16515258
67,9,4163,0.17305848,17.212626,5.699532,0.70660794,0.16514626,0.16514626
67,10,4164,0.17306417,17.213428,5.6994357,0.70658743,0.16514373,0.16514373
67,11,4165,0.17307723,17.214281,5.6993704,0.70662653,0.1651377,0.1651377
67,12,4166,0.17309213,17.215971,5.699109,0.70655745,0.16512777,0.16512777
67,13,4167,0.17311035,17.21892,5.6989484,0.7065504,0.1651196,0.1651196
67,14,4168,0.17312533,17.22047,5.698794,0.70654625,0.16511154,0.16511154
67,15,4169,0.17313737,17.221767,5.698672,0.70658576,0.16511069,0.16511069
67,16,4170,0.17314567,17.22278,5.6984687,0.70655674,0.1651054,0.1651054
67,17,4171,0.17316681,17.22427,5.6983905,0.7065454,0.16510005,0.16510005
67,18,4172,0.17317878,17.22551,5.6983156,0.70655805,0.16508907,0.16508907
67,19,4173,0.17318775,17.226103,5.6982203,0.70652676,0.16508332,0.16508332
67,20,4174,0.17319502,17.226242,5.698144,0.7065222,0.1650767,0.1650767
67,21,4175,0.17320472,17.226446,5.6980658,0.7065434,0.1650732,0.1650732
67,22,4176,0.17322811,17.228245,5.697971,0.70654726,0.16507322,0.16507322
67,23,4177,0.17324916,17.230284,5.697857,0.7065358,0.16506712,0.16506712
67,24,4178,0.17325348,17.231459,5.697627,0.7065318,0.16505763,0.16505763
67,25,4179,0.17326936,17.233154,5.697528,0.7065702,0.16505784,0.16505784
67,26,4180,0.17327544,17.2337,5.697267,0.7065015,0.16505018,0.16505018
67,27,4181,0.17328654,17.23565,5.697041,0.70647496,0.16504388,0.16504388
67,28,4182,0.17331491,17.239643,5.696718,0.7064126,0.16503821,0.16503821
67,29,4183,0.17333335,17.241726,5.6965175,0.70639974,0.16503577,0.16503577
67,30,4184,0.17334196,17.242464,5.696301,0.7063824,0.16502938,0.16502938
67,31,4185,0.17335656,17.24349,5.6961193,0.7063695,0.16502465,0.16502465
67,32,4186,0.17337358,17.245214,5.6959896,0.706372,0.16501564,0.16501564
67,33,4187,0.17337662,17.245548,5.6958537,0.7063747,0.16500941,0.16500941
67,34,4188,0.17338645,17.24623,5.695802,0.7064214,0.16500461,0.16500461
67,35,4189,0.17339742,17.24777,5.695622,0.7063891,0.1650007,0.1650007
67,36,4190,0.17340602,17.248627,5.6954846,0.70635825,0.16499421,0.16499421
67,37,4191,0.1734162,17.24965,5.6954436,0.706363,0.16498752,0.16498752
67,38,4192,0.17342547,17.24997,5.6953464,0.7063397,0.16498415,0.16498415
67,39,4193,0.17343839,17.25061,5.695227,0.7063225,0.16497724,0.16497724
67,40,4194,0.17346221,17.252615,5.695108,0.70632124,0.16497429,0.16497429
67,41,4195,0.17348626,17.254034,5.6950264,0.7063219,0.16497137,0.16497137
67,42,4196,0.17349382,17.255062,5.694952,0.7063375,0.1649704,0.1649704
67,43,4197,0.1735057,17.256561,5.6950235,0.7063789,0.1649677,0.1649677
67,44,4198,0.17350665,17.2571,5.6949253,0.70636624,0.16496475,0.16496475
67,45,4199,0.1735175,17.259184,5.6948314,0.7063748,0.16495726,0.16495726
67,46,4200,0.1735338,17.260473,5.6947875,0.70637274,0.16495527,0.16495527
67,47,4201,0.1735403,17.261202,5.694637,0.70630854,0.16495284,0.16495284
67,48,4202,0.17355567,17.26271,5.694435,0.7062263,0.16495089,0.16495089
67,49,4203,0.17357077,17.263638,5.694437,0.7062152,0.16495298,0.16495298
67,50,4204,0.17357129,17.263208,5.694401,0.70618117,0.16495498,0.16495498
67,51,4205,0.17358223,17.26343,5.69433,0.7061258,0.16495696,0.16495696
67,52,4206,0.17359044,17.264355,5.6941185,0.70612127,0.16494972,0.16494972
67,53,4207,0.17360252,17.265923,5.6940813,0.7061313,0.16494748,0.16494748
67,54,4208,0.17361566,17.26676,5.694022,0.70613354,0.16494584,0.16494584
67,55,4209,0.17363182,17.26783,5.693996,0.7061164,0.16494748,0.16494748
67,56,4210,0.17363897,17.268734,5.6940823,0.70616007,0.16494785,0.16494785
67,57,4211,0.1736476,17.26899,5.693933,0.7061112,0.1649516,0.1649516
67,58,4212,0.1736658,17.271736,5.69395,0.7061375,0.16494772,0.16494772
67,59,4213,0.17370088,17.278355,5.6938806,0.7061332,0.16494419,0.16494419
67,60,4214,0.17372024,17.280676,5.693813,0.7061308,0.16494043,0.16494043
67,61,4215,0.17373475,17.282804,5.6936116,0.7061194,0.1649323,0.1649323
68,0,4216,0.17374575,17.283123,5.6934986,0.7061091,0.1649286,0.1649286
68,1,4217,0.17375134,17.283127,5.693352,0.7060829,0.16492602,0.16492602
68,2,4218,0.17376922,17.284071,5.6931458,0.7060619,0.16491908,0.16491908
68,3,4219,0.17377402,17.283749,5.693137,0.70606995,0.16491409,0.16491409
68,4,4220,0.17379183,17.284458,5.692937,0.7060402,0.16491017,0.16491017
68,5,4221,0.1738064,17.285418,5.692815,0.70603067,0.16490889,0.16490889
68,6,4222,0.17381236,17.286285,5.6926837,0.70601696,0.16490805,0.16490805
68,7,4223,0.17382,17.28768,5.692611,0.7060403,0.164906,0.164906
68,8,4224,0.17383057,17.288546,5.6924295,0.70605993,0.1648984,0.1648984
68,9,4225,0.17383747,17.289171,5.6923327,0.7061361,0.16489553,0.16489553
68,10,4226,0.17384528,17.290115,5.6923203,0.7062155,0.16489172,0.16489172
68,11,4227,0.17386135,17.292515,5.6922464,0.7062277,0.16489242,0.16489242
68,12,4228,0.17387575,17.294683,5.692215,0.7062289,0.16488843,0.16488843
68,13,4229,0.17388943,17.29616,5.6921597,0.7062187,0.16488366,0.16488366
68,14,4230,0.17389935,17.297585,5.692083,0.70620865,0.16488256,0.16488256
68,15,4231,0.17392126,17.297937,5.6920414,0.7062055,0.16487469,0.16487469
68,16,4232,0.17393863,17.299826,5.6918936,0.70614505,0.16487376,0.16487376
68,17,4233,0.17394817,17.300388,5.6917515,0.7061113,0.16486955,0.16486955
68,18,4234,0.17396045,17.301355,5.691532,0.70614195,0.16486281,0.16486281
68,19,4235,0.17397466,17.302528,5.6913404,0.70617,0.16485773,0.16485773
68,20,4236,0.17398524,17.303293,5.691201,0.70618075,0.16484784,0.16484784
68,21,4237,0.17400604,17.30544,5.691177,0.70619345,0.16484465,0.16484465
68,22,4238,0.17402586,17.306952,5.6911287,0.70621383,0.16483793,0.16483793
68,23,4239,0.1740396,17.307905,5.690929,0.7062073,0.16483591,0.16483591
68,24,4240,0.17404771,17.308744,5.690735,0.70617545,0.16483161,0.16483161
68,25,4241,0.1740613,17.310446,5.690522,0.7061866,0.16482656,0.16482656
68,26,4242,0.1740805,17.312214,5.690399,0.7061538,0.16482358,0.16482358
68,27,4243,0.17409948,17.314137,5.6903243,0.70618206,0.164825,0.164825
68,28,4244,0.17410801,17.315054,5.6904087,0.7062678,0.1648238,0.1648238
68,29,4245,0.1741338,17.317299,5.6903415,0.7062769,0.16481906,0.16481906
68,30,4246,0.17416379,17.320158,5.6900587,0.7062182,0.16481441,0.16481441
68,31,4247,0.1741806,17.322895,5.6902485,0.70622635,0.16481116,0.16481116
68,32,4248,0.17419206,17.32428,5.6902757,0.70625067,0.16480647,0.16480647
68,33,4249,0.17421055,17.325068,5.6901026,0.70621437,0.1648047,0.1648047
68,34,4250,0.17422643,17.326052,5.6900516,0.7062128,0.16480169,0.16480169
68,35,4251,0.17424203,17.328161,5.689888,0.7062152,0.16479562,0.16479562
68,36,4252,0.17425457,17.329493,5.6897354,0.70619303,0.16479212,0.16479212
68,37,4253,0.17426756,17.331139,5.6896653,0.706189,0.16479222,0.16479222
68,38,4254,0.17427501,17.332598,5.689515,0.7061246,0.16479023,0.16479023
68,39,4255,0.17428523,17.333443,5.689344,0.7060781,0.16479188,0.16479188
68,40,4256,0.17429896,17.333721,5.6892385,0.7060625,0.1647893,0.1647893
68,41,4257,0.17431375,17.336126,5.6891646,0.70603025,0.16478819,0.16478819
68,42,4258,0.17433105,17.338488,5.688978,0.7060644,0.164777,0.164777
68,43,4259,0.17435367,17.341612,5.6889086,0.7060374,0.16477649,0.16477649
68,44,4260,0.17437705,17.342138,5.68875,0.7060202,0.16477251,0.16477251
68,45,4261,0.17439428,17.343048,5.6885996,0.7060203,0.16476816,0.16476816
68,46,4262,0.17441508,17.344828,5.688464,0.7060198,0.16476296,0.16476296
68,47,4263,0.17442402,17.34627,5.6883836,0.7060005,0.16475548,0.16475548
68,48,4264,0.1744335,17.347162,5.688196,0.7059395,0.16475222,0.16475222
68,49,4265,0.17443728,17.347168,5.688021,0.7059111,0.16475178,0.16475178
68,50,4266,0.17444232,17.347523,5.687889,0.70589054,0.16474535,0.16474535
68,51,4267,0.17445067,17.348886,5.687718,0.70585907,0.1647416,0.1647416
68,52,4268,0.1744567,17.349407,5.6875157,0.7058022,0.16473961,0.16473961
68,53,4269,0.17446771,17.3512,5.6873517,0.70579165,0.16473265,0.16473265
68,54,4270,0.17447266,17.352022,5.6872535,0.705772,0.1647304,0.1647304
68,55,4271,0.17448644,17.353748,5.6871524,0.70579475,0.16471887,0.16471887
68,56,4272,0.1745016,17.35489,5.6870112,0.705772,0.16471556,0.16471556
68,57,4273,0.17450987,17.356037,5.6868253,0.7057747,0.16471042,0.16471042
68,58,4274,0.17452458,17.357626,5.6867433,0.7057365,0.1647074,0.1647074
68,59,4275,0.17454195,17.359226,5.6866903,0.7057201,0.16471466,0.16471466
68,60,4276,0.1745629,17.36092,5.686513,0.7056983,0.16470514,0.16470514
68,61,4277,0.17458238,17.36216,5.686396,0.70573765,0.16469947,0.16469947
69,0,4278,0.17459759,17.36397,5.686157,0.70569515,0.16469134,0.16469134
69,1,4279,0.174609,17.365158,5.685946,0.70567507,0.16468216,0.16468216
69,2,4280,0.17463054,17.36706,5.6857405,0.70561725,0.1646765,0.1646765
69,3,4281,0.17463547,17.366976,5.6855426,0.7055748,0.16467325,0.16467325
69,4,4282,0.1746521,17.368235,5.685309,0.7055796,0.16466737,0.16466737
69,5,4283,0.17466564,17.36873,5.6851597,0.7055713,0.16465904,0.16465904
69,6,4284,0.17467433,17.369085,5.6849713,0.70551157,0.16465263,0.16465263
69,7,4285,0.17468506,17.370186,5.6847944,0.7054932,0.16464905,0.16464905
69,8,4286,0.17470442,17.371809,5.6846914,0.70547265,0.16464964,0.16464964
69,9,4287,0.17471232,17.37345,5.684594,0.70547247,0.16465008,0.16465008
69,10,4288,0.17471972,17.374424,5.6844716,0.70545715,0.16464466,0.16464466
69,11,4289,0.17474085,17.375889,5.6843634,0.70542943,0.16464397,0.16464397
69,12,4290,0.17475067,17.37653,5.6843553,0.70544595,0.164644,0.164644
69,13,4291,0.1747601,17.37745,5.684345,0.7054687,0.16464387,0.16464387
69,14,4292,0.17477192,17.378975,5.684224,0.7054773,0.16464204,0.16464204
69,15,4293,0.17478651,17.380636,5.6840773,0.705519,0.16463579,0.16463579
69,16,4294,0.17480546,17.383524,5.6839275,0.70550525,0.16463424,0.16463424
69,17,4295,0.1748173,17.385174,5.6838055,0.7054946,0.16462982,0.16462982
69,18,4296,0.17483017,17.38632,5.6836414,0.7055223,0.16462655,0.16462655
69,19,4297,0.17483866,17.386753,5.6835365,0.7055435,0.16462055,0.16462055
69,20,4298,0.17485036,17.387598,5.683372,0.7055651,0.16461223,0.16461223
69,21,4299,0.17486681,17.38866,5.6832724,0.70555294,0.16461617,0.16461617
69,22,4300,0.17487694,17.388857,5.683095,0.70552367,0.16460761,0.16460761
69,23,4301,0.17488855,17.389627,5.6829624,0.7054594,0.164604,0.164604
69,24,4302,0.17489684,17.389885,5.6828647,0.70544636,0.1645985,0.1645985
69,25,4303,0.17490299,17.390305,5.6828065,0.7054131,0.16459307,0.16459307
69,26,4304,0.17491458,17.390896,5.682808,0.7053966,0.16459145,0.16459145
69,27,4305,0.17493308,17.393211,5.682708,0.70541424,0.16458327,0.16458327
69,28,4306,0.17494178,17.39332,5.682525,0.70538294,0.16457665,0.16457665
69,29,4307,0.17494933,17.394382,5.6823792,0.7053889,0.16457003,0.16457003
69,30,4308,0.17496112,17.395672,5.6822367,0.70543075,0.1645667,0.1645667
69,31,4309,0.17497525,17.397589,5.6820226,0.7054023,0.16455969,0.16455969
69,32,4310,0.17498337,17.39865,5.6819606,0.7054109,0.16455314,0.16455314
69,33,4311,0.17499772,17.400677,5.6818967,0.7053458,0.16455175,0.16455175
69,34,4312,0.17501324,17.401922,5.68179,0.7053595,0.16454776,0.16454776
69,35,4313,0.17503169,17.402864,5.6816864,0.7053639,0.16453995,0.16453995
69,36,4314,0.17504317,17.404335,5.68162,0.7053717,0.164538,0.164538
69,37,4315,0.17505509,17.405273,5.6813927,0.7053753,0.1645321,0.1645321
69,38,4316,0.17507374,17.405998,5.6812525,0.7053309,0.1645312,0.1645312
69,39,4317,0.17508066,17.406963,5.6812043,0.705318,0.16452833,0.16452833
69,40,4318,0.17509356,17.407696,5.681081,0.7053176,0.16452843,0.16452843
69,41,4319,0.1751045,17.408472,5.6809096,0.70527637,0.16452767,0.16452767
69,42,4320,0.1751183,17.409897,5.6808414,0.70526975,0.16452783,0.16452783
69,43,4321,0.1751273,17.411297,5.680817,0.7052762,0.16452673,0.16452673
69,44,4322,0.17514478,17.413435,5.680773,0.7053032,0.16452333,0.16452333
69,45,4323,0.17518035,17.418232,5.6806293,0.70529777,0.16451581,0.16451581
69,46,4324,0.1751938,17.419353,5.680592,0.70527315,0.16451453,0.16451453
69,47,4325,0.17520767,17.41944,5.68061,0.7052703,0.16451363,0.16451363
69,48,4326,0.17522293,17.419838,5.6806664,0.7052621,0.16451582,0.16451582
69,49,4327,0.17523299,17.420906,5.6806493,0.7052941,0.16450915,0.16450915
69,50,4328,0.17524105,17.42155,5.680564,0.705322,0.16451067,0.16451067
69,51,4329,0.17524499,17.42223,5.68051,0.7053264,0.16450703,0.16450703
69,52,4330,0.1752583,17.423748,5.6803946,0.7053197,0.1645062,0.1645062
69,53,4331,0.1752801,17.42418,5.6802654,0.70535296,0.16450581,0.16450581
69,54,4332,0.17529204,17.42508,5.6801467,0.705339,0.16450028,0.16450028
69,55,4333,0.17529677,17.425558,5.680111,0.70535696,0.16449998,0.16449998
69,56,4334,0.17530537,17.426533,5.6799736,0.7053326,0.16449541,0.16449541
69,57,4335,0.17531948,17.427898,5.6798415,0.7052794,0.1644916,0.1644916
69,58,4336,0.1753227,17.428545,5.6797185,0.70524746,0.1644875,0.1644875
69,59,4337,0.17533608,17.428474,5.6795726,0.7052352,0.1644833,0.1644833
69,60,4338,0.17534897,17.429771,5.6794944,0.70530826,0.16448054,0.16448054
69,61,4339,0.17535849,17.430565,5.6793523,0.70531714,0.16447672,0.16447672
70,0,4340,0.17537063,17.431509,5.679419,0.7053131,0.16448355,0.16448355
70,1,4341,0.17537796,17.43178,5.6793613,0.70528495,0.16448179,0.16448179
70,2,4342,0.17539844,17.434656,5.679304,0.7052792,0.1644781,0.1644781
70,3,4343,0.17540692,17.434917,5.679326,0.70531505,0.16447824,0.16447824
70,4,4344,0.17541921,17.43609,5.679135,0.7052863,0.16447684,0.16447684
70,5,4345,0.17543888,17.438103,5.679028,0.70525783,0.16447785,0.16447785
70,6,4346,0.17544755,17.438244,5.6788974,0.7052229,0.16447403,0.16447403
70,7,4347,0.17546186,17.437872,5.67877,0.7052211,0.16447206,0.16447206
70,8,4348,0.17547572,17.43813,5.678616,0.70515573,0.164469,0.164469
70,9,4349,0.17552826,17.439737,5.678581,0.705134,0.16446723,0.16446723
70,10,4350,0.17555642,17.440893,5.678403,0.70512515,0.16445802,0.16445802
70,11,4351,0.17557135,17.441818,5.678353,0.7051163,0.16445126,0.16445126
70,12,4352,0.17558382,17.442331,5.678241,0.7051129,0.1644462,0.1644462
70,13,4353,0.17559923,17.442585,5.678131,0.7050714,0.16444165,0.16444165
70,14,4354,0.17562097,17.444212,5.677945,0.70500183,0.16443792,0.16443792
70,15,4355,0.17563096,17.444641,5.67773,0.70497,0.16442658,0.16442658
70,16,4356,0.17563993,17.445898,5.677557,0.7049403,0.1644182,0.1644182
70,17,4357,0.17565028,17.446714,5.677458,0.7049252,0.16441728,0.16441728
70,18,4358,0.17566314,17.44792,5.6771536,0.7049154,0.16440903,0.16440903
70,19,4359,0.17567167,17.44907,5.6771684,0.704927,0.16440588,0.16440588
70,20,4360,0.17568782,17.450846,5.6769714,0.70489526,0.164404,0.164404
70,21,4361,0.17570084,17.451933,5.6767845,0.70489854,0.164401,0.164401
70,22,4362,0.17571588,17.452686,5.6765995,0.7048583,0.1643996,0.1643996
70,23,4363,0.17572483,17.453505,5.6765337,0.70483166,0.16439772,0.16439772
70,24,4364,0.17572966,17.453703,5.676399,0.7047572,0.16439459,0.16439459
70,25,4365,0.17574225,17.455444,5.6762624,0.7047903,0.16438773,0.16438773
70,26,4366,0.17575665,17.456335,5.67607,0.704764,0.16438131,0.16438131
70,27,4367,0.17577228,17.457378,5.675891,0.7047425,0.1643766,0.1643766
70,28,4368,0.17578223,17.458925,5.6758404,0.7047546,0.16437417,0.16437417
70,29,4369,0.17580304,17.460012,5.675655,0.70471,0.16437198,0.16437198
70,30,4370,0.17582032,17.461658,5.6755853,0.7047271,0.16436656,0.16436656
70,31,4371,0.17582646,17.462898,5.675499,0.7047246,0.16436182,0.16436182
70,32,4372,0.17584373,17.46462,5.675258,0.704685,0.1643566,0.1643566
70,33,4373,0.17585355,17.465443,5.6751466,0.70465565,0.16435483,0.16435483
70,34,4374,0.17586318,17.466158,5.675104,0.7046576,0.16435777,0.16435777
70,35,4375,0.17587388,17.466808,5.6750593,0.7046499,0.16435878,0.16435878
70,36,4376,0.17588314,17.467926,5.674944,0.7046689,0.16435544,0.16435544
70,37,4377,0.17589344,17.469114,5.6747794,0.70465195,0.16435266,0.16435266
70,38,4378,0.17590785,17.471909,5.6746287,0.7046957,0.16434889,0.16434889
70,39,4379,0.17591792,17.47356,5.6745386,0.7046981,0.16434668,0.16434668
70,40,4380,0.1759253,17.474735,5.6743593,0.70469666,0.16434316,0.16434316
70,41,4381,0.17594291,17.477394,5.6741576,0.7046572,0.16433728,0.16433728
70,42,4382,0.17595345,17.478582,5.6740823,0.70467836,0.1643357,0.1643357
70,43,4383,0.17596227,17.479755,5.6739674,0.70467603,0.16432898,0.16432898
70,44,4384,0.17596924,17.480349,5.673921,0.7046288,0.16432936,0.16432936
70,45,4385,0.17598957,17.482796,5.6737556,0.7046007,0.16432351,0.16432351
70,46,4386,0.17599975,17.483755,5.673604,0.7045471,0.16431645,0.16431645
70,47,4387,0.17601265,17.484041,5.673322,0.70450574,0.16431113,0.16431113
70,48,4388,0.17603055,17.486105,5.673228,0.7045098,0.16431099,0.16431099
70,49,4389,0.17603478,17.486582,5.673091,0.704534,0.1643045,0.1643045
70,50,4390,0.17605788,17.488163,5.6729026,0.70453006,0.16429754,0.16429754
70,51,4391,0.17608428,17.490479,5.6729045,0.70456964,0.16429643,0.16429643
70,52,4392,0.17611906,17.496204,5.6728387,0.7045735,0.1642907,0.1642907
70,53,4393,0.17612746,17.497288,5.6726327,0.70458776,0.16428363,0.16428363
70,54,4394,0.17613931,17.497883,5.672393,0.7045541,0.1642803,0.1642803
70,55,4395,0.17615032,17.499218,5.672166,0.7045334,0.16427012,0.16427012
70,56,4396,0.17616026,17.500174,5.672056,0.70451474,0.16426627,0.16426627
70,57,4397,0.17618142,17.50067,5.6719036,0.7044716,0.16426177,0.16426177
70,58,4398,0.1761889,17.500952,5.671766,0.704464,0.16425665,0.16425665
70,59,4399,0.17620291,17.502045,5.671596,0.70443493,0.16425116,0.16425116
70,60,4400,0.17621984,17.503628,5.6714425,0.7044239,0.1642482,0.1642482
70,61,4401,0.17623138,17.504883,5.671318,0.70443773,0.16423899,0.16423899
71,0,4402,0.1762437,17.505983,5.6711025,0.7044134,0.1642337,0.1642337
71,1,4403,0.17624524,17.506208,5.670982,0.70448667,0.164229,0.164229
71,2,4404,0.17626086,17.50781,5.6707187,0.7044785,0.1642246,0.1642246
71,3,4405,0.17627944,17.509943,5.670521,0.7044422,0.16421744,0.16421744
71,4,4406,0.17628959,17.510912,5.6702647,0.7044099,0.16421083,0.16421083
71,5,4407,0.17630081,17.512325,5.6700754,0.70445836,0.16420601,0.16420601
71,6,4408,0.17630504,17.512596,5.66991,0.70441604,0.16420734,0.16420734
71,7,4409,0.17631114,17.5137,5.669731,0.7044263,0.16419797,0.16419797
71,8,4410,0.17631742,17.514416,5.6696053,0.7043966,0.16419473,0.16419473
71,9,4411,0.17632729,17.515064,5.6694174,0.70436615,0.16419241,0.16419241
71,10,4412,0.17633699,17.515945,5.669268,0.7043521,0.16419137,0.16419137
71,11,4413,0.1763449,17.516876,5.6692185,0.7043463,0.16418861,0.16418861
71,12,4414,0.1763594,17.517529,5.6690216,0.70432293,0.16417973,0.16417973
71,13,4415,0.176372,17.519617,5.6688747,0.7043615,0.164169,0.164169
71,14,4416,0.17637898,17.520395,5.668783,0.7043486,0.16416666,0.16416666
71,15,4417,0.17638645,17.52155,5.6686625,0.70436954,0.16416697,0.16416697
71,16,4418,0.17639953,17.522268,5.6684837,0.7043763,0.1641586,0.1641586
71,17,4419,0.17641875,17.523441,5.6682734,0.70436037,0.16415091,0.16415091
71,18,4420,0.17645994,17.529703,5.668024,0.70436364,0.16413994,0.16413994
71,19,4421,0.1764931,17.534653,5.6678734,0.70437896,0.16413665,0.16413665
71,20,4422,0.17650712,17.536186,5.6678157,0.7043723,0.16413368,0.16413368
71,21,4423,0.1765216,17.537184,5.6676655,0.70435923,0.16412628,0.16412628
71,22,4424,0.17654073,17.538382,5.667511,0.7043625,0.16412458,0.16412458
71,23,4425,0.1765632,17.53935,5.6673927,0.7043801,0.16411856,0.16411856
71,24,4426,0.17657755,17.540195,5.667274,0.7043735,0.16411738,0.16411738
71,25,4427,0.17659524,17.540693,5.6671176,0.7043626,0.1641098,0.1641098
71,26,4428,0.17661087,17.542278,5.6669116,0.70435685,0.16410376,0.16410376
71,27,4429,0.17661858,17.543,5.66678,0.70435613,0.16409595,0.16409595
71,28,4430,0.17663312,17.544264,5.6666765,0.7043291,0.16409115,0.16409115
71,29,4431,0.17664796,17.546003,5.6665463,0.7043169,0.16408595,0.16408595
71,30,4432,0.17666352,17.548098,5.666446,0.7043312,0.16408306,0.16408306
71,31,4433,0.17667812,17.549463,5.666391,0.70436084,0.16407742,0.16407742
71,32,4434,0.17668976,17.550516,5.6662803,0.70436466,0.16407597,0.16407597
71,33,4435,0.17669936,17.551336,5.6661115,0.70434237,0.16407375,0.16407375
71,34,4436,0.17671677,17.553314,5.665916,0.704343,0.16407159,0.16407159
71,35,4437,0.17671886,17.553408,5.6657977,0.7043643,0.16406828,0.16406828
71,36,4438,0.17672412,17.554346,5.6655984,0.70435447,0.16406095,0.16406095
71,37,4439,0.17673942,17.555315,5.6654873,0.7043502,0.16405894,0.16405894
71,38,4440,0.17674142,17.555643,5.6653967,0.7043669,0.16405402,0.16405402
71,39,4441,0.17675875,17.55766,5.6653385,0.70436984,0.16404934,0.16404934
71,40,4442,0.1767819,17.558971,5.6651325,0.7043187,0.1640419,0.1640419
71,41,4443,0.17679155,17.559652,5.665045,0.7043271,0.16403711,0.16403711
71,42,4444,0.17680523,17.560886,5.6649656,0.70431817,0.16403458,0.16403458
71,43,4445,0.17681617,17.562231,5.664803,0.704321,0.16402924,0.16402924
71,44,4446,0.17682928,17.563227,5.6647058,0.70430017,0.16402753,0.16402753
71,45,4447,0.17684262,17.564068,5.6645226,0.7043302,0.1640216,0.1640216
71,46,4448,0.17685758,17.565912,5.6644535,0.70435506,0.16402204,0.16402204
71,47,4449,0.17686649,17.56665,5.6642647,0.7043526,0.16401432,0.16401432
71,48,4450,0.17687799,17.568064,5.664131,0.7043809,0.1640117,0.1640117
71,49,4451,0.17689371,17.570019,5.663994,0.7043875,0.16401112,0.16401112
71,50,4452,0.17689994,17.570652,5.663812,0.70433503,0.1640118,0.1640118
71,51,4453,0.17691898,17.572708,5.66367,0.7043295,0.16400936,0.16400936
71,52,4454,0.17693305,17.573683,5.663536,0.7043299,0.16400473,0.16400473
71,53,4455,0.17694011,17.574383,5.663392,0.7043299,0.1639994,0.1639994
71,54,4456,0.17696083,17.577467,5.663228,0.70436436,0.1639997,0.1639997
71,55,4457,0.17697224,17.57892,5.662987,0.7043774,0.16399026,0.16399026
71,56,4458,0.1769856,17.580303,5.6627445,0.7043622,0.16398072,0.16398072
71,57,4459,0.17699406,17.581175,5.6627026,0.70434004,0.16397987,0.16397987
71,58,4460,0.17700338,17.581314,5.6626883,0.7044064,0.16398054,0.16398054
71,59,4461,0.17701635,17.583,5.66266,0.70442015,0.16397922,0.16397922
71,60,4462,0.17703637,17.584944,5.6625037,0.7044223,0.16397245,0.16397245
71,61,4463,0.17705023,17.586485,5.6623836,0.7044333,0.16396968,0.16396968
72,0,4464,0.17706147,17.58812,5.662255,0.7044081,0.16396481,0.16396481
72,1,4465,0.1770739,17.589302,5.662229,0.70444405,0.16396374,0.16396374
72,2,4466,0.17709252,17.590723,5.6620536,0.70441633,0.16396008,0.16396008
72,3,4467,0.17710693,17.592064,5.661974,0.7043947,0.16395688,0.16395688
72,4,4468,0.17711607,17.593437,5.661833,0.7043876,0.16395377,0.16395377
72,5,4469,0.17713578,17.59429,5.6618176,0.70441025,0.16395338,0.16395338
72,6,4470,0.1771583,17.59587,5.6616735,0.7043853,0.16395383,0.16395383
72,7,4471,0.17717671,17.598326,5.6615677,0.70437646,0.16395427,0.16395427
72,8,4472,0.17718765,17.599892,5.6614375,0.7043827,0.16395167,0.16395167
72,9,4473,0.177197,17.60096,5.6613626,0.70440996,0.16394858,0.16394858
72,10,4474,0.17719895,17.601603,5.661287,0.7043921,0.16394486,0.16394486
72,11,4475,0.1772078,17.6026,5.6612225,0.7043691,0.16394116,0.16394116
72,12,4476,0.17722502,17.604658,5.6611037,0.7043692,0.1639336,0.1639336
72,13,4477,0.17724925,17.607168,5.6609926,0.70437247,0.16392794,0.16392794
72,14,4478,0.17726295,17.608665,5.6607623,0.7043292,0.16392341,0.16392341
72,15,4479,0.17727214,17.60987,5.6606407,0.7043499,0.16392086,0.16392086
72,16,4480,0.17729065,17.611506,5.6605844,0.7043448,0.16391839,0.16391839
72,17,4481,0.17730327,17.61297,5.660551,0.7044251,0.1639103,0.1639103
72,18,4482,0.17733487,17.616072,5.660405,0.7044765,0.16390474,0.16390474
72,19,4483,0.17735645,17.619535,5.660415,0.7044819,0.16390172,0.16390172
72,20,4484,0.17736638,17.62114,5.6603513,0.70452523,0.16389585,0.16389585
72,21,4485,0.17737739,17.62225,5.660227,0.7044961,0.16389076,0.16389076
72,22,4486,0.17738509,17.623299,5.6600075,0.7045071,0.16388452,0.16388452
72,23,4487,0.17739418,17.623966,5.6597385,0.7044616,0.16387945,0.16387945
72,24,4488,0.17740348,17.624952,5.6594896,0.7043984,0.16387568,0.16387568
72,25,4489,0.17740613,17.625704,5.659331,0.70441705,0.16387036,0.16387036
72,26,4490,0.1774196,17.627178,5.6591687,0.70441175,0.16386594,0.16386594
72,27,4491,0.17742771,17.628708,5.6589894,0.70441663,0.16386162,0.16386162
72,28,4492,0.17744257,17.629646,5.658769,0.7043886,0.16385955,0.16385955
72,29,4493,0.17745294,17.631021,5.658583,0.7043794,0.16385372,0.16385372
72,30,4494,0.17745996,17.63141,5.6583185,0.704354,0.16384467,0.16384467
72,31,4495,0.17747217,17.63233,5.658094,0.7043486,0.16383387,0.16383387
72,32,4496,0.1774913,17.634626,5.658032,0.7043637,0.1638301,0.1638301
72,33,4497,0.17750703,17.635649,5.65791,0.70433027,0.16382767,0.16382767
72,34,4498,0.17751998,17.636723,5.6577253,0.7043331,0.16382127,0.16382127
72,35,4499,0.17753595,17.637318,5.6574574,0.7043278,0.16381355,0.16381355
72,36,4500,0.17754939,17.638395,5.6572843,0.70433813,0.16381082,0.16381082
72,37,4501,0.17756504,17.640432,5.65711,0.70431685,0.16380255,0.16380255
72,38,4502,0.17758271,17.641546,5.657001,0.70433575,0.16379668,0.16379668
72,39,4503,0.17759421,17.642477,5.656904,0.70431715,0.16379488,0.16379488
72,40,4504,0.17761737,17.646048,5.656694,0.70427334,0.16378829,0.16378829
72,41,4505,0.17763308,17.647177,5.656533,0.70429426,0.16378857,0.16378857
72,42,4506,0.1776385,17.647532,5.656453,0.7042785,0.16378772,0.16378772
72,43,4507,0.1776523,17.648502,5.656325,0.70428294,0.16378443,0.16378443
72,44,4508,0.1776653,17.649952,5.656292,0.70432705,0.16378294,0.16378294
72,45,4509,0.17767158,17.650764,5.65611,0.70433956,0.1637757,0.1637757
72,46,4510,0.17768355,17.65187,5.6559033,0.70433223,0.16377196,0.16377196
72,47,4511,0.17769217,17.652824,5.6557207,0.70427734,0.16376676,0.16376676
72,48,4512,0.17770436,17.653864,5.6556892,0.70428413,0.16376856,0.16376856
72,49,4513,0.17771357,17.654428,5.655559,0.7042673,0.16376677,0.16376677
72,50,4514,0.17772463,17.655478,5.6553917,0.70425075,0.16376416,0.16376416
72,51,4515,0.17775777,17.658298,5.6552696,0.7042989,0.1637596,0.1637596
72,52,4516,0.17779347,17.659859,5.6552296,0.7043045,0.16375737,0.16375737
72,53,4517,0.17781214,17.661816,5.6551175,0.7042777,0.16375242,0.16375242
72,54,4518,0.17782295,17.662725,5.655032,0.70431864,0.16374853,0.16374853
72,55,4519,0.17783785,17.664316,5.6548314,0.7043382,0.16373943,0.16373943
72,56,4520,0.17785132,17.665535,5.65474,0.70434797,0.16373795,0.16373795
72,57,4521,0.17785908,17.66659,5.6546125,0.7043889,0.16373001,0.16373001
72,58,4522,0.17787221,17.66821,5.654525,0.70435923,0.163729,0.163729
72,59,4523,0.17788556,17.67046,5.654385,0.7043329,0.16372402,0.16372402
72,60,4524,0.17789476,17.671854,5.6542635,0.7043102,0.16371965,0.16371965
72,61,4525,0.17790183,17.67233,5.6541805,0.70434546,0.16371512,0.16371512
73,0,4526,0.1779055,17.672853,5.6540523,0.70433456,0.16371268,0.16371268
73,1,4527,0.17791823,17.673555,5.653929,0.7043415,0.16371076,0.16371076
73,2,4528,0.17792481,17.674461,5.6537957,0.70433265,0.16370751,0.16370751
73,3,4529,0.17794144,17.676767,5.6536646,0.704352,0.16370025,0.16370025
73,4,4530,0.17795604,17.678152,5.6534476,0.7043015,0.16369133,0.16369133
73,5,4531,0.17798036,17.679893,5.6534653,0.70427656,0.16369261,0.16369261
73,6,4532,0.17799133,17.680656,5.653514,0.70435864,0.16368702,0.16368702
73,7,4533,0.17800122,17.681398,5.653404,0.7043561,0.1636818,0.1636818
73,8,4534,0.17801288,17.682102,5.653278,0.70436466,0.16367581,0.16367581
73,9,4535,0.17802954,17.684006,5.653143,0.70434916,0.16366847,0.16366847
73,10,4536,0.17804441,17.684565,5.6529794,0.7043545,0.16366503,0.16366503
73,11,4537,0.17805254,17.68529,5.6528525,0.7043666,0.16366301,0.16366301
73,12,4538,0.17806692,17.686998,5.652704,0.7043539,0.16365786,0.16365786
73,13,4539,0.17807326,17.687515,5.6525745,0.70436853,0.16365361,0.16365361
73,14,4540,0.17809288,17.689291,5.65241,0.7043524,0.16365065,0.16365065
73,15,4541,0.17809704,17.689962,5.6523027,0.7043798,0.16364892,0.16364892
73,16,4542,0.17810738,17.690718,5.652169,0.70436466,0.16364186,0.16364186
73,17,4543,0.17811969,17.691793,5.65204,0.70430946,0.16364217,0.16364217
73,18,4544,0.17812955,17.69254,5.651769,0.7042291,0.16363834,0.16363834
73,19,4545,0.17814234,17.694355,5.6515512,0.70418245,0.16363429,0.16363429
73,20,4546,0.1781548,17.695389,5.65143,0.70417434,0.16362931,0.16362931
73,21,4547,0.17816927,17.695951,5.6512275,0.7041276,0.16362636,0.16362636
73,22,4548,0.17818351,17.697239,5.651109,0.704118,0.16362177,0.16362177
73,23,4549,0.17819178,17.69778,5.651031,0.70410985,0.1636172,0.1636172
73,24,4550,0.17820026,17.698128,5.650886,0.70408505,0.1636105,0.1636105
73,25,4551,0.17820871,17.697975,5.6506796,0.7040061,0.16360483,0.16360483
73,26,4552,0.17822179,17.698511,5.6505046,0.70399046,0.163599,0.163599
73,27,4553,0.17823184,17.699041,5.650307,0.70398664,0.16359587,0.16359587
73,28,4554,0.17824386,17.700191,5.650136,0.70395833,0.16359188,0.16359188
73,29,4555,0.17827204,17.702486,5.6499243,0.70395774,0.1635854,0.1635854
73,30,4556,0.17829777,17.704668,5.6496897,0.70393634,0.16357279,0.16357279
73,31,4557,0.1783111,17.705458,5.6494894,0.70395076,0.16356593,0.16356593
73,32,4558,0.17833433,17.70665,5.6491823,0.70390296,0.16356067,0.16356067
73,33,4559,0.17834863,17.707823,5.64895,0.7038507,0.16355653,0.16355653
73,34,4560,0.17836305,17.708176,5.648815,0.70383406,0.16355261,0.16355261
73,35,4561,0.1783783,17.709366,5.6485977,0.7038255,0.16354941,0.16354941
73,36,4562,0.17838737,17.710325,5.6484385,0.7038269,0.16354647,0.16354647
73,37,4563,0.17840064,17.712168,5.6483393,0.70385003,0.16354379,0.16354379
73,38,4564,0.17841573,17.713417,5.648204,0.7038883,0.16353899,0.16353899
73,39,4565,0.1784414,17.716705,5.647979,0.70389,0.16352998,0.16352998
73,40,4566,0.17846122,17.720165,5.647847,0.7038694,0.16352646,0.16352646
73,41,4567,0.17847428,17.721489,5.6477304,0.7039031,0.16352111,0.16352111
73,42,4568,0.17848743,17.722792,5.647501,0.7038844,0.16351043,0.16351043
73,43,4569,0.1785069,17.72415,5.647308,0.70387256,0.16350879,0.16350879
73,44,4570,0.17853013,17.726585,5.64714,0.7038865,0.16350505,0.16350505
73,45,4571,0.1785458,17.727983,5.647017,0.70390147,0.1635019,0.1635019
73,46,4572,0.17855918,17.729218,5.64677,0.7038761,0.16349241,0.16349241
73,47,4573,0.17856836,17.729753,5.646708,0.7038947,0.16349523,0.16349523
73,48,4574,0.1785761,17.730585,5.646528,0.7038957,0.16348867,0.16348867
73,49,4575,0.17858241,17.731533,5.646368,0.7038701,0.16348384,0.16348384
73,50,4576,0.17859484,17.733475,5.6462226,0.70389044,0.16347924,0.16347924
73,51,4577,0.17861223,17.734879,5.6461267,0.70386153,0.16348235,0.16348235
73,52,4578,0.17862979,17.737242,5.6460204,0.7039223,0.16347443,0.16347443
73,53,4579,0.17864566,17.739586,5.6458592,0.70391333,0.16347054,0.16347054
73,54,4580,0.17865741,17.741146,5.645735,0.70391846,0.16346869,0.16346869
73,55,4581,0.17866604,17.741976,5.6455784,0.70394444,0.16346282,0.16346282
73,56,4582,0.17867163,17.742548,5.6454906,0.70394343,0.1634599,0.1634599
73,57,4583,0.17869085,17.744932,5.6455746,0.7039277,0.16345711,0.16345711
73,58,4584,0.17870362,17.746407,5.6455326,0.7039166,0.16344963,0.16344963
73,59,4585,0.1787112,17.747087,5.645492,0.70388126,0.16344762,0.16344762
73,60,4586,0.17872822,17.748226,5.645365,0.7038615,0.16343987,0.16343987
73,61,4587,0.17874269,17.749565,5.6451964,0.70387024,0.16343488,0.16343488
74,0,4588,0.17875421,17.750877,5.6451015,0.7038596,0.16343078,0.16343078
74,1,4589,0.17876741,17.752064,5.644996,0.70382357,0.16342461,0.16342461
74,2,4590,0.178791,17.753197,5.6448135,0.7037925,0.16341941,0.16341941
74,3,4591,0.17880291,17.753897,5.644688,0.7037911,0.16341324,0.16341324
74,4,4592,0.17881596,17.755184,5.644439,0.70378476,0.16340402,0.16340402
74,5,4593,0.17883083,17.757862,5.644246,0.70382327,0.16339807,0.16339807
74,6,4594,0.17883307,17.75817,5.6441364,0.70382375,0.16339688,0.16339688
74,7,4595,0.178844,17.759176,5.6439896,0.7038131,0.16339251,0.16339251
74,8,4596,0.17885,17.760225,5.6438613,0.70381594,0.16338862,0.16338862
74,9,4597,0.17885686,17.761728,5.6436467,0.7037994,0.16338171,0.16338171
74,10,4598,0.17886132,17.762276,5.6435204,0.7038408,0.16337615,0.16337615
74,11,4599,0.1788687,17.763174,5.643383,0.70383024,0.16337427,0.16337427
74,12,4600,0.17888004,17.764633,5.6431794,0.70383936,0.16336666,0.16336666
74,13,4601,0.17889506,17.766254,5.643107,0.7038829,0.1633628,0.1633628
74,14,4602,0.17890641,17.767462,5.6429167,0.7038806,0.16335584,0.16335584
74,15,4603,0.17891401,17.769125,5.6427207,0.70387465,0.16335128,0.16335128
74,16,4604,0.17892414,17.77056,5.642577,0.7038613,0.16334692,0.16334692
74,17,4605,0.17892948,17.771189,5.6423945,0.7038671,0.16333942,0.16333942
74,18,4606,0.17894067,17.77213,5.6421223,0.7038157,0.1633351,0.1633351
74,19,4607,0.17895034,17.773615,5.6419406,0.7038176,0.16332994,0.16332994
74,20,4608,0.178969,17.777262,5.641721,0.7037658,0.16332915,0.16332915
74,21,4609,0.17898834,17.77923,5.6414886,0.70377964,0.16332376,0.16332376
74,22,4610,0.1789994,17.780127,5.6412992,0.7037857,0.16331768,0.16331768
74,23,4611,0.17901266,17.780897,5.6411176,0.70379245,0.16331671,0.16331671
74,24,4612,0.17903197,17.7827,5.6409454,0.7037886,0.16331312,0.16331312
74,25,4613,0.17903897,17.783365,5.6408463,0.7037869,0.16330606,0.16330606
74,26,4614,0.17904802,17.784348,5.640682,0.7037546,0.16329971,0.16329971
74,27,4615,0.17906617,17.786509,5.6406035,0.7037452,0.16330235,0.16330235
74,28,4616,0.17907725,17.78731,5.6403537,0.7036971,0.16329604,0.16329604
74,29,4617,0.17908569,17.788393,5.6403446,0.7037492,0.16329497,0.16329497
74,30,4618,0.17910208,17.791433,5.6402087,0.70378065,0.16329165,0.16329165
74,31,4619,0.1791273,17.795012,5.640032,0.70375055,0.16329055,0.16329055
74,32,4620,0.17914386,17.796785,5.6398306,0.7037283,0.16328411,0.16328411
74,33,4621,0.17916551,17.797998,5.6397476,0.7037438,0.1632784,0.1632784
74,34,4622,0.1791794,17.798615,5.6395864,0.703739,0.16326948,0.16326948
74,35,4623,0.17918997,17.800514,5.639426,0.7037599,0.16326304,0.16326304
74,36,4624,0.17920494,17.801472,5.63934,0.7037915,0.1632589,0.1632589
74,37,4625,0.17922214,17.802753,5.6391516,0.70375913,0.16325411,0.16325411
74,38,4626,0.17923924,17.803326,5.638939,0.70370704,0.16324532,0.16324532
74,39,4627,0.17924336,17.80325,5.6386967,0.70367694,0.163237,0.163237
74,40,4628,0.17925836,17.804554,5.638668,0.7036584,0.16324013,0.16324013
74,41,4629,0.17927116,17.80528,5.6385007,0.7036346,0.16323231,0.16323231
74,42,4630,0.17928839,17.806137,5.638252,0.7035831,0.16322656,0.16322656
74,43,4631,0.17930038,17.807535,5.638118,0.70357853,0.16322437,0.16322437
74,44,4632,0.1793068,17.808384,5.637958,0.70357853,0.1632224,0.1632224
74,45,4633,0.17932096,17.81009,5.6377244,0.70355207,0.16321985,0.16321985
74,46,4634,0.17933568,17.811611,5.6375494,0.70353675,0.1632189,0.1632189
74,47,4635,0.17935205,17.812935,5.637352,0.70354813,0.16321361,0.16321361
74,48,4636,0.17936814,17.8149,5.6371737,0.70359564,0.1632046,0.1632046
74,49,4637,0.17937866,17.816404,5.6370754,0.70361936,0.1632012,0.1632012
74,50,4638,0.17940335,17.817554,5.6369185,0.70363706,0.16319463,0.16319463
74,51,4639,0.17942986,17.821335,5.636719,0.70358855,0.16319077,0.16319077
74,52,4640,0.17944276,17.822453,5.6365933,0.70356506,0.16318677,0.16318677
74,53,4641,0.17945617,17.82381,5.63637,0.7035436,0.16318145,0.16318145
74,54,4642,0.17946512,17.824757,5.6362433,0.7035263,0.16318013,0.16318013
74,55,4643,0.17947882,17.826578,5.636105,0.7035433,0.16317621,0.16317621
74,56,4644,0.17949101,17.827848,5.636038,0.70353484,0.16317482,0.16317482
74,57,4645,0.1795015,17.827942,5.6359367,0.70351315,0.16317132,0.16317132
74,58,4646,0.17951825,17.829063,5.635832,0.70353174,0.16316856,0.16316856
74,59,4647,0.17953661,17.831116,5.635711,0.70350957,0.16316546,0.16316546
74,60,4648,0.17954831,17.831799,5.63561,0.70350266,0.16316293,0.16316293
74,61,4649,0.17956582,17.833311,5.6353574,0.7034821,0.16315758,0.16315758
75,0,4650,0.17958021,17.834398,5.6352806,0.703486,0.16315971,0.16315971
75,1,4651,0.17958896,17.835274,5.6351514,0.7034497,0.16315728,0.16315728
75,2,4652,0.17959766,17.83582,5.634985,0.70347553,0.16315095,0.16315095
75,3,4653,0.17960882,17.836977,5.6349115,0.7034675,0.16314946,0.16314946
75,4,4654,0.17961386,17.837276,5.6348305,0.703514,0.16314153,0.16314153
75,5,4655,0.17962877,17.838646,5.6346245,0.7035129,0.1631359,0.1631359
75,6,4656,0.17964306,17.839783,5.6344743,0.7035056,0.16313393,0.16313393
75,7,4657,0.17965072,17.84049,5.6342936,0.70347726,0.1631293,0.1631293
75,8,4658,0.17965831,17.841677,5.6341596,0.7034687,0.16312394,0.16312394
75,9,4659,0.17967013,17.842896,5.634006,0.703504,0.16311887,0.16311887
75,10,4660,0.17970146,17.846918,5.633818,0.7035257,0.16311124,0.16311124
75,11,4661,0.17971712,17.848907,5.6337147,0.70355415,0.1631108,0.1631108
75,12,4662,0.1797306,17.850342,5.6335773,0.7035215,0.16310857,0.16310857
75,13,4663,0.1797451,17.852303,5.6333547,0.70348936,0.16310306,0.16310306
75,14,4664,0.17976123,17.853651,5.633208,0.703477,0.1631009,0.1631009
75,15,4665,0.17977682,17.854998,5.63311,0.70345974,0.16310064,0.16310064
75,16,4666,0.17979412,17.857079,5.6328435,0.70348793,0.16308995,0.16308995
75,17,4667,0.17980975,17.85921,5.632763,0.7035155,0.16308863,0.16308863
75,18,4668,0.17981459,17.859787,5.632528,0.7034803,0.1630841,0.1630841
75,19,4669,0.17983985,17.863388,5.6324306,0.7034842,0.16308188,0.16308188
75,20,4670,0.1798659,17.866589,5.632291,0.7034963,0.16307558,0.16307558
75,21,4671,0.17987588,17.867678,5.632178,0.703513,0.16307051,0.16307051
75,22,4672,0.17989624,17.870829,5.631918,0.70347065,0.16306494,0.16306494
75,23,4673,0.17990762,17.871834,5.6317115,0.7034543,0.16306151,0.16306151
75,24,4674,0.17991236,17.871643,5.631409,0.70341164,0.1630534,0.1630534
75,25,4675,0.17992006,17.872261,5.631132,0.7033724,0.16304556,0.16304556
75,26,4676,0.1799171,17.871864,5.6309133,0.7033613,0.16303885,0.16303885
75,27,4677,0.17992644,17.871979,5.6308327,0.7033288,0.16303878,0.16303878
75,28,4678,0.17993112,17.872265,5.6308646,0.703295,0.16303886,0.16303886
75,29,4679,0.17994463,17.872883,5.630786,0.70328754,0.16303234,0.16303234
75,30,4680,0.17996167,17.87435,5.630881,0.7033176,0.16303554,0.16303554
75,31,4681,0.17997313,17.875963,5.630693,0.70332575,0.16302642,0.16302642
75,32,4682,0.17999049,17.877466,5.6305604,0.70331687,0.16302492,0.16302492
75,33,4683,0.18000515,17.87857,5.630503,0.70332,0.16302207,0.16302207
75,34,4684,0.18001632,17.879463,5.630338,0.7033054,0.16301753,0.16301753
75,35,4685,0.18002611,17.879946,5.6301813,0.7032897,0.16301331,0.16301331
75,36,4686,0.1800489,17.88107,5.6300144,0.7033361,0.16300568,0.16300568
75,37,4687,0.18006395,17.881712,5.629867,0.7033432,0.16300574,0.16300574
75,38,4688,0.18007421,17.882984,5.6296425,0.7033042,0.1629997,0.1629997
75,39,4689,0.18008001,17.883963,5.6294427,0.70329976,0.16299151,0.16299151
75,40,4690,0.18010175,17.88566,5.629247,0.7032525,0.16298364,0.16298364
75,41,4691,0.18011907,17.887337,5.629006,0.7032438,0.16297598,0.16297598
75,42,4692,0.18012732,17.888203,5.628939,0.70324486,0.16296898,0.16296898
75,43,4693,0.18013364,17.889126,5.6288676,0.70327383,0.16296281,0.16296281
75,44,4694,0.18014306,17.89037,5.6288223,0.70329756,0.16296013,0.16296013
75,45,4695,0.18016276,17.892708,5.6287374,0.7033275,0.1629588,0.1629588
75,46,4696,0.18018742,17.895332,5.6285996,0.70335335,0.1629526,0.1629526
75,47,4697,0.18019846,17.896637,5.628432,0.70338446,0.162949,0.162949
75,48,4698,0.18020956,17.89836,5.628197,0.70340765,0.16294056,0.16294056
75,49,4699,0.18022521,17.900717,5.6280084,0.7034245,0.16293372,0.16293372
75,50,4700,0.18024208,17.902903,5.627871,0.70337355,0.16293411,0.16293411
75,51,4701,0.18026185,17.90423,5.627723,0.7033289,0.16293335,0.16293335
75,52,4702,0.18027914,17.906353,5.6276197,0.7033171,0.16292982,0.16292982
75,53,4703,0.18028921,17.906898,5.6275597,0.70335937,0.16292949,0.16292949
75,54,4704,0.18029968,17.907568,5.6274123,0.70330787,0.16293007,0.16293007
75,55,4705,0.18030909,17.908222,5.627294,0.7032842,0.16292386,0.16292386
75,56,4706,0.18032184,17.908577,5.627148,0.7032546,0.16291569,0.16291569
75,57,4707,0.18033329,17.90938,5.6270456,0.7032747,0.16290736,0.16290736
75,58,4708,0.18035634,17.910582,5.6268926,0.7032722,0.1629001,0.1629001
75,59,4709,0.18036976,17.911552,5.6267214,0.7032989,0.16289662,0.16289662
75,60,4710,0.18038574,17.912453,5.6265674,0.70336086,0.16288874,0.16288874
75,61,4711,0.18039516,17.913876,5.6263766,0.7033526,0.1628812,0.1628812
76,0,4712,0.1804142,17.916008,5.6261024,0.7033077,0.162877,0.162877
76,1,4713,0.18044113,17.918318,5.6258955,0.703288,0.16287076,0.16287076
76,2,4714,0.18045612,17.919498,5.6256723,0.703271,0.16286464,0.16286464
76,3,4715,0.18046495,17.920134,5.6255746,0.7032923,0.16285577,0.16285577
76,4,4716,0.1804797,17.920805,5.625355,0.7032805,0.16285191,0.16285191
76,5,4717,0.18049598,17.922466,5.625214,0.703278,0.1628462,0.1628462
76,6,4718,0.18050353,17.92373,5.6250257,0.70330507,0.16283974,0.16283974
76,7,4719,0.18050729,17.924406,5.624781,0.7032853,0.16283296,0.16283296
76,8,4720,0.1805206,17.924791,5.624591,0.7032888,0.16282563,0.16282563
76,9,4721,0.18052511,17.925262,5.624398,0.7032899,0.16281934,0.16281934
76,10,4722,0.18053573,17.925957,5.6242323,0.70325726,0.16281499,0.16281499
76,11,4723,0.1805479,17.927715,5.6240606,0.70327264,0.16280958,0.16280958
76,12,4724,0.18056038,17.929554,5.623882,0.7032606,0.16280091,0.16280091
76,13,4725,0.180583,17.932701,5.6236677,0.70322937,0.16279794,0.16279794
76,14,4726,0.18059611,17.933815,5.6236086,0.7032431,0.16279687,0.16279687
76,15,4727,0.18060315,17.934769,5.62347,0.7032744,0.16278948,0.16278948
76,16,4728,0.18061182,17.93511,5.623339,0.7032702,0.16278678,0.16278678
76,17,4729,0.18062434,17.935995,5.623222,0.70326185,0.1627842,0.1627842
76,18,4730,0.18063715,17.937368,5.6229835,0.7032425,0.16277607,0.16277607
76,19,4731,0.18066472,17.940327,5.6227593,0.70322806,0.16277133,0.16277133
76,20,4732,0.18067436,17.941376,5.6225524,0.70323986,0.16276011,0.16276011
76,21,4733,0.18068649,17.942602,5.622308,0.70319915,0.1627541,0.1627541
76,22,4734,0.18069355,17.944044,5.6221685,0.70320874,0.1627488,0.1627488
76,23,4735,0.18070447,17.945648,5.622069,0.7032073,0.16274135,0.16274135
76,24,4736,0.18072656,17.947659,5.6219096,0.703207,0.16273738,0.16273738
76,25,4737,0.18073902,17.948904,5.6217957,0.703193,0.1627315,0.1627315
76,26,4738,0.1807458,17.949396,5.6216254,0.70318305,0.16272874,0.16272874
76,27,4739,0.18075524,17.94987,5.6213946,0.70317245,0.16272172,0.16272172
76,28,4740,0.18079796,17.953552,5.6211815,0.7031335,0.16271925,0.16271925
76,29,4741,0.18081279,17.95534,5.6210394,0.7031478,0.16271599,0.16271599
76,30,4742,0.1808234,17.957115,5.6208644,0.7031257,0.16271104,0.16271104
76,31,4743,0.18083155,17.958685,5.62074,0.70311356,0.16270529,0.16270529
76,32,4744,0.18084306,17.959345,5.6205616,0.7030797,0.16270003,0.16270003
76,33,4745,0.18085247,17.959675,5.620476,0.7031013,0.16269615,0.16269615
76,34,4746,0.18085745,17.95972,5.6202927,0.7030639,0.16269535,0.16269535
76,35,4747,0.18086576,17.960695,5.620126,0.7030592,0.16268872,0.16268872
76,36,4748,0.18087342,17.961023,5.619942,0.7030413,0.16268593,0.16268593
76,37,4749,0.18088667,17.962688,5.6197863,0.7030386,0.16268282,0.16268282
76,38,4750,0.18089867,17.963993,5.6196384,0.70303005,0.16267797,0.16267797
76,39,4751,0.18090747,17.96484,5.619522,0.7030324,0.16267218,0.16267218
76,40,4752,0.18091089,17.965525,5.619423,0.7030486,0.16266762,0.16266762
76,41,4753,0.1809266,17.967033,5.6193323,0.7030411,0.16266175,0.16266175
76,42,4754,0.18093218,17.967781,5.6191015,0.7030072,0.16265051,0.16265051
76,43,4755,0.18094839,17.969769,5.618998,0.7030213,0.16264668,0.16264668
76,44,4756,0.180969,17.972227,5.6188216,0.703007,0.16264057,0.16264057
76,45,4757,0.1809864,17.973467,5.6186924,0.70301604,0.16263586,0.16263586
76,46,4758,0.18099599,17.974312,5.618559,0.70302576,0.1626319,0.1626319
76,47,4759,0.18101236,17.975754,5.6183643,0.7030435,0.16262588,0.16262588
76,48,4760,0.18102726,17.977568,5.6181765,0.70306623,0.16261782,0.16261782
76,49,4761,0.18103749,17.978714,5.618037,0.70306635,0.16261286,0.16261286
76,50,4762,0.18104926,17.97965,5.6178465,0.7030648,0.16260687,0.16260687
76,51,4763,0.1810631,17.980635,5.617607,0.7030403,0.1625979,0.1625979
76,52,4764,0.1810827,17.982075,5.6174536,0.70304817,0.16259442,0.16259442
76,53,4765,0.18109824,17.982637,5.6172915,0.7030279,0.16259114,0.16259114
76,54,4766,0.1811141,17.984035,5.6171765,0.70300937,0.16259071,0.16259071
76,55,4767,0.18112068,17.98483,5.6171136,0.70300275,0.16258618,0.16258618
76,56,4768,0.18113503,17.985783,5.6170945,0.703042,0.16258687,0.16258687
76,57,4769,0.18115559,17.988201,5.6169477,0.7030625,0.16257776,0.16257776
76,58,4770,0.18118599,17.991198,5.616733,0.7030517,0.16257395,0.16257395
76,59,4771,0.18121648,17.994043,5.6166306,0.70306087,0.16256872,0.16256872
76,60,4772,0.18123467,17.996302,5.6164646,0.7030785,0.16256219,0.16256219
76,61,4773,0.181258,17.997978,5.6162925,0.7030683,0.1625557,0.1625557
77,0,4774,0.18127036,17.998827,5.6161895,0.70306534,0.16255139,0.16255139
77,1,4775,0.18127662,17.999012,5.6160827,0.7030811,0.16254148,0.16254148
77,2,4776,0.1812861,17.999865,5.6158686,0.70304227,0.1625374,0.1625374
77,3,4777,0.1813027,18.001022,5.615705,0.703066,0.16253172,0.16253172
77,4,4778,0.18130569,18.001598,5.6155777,0.7030967,0.16252828,0.16252828
77,5,4779,0.18131736,18.002775,5.6153126,0.70308876,0.16252369,0.16252369
77,6,4780,0.18132655,18.004608,5.615142,0.7031178,0.16251746,0.16251746
77,7,4781,0.18133423,18.005756,5.6149163,0.70308846,0.16251127,0.16251127
77,8,4782,0.18133855,18.006569,5.6147375,0.7030615,0.16250944,0.16250944
77,9,4783,0.18134417,18.006903,5.614555,0.703024,0.16250366,0.16250366
77,10,4784,0.18135998,18.007717,5.614412,0.70300364,0.16249818,0.16249818
77,11,4785,0.18136783,18.008078,5.614338,0.70299673,0.16249624,0.16249624
77,12,4786,0.181378,18.009178,5.6142592,0.70298576,0.16249044,0.16249044
77,13,4787,0.181387,18.010239,5.6141696,0.70297074,0.16248861,0.16248861
77,14,4788,0.18139833,18.011505,5.614013,0.70298046,0.16248332,0.16248332
77,15,4789,0.18140389,18.011904,5.613895,0.7029805,0.16248143,0.16248143
77,16,4790,0.18142122,18.012465,5.6138015,0.7029732,0.16248038,0.16248038
77,17,4791,0.18143192,18.013222,5.6136384,0.7029729,0.16247296,0.16247296
77,18,4792,0.18146892,18.019136,5.6135125,0.702992,0.1624682,0.1624682
77,19,4793,0.18148273,18.019493,5.613348,0.7030009,0.16246368,0.16246368
77,20,4794,0.18149717,18.021366,5.6131144,0.70296156,0.16245873,0.16245873
77,21,4795,0.18151283,18.02364,5.6128874,0.7029211,0.16245015,0.16245015
77,22,4796,0.1815269,18.02492,5.6127415,0.7029214,0.16244428,0.16244428
77,23,4797,0.18153742,18.026384,5.6125493,0.70294136,0.16243573,0.16243573
77,24,4798,0.1815528,18.027746,5.61236,0.70292616,0.162429,0.162429
77,25,4799,0.1815615,18.028316,5.612319,0.70291305,0.16242911,0.16242911
77,26,4800,0.18156862,18.029037,5.6121235,0.70289505,0.16242342,0.16242342
77,27,4801,0.18158092,18.029997,5.611912,0.7028572,0.16241972,0.16241972
77,28,4802,0.18159208,18.030684,5.6117997,0.702876,0.16241448,0.16241448
77,29,4803,0.18160321,18.031824,5.6116295,0.70288,0.16240825,0.16240825
77,30,4804,0.18162414,18.03378,5.6114144,0.7028531,0.16240245,0.16240245
77,31,4805,0.18163304,18.034903,5.6113243,0.7028673,0.16239958,0.16239958
77,32,4806,0.18163401,18.035227,5.6112275,0.70282465,0.16240028,0.16240028
77,33,4807,0.18164958,18.037033,5.611072,0.7028618,0.1623935,0.1623935
77,34,4808,0.18166603,18.037977,5.6108737,0.7028289,0.16238838,0.16238838
77,35,4809,0.18168509,18.039665,5.6106954,0.70282966,0.16238445,0.16238445
77,36,4810,0.18170545,18.041145,5.610462,0.70279884,0.16237988,0.16237988
77,37,4811,0.18172121,18.04197,5.6102805,0.7028058,0.16237694,0.16237694
77,38,4812,0.18173154,18.043036,5.610158,0.7028016,0.16237168,0.16237168
77,39,4813,0.18174937,18.044537,5.609973,0.70280313,0.1623657,0.1623657
77,40,4814,0.18177006,18.047419,5.609761,0.7027841,0.16235495,0.16235495
77,41,4815,0.18178543,18.049236,5.609543,0.70275027,0.16234832,0.16234832
77,42,4816,0.18179555,18.050003,5.609405,0.7027732,0.1623418,0.1623418
77,43,4817,0.18180242,18.050364,5.6091456,0.70271444,0.16233565,0.16233565
77,44,4818,0.18181288,18.051619,5.6090302,0.70271444,0.16233242,0.16233242
77,45,4819,0.18182287,18.051996,5.608856,0.7026692,0.1623258,0.1623258
77,46,4820,0.18183208,18.053171,5.6087375,0.7026777,0.16232137,0.16232137
77,47,4821,0.18184881,18.055069,5.6086855,0.7026997,0.16232176,0.16232176
77,48,4822,0.1818578,18.05644,5.608541,0.70272636,0.16231884,0.16231884
77,49,4823,0.18187094,18.058746,5.6083417,0.7027078,0.16231197,0.16231197
77,50,4824,0.18187931,18.059612,5.608214,0.70269096,0.16230813,0.16230813
77,51,4825,0.18189056,18.06071,5.6080794,0.7026683,0.16230166,0.16230166
77,52,4826,0.18189901,18.061657,5.607943,0.70266783,0.16229826,0.16229826
77,53,4827,0.18190987,18.062576,5.6076508,0.70263296,0.16228971,0.16228971
77,54,4828,0.1819238,18.063446,5.6075287,0.70260584,0.16229184,0.16229184
77,55,4829,0.18193871,18.064701,5.607329,0.7025634,0.16228732,0.16228732
77,56,4830,0.18195814,18.065918,5.6071143,0.7025216,0.16228166,0.16228166
77,57,4831,0.18197392,18.066612,5.6069183,0.7025162,0.16228071,0.16228071
77,58,4832,0.1819869,18.068113,5.606722,0.70249695,0.16227311,0.16227311
77,59,4833,0.18199632,18.06914,5.606476,0.7024771,0.16226923,0.16226923
77,60,4834,0.18200833,18.070786,5.6063614,0.7025243,0.16226144,0.16226144
77,61,4835,0.18202278,18.07224,5.6061344,0.70253205,0.16225329,0.16225329
78,0,4836,0.18203783,18.074333,5.606008,0.7025617,0.16224721,0.16224721
78,1,4837,0.18205164,18.075525,5.6058135,0.70252526,0.16224028,0.16224028
78,2,4838,0.18206728,18.077188,5.6055765,0.70251435,0.16223311,0.16223311
78,3,4839,0.18208067,18.078592,5.605458,0.7025148,0.1622255,0.1622255
78,4,4840,0.18210538,18.081713,5.6053467,0.7024758,0.16222133,0.16222133
78,5,4841,0.18211834,18.082851,5.6053114,0.70246196,0.16222073,0.16222073
78,6,4842,0.18214037,18.084938,5.6051383,0.7024306,0.16221847,0.16221847
78,7,4843,0.18215552,18.086258,5.6050196,0.7024131,0.16221628,0.16221628
78,8,4844,0.1821787,18.088888,5.6050515,0.7024054,0.16221741,0.16221741
78,9,4845,0.1821855,18.089909,5.6050267,0.7024131,0.16221829,0.16221829
78,10,4846,0.18219808,18.091192,5.6048985,0.70242524,0.16221364,0.16221364
78,11,4847,0.18221764,18.092892,5.604659,0.7024205,0.16220896,0.16220896
78,12,4848,0.1822279,18.094023,5.604421,0.7024005,0.16220117,0.16220117
78,13,4849,0.18223912,18.095722,5.6042047,0.7023993,0.16219397,0.16219397
78,14,4850,0.1822487,18.096775,5.604028,0.70237184,0.16218835,0.16218835
78,15,4851,0.18226665,18.099058,5.603823,0.70237833,0.16218004,0.16218004
78,16,4852,0.18228512,18.101889,5.603672,0.7023746,0.16217524,0.16217524
78,17,4853,0.18229675,18.102446,5.603554,0.7023587,0.16217172,0.16217172
78,18,4854,0.18230876,18.104443,5.6033053,0.70229346,0.16216636,0.16216636
78,19,4855,0.18231818,18.105858,5.6032295,0.7023062,0.16216342,0.16216342
78,20,4856,0.18233252,18.107084,5.603069,0.7023046,0.16215917,0.16215917
78,21,4857,0.18233831,18.107882,5.6028824,0.70228946,0.16215047,0.16215047
78,22,4858,0.18234769,18.108849,5.602723,0.7022332,0.16214629,0.16214629
78,23,4859,0.18236461,18.110218,5.602553,0.7021977,0.16213852,0.16213852
78,24,4860,0.18238258,18.11164,5.6023607,0.7021843,0.16213489,0.16213489
78,25,4861,0.18239406,18.112146,5.602181,0.7021497,0.16213208,0.16213208
78,26,4862,0.18240406,18.112547,5.602052,0.7021216,0.16212785,0.16212785
78,27,4863,0.18242095,18.113953,5.601919,0.7020968,0.16212094,0.16212094
78,28,4864,0.18244275,18.115461,5.6018085,0.70208955,0.1621222,0.1621222
78,29,4865,0.18245572,18.116636,5.6016984,0.70208544,0.16211917,0.16211917
78,30,4866,0.18246853,18.117603,5.601535,0.702112,0.16211271,0.16211271
78,31,4867,0.18247712,18.118954,5.6013117,0.7020888,0.16210784,0.16210784
78,32,4868,0.18249011,18.120539,5.601084,0.702053,0.16209933,0.16209933
78,33,4869,0.1825161,18.123537,5.6009636,0.70206296,0.16209486,0.16209486
78,34,4870,0.18252777,18.124857,5.600872,0.7020704,0.16209014,0.16209014
78,35,4871,0.18254076,18.126778,5.6007285,0.70205736,0.16208595,0.16208595
78,36,4872,0.18256277,18.128088,5.6005974,0.7020276,0.16207846,0.16207846
78,37,4873,0.18258426,18.129183,5.600484,0.70201236,0.16207395,0.16207395
78,38,4874,0.18259779,18.12964,5.6003942,0.70200384,0.16207297,0.16207297
78,39,4875,0.18261182,18.130714,5.6002483,0.7019834,0.16206811,0.16206811
78,40,4876,0.18262833,18.132172,5.6000257,0.7019528,0.1620634,0.1620634
78,41,4877,0.18264213,18.133408,5.59991,0.7019588,0.1620632,0.1620632
78,42,4878,0.18265858,18.135176,5.599856,0.70199955,0.16205952,0.16205952
78,43,4879,0.1826699,18.136028,5.5996695,0.7020019,0.16205478,0.16205478
78,44,4880,0.18268117,18.136946,5.599455,0.7019768,0.16205165,0.16205165
78,45,4881,0.1827028,18.140203,5.599311,0.7019497,0.16204675,0.16204675
78,46,4882,0.18272279,18.142372,5.5991015,0.7018928,0.1620394,0.1620394
78,47,4883,0.18274069,18.143324,5.5988073,0.701855,0.16203049,0.16203049
78,48,4884,0.18275024,18.143793,5.598635,0.70183814,0.1620264,0.1620264
78,49,4885,0.18276484,18.14562,5.5984893,0.7018036,0.16202308,0.16202308
78,50,4886,0.1827758,18.146765,5.5982924,0.7017629,0.1620174,0.1620174
78,51,4887,0.18278524,18.147778,5.5981336,0.70175606,0.16201343,0.16201343
78,52,4888,0.18280122,18.15032,5.5979524,0.70175934,0.1620055,0.1620055
78,53,4889,0.18284135,18.157423,5.597739,0.7017181,0.16199994,0.16199994
78,54,4890,0.18285769,18.160318,5.5976105,0.70175564,0.16199201,0.16199201
78,55,4891,0.18287736,18.163416,5.5973563,0.7017226,0.16199064,0.16199064
78,56,4892,0.18289319,18.16573,5.5970306,0.70167077,0.16198097,0.16198097
78,57,4893,0.18290216,18.166664,5.5967655,0.70163625,0.16197245,0.16197245
78,58,4894,0.18290961,18.167654,5.596742,0.70163035,0.16197214,0.16197214
78,59,4895,0.18292348,18.169144,5.5966954,0.70162505,0.16196705,0.16196705
78,60,4896,0.1829394,18.170496,5.596545,0.7016195,0.16196278,0.16196278
78,61,4897,0.18295062,18.171879,5.596333,0.7015901,0.16195612,0.16195612
79,0,4898,0.18296373,18.173653,5.5962443,0.70156014,0.16195303,0.16195303
79,1,4899,0.1829791,18.175127,5.5960007,0.7015266,0.16194561,0.16194561
79,2,4900,0.18298753,18.17644,5.595863,0.7015458,0.16193981,0.16193981
79,3,4901,0.18300033,18.177797,5.595778,0.70154697,0.16194084,0.16194084
79,4,4902,0.1830084,18.178787,5.595673,0.70154196,0.16193505,0.16193505
79,5,4903,0.18301186,18.178965,5.59573,0.70155716,0.1619342,0.1619342
79,6,4904,0.18302022,18.179434,5.5956216,0.7015427,0.16192812,0.16192812
79,7,4905,0.18303908,18.180084,5.595314,0.70148224,0.16192453,0.16192453
79,8,4906,0.18305393,18.180052,5.5951653,0.7014439,0.16191906,0.16191906
79,9,4907,0.18305962,18.180656,5.5950747,0.7014421,0.1619168,0.1619168
79,10,4908,0.18306832,18.181414,5.594828,0.70138687,0.16191173,0.16191173
79,11,4909,0.18308273,18.182972,5.5947013,0.7013728,0.16190797,0.16190797
79,12,4910,0.18309593,18.183971,5.594496,0.7013662,0.1618995,0.1618995
79,13,4911,0.18310963,18.1856,5.5943375,0.701378,0.16189668,0.16189668
79,14,4912,0.18312141,18.186792,5.5942416,0.70140994,0.16189669,0.16189669
79,15,4913,0.18313724,18.188568,5.594089,0.7014115,0.16188812,0.16188812
79,16,4914,0.18315277,18.189846,5.5939355,0.7014063,0.16188537,0.16188537
79,17,4915,0.18317315,18.191914,5.5937643,0.7013943,0.16187923,0.16187923
79,18,4916,0.1831871,18.193644,5.5935855,0.7013849,0.16187201,0.16187201
79,19,4917,0.18319705,18.19532,5.5933957,0.70140463,0.16186287,0.16186287
79,20,4918,0.18321499,18.196405,5.593281,0.70142525,0.16186358,0.16186358
79,21,4919,0.18323919,18.198446,5.5930295,0.7014249,0.16185787,0.16185787
79,22,4920,0.18325415,18.20015,5.5927963,0.7014083,0.16184962,0.16184962
79,23,4921,0.18327308,18.201519,5.592664,0.7014109,0.16184102,0.16184102
79,24,4922,0.18328485,18.20303,5.592469,0.7014051,0.16183008,0.16183008
79,25,4923,0.18329647,18.204477,5.592234,0.70138043,0.16182624,0.16182624
79,26,4924,0.1833151,18.206589,5.5919933,0.7013514,0.16181912,0.16181912
79,27,4925,0.18332627,18.207623,5.5917616,0.7013257,0.16181138,0.16181138
79,28,4926,0.1833419,18.209024,5.5915546,0.70128876,0.1618076,0.1618076
79,29,4927,0.18336004,18.210375,5.591439,0.7013126,0.16180432,0.16180432
79,30,4928,0.18337193,18.211472,5.5912876,0.7012672,0.1617986,0.1617986
79,31,4929,0.18338232,18.212881,5.5912147,0.70127714,0.1618009,0.1618009
79,32,4930,0.1833995,18.21468,5.5910454,0.70133096,0.16179371,0.16179371
79,33,4931,0.1834155,18.215889,5.5908594,0.70131665,0.1617869,0.1617869
79,34,4932,0.18342812,18.218395,5.590643,0.70132196,0.16177985,0.16177985
79,35,4933,0.18344049,18.219719,5.590492,0.70131665,0.16177323,0.16177323
79,36,4934,0.18345843,18.221924,5.5902867,0.7013545,0.16176407,0.16176407
79,37,4935,0.18346894,18.222662,5.59009,0.70132077,0.16176134,0.16176134
79,38,4936,0.18348575,18.224121,5.5899377,0.7012933,0.16175568,0.16175568
79,39,4937,0.18350272,18.225992,5.5896955,0.70126104,0.1617495,0.1617495
79,40,4938,0.1835163,18.226883,5.589586,0.7012634,0.16174577,0.16174577
79,41,4939,0.18353125,18.22778,5.589427,0.7012892,0.16173914,0.16173914
79,42,4940,0.18354103,18.229128,5.5892177,0.7012875,0.16173334,0.16173334
79,43,4941,0.18355651,18.230843,5.5889616,0.7012304,0.16172928,0.16172928
79,44,4942,0.18357004,18.231668,5.5887575,0.7012083,0.16172124,0.16172124
79,45,4943,0.18357432,18.231953,5.5885606,0.70120454,0.16171797,0.16171797
79,46,4944,0.1835846,18.23312,5.588361,0.70119137,0.1617118,0.1617118
79,47,4945,0.18359193,18.233044,5.5882044,0.7011746,0.1617076,0.1617076
79,48,4946,0.1836019,18.234243,5.588071,0.7011422,0.1617036,0.1617036
79,49,4947,0.18361044,18.23425,5.5880218,0.70113814,0.16170149,0.16170149
79,50,4948,0.18362352,18.235409,5.5878596,0.70108896,0.16169485,0.16169485
79,51,4949,0.18363987,18.237505,5.5876575,0.7010481,0.16169028,0.16169028
79,52,4950,0.1836491,18.239113,5.5875797,0.7010602,0.16168438,0.16168438
79,53,4951,0.18367176,18.24069,5.587349,0.7009999,0.16167979,0.16167979
79,54,4952,0.18368249,18.241516,5.5871596,0.70097965,0.16167659,0.16167659
79,55,4953,0.18369934,18.242668,5.5870385,0.7010015,0.1616682,0.1616682
79,56,4954,0.18371108,18.244406,5.5868435,0.7010243,0.16165853,0.16165853
79,57,4955,0.1837261,18.246073,5.586649,0.70101976,0.1616529,0.1616529
79,58,4956,0.18374118,18.247158,5.586419,0.7009712,0.16164567,0.16164567
79,59,4957,0.18375014,18.248064,5.586328,0.7009649,0.16164048,0.16164048
79,60,4958,0.18375662,18.248852,5.586232,0.7009336,0.16163798,0.16163798
79,61,4959,0.18377206,18.250288,5.5861177,0.7009391,0.16163255,0.16163255
80,0,4960,0.18378568,18.251476,5.5859375,0.7009111,0.16162744,0.16162744
80,1,4961,0.18379408,18.252268,5.5857577,0.7008776,0.16162306,0.16162306
80,2,4962,0.18380144,18.253277,5.58561,0.7008523,0.16161472,0.16161472
80,3,4963,0.18381406,18.254826,5.585426,0.7008502,0.16160941,0.16160941
80,4,4964,0.18382272,18.255505,5.5852256,0.70085466,0.16160321,0.16160321
80,5,4965,0.18383722,18.257124,5.5850143,0.7008158,0.16159652,0.16159652
80,6,4966,0.18384558,18.258575,5.5848823,0.7007938,0.16159122,0.16159122
80,7,4967,0.18385756,18.259756,5.5846944,0.70082116,0.16158327,0.16158327
80,8,4968,0.18387935,18.260292,5.5846663,0.7008323,0.16158393,0.16158393
80,9,4969,0.18389724,18.26184,5.584475,0.7008174,0.1615782,0.1615782
80,10,4970,0.18391404,18.262417,5.58432,0.70078695,0.16157393,0.16157393
80,11,4971,0.1839234,18.262941,5.584108,0.7007417,0.16157004,0.16157004
80,12,4972,0.18393102,18.263456,5.5839376,0.7006961,0.16156982,0.16156982
80,13,4973,0.18394852,18.265411,5.583748,0.70068896,0.16156594,0.16156594
80,14,4974,0.18395904,18.266478,5.583556,0.7007299,0.16156097,0.16156097
80,15,4975,0.18396497,18.267202,5.5834074,0.7007379,0.16155508,0.16155508
80,16,4976,0.18397833,18.267992,5.583215,0.70072925,0.16154718,0.16154718
80,17,4977,0.18398702,18.269466,5.583052,0.70070726,0.16154358,0.16154358
80,18,4978,0.18399325,18.270033,5.582875,0.70066965,0.16153765,0.16153765
80,19,4979,0.18402594,18.273767,5.582628,0.7006592,0.16153097,0.16153097
80,20,4980,0.18403801,18.27429,5.582398,0.7006221,0.16152646,0.16152646
80,21,4981,0.18404639,18.275,5.582207,0.7006384,0.16152164,0.16152164
80,22,4982,0.1840513,18.275421,5.5820827,0.7006638,0.16151926,0.16151926
80,23,4983,0.18405803,18.276632,5.5818486,0.7006461,0.16151308,0.16151308
80,24,4984,0.18406679,18.27752,5.581638,0.7006437,0.16150531,0.16150531
80,25,4985,0.18407309,18.27815,5.5814466,0.70065755,0.16149892,0.16149892
80,26,4986,0.18408528,18.279263,5.5813117,0.70068485,0.16149291,0.16149291
80,27,4987,0.18410377,18.28137,5.5811715,0.7006978,0.16148639,0.16148639
80,28,4988,0.1841115,18.282457,5.580956,0.70066565,0.16148151,0.16148151
80,29,4989,0.18412977,18.28463,5.580747,0.7006741,0.161477,0.161477
80,30,4990,0.18414097,18.285688,5.580528,0.70064855,0.1614698,0.1614698
80,31,4991,0.18415356,18.287004,5.5803394,0.70064896,0.16146387,0.16146387
80,32,4992,0.18416712,18.289244,5.5801644,0.70063233,0.1614571,0.1614571
80,33,4993,0.18417561,18.290625,5.580036,0.7006314,0.16145429,0.16145429
80,34,4994,0.1841878,18.292057,5.5798726,0.7006663,0.16144544,0.16144544
80,35,4995,0.1841972,18.292921,5.5796776,0.7006234,0.16144186,0.16144186
80,36,4996,0.18420704,18.294558,5.579522,0.7006374,0.16143782,0.16143782
80,37,4997,0.18421425,18.295235,5.57939,0.7006595,0.16143365,0.16143365
80,38,4998,0.18424365,18.29951,5.579156,0.7006394,0.16142587,0.16142587
80,39,4999,0.18428068,18.304077,5.578987,0.70061207,0.16141932,0.16141932
80,40,5000,0.18430081,18.304913,5.5789084,0.7006492,0.1614164,0.1614164
80,41,5001,0.18432069,18.305777,5.578779,0.70065373,0.16141194,0.16141194
80,42,5002,0.18434006,18.30685,5.5785675,0.70063055,0.16140664,0.16140664
80,43,5003,0.18436654,18.308455,5.5784035,0.70063424,0.16140354,0.16140354
80,44,5004,0.18438724,18.309666,5.578268,0.7006117,0.16139692,0.16139692
80,45,5005,0.1844039,18.312237,5.5781164,0.7005793,0.1613911,0.1613911
80,46,5006,0.18442601,18.313852,5.57793,0.7005741,0.16138545,0.16138545
80,47,5007,0.1844396,18.314981,5.5777826,0.700585,0.16137795,0.16137795
80,48,5008,0.18446429,18.317568,5.5775743,0.7005942,0.16136627,0.16136627
80,49,5009,0.18448284,18.31802,5.5773506,0.7005714,0.16135713,0.16135713
80,50,5010,0.1844978,18.319077,5.577104,0.70053023,0.16134782,0.16134782
80,51,5011,0.18451257,18.320042,5.576892,0.7005011,0.16134094,0.16134094
80,52,5012,0.1845296,18.320978,5.576673,0.70048773,0.1613329,0.1613329
80,53,5013,0.18453896,18.321594,5.576573,0.70044434,0.1613295,0.1613295
80,54,5014,0.18455161,18.322983,5.5763803,0.70047235,0.16132303,0.16132303
80,55,5015,0.1845676,18.324987,5.5762706,0.7005115,0.16131954,0.16131954
80,56,5016,0.18458109,18.326181,5.5760155,0.7005077,0.161312,0.161312
80,57,5017,0.18459766,18.327522,5.5758557,0.7005343,0.16130924,0.16130924
80,58,5018,0.18460271,18.32818,5.575756,0.7005568,0.16130443,0.16130443
80,59,5019,0.18461272,18.330023,5.5755773,0.70055056,0.16129556,0.16129556
80,60,5020,0.1846255,18.331709,5.57538,0.70053816,0.16129157,0.16129157
80,61,5021,0.18464068,18.332376,5.5753274,0.7005516,0.16129012,0.16129012
81,0,5022,0.18465024,18.332724,5.5751295,0.7005161,0.1612842,0.1612842
81,1,5023,0.18466333,18.33375,5.5749364,0.70049673,0.16127871,0.16127871
81,2,5024,0.1846775,18.334448,5.574702,0.7004834,0.16126922,0.16126922
81,3,5025,0.184689,18.335606,5.5744963,0.7004509,0.16126564,0.16126564
81,4,5026,0.18469778,18.336252,5.574285,0.700426,0.16125931,0.16125931
81,5,5027,0.18471119,18.337605,5.574142,0.7004254,0.16125864,0.16125864
81,6,5028,0.18472505,18.33847,5.5739098,0.70042527,0.16125289,0.16125289
81,7,5029,0.18473488,18.339045,5.5737157,0.7003993,0.1612466,0.1612466
81,8,5030,0.18475771,18.342178,5.5735416,0.7003969,0.16124073,0.16124073
81,9,5031,0.18477426,18.343937,5.573441,0.7003927,0.16123618,0.16123618
81,10,5032,0.1847927,18.345718,5.5732913,0.7004145,0.16122627,0.16122627
81,11,5033,0.18480435,18.34658,5.573132,0.7004315,0.16121909,0.16121909
81,12,5034,0.18481688,18.347506,5.5729003,0.7004116,0.16121584,0.16121584
81,13,5035,0.18482551,18.348515,5.5726876,0.7004158,0.16120651,0.16120651
81,14,5036,0.18484409,18.351006,5.572605,0.700424,0.16120182,0.16120182
81,15,5037,0.1848568,18.353287,5.572503,0.7004151,0.16119896,0.16119896
81,16,5038,0.18486889,18.354696,5.572367,0.700432,0.16119663,0.16119663
81,17,5039,0.18488115,18.355825,5.572169,0.70042324,0.16119367,0.16119367
81,18,5040,0.18490002,18.357716,5.572011,0.7004305,0.16118643,0.16118643
81,19,5041,0.18491328,18.35828,5.5717764,0.70042324,0.16118026,0.16118026
81,20,5042,0.18492383,18.35931,5.571558,0.7003903,0.16117491,0.16117491
81,21,5043,0.18493526,18.360245,5.571323,0.7003881,0.16116755,0.16116755
81,22,5044,0.18494405,18.360783,5.571163,0.7003972,0.16116536,0.16116536
81,23,5045,0.18495607,18.361729,5.5709634,0.7004031,0.16115956,0.16115956
81,24,5046,0.18497467,18.364,5.570718,0.7003813,0.1611529,0.1611529
81,25,5047,0.18498823,18.365673,5.570431,0.7003649,0.16114698,0.16114698
81,26,5048,0.18500204,18.366858,5.5702367,0.7003616,0.16113724,0.16113724
81,27,5049,0.18501288,18.36804,5.570143,0.70038325,0.16113296,0.16113296
81,28,5050,0.18502592,18.369287,5.5699763,0.7003647,0.16112678,0.16112678
81,29,5051,0.18503949,18.370808,5.5698285,0.7003576,0.16112196,0.16112196
81,30,5052,0.18506382,18.37376,5.5696764,0.70036453,0.1611194,0.1611194
81,31,5053,0.18508479,18.37628,5.5695243,0.7003814,0.16111408,0.16111408
81,32,5054,0.18510228,18.377838,5.569396,0.700379,0.16110627,0.16110627
81,33,5055,0.18511568,18.379461,5.569236,0.70036066,0.16110073,0.16110073
81,34,5056,0.18512544,18.379938,5.5690455,0.7003134,0.16109538,0.16109538
81,35,5057,0.18512896,18.379944,5.568892,0.7003175,0.16108544,0.16108544
81,36,5058,0.18513662,18.380291,5.568738,0.7002815,0.16108169,0.16108169
81,37,5059,0.18514737,18.38166,5.5686464,0.70031893,0.16107735,0.16107735
81,38,5060,0.18516172,18.382826,5.568519,0.70034546,0.16107252,0.16107252
81,39,5061,0.18517536,18.383612,5.568394,0.70034546,0.16106994,0.16106994
81,40,5062,0.18519205,18.38568,5.5682654,0.7003438,0.16106313,0.16106313
81,41,5063,0.18520959,18.387943,5.568151,0.7003373,0.1610618,0.1610618
81,42,5064,0.18522522,18.389284,5.5679817,0.70031536,0.16106099,0.16106099
81,43,5065,0.1852364,18.38978,5.567828,0.7002775,0.16105746,0.16105746
81,44,5066,0.18525511,18.391184,5.5676565,0.70021766,0.16105193,0.16105193
81,45,5067,0.18527135,18.392632,5.567487,0.70020187,0.16104901,0.16104901
81,46,5068,0.18528928,18.394205,5.5673437,0.70021456,0.16104503,0.16104503
81,47,5069,0.18530124,18.395803,5.567128,0.7002025,0.16104028,0.16104028
81,48,5070,0.18531105,18.396936,5.566929,0.7001837,0.16103294,0.16103294
81,49,5071,0.18533695,18.398396,5.5667357,0.700164,0.16103023,0.16103023
81,50,5072,0.18535453,18.400127,5.5665073,0.70012295,0.16102286,0.16102286
81,51,5073,0.18536462,18.401026,5.5663114,0.7001322,0.16101623,0.16101623
81,52,5074,0.18537754,18.402102,5.5662107,0.7001266,0.16101156,0.16101156
81,53,5075,0.18539499,18.40422,5.566061,0.7001136,0.16100492,0.16100492
81,54,5076,0.18541637,18.405897,5.565854,0.7001341,0.16099891,0.16099891
81,55,5077,0.18543611,18.407976,5.565677,0.7001342,0.16099083,0.16099083
81,56,5078,0.18545362,18.410889,5.5654926,0.7001194,0.16098411,0.16098411
81,57,5079,0.18545955,18.411524,5.565262,0.7001233,0.1609756,0.1609756
81,58,5080,0.18546684,18.412477,5.5650496,0.7001081,0.16097206,0.16097206
81,59,5081,0.18548155,18.414389,5.564861,0.7000871,0.16096576,0.16096576
81,60,5082,0.18549308,18.415886,5.56466,0.70007145,0.16096012,0.16096012
81,61,5083,0.1854977,18.416586,5.5645194,0.70003915,0.16095488,0.16095488
82,0,5084,0.1855036,18.41758,5.564349,0.7000031,0.16095185,0.16095185
82,1,5085,0.18551522,18.419004,5.5641065,0.6999618,0.16094668,0.16094668
82,2,5086,0.18552282,18.41948,5.5640144,0.6999486,0.16093916,0.16093916
82,3,5087,0.18553215,18.42075,5.5638366,0.69996095,0.16093408,0.16093408
82,4,5088,0.18554226,18.421673,5.5637317,0.70000243,0.16092521,0.16092521
82,5,5089,0.18555294,18.423471,5.5635977,0.6999888,0.16092186,0.16092186
82,6,5090,0.18556257,18.42491,5.5635242,0.69998235,0.16091625,0.16091625
82,7,5091,0.18557282,18.42593,5.563393,0.699983,0.16091292,0.16091292
82,8,5092,0.18558675,18.427738,5.563296,0.7000204,0.1609105,0.1609105
82,9,5093,0.18560496,18.430012,5.5631433,0.7000312,0.1609052,0.1609052
82,10,5094,0.18562372,18.432035,5.5630107,0.7000365,0.1609029,0.1609029
82,11,5095,0.18563554,18.433853,5.562835,0.70001614,0.1609001,0.1609001
82,12,5096,0.18564579,18.434874,5.562677,0.7000292,0.16089472,0.16089472
82,13,5097,0.18565276,18.435339,5.562523,0.7000368,0.16089249,0.16089249
82,14,5098,0.18566132,18.43598,5.5622997,0.70004183,0.16088665,0.16088665
82,15,5099,0.18567507,18.437635,5.562154,0.70006937,0.16088219,0.16088219
82,16,5100,0.18569744,18.440214,5.561977,0.70007217,0.1608752,0.1608752
82,17,5101,0.18572278,18.443247,5.5618143,0.70005184,0.16086896,0.16086896
82,18,5102,0.18574524,18.44476,5.561698,0.7000833,0.16086265,0.16086265
82,19,5103,0.18576351,18.445995,5.5614896,0.7000707,0.16085331,0.16085331
82,20,5104,0.18577826,18.447762,5.561344,0.7000749,0.16084833,0.16084833
82,21,5105,0.18579283,18.449099,5.5612626,0.70006514,0.16084698,0.16084698
82,22,5106,0.18580213,18.45051,5.561058,0.70005304,0.16083896,0.16083896
82,23,5107,0.18581699,18.452084,5.5608993,0.7000408,0.16083075,0.16083075
82,24,5108,0.1858271,18.45351,5.5608106,0.7000464,0.16082554,0.16082554
82,25,5109,0.1858405,18.454865,5.5606337,0.70006067,0.16081749,0.16081749
82,26,5110,0.18585998,18.455599,5.560516,0.7000399,0.16081321,0.16081321
82,27,5111,0.185875,18.45667,5.5604143,0.7000577,0.16080555,0.16080555
82,28,5112,0.18588999,18.457525,5.5601497,0.700054,0.16079776,0.16079776
82,29,5113,0.18590304,18.458618,5.5599823,0.70002997,0.16079274,0.16079274
82,30,5114,0.18591583,18.459372,5.559864,0.70002955,0.16079064,0.16079064
82,31,5115,0.18593076,18.460665,5.55973,0.7000226,0.16078743,0.16078743
82,32,5116,0.18594669,18.46242,5.559537,0.7000071,0.1607807,0.1607807
82,33,5117,0.18596044,18.464148,5.5594344,0.7000191,0.16077615,0.16077615
82,34,5118,0.18596981,18.464985,5.5592613,0.69998395,0.16077001,0.16077001
82,35,5119,0.18598306,18.466476,5.559002,0.69997215,0.1607618,0.1607618
82,36,5120,0.1859948,18.46705,5.5588145,0.699964,0.16075572,0.16075572
82,37,5121,0.18600288,18.467905,5.558688,0.6999775,0.16075258,0.16075258
82,38,5122,0.18602693,18.470264,5.558523,0.69997007,0.16075063,0.16075063
82,39,5123,0.18603504,18.47105,5.5584784,0.69999,0.16074575,0.16074575
82,40,5124,0.186044,18.472355,5.5583916,0.7000082,0.16074432,0.16074432
82,41,5125,0.18605477,18.473808,5.5581822,0.70000833,0.1607365,0.1607365
82,42,5126,0.18606256,18.474983,5.5580683,0.70001477,0.16073433,0.16073433
82,43,5127,0.18608277,18.478033,5.5578794,0.7000096,0.16072738,0.16072738
82,44,5128,0.1860912,18.4795,5.5577197,0.7000419,0.16072251,0.16072251
82,45,5129,0.18610759,18.481232,5.557469,0.70003265,0.16071437,0.16071437
82,46,5130,0.18612175,18.482136,5.55725,0.7000476,0.16070831,0.16070831
82,47,5131,0.18612993,18.48331,5.5570283,0.7000269,0.16070357,0.16070357
82,48,5132,0.1861384,18.483887,5.5568423,0.70001787,0.16069579,0.16069579
82,49,5133,0.18615568,18.485285,5.556612,0.7000214,0.16068585,0.16068585
82,50,5134,0.1861802,18.486046,5.556402,0.7000377,0.16067848,0.16067848
82,51,5135,0.18620288,18.48724,5.556231,0.7000348,0.16067211,0.16067211
82,52,5136,0.18621095,18.487879,5.556058,0.7000546,0.16066797,0.16066797
82,53,5137,0.18622097,18.488806,5.5557714,0.7000197,0.16065958,0.16065958
82,54,5138,0.18622883,18.49013,5.555576,0.69998837,0.16065429,0.16065429
82,55,5139,0.1862368,18.491861,5.5554776,0.69998324,0.1606511,0.1606511
82,56,5140,0.18625084,18.49303,5.555353,0.6999543,0.16065377,0.16065377
82,57,5141,0.18626238,18.493996,5.555322,0.6999554,0.16065204,0.16065204
82,58,5142,0.18627958,18.496355,5.5551114,0.69993484,0.16064258,0.16064258
82,59,5143,0.18629771,18.49757,5.5549026,0.6998888,0.16063885,0.16063885
82,60,5144,0.18631174,18.498756,5.554689,0.69985306,0.16063407,0.16063407
82,61,5145,0.18632947,18.500727,5.554463,0.69986,0.16063052,0.16063052
83,0,5146,0.18635476,18.505219,5.554257,0.69989043,0.16062364,0.16062364
83,1,5147,0.1863674,18.506332,5.554071,0.69992596,0.1606164,0.1606164
83,2,5148,0.18637905,18.507586,5.553837,0.69990903,0.16060838,0.16060838
83,3,5149,0.18639788,18.509138,5.553618,0.6999188,0.16060469,0.16060469
83,4,5150,0.18641204,18.510908,5.553411,0.69992214,0.16059412,0.16059412
83,5,5151,0.18642633,18.513042,5.5532966,0.6999451,0.16059072,0.16059072
83,6,5152,0.18646222,18.51877,5.553183,0.6999687,0.16058604,0.16058604
83,7,5153,0.18649173,18.522743,5.552945,0.6999492,0.16058256,0.16058256
83,8,5154,0.18651223,18.525007,5.552769,0.6999494,0.16058064,0.16058064
83,9,5155,0.18652284,18.525705,5.552592,0.69996095,0.16057247,0.16057247
83,10,5156,0.18652688,18.526428,5.5525146,0.6999832,0.16056994,0.16056994
83,11,5157,0.18653744,18.527523,5.552358,0.69998527,0.16056369,0.16056369
83,12,5158,0.18654913,18.528866,5.5520864,0.6999503,0.16055596,0.16055596
83,13,5159,0.18655604,18.52892,5.551818,0.69993293,0.16054825,0.16054825
83,14,5160,0.18656804,18.530031,5.5516057,0.6999085,0.16054243,0.16054243
83,15,5161,0.18658143,18.531435,5.551382,0.6999211,0.16053736,0.16053736
83,16,5162,0.18659012,18.532562,5.551235,0.69989574,0.16053632,0.16053632
83,17,5163,0.18660116,18.533792,5.5511227,0.6998856,0.16053447,0.16053447
83,18,5164,0.18661512,18.534819,5.5510435,0.6999116,0.16052833,0.16052833
83,19,5165,0.18664037,18.538076,5.5508714,0.69989175,0.16052067,0.16052067
83,20,5166,0.18666968,18.541697,5.550702,0.6998962,0.16051556,0.16051556
83,21,5167,0.18669102,18.54421,5.550492,0.69988495,0.1605076,0.1605076
83,22,5168,0.18670085,18.54534,5.550388,0.6999003,0.16050355,0.16050355
83,23,5169,0.18671003,18.545671,5.550155,0.6998531,0.16049403,0.16049403
83,24,5170,0.18672642,18.547386,5.5499825,0.69985676,0.16049151,0.16049151
83,25,5171,0.18673714,18.548536,5.549835,0.69983274,0.16048709,0.16048709
83,26,5172,0.18674992,18.549692,5.5497284,0.6998248,0.16048326,0.16048326
83,27,5173,0.18676415,18.550564,5.549589,0.699849,0.16047582,0.16047582
83,28,5174,0.18678066,18.552223,5.5494137,0.6998753,0.16047032,0.16047032
83,29,5175,0.18679626,18.5536,5.5491433,0.69984984,0.16046268,0.16046268
83,30,5176,0.1868088,18.554703,5.548906,0.6998251,0.16045922,0.16045922
83,31,5177,0.18682796,18.55591,5.548699,0.6998106,0.16045216,0.16045216
83,32,5178,0.18684772,18.557764,5.5484614,0.69977075,0.16044506,0.16044506
83,33,5179,0.18685716,18.55845,5.5482254,0.6997511,0.16043955,0.16043955
83,34,5180,0.1868675,18.560278,5.5480995,0.6997549,0.16043475,0.16043475
83,35,5181,0.18687928,18.56189,5.547998,0.6997963,0.16042829,0.16042829
83,36,5182,0.18689926,18.564505,5.5478473,0.6998191,0.16042262,0.16042262
83,37,5183,0.18691361,18.566189,5.547799,0.6998315,0.16042183,0.16042183
83,38,5184,0.18692002,18.567017,5.5476255,0.6998158,0.16041571,0.16041571
83,39,5185,0.18693459,18.568697,5.547407,0.69981116,0.16041,0.16041
83,40,5186,0.18694355,18.569517,5.5472064,0.6997855,0.16040692,0.16040692
83,41,5187,0.18695515,18.571417,5.547024,0.69977766,0.16039848,0.16039848
83,42,5188,0.1869655,18.57302,5.546796,0.69976753,0.16039117,0.16039117
83,43,5189,0.18698101,18.574884,5.5466413,0.69979227,0.16038623,0.16038623
83,44,5190,0.18699473,18.575977,5.546622,0.69983596,0.16038252,0.16038252
83,45,5191,0.18700318,18.576939,5.5464454,0.6998291,0.1603751,0.1603751
83,46,5192,0.18702126,18.578548,5.5462427,0.69980425,0.16036849,0.16036849
83,47,5193,0.1870349,18.579805,5.5461135,0.69978166,0.16036509,0.16036509
83,48,5194,0.18704417,18.58167,5.5460253,0.69979745,0.16036157,0.16036157
83,49,5195,0.18705364,18.582512,5.5458117,0.6997795,0.16035528,0.16035528
83,50,5196,0.18706009,18.583637,5.5456953,0.69978225,0.16035113,0.16035113
83,51,5197,0.18706945,18.585331,5.5456276,0.6998331,0.16034879,0.16034879
83,52,5198,0.18709114,18.587973,5.545421,0.699865,0.16034515,0.16034515
83,53,5199,0.18710399,18.589432,5.5453615,0.69990504,0.16034026,0.16034026
83,54,5200,0.18712011,18.590698,5.545163,0.69990426,0.16033584,0.16033584
83,55,5201,0.18714364,18.59313,5.5449553,0.699873,0.16033097,0.16033097
83,56,5202,0.18716069,18.594873,5.544704,0.69989055,0.16032656,0.16032656
83,57,5203,0.18717746,18.59745,5.5444746,0.6998741,0.16032313,0.16032313
83,58,5204,0.18719427,18.598763,5.544283,0.69987077,0.16031896,0.16031896
83,59,5205,0.18720663,18.599669,5.544113,0.69986194,0.16031373,0.16031373
83,60,5206,0.18722528,18.600601,5.543833,0.69983333,0.16030516,0.16030516
83,61,5207,0.1872369,18.60201,5.5436597,0.69982064,0.16030003,0.16030003
84,0,5208,0.18724918,18.603085,5.5434403,0.6997935,0.16029425,0.16029425
84,1,5209,0.18725674,18.60365,5.5432634,0.6997783,0.16029157,0.16029157
84,2,5210,0.18726838,18.604214,5.5430856,0.69976276,0.16028368,0.16028368
84,3,5211,0.18728633,18.60596,5.543015,0.69980747,0.16027763,0.16027763
84,4,5212,0.18732189,18.607262,5.5428357,0.69979274,0.16027024,0.16027024
84,5,5213,0.18733522,18.608055,5.5426517,0.6997784,0.16026534,0.16026534
84,6,5214,0.18734957,18.609493,5.542522,0.69977546,0.16025883,0.16025883
84,7,5215,0.18735948,18.610361,5.542341,0.69976234,0.1602535,0.1602535
84,8,5216,0.18737398,18.612593,5.542205,0.6997557,0.16024871,0.16024871
84,9,5217,0.18739405,18.614893,5.5419993,0.6997667,0.16024238,0.16024238
84,10,5218,0.18740661,18.616272,5.5418344,0.69980353,0.16023956,0.16023956
84,11,5219,0.18741792,18.617714,5.541632,0.69977844,0.16023088,0.16023088
84,12,5220,0.18742695,18.61882,5.5414734,0.6997516,0.16022478,0.16022478
84,13,5221,0.18744077,18.620132,5.5412655,0.69975114,0.16021743,0.16021743
84,14,5222,0.18745783,18.621414,5.541036,0.69974846,0.16020916,0.16020916
84,15,5223,0.18746598,18.622011,5.540804,0.6997233,0.16020405,0.16020405
84,16,5224,0.18748051,18.62323,5.540624,0.6996908,0.16019724,0.16019724
84,17,5225,0.18748981,18.6242,5.5404463,0.69966704,0.16019157,0.16019157
84,18,5226,0.18749934,18.625086,5.5402503,0.69964075,0.16018589,0.16018589
84,19,5227,0.18750897,18.626451,5.5400143,0.69963145,0.1601797,0.1601797
84,20,5228,0.18751708,18.627035,5.5397577,0.6996274,0.1601735,0.1601735
84,21,5229,0.18753465,18.628225,5.539592,0.6996493,0.16016571,0.16016571
84,22,5230,0.18754657,18.628819,5.5394473,0.69966125,0.1601632,0.1601632
84,23,5231,0.18755457,18.630186,5.539241,0.6996673,0.1601555,0.1601555
84,24,5232,0.18756565,18.631306,5.539052,0.69966626,0.16014805,0.16014805
84,25,5233,0.18757826,18.632744,5.538918,0.6996696,0.16014493,0.16014493
84,26,5234,0.18759069,18.634007,5.538764,0.6996635,0.16014269,0.16014269
84,27,5235,0.18760407,18.63563,5.538517,0.6996376,0.16013418,0.16013418
84,28,5236,0.18761629,18.636948,5.538376,0.6996326,0.1601279,0.1601279
84,29,5237,0.1876198,18.637362,5.5382447,0.699653,0.16012304,0.16012304
84,30,5238,0.18763217,18.639366,5.5381417,0.6996938,0.16012032,0.16012032
84,31,5239,0.18764709,18.641249,5.5379987,0.6997233,0.16011518,0.16011518
84,32,5240,0.18766564,18.644163,5.537842,0.6997304,0.16010773,0.16010773
84,33,5241,0.18768798,18.647844,5.53772,0.69972456,0.16010211,0.16010211
84,34,5242,0.18770313,18.649824,5.5375266,0.6997393,0.16009524,0.16009524
84,35,5243,0.18771157,18.65117,5.537339,0.69974715,0.16008827,0.16008827
84,36,5244,0.18772374,18.653301,5.5371337,0.69970673,0.16008171,0.16008171
84,37,5245,0.18773702,18.654846,5.5369954,0.6997094,0.16007747,0.16007747
84,38,5246,0.18774907,18.656364,5.536779,0.6996922,0.16007137,0.16007137
84,39,5247,0.18775474,18.65699,5.536603,0.6996586,0.16006537,0.16006537
84,40,5248,0.18776938,18.658894,5.5364923,0.69965154,0.16006112,0.16006112
84,41,5249,0.1877825,18.65992,5.536338,0.699666,0.16005808,0.16005808
84,42,5250,0.18779303,18.66135,5.536115,0.6996644,0.16005057,0.16005057
84,43,5251,0.18780053,18.662172,5.5358768,0.69965315,0.16004568,0.16004568
84,44,5252,0.18781155,18.663715,5.535654,0.6996434,0.16004217,0.16004217
84,45,5253,0.18782413,18.664627,5.5355268,0.6996328,0.16003631,0.16003631
84,46,5254,0.18783462,18.66585,5.535341,0.6996282,0.16002804,0.16002804
84,47,5255,0.18784711,18.66687,5.535144,0.6996075,0.160024,0.160024
84,48,5256,0.18786082,18.668388,5.5350537,0.6996197,0.16001935,0.16001935
84,49,5257,0.18786801,18.669573,5.5349073,0.6996066,0.16001458,0.16001458
84,50,5258,0.18787803,18.670803,5.534687,0.6996128,0.16001001,0.16001001
84,51,5259,0.18788943,18.67268,5.534592,0.69960135,0.16000569,0.16000569
84,52,5260,0.18790078,18.674486,5.534542,0.6996153,0.1600016,0.1600016
84,53,5261,0.18792231,18.676239,5.534379,0.6995932,0.1599971,0.1599971
84,54,5262,0.18793106,18.676685,5.5342026,0.6996188,0.15999067,0.15999067
84,55,5263,0.18795511,18.679365,5.533995,0.6995924,0.15998664,0.15998664
84,56,5264,0.18797012,18.68059,5.5338855,0.6995835,0.15997963,0.15997963
84,57,5265,0.18798146,18.68195,5.533677,0.69955754,0.15997227,0.15997227
84,58,5266,0.18799606,18.683043,5.5334654,0.699563,0.1599678,0.1599678
84,59,5267,0.1880073,18.684446,5.533355,0.6995772,0.1599646,0.1599646
84,60,5268,0.18802199,18.68672,5.533165,0.6995636,0.1599574,0.1599574
84,61,5269,0.18804668,18.689325,5.532981,0.69953954,0.15994945,0.15994945
85,0,5270,0.18806174,18.69049,5.532907,0.6995515,0.15994556,0.15994556
85,1,5271,0.1880682,18.691486,5.53281,0.69954544,0.15994155,0.15994155
85,2,5272,0.18807831,18.692719,5.532692,0.69954675,0.15993729,0.15993729
85,3,5273,0.18808828,18.693796,5.5326366,0.69955903,0.1599299,0.1599299
85,4,5274,0.18810725,18.694895,5.532432,0.6995334,0.1599222,0.1599222
85,5,5275,0.18812427,18.696222,5.532236,0.69949883,0.15991686,0.15991686
85,6,5276,0.18813264,18.696585,5.532141,0.69950294,0.15991671,0.15991671
85,7,5277,0.18813945,18.697245,5.531969,0.699483,0.15991496,0.15991496
85,8,5278,0.18814473,18.697811,5.531793,0.6994645,0.15991011,0.15991011
85,9,5279,0.18815468,18.69905,5.5315995,0.69945365,0.15990552,0.15990552
85,10,5280,0.1881736,18.70096,5.531338,0.6994467,0.1598971,0.1598971
85,11,5281,0.18818414,18.701946,5.5311794,0.69942635,0.15989453,0.15989453
85,12,5282,0.18818977,18.702503,5.531037,0.69941705,0.15988778,0.15988778
85,13,5283,0.1882026,18.70375,5.530871,0.69940114,0.15988368,0.15988368
85,14,5284,0.1882107,18.704636,5.5307264,0.6994026,0.15987675,0.15987675
85,15,5285,0.1882163,18.705145,5.5306125,0.6993636,0.15987372,0.15987372
85,16,5286,0.18822959,18.70638,5.530438,0.6993714,0.15986492,0.15986492
85,17,5287,0.18823905,18.70738,5.530334,0.6993555,0.1598604,0.1598604
85,18,5288,0.18825278,18.708431,5.5301924,0.69936603,0.15985446,0.15985446
85,19,5289,0.18826626,18.709713,5.5299993,0.6993414,0.15985021,0.15985021
85,20,5290,0.18828465,18.711285,5.529904,0.69934344,0.15984732,0.15984732
85,21,5291,0.1882934,18.71188,5.5297556,0.6993169,0.15984324,0.15984324
85,22,5292,0.18830843,18.714247,5.5295296,0.6993287,0.15983354,0.15983354
85,23,5293,0.18832615,18.71688,5.529381,0.6993344,0.15983021,0.15983021
85,24,5294,0.18834022,18.718937,5.529249,0.6993322,0.15982795,0.15982795
85,25,5295,0.18835771,18.720425,5.5290437,0.69929564,0.1598252,0.1598252
85,26,5296,0.18836676,18.72139,5.528839,0.699302,0.15982033,0.15982033
85,27,5297,0.18837948,18.723068,5.5285897,0.6992761,0.15981133,0.15981133
85,28,5298,0.18839686,18.725147,5.528343,0.6992762,0.15980266,0.15980266
85,29,5299,0.18841144,18.726593,5.528145,0.69926083,0.15979631,0.15979631
85,30,5300,0.18842545,18.727661,5.527937,0.6992474,0.15978944,0.15978944
85,31,5301,0.1884383,18.728941,5.527782,0.69924235,0.15978403,0.15978403
85,32,5302,0.18844563,18.729792,5.52755,0.6991826,0.15977965,0.15977965
85,33,5303,0.18845849,18.731339,5.527399,0.6991585,0.15977517,0.15977517
85,34,5304,0.18846115,18.731134,5.527236,0.6991225,0.15976869,0.15976869
85,35,5305,0.18847333,18.732794,5.527093,0.6991019,0.15976551,0.15976551
85,36,5306,0.18848518,18.733484,5.5269966,0.699108,0.1597612,0.1597612
85,37,5307,0.18849538,18.733934,5.52689,0.69911695,0.15975817,0.15975817
85,38,5308,0.18851052,18.735764,5.5266557,0.6991025,0.15975562,0.15975562
85,39,5309,0.1885184,18.736511,5.5264792,0.6991018,0.15974939,0.15974939
85,40,5310,0.188528,18.737432,5.5263247,0.69907385,0.1597469,0.1597469
85,41,5311,0.18853614,18.73857,5.526047,0.6990343,0.15974095,0.15974095
85,42,5312,0.18854663,18.739397,5.525807,0.6990226,0.15973261,0.15973261
85,43,5313,0.18855022,18.73959,5.5256248,0.69899845,0.15972924,0.15972924
85,44,5314,0.18856707,18.740631,5.5254774,0.6989706,0.15972264,0.15972264
85,45,5315,0.18857926,18.74162,5.52542,0.69896847,0.15971947,0.15971947
85,46,5316,0.188601,18.743252,5.525266,0.6989587,0.15971312,0.15971312
85,47,5317,0.18861678,18.744013,5.5251727,0.69897187,0.15970868,0.15970868
85,48,5318,0.1886318,18.745337,5.5249786,0.6989835,0.15970291,0.15970291
85,49,5319,0.18864292,18.746332,5.524818,0.6989727,0.15969718,0.15969718
85,50,5320,0.18865971,18.748007,5.524637,0.69897395,0.15969017,0.15969017
85,51,5321,0.18867543,18.749323,5.524472,0.6989731,0.15968232,0.15968232
85,52,5322,0.18868712,18.750439,5.524177,0.69893116,0.15967476,0.15967476
85,53,5323,0.18870103,18.752657,5.5239973,0.6989074,0.15967236,0.15967236
85,54,5324,0.1887084,18.753551,5.5238266,0.6988897,0.15966596,0.15966596
85,55,5325,0.18871774,18.754847,5.523681,0.69885784,0.15966174,0.15966174
85,56,5326,0.18873829,18.75574,5.5235205,0.6988614,0.15965357,0.15965357
85,57,5327,0.18875177,18.756739,5.523392,0.6988707,0.15964751,0.15964751
85,58,5328,0.18876514,18.758429,5.5232463,0.6988852,0.15964405,0.15964405
85,59,5329,0.18877763,18.760214,5.523134,0.69890916,0.15963821,0.15963821
85,60,5330,0.18879955,18.763271,5.5230165,0.6989054,0.1596333,0.1596333
85,61,5331,0.18881777,18.76525,5.5228376,0.6988923,0.15962553,0.15962553
86,0,5332,0.18882982,18.766182,5.5227394,0.69890517,0.15962173,0.15962173
86,1,5333,0.18884063,18.767506,5.522555,0.69886875,0.15961549,0.15961549
86,2,5334,0.18885797,18.76937,5.5223546,0.69884634,0.15960917,0.15960917
86,3,5335,0.18886797,18.7704,5.5221915,0.6988583,0.15960063,0.15960063
86,4,5336,0.1888758,18.771103,5.522032,0.6988508,0.15959795,0.15959795
86,5,5337,0.18888347,18.77192,5.5218415,0.69885015,0.15959084,0.15959084
86,6,5338,0.18889691,18.773771,5.5216985,0.69887716,0.15958719,0.15958719
86,7,5339,0.18891251,18.77565,5.5215464,0.6988893,0.15958151,0.15958151
86,8,5340,0.18892574,18.776947,5.5214167,0.6988823,0.1595777,0.1595777
86,9,5341,0.1889365,18.77871,5.5212173,0.6988891,0.1595737,0.1595737
86,10,5342,0.18894583,18.77994,5.5210466,0.69889355,0.15956621,0.15956621
86,11,5343,0.1889523,18.780767,5.5210676,0.6989046,0.15956329,0.15956329
86,12,5344,0.18896057,18.781462,5.521008,0.6989226,0.15956292,0.15956292
86,13,5345,0.18897349,18.783028,5.5208263,0.6989138,0.15955572,0.15955572
86,14,5346,0.18899162,18.784523,5.5206203,0.69889885,0.15954863,0.15954863
86,15,5347,0.1890087,18.785507,5.5204744,0.69889784,0.15954506,0.15954506
86,16,5348,0.18902351,18.786633,5.520236,0.6989199,0.15953474,0.15953474
86,17,5349,0.18903318,18.786875,5.5200486,0.6988881,0.15952814,0.15952814
86,18,5350,0.1890424,18.788063,5.519873,0.69891375,0.15952022,0.15952022
86,19,5351,0.18905322,18.788914,5.5196533,0.6988814,0.1595138,0.1595138
86,20,5352,0.18905775,18.7897,5.5195503,0.69888455,0.1595107,0.1595107
86,21,5353,0.18906623,18.79054,5.5193515,0.6988818,0.15950373,0.15950373
86,22,5354,0.18908179,18.791603,5.519199,0.69888496,0.15949468,0.15949468
86,23,5355,0.18909493,18.793163,5.5190244,0.69885206,0.15949243,0.15949243
86,24,5356,0.18911475,18.79422,5.5189185,0.6988609,0.15948515,0.15948515
86,25,5357,0.18912923,18.795082,5.5188007,0.6988367,0.1594799,0.1594799
86,26,5358,0.1891396,18.796188,5.51864,0.69880474,0.1594736,0.1594736
86,27,5359,0.18914889,18.79686,5.518533,0.69879025,0.15946673,0.15946673
86,28,5360,0.18915911,18.797785,5.5184298,0.69876313,0.15946275,0.15946275
86,29,5361,0.189172,18.799063,5.518313,0.6987672,0.15945621,0.15945621
86,30,5362,0.18918237,18.799755,5.518104,0.6987321,0.15945065,0.15945065
86,31,5363,0.18919945,18.801144,5.5179815,0.6986844,0.15945171,0.15945171
86,32,5364,0.18921089,18.802542,5.5178466,0.6987024,0.15944642,0.15944642
86,33,5365,0.18922181,18.803328,5.5177374,0.6986904,0.15944123,0.15944123
86,34,5366,0.18923384,18.804148,5.517639,0.6987329,0.15943606,0.15943606
86,35,5367,0.18926369,18.805876,5.5175114,0.6987237,0.15943034,0.15943034
86,36,5368,0.1892809,18.80753,5.517396,0.6987168,0.15942946,0.15942946
86,37,5369,0.18930006,18.80908,5.517187,0.69869953,0.15942399,0.15942399
86,38,5370,0.18931541,18.810974,5.517045,0.6987092,0.159419,0.159419
86,39,5371,0.18932396,18.811798,5.5168185,0.6986646,0.1594142,0.1594142
86,40,5372,0.189335,18.812897,5.516628,0.6986434,0.15941262,0.15941262
86,41,5373,0.18934706,18.813848,5.516406,0.6986265,0.15940686,0.15940686
86,42,5374,0.18935993,18.815014,5.5161815,0.6986226,0.15940018,0.15940018
86,43,5375,0.1893654,18.815804,5.5159087,0.6986036,0.15939388,0.15939388
86,44,5376,0.18937826,18.817762,5.515587,0.698578,0.1593847,0.1593847
86,45,5377,0.18938494,18.818886,5.515377,0.6985519,0.15938042,0.15938042
86,46,5378,0.18939503,18.81977,5.515232,0.698512,0.1593734,0.1593734
86,47,5379,0.18941,18.820766,5.51508,0.6984781,0.15937185,0.15937185
86,48,5380,0.1894218,18.821812,5.5149326,0.6984855,0.15936518,0.15936518
86,49,5381,0.1894353,18.822697,5.5147624,0.69848347,0.15935998,0.15935998
86,50,5382,0.18945876,18.825964,5.514566,0.6984899,0.15935126,0.15935126
86,51,5383,0.18947634,18.827469,5.5143986,0.6984585,0.1593475,0.1593475
86,52,5384,0.18949556,18.82863,5.5142975,0.6984535,0.1593465,0.1593465
86,53,5385,0.18950462,18.829731,5.514172,0.6984723,0.15934588,0.15934588
86,54,5386,0.18951876,18.83101,5.513988,0.6984893,0.15934168,0.15934168
86,55,5387,0.18952638,18.831747,5.5137806,0.6984807,0.15933612,0.15933612
86,56,5388,0.18954103,18.833601,5.5136533,0.6984758,0.15933463,0.15933463
86,57,5389,0.18955368,18.83548,5.513478,0.6984781,0.15932883,0.15932883
86,58,5390,0.18956627,18.837097,5.5132885,0.69847584,0.15932405,0.15932405
86,59,5391,0.18957995,18.838596,5.5131536,0.6984704,0.1593184,0.1593184
86,60,5392,0.18958236,18.838934,5.513035,0.69847095,0.15931098,0.15931098
86,61,5393,0.18959203,18.839783,5.5128593,0.6984602,0.1593014,0.1593014
87,0,5394,0.18960276,18.84124,5.5127544,0.69847,0.15929475,0.15929475
87,1,5395,0.1896201,18.84194,5.5125313,0.6984681,0.15928753,0.15928753
87,2,5396,0.18963765,18.843504,5.5123305,0.6984486,0.15928249,0.15928249
87,3,5397,0.18965769,18.845024,5.5121756,0.6984487,0.15927708,0.15927708
87,4,5398,0.18966678,18.84623,5.5120344,0.69843763,0.15927607,0.15927607
87,5,5399,0.18967415,18.846836,5.5119195,0.69842,0.15927365,0.15927365
87,6,5400,0.18968157,18.84788,5.5117736,0.6983982,0.15926923,0.15926923
87,7,5401,0.18969814,18.849758,5.5116343,0.69842815,0.15926151,0.15926151
87,8,5402,0.18973334,18.854683,5.5115337,0.69846344,0.15925612,0.15925612
87,9,5403,0.18974489,18.856106,5.5115423,0.69849944,0.15925519,0.15925519
87,10,5404,0.18976043,18.85775,5.5112963,0.6984868,0.15924764,0.15924764
87,11,5405,0.18977807,18.85973,5.511076,0.69845194,0.1592401,0.1592401
87,12,5406,0.189796,18.861351,5.5108304,0.69841623,0.1592353,0.1592353
87,13,5407,0.18980919,18.863031,5.5106416,0.69840646,0.15923075,0.15923075
87,14,5408,0.1898152,18.863981,5.510499,0.6984526,0.15922455,0.15922455
87,15,5409,0.18982606,18.86503,5.5103335,0.69844925,0.15921806,0.15921806
87,16,5410,0.18983284,18.865894,5.510219,0.6984656,0.15921411,0.15921411
87,17,5411,0.18983994,18.866915,5.510056,0.69846463,0.15920717,0.15920717
87,18,5412,0.18985513,18.86813,5.5098753,0.6984657,0.15920228,0.15920228
87,19,5413,0.18987182,18.868876,5.50961,0.6984453,0.1591964,0.1591964
87,20,5414,0.1898827,18.869776,5.509412,0.69843864,0.15918969,0.15918969
87,21,5415,0.18988903,18.870893,5.509241,0.6984851,0.15918028,0.15918028
87,22,5416,0.1899042,18.872725,5.509185,0.698529,0.1591772,0.1591772
87,23,5417,0.18991481,18.873913,5.5091343,0.6985493,0.1591759,0.1591759
87,24,5418,0.18993597,18.875938,5.509037,0.6985507,0.15917437,0.15917437
87,25,5419,0.18994318,18.876871,5.508935,0.69855493,0.15917076,0.15917076
87,26,5420,0.18995087,18.878103,5.5088162,0.69855136,0.15916233,0.15916233
87,27,5421,0.189962,18.879108,5.50863,0.698546,0.15915522,0.15915522
87,28,5422,0.18997377,18.880295,5.508418,0.6985434,0.15914807,0.15914807
87,29,5423,0.18998717,18.881311,5.508318,0.6985752,0.15914387,0.15914387
87,30,5424,0.18999651,18.882639,5.508149,0.69855404,0.15913571,0.15913571
87,31,5425,0.19002567,18.884048,5.508001,0.69853985,0.1591306,0.1591306
87,32,5426,0.19004205,18.885084,5.5078115,0.69850945,0.15912521,0.15912521
87,33,5427,0.19006222,18.887318,5.507663,0.6985043,0.15912223,0.15912223
87,34,5428,0.19007102,18.888102,5.5075192,0.6984954,0.1591188,0.1591188
87,35,5429,0.19008398,18.889479,5.507306,0.6984498,0.15911198,0.15911198
87,36,5430,0.19009265,18.890615,5.507115,0.6983995,0.15910804,0.15910804
87,37,5431,0.19010627,18.89251,5.506927,0.69840163,0.15910083,0.15910083
87,38,5432,0.19012117,18.894754,5.5067663,0.6984129,0.15909436,0.15909436
87,39,5433,0.19013345,18.896328,5.506553,0.6984039,0.15908918,0.15908918
87,40,5434,0.19014312,18.897083,5.506455,0.6984196,0.15908293,0.15908293
87,41,5435,0.19015624,18.898329,5.5062375,0.698413,0.15907715,0.15907715
87,42,5436,0.19017544,18.900911,5.506115,0.6984421,0.15907255,0.15907255
87,43,5437,0.19018543,18.902544,5.5059013,0.6984249,0.15906551,0.15906551
87,44,5438,0.19019589,18.904232,5.505752,0.69840676,0.15905826,0.15905826
87,45,5439,0.19021155,18.905878,5.5055685,0.6984011,0.15905617,0.15905617
87,46,5440,0.19022472,18.90761,5.505346,0.6983797,0.15905124,0.15905124
87,47,5441,0.1902304,18.908459,5.505119,0.69836867,0.15904489,0.15904489
87,48,5442,0.19024311,18.909943,5.5049343,0.69835365,0.15903664,0.15903664
87,49,5443,0.19026813,18.9125,5.504863,0.6983382,0.15903278,0.15903278
87,50,5444,0.1902782,18.913437,5.5047426,0.6983447,0.15902779,0.15902779
87,51,5445,0.19028835,18.914131,5.504562,0.6983305,0.15902248,0.15902248
87,52,5446,0.19030112,18.915806,5.5043178,0.6983412,0.15901282,0.15901282
87,53,5447,0.19031821,18.918093,5.5040703,0.69830525,0.15900725,0.15900725
87,54,5448,0.19032362,18.918888,5.5039167,0.6982935,0.15900412,0.15900412
87,55,5449,0.19033684,18.919537,5.5037217,0.69826096,0.15899898,0.15899898
87,56,5450,0.19035122,18.92091,5.503499,0.6982208,0.15899386,0.15899386
87,57,5451,0.19035378,18.92114,5.5033026,0.6982051,0.15899026,0.15899026
87,58,5452,0.19035664,18.92155,5.5031576,0.69818634,0.15898669,0.15898669
87,59,5453,0.19037047,18.922194,5.503003,0.6981401,0.15898412,0.15898412
87,60,5454,0.19038406,18.924109,5.502824,0.6981631,0.15897605,0.15897605
87,61,5455,0.19038941,18.924955,5.5026617,0.69813293,0.15897202,0.15897202
88,0,5456,0.19041103,18.926884,5.502516,0.698131,0.1589655,0.1589655
88,1,5457,0.19042131,18.928057,5.5023875,0.69814646,0.15896109,0.15896109
88,2,5458,0.19042896,18.92867,5.5021772,0.69812167,0.15895507,0.15895507
88,3,5459,0.1904389,18.930452,5.502034,0.698098,0.15894863,0.15894863
88,4,5460,0.19044858,18.931099,5.501804,0.6980922,0.15894254,0.15894254
88,5,5461,0.1904525,18.931612,5.5016017,0.6980937,0.15893601,0.15893601
88,6,5462,0.19046013,18.93212,5.5014753,0.6980966,0.15893339,0.15893339
88,7,5463,0.19047123,18.933517,5.501262,0.6980809,0.15892737,0.15892737
88,8,5464,0.19048332,18.934393,5.501098,0.69808424,0.15892245,0.15892245
88,9,5465,0.19050078,18.936438,5.500983,0.69806063,0.1589192,0.1589192
88,10,5466,0.19051826,18.938297,5.500876,0.6980871,0.1589132,0.1589132
88,11,5467,0.19052422,18.938747,5.500776,0.6981011,0.15890981,0.15890981
88,12,5468,0.19053072,18.939634,5.500534,0.6981034,0.15890254,0.15890254
88,13,5469,0.19054334,18.941078,5.5003443,0.69808704,0.15889573,0.15889573
88,14,5470,0.1905496,18.941963,5.5002017,0.6980634,0.1588885,0.1588885
88,15,5471,0.1905635,18.94286,5.500007,0.6980395,0.15888074,0.15888074
88,16,5472,0.19057006,18.943523,5.4998045,0.69805324,0.15887168,0.15887168
88,17,5473,0.1905771,18.944654,5.4995995,0.6980445,0.15886787,0.15886787
88,18,5474,0.19060007,18.946264,5.4994717,0.6980582,0.15886296,0.15886296
88,19,5475,0.19061127,18.947945,5.4994636,0.69804657,0.15886132,0.15886132
88,20,5476,0.1906246,18.949434,5.499245,0.69803816,0.15885156,0.15885156
88,21,5477,0.1906403,18.951416,5.499095,0.6980365,0.15884532,0.15884532
88,22,5478,0.19065046,18.952326,5.4989395,0.6980458,0.1588396,0.1588396
88,23,5479,0.19067228,18.95476,5.4987884,0.69802815,0.15883343,0.15883343
88,24,5480,0.19067591,18.955563,5.4985743,0.6980065,0.15882775,0.15882775
88,25,5481,0.19068485,18.956934,5.49833,0.69798553,0.15882052,0.15882052
88,26,5482,0.19069675,18.958626,5.4982224,0.69799244,0.15881462,0.15881462
88,27,5483,0.19071424,18.959558,5.498055,0.6979671,0.15881167,0.15881167
88,28,5484,0.19072823,18.96084,5.4978375,0.6979601,0.15880619,0.15880619
88,29,5485,0.19074114,18.96208,5.497735,0.6979575,0.15880224,0.15880224
88,30,5486,0.19075231,18.963123,5.4976616,0.6979815,0.15879998,0.15879998
88,31,5487,0.1907618,18.963451,5.49756,0.6979857,0.1587975,0.1587975
88,32,5488,0.19077866,18.964619,5.4974217,0.6979986,0.15879364,0.15879364
88,33,5489,0.19079614,18.967384,5.4972687,0.6979804,0.15878922,0.15878922
88,34,5490,0.19081078,18.9695,5.4971395,0.6979516,0.15878497,0.15878497
88,35,5491,0.19081877,18.970293,5.4969516,0.6979284,0.15877785,0.15877785
88,36,5492,0.19083068,18.971642,5.496803,0.69792134,0.15877715,0.15877715
88,37,5493,0.19083703,18.971434,5.4966464,0.69789445,0.15877354,0.15877354
88,38,5494,0.19085138,18.972317,5.496513,0.6978979,0.1587715,0.1587715
88,39,5495,0.19085774,18.973106,5.4963493,0.6978769,0.15876585,0.15876585
88,40,5496,0.19087099,18.974194,5.4961457,0.69787526,0.15876101,0.15876101
88,41,5497,0.19088337,18.975935,5.496044,0.69791096,0.15875725,0.15875725
88,42,5498,0.19089612,18.977703,5.4958515,0.6978998,0.15875137,0.15875137
88,43,5499,0.19090886,18.978592,5.495673,0.69789547,0.15874405,0.15874405
88,44,5500,0.19091569,18.978924,5.4954996,0.69788116,0.15873984,0.15873984
88,45,5501,0.1909263,18.979818,5.495263,0.69788396,0.15873216,0.15873216
88,46,5502,0.19093978,18.98164,5.495064,0.6978828,0.15872405,0.15872405
88,47,5503,0.19095498,18.983448,5.4947987,0.6978546,0.1587186,0.1587186
88,48,5504,0.19096643,18.984383,5.4945817,0.6978497,0.1587128,0.1587128
88,49,5505,0.19097906,18.985744,5.4943357,0.69783705,0.15870434,0.15870434
88,50,5506,0.19100726,18.988892,5.4941316,0.6978323,0.15869913,0.15869913
88,51,5507,0.19102463,18.990538,5.493976,0.6978364,0.15869297,0.15869297
88,52,5508,0.19103983,18.991936,5.4937387,0.6978094,0.15868783,0.15868783
88,53,5509,0.19104938,18.993383,5.4935775,0.69780517,0.15868606,0.15868606
88,54,5510,0.19106165,18.994682,5.493455,0.69782513,0.158678,0.158678
88,55,5511,0.1910724,18.995367,5.4933553,0.6978306,0.15867586,0.15867586
88,56,5512,0.19108886,18.99688,5.4931736,0.6978239,0.15866975,0.15866975
88,57,5513,0.19110517,18.99885,5.493053,0.6978417,0.15866545,0.15866545
88,58,5514,0.19112183,19.000423,5.4928923,0.6978155,0.15866178,0.15866178
88,59,5515,0.19113496,19.001078,5.49274,0.69779795,0.15865718,0.15865718
88,60,5516,0.19115481,19.002728,5.4925528,0.6977565,0.1586513,0.1586513
88,61,5517,0.19117092,19.004526,5.4924445,0.69777465,0.15864609,0.15864609
89,0,5518,0.1911788,19.005663,5.4922557,0.6977662,0.15864031,0.15864031
89,1,5519,0.19118585,19.007181,5.4920273,0.697781,0.15863132,0.15863132
89,2,5520,0.19119942,19.009012,5.491816,0.69779086,0.1586254,0.1586254
89,3,5521,0.1912081,19.010067,5.491641,0.6978066,0.15861945,0.15861945
89,4,5522,0.19121428,19.01119,5.491491,0.6978096,0.15861277,0.15861277
89,5,5523,0.19122434,19.01279,5.4912477,0.6977761,0.15860707,0.15860707
89,6,5524,0.19123718,19.014704,5.490987,0.6977344,0.1585997,0.1585997
89,7,5525,0.19126038,19.016861,5.490726,0.6977042,0.15859272,0.15859272
89,8,5526,0.1912721,19.018482,5.490523,0.697685,0.15858819,0.15858819
89,9,5527,0.19128728,19.02086,5.490397,0.6977256,0.15857911,0.15857911
89,10,5528,0.19129284,19.021559,5.49022,0.6977237,0.15857022,0.15857022
89,11,5529,0.19131088,19.023907,5.4899707,0.6976864,0.15856388,0.15856388
89,12,5530,0.1913215,19.025497,5.4897184,0.6976433,0.1585585,0.1585585
89,13,5531,0.19134098,19.02816,5.4895854,0.6976499,0.1585547,0.1585547
89,14,5532,0.19135159,19.02958,5.4894753,0.6976494,0.1585479,0.1585479
89,15,5533,0.19137576,19.03081,5.489288,0.69764304,0.15853983,0.15853983
89,16,5534,0.1913884,19.031672,5.4891357,0.69761133,0.15853794,0.15853794
89,17,5535,0.19140083,19.033024,5.488965,0.69757277,0.1585327,0.1585327
89,18,5536,0.19141027,19.034447,5.4888167,0.69757587,0.1585283,0.1585283
89,19,5537,0.19142145,19.035755,5.488668,0.69758564,0.1585249,0.1585249
89,20,5538,0.19143306,19.03737,5.488516,0.6975675,0.15851894,0.15851894
89,21,5539,0.19144073,19.038395,5.4883556,0.697563,0.15851298,0.15851298
89,22,5540,0.19145323,19.040245,5.488255,0.69756323,0.1585086,0.1585086
89,23,5541,0.19146714,19.041447,5.488095,0.6975816,0.15850095,0.15850095
89,24,5542,0.19147786,19.042519,5.4880075,0.69760233,0.1584957,0.1584957
89,25,5543,0.19149058,19.044914,5.4878397,0.69759554,0.15848969,0.15848969
89,26,5544,0.19150369,19.046398,5.487626,0.6975911,0.15848297,0.15848297
89,27,5545,0.19151488,19.048044,5.487497,0.69760764,0.15847722,0.15847722
89,28,5546,0.19152495,19.049736,5.487342,0.6975941,0.1584709,0.1584709
89,29,5547,0.19153205,19.05112,5.4871964,0.69758147,0.15846474,0.15846474
89,30,5548,0.19154274,19.052729,5.4871016,0.69754094,0.15845825,0.15845825
89,31,5549,0.19155158,19.053465,5.4869237,0.6975385,0.15845251,0.15845251
89,32,5550,0.1915687,19.055292,5.486797,0.69757813,0.15844943,0.15844943
89,33,5551,0.19158366,19.057268,5.486602,0.6975719,0.1584435,0.1584435
89,34,5552,0.1916016,19.058388,5.4864836,0.6975905,0.15843718,0.15843718
89,35,5553,0.19161823,19.06088,5.486394,0.69759136,0.1584301,0.1584301
89,36,5554,0.19163376,19.062122,5.4862595,0.6975664,0.15842621,0.15842621
89,37,5555,0.19166374,19.064907,5.486135,0.6975747,0.15841931,0.15841931
89,38,5556,0.19169366,19.0692,5.4859333,0.6975565,0.15841684,0.15841684
89,39,5557,0.19171116,19.071207,5.4857235,0.69755936,0.15841112,0.15841112
89,40,5558,0.19172552,19.073442,5.485513,0.6975536,0.15840404,0.15840404
89,41,5559,0.19173342,19.074474,5.4852924,0.6975265,0.15839796,0.15839796
89,42,5560,0.19174501,19.07563,5.48512,0.6975144,0.15839276,0.15839276
89,43,5561,0.19175112,19.076937,5.4848847,0.6975081,0.1583878,0.1583878
89,44,5562,0.19176158,19.078384,5.4846716,0.69751495,0.15838113,0.15838113
89,45,5563,0.19177034,19.079737,5.4845386,0.6975181,0.15837766,0.15837766
89,46,5564,0.19178148,19.080833,5.4843493,0.69750094,0.15837422,0.15837422
89,47,5565,0.19179745,19.082758,5.484245,0.6975007,0.15837117,0.15837117
89,48,5566,0.19181089,19.084063,5.4840813,0.69749206,0.15836464,0.15836464
89,49,5567,0.19182786,19.085796,5.4838896,0.697457,0.15835942,0.15835942
89,50,5568,0.19184408,19.086437,5.483754,0.6974343,0.15835676,0.15835676
89,51,5569,0.19186018,19.087437,5.4836097,0.6974197,0.15835315,0.15835315
89,52,5570,0.19187541,19.089216,5.483434,0.6973877,0.15834785,0.15834785
89,53,5571,0.19188316,19.089756,5.483279,0.69739836,0.15834187,0.15834187
89,54,5572,0.19189438,19.091139,5.483193,0.69741726,0.15833959,0.15833959
89,55,5573,0.19191274,19.093142,5.483119,0.69743025,0.15833327,0.15833327
89,56,5574,0.19192755,19.094866,5.4830437,0.69741786,0.15832749,0.15832749
89,57,5575,0.19193828,19.096455,5.482938,0.6974285,0.15832005,0.15832005
89,58,5576,0.19194849,19.097788,5.482861,0.6974691,0.1583138,0.1583138
89,59,5577,0.19196379,19.09969,5.482648,0.6974682,0.15831034,0.15831034
89,60,5578,0.19197899,19.101229,5.48245,0.6974514,0.15830263,0.15830263
89,61,5579,0.19199021,19.103617,5.48223,0.69743454,0.15829708,0.15829708
90,0,5580,0.19199884,19.104477,5.4820175,0.69743055,0.15829265,0.15829265
90,1,5581,0.1920132,19.106188,5.481849,0.6974034,0.15828797,0.15828797
90,2,5582,0.19201937,19.107733,5.4817843,0.69741476,0.15828465,0.15828465
90,3,5583,0.1920331,19.111025,5.481619,0.69740677,0.15827902,0.15827902
90,4,5584,0.19204408,19.112795,5.481393,0.6974146,0.15827155,0.15827155
90,5,5585,0.19205427,19.114437,5.481172,0.6973814,0.1582646,0.1582646
90,6,5586,0.19206637,19.116062,5.4809356,0.69735533,0.15825818,0.15825818
90,7,5587,0.19207692,19.116978,5.480799,0.697359,0.15825447,0.15825447
90,8,5588,0.1920845,19.118074,5.480611,0.69736123,0.1582513,0.1582513
90,9,5589,0.19209146,19.11878,5.48044,0.6973702,0.15824695,0.15824695
90,10,5590,0.19210458,19.120152,5.48032,0.6973666,0.15824023,0.15824023
90,11,5591,0.1921246,19.12218,5.480218,0.6973937,0.15823406,0.15823406
90,12,5592,0.1921477,19.123903,5.480043,0.6973901,0.15822825,0.15822825
90,13,5593,0.19216514,19.124985,5.4799075,0.69740105,0.15822135,0.15822135
90,14,5594,0.1921841,19.12655,5.479725,0.69739205,0.15821761,0.15821761
90,15,5595,0.19219717,19.127495,5.4795284,0.69737345,0.15821,0.15821
90,16,5596,0.192208,19.12789,5.479347,0.697365,0.15820602,0.15820602
90,17,5597,0.19222724,19.130009,5.4791775,0.6973319,0.1581997,0.1581997
90,18,5598,0.19224237,19.131586,5.4790053,0.69735307,0.15819262,0.15819262
90,19,5599,0.19225493,19.13299,5.4788795,0.69734895,0.15818551,0.15818551
90,20,5600,0.19226822,19.134745,5.4787126,0.69733787,0.1581801,0.1581801
90,21,5601,0.19227386,19.135782,5.4785624,0.697354,0.15817384,0.15817384
90,22,5602,0.19228101,19.137024,5.4783688,0.6973286,0.1581671,0.1581671
90,23,5603,0.1922934,19.137888,5.4782586,0.69732815,0.15816283,0.15816283
90,24,5604,0.19229978,19.137955,5.47815,0.6973106,0.15816018,0.15816018
90,25,5605,0.19231133,19.139174,5.478025,0.69730353,0.1581569,0.1581569
90,26,5606,0.19232374,19.141045,5.4778504,0.6972952,0.15814982,0.15814982
90,27,5607,0.19233628,19.142807,5.4776917,0.6973119,0.15814346,0.15814346
90,28,5608,0.19235735,19.14593,5.4775686,0.69731146,0.15813735,0.15813735
90,29,5609,0.19237337,19.14854,5.4773397,0.69728154,0.15813227,0.15813227
90,30,5610,0.19238608,19.150723,5.477106,0.69723564,0.15812503,0.15812503
90,31,5611,0.19239649,19.151613,5.476947,0.69725966,0.15811892,0.15811892
90,32,5612,0.19240683,19.15326,5.4767776,0.69724256,0.15811591,0.15811591
90,33,5613,0.19241555,19.154327,5.476625,0.69721437,0.15811168,0.15811168
90,34,5614,0.19242552,19.15531,5.4764524,0.69720787,0.15810762,0.15810762
90,35,5615,0.19243608,19.156912,5.476278,0.69720596,0.15810111,0.15810111
90,36,5616,0.19245246,19.159155,5.4760427,0.69720143,0.15809116,0.15809116
90,37,5617,0.19246352,19.160538,5.47585,0.69722205,0.15808168,0.15808168
90,38,5618,0.19249645,19.165575,5.475731,0.6972247,0.15807633,0.15807633
90,39,5619,0.19251047,19.166988,5.4755692,0.69723386,0.15806928,0.15806928
90,40,5620,0.1925297,19.168415,5.475357,0.6972364,0.15806189,0.15806189
90,41,5621,0.19254208,19.169893,5.4751797,0.69721127,0.15805429,0.15805429
90,42,5622,0.1925538,19.171186,5.4750204,0.697199,0.15805098,0.15805098
90,43,5623,0.19256306,19.172005,5.4747834,0.6971747,0.15804209,0.15804209
90,44,5624,0.19257307,19.172985,5.474587,0.6971576,0.15803495,0.15803495
90,45,5625,0.19258754,19.174631,5.4743047,0.6971194,0.15802705,0.15802705
90,46,5626,0.19260383,19.176455,5.474189,0.6971467,0.15802208,0.15802208
90,47,5627,0.1926137,19.177086,5.474012,0.69717246,0.1580165,0.1580165
90,48,5628,0.19263375,19.179338,5.4738708,0.69718295,0.15801068,0.15801068
90,49,5629,0.19264328,19.180092,5.473727,0.6971902,0.15800731,0.15800731
90,50,5630,0.1926566,19.181181,5.473541,0.69717044,0.15800269,0.15800269
90,51,5631,0.19267373,19.183836,5.47334,0.697143,0.1579975,0.1579975
90,52,5632,0.19268316,19.185139,5.4731674,0.6971194,0.15799393,0.15799393
90,53,5633,0.19269203,19.186375,5.4729953,0.69714344,0.15798594,0.15798594
90,54,5634,0.19270721,19.187428,5.4727983,0.69710696,0.1579815,0.1579815
90,55,5635,0.19271532,19.188599,5.4726243,0.6970885,0.157978,0.157978
90,56,5636,0.19272776,19.189898,5.472463,0.69705105,0.15797111,0.15797111
90,57,5637,0.1927503,19.191483,5.4723487,0.6970579,0.1579683,0.1579683
90,58,5638,0.19277574,19.194874,5.4722,0.6970235,0.15796602,0.15796602
90,59,5639,0.19278544,19.19603,5.472073,0.6970136,0.15796216,0.15796216
90,60,5640,0.19279857,19.19713,5.471947,0.6969652,0.1579592,0.1579592
90,61,5641,0.19280554,19.1983,5.4718084,0.69696873,0.15795517,0.15795517
91,0,5642,0.1928209,19.199844,5.471687,0.6969758,0.15795295,0.15795295
91,1,5643,0.19284213,19.202692,5.4715886,0.6969747,0.15794964,0.15794964
91,2,5644,0.19285248,19.203804,5.47139,0.6969954,0.15794104,0.15794104
91,3,5645,0.19286644,19.206024,5.471204,0.69700396,0.157934,0.157934
91,4,5646,0.19287941,19.20816,5.4709787,0.69699585,0.15792629,0.15792629
91,5,5647,0.1928898,19.209852,5.4707966,0.6969852,0.15791954,0.15791954
91,6,5648,0.19290502,19.211521,5.470718,0.6970204,0.15791549,0.15791549
91,7,5649,0.19291672,19.213142,5.4705143,0.6969967,0.1579086,0.1579086
91,8,5650,0.19294111,19.214922,5.470312,0.69700843,0.15790223,0.15790223
91,9,5651,0.19295567,19.216661,5.470168,0.6970207,0.15789819,0.15789819
91,10,5652,0.1929626,19.217995,5.4700565,0.6970554,0.15789074,0.15789074
91,11,5653,0.19297566,19.219387,5.46989,0.69705135,0.15788569,0.15788569
91,12,5654,0.19298463,19.220285,5.469708,0.6970565,0.15788044,0.15788044
91,13,5655,0.19299161,19.22075,5.4695635,0.6970432,0.1578765,0.1578765
91,14,5656,0.1930021,19.221779,5.4693575,0.69701445,0.15787001,0.15787001
91,15,5657,0.19301732,19.222467,5.4691753,0.69703346,0.15786381,0.15786381
91,16,5658,0.19304189,19.225288,5.468997,0.6970283,0.15785454,0.15785454
91,17,5659,0.19305967,19.227283,5.4687786,0.696994,0.15784949,0.15784949
91,18,5660,0.19307294,19.22845,5.4686747,0.6970049,0.15784451,0.15784451
91,19,5661,0.19309033,19.230103,5.468536,0.6969922,0.15784143,0.15784143
91,20,5662,0.19310272,19.231628,5.468472,0.6969831,0.15783894,0.15783894
91,21,5663,0.19312635,19.233486,5.468353,0.696983,0.15783432,0.15783432
91,22,5664,0.19314253,19.235722,5.4681687,0.69695795,0.15782835,0.15782835
91,23,5665,0.19315633,19.238056,5.468032,0.6970036,0.15782073,0.15782073
91,24,5666,0.19317311,19.240307,5.467907,0.69698656,0.15781999,0.15781999
91,25,5667,0.19318411,19.241678,5.4677334,0.6969719,0.15781528,0.15781528
91,26,5668,0.19319478,19.243261,5.467528,0.69695884,0.1578118,0.1578118
91,27,5669,0.1932098,19.245277,5.4673605,0.6969568,0.15780543,0.15780543
91,28,5670,0.19321993,19.24698,5.467117,0.69693816,0.15779792,0.15779792
91,29,5671,0.19322637,19.247519,5.4668818,0.6969343,0.15779138,0.15779138
91,30,5672,0.19323462,19.248587,5.466697,0.6969198,0.15778518,0.15778518
91,31,5673,0.19325034,19.251099,5.4666324,0.69695485,0.15778019,0.15778019
91,32,5674,0.19326705,19.25308,5.466527,0.6969479,0.15778193,0.15778193
91,33,5675,0.19328013,19.254757,5.4663787,0.6969368,0.15777586,0.15777586
91,34,5676,0.19329065,19.256725,5.466207,0.6969478,0.15776815,0.15776815
91,35,5677,0.19331408,19.2596,5.4661045,0.6969608,0.15776548,0.15776548
91,36,5678,0.19332825,19.261196,5.4659357,0.6969521,0.157757,0.157757
91,37,5679,0.19334313,19.262201,5.4657764,0.69694424,0.15775579,0.15775579
91,38,5680,0.19335261,19.263285,5.4655404,0.696921,0.1577483,0.1577483
91,39,5681,0.19335935,19.26376,5.465401,0.6969117,0.157743,0.157743
91,40,5682,0.19336918,19.26493,5.4652143,0.6968946,0.157737,0.157737
91,41,5683,0.19338407,19.266397,5.465027,0.6968887,0.15773207,0.15773207
91,42,5684,0.19340253,19.267904,5.4649167,0.6969153,0.15772781,0.15772781
91,43,5685,0.19342417,19.269392,5.464726,0.69691306,0.15772074,0.15772074
91,44,5686,0.19343506,19.270924,5.4646406,0.69690883,0.15771586,0.15771586
91,45,5687,0.19344723,19.272366,5.464536,0.6969079,0.15771252,0.15771252
91,46,5688,0.19346279,19.273571,5.4643755,0.69688815,0.15770546,0.15770546
91,47,5689,0.19348347,19.274963,5.4642444,0.69689304,0.15769905,0.15769905
91,48,5690,0.19349734,19.27661,5.4641395,0.6968937,0.15769741,0.15769741
91,49,5691,0.19350776,19.277668,5.4640727,0.6969142,0.15769358,0.15769358
91,50,5692,0.19351771,19.278994,5.464006,0.6969448,0.15769108,0.15769108
91,51,5693,0.19353677,19.280052,5.463887,0.69695026,0.15768643,0.15768643
91,52,5694,0.19355159,19.282215,5.4639263,0.69696563,0.15768275,0.15768275
91,53,5695,0.19356328,19.283648,5.463804,0.69696075,0.15767762,0.15767762
91,54,5696,0.19357693,19.285868,5.463634,0.6969747,0.15767373,0.15767373
91,55,5697,0.1935979,19.28798,5.463435,0.69692856,0.15767145,0.15767145
91,56,5698,0.19361621,19.290976,5.4633617,0.69693244,0.15766567,0.15766567
91,57,5699,0.19362691,19.292437,5.463207,0.6969039,0.15766181,0.15766181
91,58,5700,0.19364682,19.29519,5.463079,0.69687974,0.15765771,0.15765771
91,59,5701,0.1936557,19.296764,5.4629097,0.6968884,0.15765259,0.15765259
91,60,5702,0.19366772,19.29861,5.4627976,0.69691306,0.15764453,0.15764453
91,61,5703,0.19368176,19.299809,5.4626045,0.69691455,0.15763773,0.15763773
92,0,5704,0.19369833,19.30206,5.462404,0.69689906,0.15763424,0.15763424
92,1,5705,0.19371004,19.303757,5.4621925,0.6968818,0.15762864,0.15762864
92,2,5706,0.19371761,19.304419,5.462035,0.69688207,0.15762368,0.15762368
92,3,5707,0.19372611,19.304884,5.461833,0.6968706,0.15761723,0.15761723
92,4,5708,0.19373605,19.305397,5.4616194,0.6968209,0.15761156,0.15761156
92,5,5709,0.19375423,19.308208,5.4614143,0.696781,0.15760733,0.15760733
92,6,5710,0.19376737,19.310312,5.4612174,0.6967769,0.15760049,0.15760049
92,7,5711,0.19377597,19.311106,5.4610047,0.69673765,0.1575947,0.1575947
92,8,5712,0.19378808,19.3128,5.4608054,0.6967091,0.15759099,0.15759099
92,9,5713,0.19379851,19.313644,5.4606586,0.6966972,0.1575881,0.1575881
92,10,5714,0.19381022,19.31563,5.460491,0.6966871,0.15758143,0.15758143
92,11,5715,0.1938197,19.316628,5.460398,0.69670224,0.1575737,0.1575737
92,12,5716,0.19382766,19.31742,5.46033,0.69669855,0.15756932,0.15756932
92,13,5717,0.19384101,19.318693,5.4601755,0.6966919,0.15756321,0.15756321
92,14,5718,0.19384803,19.319424,5.460007,0.6966811,0.15755668,0.15755668
92,15,5719,0.19385423,19.320362,5.4598846,0.69667387,0.15755136,0.15755136
92,16,5720,0.19386469,19.322058,5.459683,0.6966704,0.15754528,0.15754528
92,17,5721,0.19387418,19.322895,5.459519,0.6966666,0.15753783,0.15753783
92,18,5722,0.19388166,19.323763,5.459303,0.69665563,0.15753114,0.15753114
92,19,5723,0.19388454,19.32464,5.459063,0.6966315,0.15752485,0.15752485
92,20,5724,0.19389838,19.326002,5.458817,0.69662374,0.15751864,0.15751864
92,21,5725,0.19391173,19.327349,5.45858,0.6966024,0.1575084,0.1575084
92,22,5726,0.19391945,19.328436,5.458429,0.6965951,0.15750492,0.15750492
92,23,5727,0.19393322,19.329939,5.458299,0.69660443,0.1575006,0.1575006
92,24,5728,0.19393921,19.330877,5.4581137,0.6965667,0.15749672,0.15749672
92,25,5729,0.19394544,19.33137,5.4579196,0.6965709,0.15748851,0.15748851
92,26,5730,0.19396275,19.332357,5.4577346,0.696558,0.15748249,0.15748249
92,27,5731,0.19397871,19.334047,5.4574924,0.69656175,0.15747339,0.15747339
92,28,5732,0.19399726,19.335638,5.4573646,0.6965732,0.1574665,0.1574665
92,29,5733,0.19401807,19.338863,5.4571633,0.69658065,0.15745631,0.15745631
92,30,5734,0.19403362,19.34165,5.456938,0.69654846,0.15745042,0.15745042
92,31,5735,0.19404714,19.343203,5.4567237,0.69653016,0.15744343,0.15744343
92,32,5736,0.19405839,19.34434,5.456608,0.6965552,0.15743856,0.15743856
92,33,5737,0.19407201,19.346355,5.4565015,0.69656074,0.15743588,0.15743588
92,34,5738,0.19408819,19.348265,5.456368,0.69656616,0.15743081,0.15743081
92,35,5739,0.19411731,19.349998,5.4562235,0.69655657,0.15742385,0.15742385
92,36,5740,0.19413558,19.35119,5.455993,0.6965203,0.1574173,0.1574173
92,37,5741,0.19414729,19.351933,5.4557676,0.69649243,0.15741035,0.15741035
92,38,5742,0.1941645,19.354376,5.45563,0.6964947,0.15740323,0.15740323
92,39,5743,0.19417325,19.355852,5.4554777,0.69648725,0.15739623,0.15739623
92,40,5744,0.19418305,19.356699,5.455285,0.6964685,0.15738852,0.15738852
92,41,5745,0.19419438,19.357454,5.4551706,0.69649523,0.15738393,0.15738393
92,42,5746,0.19421393,19.358488,5.45499,0.6964855,0.15737702,0.15737702
92,43,5747,0.19422548,19.359797,5.45481,0.6964656,0.15737104,0.15737104
92,44,5748,0.19423716,19.360888,5.454599,0.6964387,0.15736444,0.15736444
92,45,5749,0.19425029,19.362787,5.4543667,0.69642377,0.15735798,0.15735798
92,46,5750,0.19426441,19.363903,5.4542556,0.6964371,0.1573563,0.1573563
92,47,5751,0.19428547,19.367336,5.454035,0.6963965,0.15735002,0.15735002
92,48,5752,0.19429767,19.369238,5.4538608,0.69639546,0.15734525,0.15734525
92,49,5753,0.1943044,19.370684,5.453699,0.696378,0.15734231,0.15734231
92,50,5754,0.1943112,19.371572,5.453487,0.69635975,0.15733527,0.15733527
92,51,5755,0.19432306,19.372791,5.4534726,0.6963748,0.15733603,0.15733603
92,52,5756,0.19433665,19.373428,5.453215,0.6963599,0.15732786,0.15732786
92,53,5757,0.1943477,19.375494,5.453083,0.696354,0.15732464,0.15732464
92,54,5758,0.19435726,19.376827,5.4529767,0.69637233,0.15732606,0.15732606
92,55,5759,0.19437715,19.379456,5.45284,0.6963833,0.1573205,0.1573205
92,56,5760,0.19440413,19.383669,5.452733,0.6963785,0.15731439,0.15731439
92,57,5761,0.19441995,19.385845,5.4525285,0.6963632,0.15730944,0.15730944
92,58,5762,0.19443098,19.387493,5.452394,0.69635326,0.15730484,0.15730484
92,59,5763,0.19444187,19.38903,5.4522843,0.69634444,0.15730001,0.15730001
92,60,5764,0.19446063,19.391445,5.4520917,0.6963151,0.15729836,0.15729836
92,61,5765,0.19448626,19.394106,5.4519944,0.6963172,0.1572938,0.1572938
93,0,5766,0.19450134,19.396158,5.4518204,0.6963103,0.15728743,0.15728743
93,1,5767,0.19451828,19.397243,5.4517183,0.6962987,0.15728669,0.15728669
93,2,5768,0.1945332,19.398726,5.45149,0.69628364,0.15727933,0.15727933
93,3,5769,0.19454844,19.400017,5.451344,0.6963356,0.15727328,0.15727328
93,4,5770,0.1945655,19.402401,5.451213,0.69634926,0.15726861,0.15726861
93,5,5771,0.19458441,19.405247,5.4511137,0.69635993,0.15726422,0.15726422
93,6,5772,0.19459873,19.407438,5.4509335,0.6963506,0.15725881,0.15725881
93,7,5773,0.19461238,19.409212,5.450706,0.6963142,0.15725233,0.15725233
93,8,5774,0.19462088,19.410334,5.4505963,0.69630295,0.15725112,0.15725112
93,9,5775,0.19463217,19.411741,5.4504557,0.696319,0.15724474,0.15724474
93,10,5776,0.19464837,19.413301,5.450293,0.6963057,0.15723869,0.15723869
93,11,5777,0.19466779,19.41531,5.450133,0.69630194,0.1572321,0.1572321
93,12,5778,0.19467957,19.416649,5.450021,0.69628054,0.15722513,0.15722513
93,13,5779,0.19468987,19.418474,5.449817,0.69627255,0.15721759,0.15721759
93,14,5780,0.1947055,19.420341,5.4496436,0.69625574,0.15721475,0.15721475
93,15,5781,0.19472435,19.423147,5.449523,0.6962782,0.15720993,0.15720993
93,16,5782,0.19474165,19.425692,5.4493937,0.69628197,0.15720578,0.15720578
93,17,5783,0.19476146,19.428183,5.4492254,0.6962791,0.15719788,0.15719788
93,18,5784,0.19477093,19.429472,5.449018,0.6962735,0.15719135,0.15719135
93,19,5785,0.19478676,19.431507,5.448837,0.6962903,0.15718472,0.15718472
93,20,5786,0.19481108,19.43405,5.4486365,0.6962546,0.1571793,0.1571793
93,21,5787,0.19482411,19.436329,5.448474,0.69626266,0.15717049,0.15717049
93,22,5788,0.19484508,19.439438,5.4483423,0.6962616,0.15716404,0.15716404
93,23,5789,0.19486158,19.44171,5.448206,0.6962514,0.15715848,0.15715848
93,24,5790,0.19487384,19.444016,5.4480658,0.6962404,0.15715523,0.15715523
93,25,5791,0.19488439,19.445961,5.447924,0.6962561,0.15715171,0.15715171
93,26,5792,0.19489695,19.447443,5.447711,0.6962376,0.15714349,0.15714349
93,27,5793,0.19491136,19.449398,5.4475527,0.6962503,0.15714094,0.15714094
93,28,5794,0.19492748,19.451614,5.4473705,0.6962002,0.15713611,0.15713611
93,29,5795,0.19493428,19.452341,5.447128,0.696177,0.15712798,0.15712798
93,30,5796,0.19494614,19.452759,5.4469953,0.69616437,0.15712367,0.15712367
93,31,5797,0.19496143,19.45378,5.4468813,0.6961732,0.15711819,0.15711819
93,32,5798,0.19497176,19.454712,5.446731,0.6961431,0.15711273,0.15711273
93,33,5799,0.19499013,19.45624,5.446534,0.6961376,0.15710649,0.15710649
93,34,5800,0.19500683,19.457378,5.446358,0.6961497,0.15710282,0.15710282
93,35,5801,0.19501737,19.458061,5.446157,0.6961402,0.15709655,0.15709655
93,36,5802,0.19502674,19.458944,5.4460187,0.6961282,0.15709199,0.15709199
93,37,5803,0.19503006,19.459368,5.445776,0.6960772,0.15708505,0.15708505
93,38,5804,0.19503371,19.460144,5.4455824,0.6960519,0.1570816,0.1570816
93,39,5805,0.19504297,19.460844,5.4454217,0.69603264,0.15707594,0.15707594
93,40,5806,0.1950495,19.461657,5.445289,0.6960501,0.15707283,0.15707283
93,41,5807,0.19505581,19.462894,5.445101,0.69605064,0.15706658,0.15706658
93,42,5808,0.19507432,19.465452,5.445014,0.69603074,0.15706545,0.15706545
93,43,5809,0.1950888,19.467321,5.4448586,0.6960229,0.15706071,0.15706071
93,44,5810,0.19510081,19.4688,5.4448233,0.6960158,0.15706281,0.15706281
93,45,5811,0.19512114,19.47103,5.4447227,0.696004,0.15705921,0.15705921
93,46,5812,0.19514264,19.474306,5.444654,0.696023,0.15705207,0.15705207
93,47,5813,0.19516061,19.476854,5.444467,0.6960094,0.15704906,0.15704906
93,48,5814,0.19516972,19.477749,5.4443564,0.6960355,0.15704393,0.15704393
93,49,5815,0.19517723,19.478405,5.4441485,0.69601023,0.15703602,0.15703602
93,50,5816,0.19519076,19.480036,5.4439397,0.6960129,0.15702888,0.15702888
93,51,5817,0.19520102,19.481363,5.4437885,0.6960135,0.15702024,0.15702024
93,52,5818,0.19520862,19.482273,5.4435983,0.6959962,0.15701315,0.15701315
93,53,5819,0.19521937,19.483791,5.4434686,0.69597423,0.15700956,0.15700956
93,54,5820,0.19523081,19.484442,5.443348,0.69596905,0.15700667,0.15700667
93,55,5821,0.19523424,19.484806,5.443267,0.6959298,0.15700634,0.15700634
93,56,5822,0.19524184,19.485739,5.4430885,0.69590944,0.15700127,0.15700127
93,57,5823,0.19525431,19.486698,5.442933,0.69590163,0.15699686,0.15699686
93,58,5824,0.19527116,19.486765,5.4427853,0.6958919,0.15699387,0.15699387
93,59,5825,0.19527689,19.487392,5.4426503,0.69588906,0.15698776,0.15698776
93,60,5826,0.19529179,19.488602,5.4424033,0.6958686,0.15697907,0.15697907
93,61,5827,0.19529927,19.489014,5.442267,0.69584966,0.15697365,0.15697365
94,0,5828,0.19530703,19.490051,5.44212,0.6958241,0.15697114,0.15697114
94,1,5829,0.19531158,19.490559,5.441965,0.6958222,0.15696493,0.15696493
94,2,5830,0.19532692,19.492846,5.441838,0.6958022,0.15695918,0.15695918
94,3,5831,0.19533968,19.493973,5.441664,0.69579995,0.15695135,0.15695135
94,4,5832,0.19535539,19.496283,5.441476,0.695816,0.15694368,0.15694368
94,5,5833,0.19536425,19.497364,5.441288,0.6957985,0.15693754,0.15693754
94,6,5834,0.19537194,19.498596,5.4411497,0.6958035,0.15693723,0.15693723
94,7,5835,0.19537982,19.499376,5.4409585,0.69578564,0.15692994,0.15692994
94,8,5836,0.19538945,19.501383,5.440824,0.6957859,0.15692256,0.15692256
94,9,5837,0.19540095,19.5036,5.440738,0.6957964,0.156919,0.156919
94,10,5838,0.19542553,19.507378,5.4404993,0.69578236,0.1569141,0.1569141
94,11,5839,0.19543354,19.508371,5.4404206,0.69582725,0.1569109,0.1569109
94,12,5840,0.19544443,19.510136,5.4402776,0.69581527,0.15690689,0.15690689
94,13,5841,0.1954579,19.51197,5.4400373,0.69581014,0.15689912,0.15689912
94,14,5842,0.19548437,19.514856,5.439883,0.69580156,0.15689428,0.15689428
94,15,5843,0.19549507,19.516197,5.4397044,0.69580245,0.15689057,0.15689057
94,16,5844,0.19550356,19.517124,5.439509,0.6957807,0.15688327,0.15688327
94,17,5845,0.19551292,19.51776,5.4393573,0.6957488,0.15687904,0.15687904
94,18,5846,0.19551568,19.517971,5.439162,0.6957256,0.156875,0.156875
94,19,5847,0.19552407,19.51902,5.438916,0.6957105,0.15686984,0.15686984
94,20,5848,0.19553089,19.519922,5.438732,0.6957069,0.15686582,0.15686582
94,21,5849,0.19554424,19.521627,5.438563,0.69573504,0.15685806,0.15685806
94,22,5850,0.19555238,19.522827,5.4382906,0.6956943,0.1568494,0.1568494
94,23,5851,0.19557618,19.524776,5.438121,0.69568044,0.15684365,0.15684365
94,24,5852,0.1955853,19.525799,5.437917,0.6956741,0.1568383,0.1568383
94,25,5853,0.1955951,19.527092,5.437761,0.69570833,0.15683217,0.15683217
94,26,5854,0.19561282,19.529314,5.437606,0.69571006,0.15682799,0.15682799
94,27,5855,0.19563007,19.531384,5.4374514,0.6957316,0.15682043,0.15682043
94,28,5856,0.1956465,19.532734,5.437328,0.6957479,0.15681723,0.15681723
94,29,5857,0.19566233,19.534203,5.437175,0.69575703,0.1568101,0.1568101
94,30,5858,0.19567831,19.536243,5.4370074,0.6957351,0.15680301,0.15680301
94,31,5859,0.19568934,19.537575,5.43691,0.69572353,0.15679798,0.15679798
94,32,5860,0.19570103,19.539503,5.436711,0.6957177,0.15679143,0.15679143
94,33,5861,0.19571248,19.541416,5.436578,0.69570655,0.15678634,0.15678634
94,34,5862,0.19571769,19.541962,5.4364038,0.6957019,0.15678012,0.15678012
94,35,5863,0.19572528,19.542395,5.4362054,0.6956897,0.15677476,0.15677476
94,36,5864,0.19573663,19.543951,5.435971,0.69566476,0.15677032,0.15677032
94,37,5865,0.19574912,19.545599,5.435798,0.69565576,0.15676795,0.15676795
94,38,5866,0.19576728,19.546614,5.435605,0.69565797,0.15676102,0.15676102
94,39,5867,0.19577985,19.548235,5.4354796,0.69566196,0.15675744,0.15675744
94,40,5868,0.1957936,19.550415,5.435321,0.69565886,0.15674941,0.15674941
94,41,5869,0.19580284,19.552296,5.4351664,0.69566435,0.15674531,0.15674531
94,42,5870,0.1958175,19.553444,5.4350443,0.6956683,0.1567422,0.1567422
94,43,5871,0.19582936,19.55388,5.4349055,0.69569224,0.15673567,0.15673567
94,44,5872,0.19584042,19.555145,5.4347057,0.6956644,0.15673128,0.15673128
94,45,5873,0.19586258,19.55899,5.4346304,0.69568694,0.15672576,0.15672576
94,46,5874,0.1958807,19.562069,5.434457,0.695679,0.15672097,0.15672097
94,47,5875,0.19590133,19.56431,5.4342546,0.69564945,0.15671797,0.15671797
94,48,5876,0.1959145,19.56575,5.4340773,0.695639,0.15671024,0.15671024
94,49,5877,0.195927,19.567533,5.4338875,0.69560707,0.15670504,0.15670504
94,50,5878,0.19593766,19.568794,5.4337115,0.6955858,0.15669878,0.15669878
94,51,5879,0.19594216,19.569323,5.433619,0.6956275,0.15669283,0.15669283
94,52,5880,0.19595145,19.57049,5.433468,0.6956287,0.1566845,0.1566845
94,53,5881,0.19597009,19.572369,5.433305,0.6956133,0.15668039,0.15668039
94,54,5882,0.19598725,19.573528,5.4331546,0.69558007,0.15667705,0.15667705
94,55,5883,0.196006,19.576061,5.4329157,0.6955371,0.15667169,0.15667169
94,56,5884,0.19600958,19.576496,5.4327693,0.69554967,0.15666704,0.15666704
94,57,5885,0.19602282,19.578085,5.432574,0.69553787,0.15666202,0.15666202
94,58,5886,0.19603312,19.579304,5.432411,0.6955387,0.15666111,0.15666111
94,59,5887,0.19604257,19.580278,5.4322495,0.6955258,0.1566536,0.1566536
94,60,5888,0.1960552,19.581867,5.432092,0.6955057,0.1566507,0.1566507
94,61,5889,0.1960637,19.582659,5.4319267,0.69547915,0.15664414,0.15664414
95,0,5890,0.19606957,19.583775,5.4317985,0.69547427,0.15663798,0.15663798
95,1,5891,0.1960884,19.586288,5.431626,0.6954398,0.15663345,0.15663345
95,2,5892,0.19609687,19.5866,5.431518,0.6954332,0.1566303,0.1566303
95,3,5893,0.19610548,19.588072,5.431362,0.69540465,0.15662688,0.15662688
95,4,5894,0.19611733,19.589108,5.431157,0.69538856,0.15662168,0.15662168
95,5,5895,0.19612691,19.59041,5.43093,0.6953865,0.15661313,0.15661313
95,6,5896,0.19613558,19.591522,5.430802,0.695398,0.15660977,0.15660977
95,7,5897,0.19614209,19.591948,5.430669,0.6953972,0.15660137,0.15660137
95,8,5898,0.19615033,19.593657,5.430533,0.69540906,0.15659568,0.15659568
95,9,5899,0.19615778,19.594967,5.430357,0.69539905,0.15658991,0.15658991
95,10,5900,0.19617155,19.596525,5.430119,0.69538695,0.15658286,0.15658286
95,11,5901,0.1961874,19.597464,5.429941,0.6953926,0.15657645,0.15657645
95,12,5902,0.1961936,19.59827,5.4297786,0.69537663,0.156572,0.156572
95,13,5903,0.19620344,19.59904,5.429651,0.6953809,0.15656678,0.15656678
95,14,5904,0.19620794,19.59946,5.4294996,0.6953681,0.15656212,0.15656212
95,15,5905,0.19621949,19.601233,5.429316,0.695385,0.15655503,0.15655503
95,16,5906,0.19623305,19.602919,5.429142,0.695413,0.15655069,0.15655069
95,17,5907,0.19624393,19.60437,5.428927,0.69539946,0.15654388,0.15654388
95,18,5908,0.19625363,19.605581,5.4287453,0.69541615,0.15653755,0.15653755
95,19,5909,0.19626161,19.606411,5.428661,0.6954148,0.15653488,0.15653488
95,20,5910,0.19627461,19.608002,5.428597,0.69543064,0.15652843,0.15652843
95,21,5911,0.19628684,19.609922,5.428486,0.69545525,0.15652534,0.15652534
95,22,5912,0.19629855,19.611364,5.4282923,0.69545186,0.15651476,0.15651476
95,23,5913,0.19631365,19.613392,5.428099,0.6954278,0.15650745,0.15650745
95,24,5914,0.1963222,19.61438,5.4280148,0.6954448,0.1565044,0.1565044
95,25,5915,0.19634044,19.61575,5.4278793,0.69545627,0.156498,0.156498
95,26,5916,0.19635087,19.616539,5.4277205,0.6954645,0.15649313,0.15649313
95,27,5917,0.19637133,19.618973,5.427553,0.6954571,0.15648915,0.15648915
95,28,5918,0.19639593,19.622002,5.4273653,0.69545025,0.15648247,0.15648247
95,29,5919,0.19640297,19.623188,5.427204,0.69545084,0.15647353,0.15647353
95,30,5920,0.19641647,19.624428,5.4270077,0.6954231,0.15646817,0.15646817
95,31,5921,0.19642946,19.626158,5.4268236,0.6954062,0.15645935,0.15645935
95,32,5922,0.1964378,19.627234,5.426681,0.69541484,0.15645422,0.15645422
95,33,5923,0.19644725,19.627647,5.426552,0.6954171,0.15644954,0.15644954
95,34,5924,0.1964604,19.629194,5.4264517,0.6954279,0.15644488,0.15644488
95,35,5925,0.19647348,19.630547,5.4263434,0.69544953,0.15643828,0.15643828
95,36,5926,0.19649236,19.63236,5.426217,0.69545114,0.15643454,0.15643454
95,37,5927,0.19651003,19.63481,5.4260917,0.69544584,0.15642855,0.15642855
95,38,5928,0.1965224,19.635794,5.425924,0.6954716,0.15642199,0.15642199
95,39,5929,0.19653447,19.637766,5.4257894,0.69546664,0.15641867,0.15641867
95,40,5930,0.19655102,19.63972,5.425601,0.6954425,0.15641312,0.15641312
95,41,5931,0.19656497,19.641464,5.4253616,0.69542456,0.15640467,0.15640467
95,42,5932,0.19657208,19.64237,5.4251895,0.6954085,0.15640108,0.15640108
95,43,5933,0.19658199,19.64354,5.4250073,0.6954103,0.15639555,0.15639555
95,44,5934,0.19660112,19.644346,5.424828,0.695386,0.15639079,0.15639079
95,45,5935,0.19661468,19.646782,5.4246936,0.6953787,0.15638918,0.15638918
95,46,5936,0.1966326,19.648771,5.424533,0.6953691,0.15638374,0.15638374
95,47,5937,0.19664128,19.64938,5.4243665,0.6953979,0.15637761,0.15637761
95,48,5938,0.19665381,19.65126,5.424222,0.695409,0.15637381,0.15637381
95,49,5939,0.19666176,19.652363,5.4240227,0.6953958,0.15636839,0.15636839
95,50,5940,0.19666803,19.653378,5.4238915,0.6953894,0.15636212,0.15636212
95,51,5941,0.19667688,19.654583,5.4237432,0.6953588,0.15635508,0.15635508
95,52,5942,0.19668993,19.655458,5.423612,0.6953608,0.15634887,0.15634887
95,53,5943,0.19671044,19.657663,5.4234533,0.6953556,0.15634072,0.15634072
95,54,5944,0.19671687,19.658428,5.4233093,0.69534916,0.15633681,0.15633681
95,55,5945,0.19672738,19.65955,5.4231143,0.69534916,0.15633057,0.15633057
95,56,5946,0.19673383,19.660587,5.4229097,0.6953264,0.15632498,0.15632498
95,57,5947,0.19674855,19.662085,5.422763,0.6953265,0.1563196,0.1563196
95,58,5948,0.19676265,19.663855,5.4226665,0.6953113,0.15631713,0.15631713
95,59,5949,0.19677502,19.664045,5.422542,0.69529694,0.15631416,0.15631416
95,60,5950,0.19679008,19.665804,5.42237,0.6952667,0.15630662,0.15630662
95,61,5951,0.19680756,19.667675,5.422273,0.6952523,0.1563067,0.1563067
96,0,5952,0.19681588,19.668139,5.422099,0.69523287,0.15629955,0.15629955
96,1,5953,0.1968314,19.67021,5.4219136,0.69522065,0.1562933,0.1562933
96,2,5954,0.19684616,19.672215,5.421686,0.6951967,0.15628527,0.15628527
96,3,5955,0.1968646,19.674658,5.421499,0.69519395,0.15627833,0.15627833
96,4,5956,0.1968791,19.677088,5.4213023,0.6952072,0.15627345,0.15627345
96,5,5957,0.19691844,19.682858,5.421206,0.6952122,0.15626875,0.15626875
96,6,5958,0.19693753,19.686146,5.4209943,0.6951987,0.15626341,0.15626341
96,7,5959,0.19695525,19.68859,5.420853,0.69521135,0.15625528,0.15625528
96,8,5960,0.19696578,19.690565,5.420725,0.6952047,0.15625174,0.15625174
96,9,5961,0.19697273,19.691801,5.420597,0.6951932,0.15624604,0.15624604
96,10,5962,0.1969845,19.69382,5.420427,0.69519025,0.15623863,0.15623863
96,11,5963,0.19699758,19.695143,5.4202,0.6951894,0.15622991,0.15622991
96,12,5964,0.1970084,19.697016,5.420038,0.6951772,0.15622613,0.15622613
96,13,5965,0.19702217,19.699045,5.4199085,0.695173,0.15622057,0.15622057
96,14,5966,0.19702962,19.69966,5.4197917,0.6951656,0.15621337,0.15621337
96,15,5967,0.1970328,19.699982,5.4196734,0.69513655,0.15620644,0.15620644
96,16,5968,0.19703516,19.699997,5.419596,0.6951547,0.15620247,0.15620247
96,17,5969,0.19704866,19.70108,5.419561,0.69515646,0.15620162,0.15620162
96,18,5970,0.19706833,19.704666,5.419402,0.6951625,0.15619217,0.15619217
96,19,5971,0.19710463,19.711077,5.4191833,0.6951196,0.15618838,0.15618838
96,20,5972,0.19712071,19.713726,5.418952,0.69509465,0.15618256,0.15618256
96,21,5973,0.19713748,19.715681,5.418794,0.6950923,0.15617664,0.15617664
96,22,5974,0.19715643,19.716402,5.418614,0.6950904,0.15616772,0.15616772
96,23,5975,0.19717158,19.717731,5.418373,0.69507957,0.15616098,0.15616098
96,24,5976,0.19717938,19.718302,5.4182067,0.69506615,0.15615608,0.15615608
96,25,5977,0.19718963,19.719717,5.4180284,0.6950596,0.15615307,0.15615307
96,26,5978,0.19719942,19.720936,5.4177933,0.69503605,0.15614657,0.15614657
96,27,5979,0.19721013,19.7222,5.4176245,0.69502,0.15614092,0.15614092
96,28,5980,0.19721375,19.722752,5.417478,0.69501925,0.1561364,0.1561364
96,29,5981,0.19722539,19.723833,5.4173374,0.6950198,0.1561301,0.1561301
96,30,5982,0.19723926,19.724977,5.417206,0.6950099,0.15612552,0.15612552
96,31,5983,0.19724737,19.726042,5.417094,0.6949764,0.15612246,0.15612246
96,32,5984,0.19725367,19.72724,5.4169173,0.6949578,0.15611488,0.15611488
96,33,5985,0.19726613,19.72836,5.4166956,0.69492686,0.15610671,0.15610671
96,34,5986,0.19728476,19.730171,5.4165235,0.69491726,0.15610047,0.15610047
96,35,5987,0.19729127,19.731033,5.416411,0.69493264,0.15609473,0.15609473
96,36,5988,0.19730468,19.733208,5.4163003,0.69493014,0.156091,0.156091
96,37,5989,0.19732213,19.735722,5.4161854,0.69496346,0.15608597,0.15608597
96,38,5990,0.19734204,19.738094,5.4159603,0.6949337,0.15607958,0.15607958
96,39,5991,0.19735277,19.739685,5.4158387,0.694961,0.15607275,0.15607275
96,40,5992,0.19736128,19.74075,5.4156094,0.6949234,0.15606637,0.15606637
96,41,5993,0.19737194,19.742,5.415435,0.69492054,0.15606274,0.15606274
96,42,5994,0.19738303,19.742601,5.4152985,0.69490904,0.15605663,0.15605663
96,43,5995,0.19738916,19.743328,5.4151235,0.694902,0.15605098,0.15605098
96,44,5996,0.19740772,19.745111,5.414914,0.69487286,0.15604633,0.15604633
96,45,5997,0.19741793,19.745886,5.4147778,0.6948803,0.15604062,0.15604062
96,46,5998,0.19742426,19.746376,5.414617,0.6948468,0.15603976,0.15603976
96,47,5999,0.19743925,19.748196,5.4144173,0.69481295,0.15603296,0.15603296
96,48,6000,0.19744852,19.749434,5.4142885,0.6947802,0.1560314,0.1560314
96,49,6001,0.19745469,19.750546,5.4141135,0.6947581,0.1560277,0.1560277
96,50,6002,0.19746163,19.750687,5.4139004,0.69469666,0.1560232,0.1560232
96,51,6003,0.1974667,19.750933,5.4136376,0.6946476,0.15601587,0.15601587
96,52,6004,0.19748963,19.753653,5.4134884,0.6946362,0.15601258,0.15601258
96,53,6005,0.19749892,19.754473,5.413368,0.69466233,0.15601046,0.15601046
96,54,6006,0.19751513,19.756426,5.4131308,0.6946464,0.15600494,0.15600494
96,55,6007,0.19752726,19.758139,5.412958,0.6946271,0.15600234,0.15600234
96,56,6008,0.19753918,19.759289,5.412779,0.6946164,0.15599948,0.15599948
96,57,6009,0.19755736,19.760365,5.4126186,0.69461787,0.15599464,0.15599464
96,58,6010,0.19757046,19.762138,5.4125147,0.6946036,0.15599129,0.15599129
96,59,6011,0.19759063,19.763779,5.412329,0.69459915,0.15598604,0.15598604
96,60,6012,0.19760263,19.765,5.412097,0.6945645,0.15597895,0.15597895
96,61,6013,0.19761956,19.76696,5.411893,0.6945617,0.15597242,0.15597242
97,0,6014,0.19763331,19.767706,5.4117684,0.6945796,0.15596478,0.15596478
97,1,6015,0.1976423,19.768393,5.411618,0.6945896,0.15595865,0.15595865
97,2,6016,0.19765124,19.769392,5.4115014,0.6945923,0.15595277,0.15595277
97,3,6017,0.19766636,19.77055,5.411344,0.6946122,0.15594639,0.15594639
97,4,6018,0.1976864,19.772886,5.4111695,0.6946043,0.15594202,0.15594202
97,5,6019,0.1976995,19.774548,5.4109497,0.6946007,0.15593594,0.15593594
97,6,6020,0.19770974,19.77611,5.4108067,0.6946275,0.15593031,0.15593031
97,7,6021,0.19772436,19.778624,5.410638,0.694602,0.1559278,0.1559278
97,8,6022,0.19774556,19.781914,5.41045,0.69460493,0.15592226,0.15592226
97,9,6023,0.1977567,19.783237,5.4103346,0.6946113,0.15591557,0.15591557
97,10,6024,0.19777359,19.784334,5.4101825,0.69460225,0.15591057,0.15591057
97,11,6025,0.19778493,19.785198,5.410054,0.69461983,0.15590309,0.15590309
97,12,6026,0.19778953,19.78551,5.4098954,0.6946344,0.15589717,0.15589717
97,13,6027,0.19780079,19.786577,5.4097533,0.6946236,0.15589048,0.15589048
97,14,6028,0.19781002,19.787611,5.409629,0.6946168,0.15588497,0.15588497
97,15,6029,0.19782335,19.788927,5.4094076,0.69460166,0.1558787,0.1558787
97,16,6030,0.19783628,19.789915,5.409234,0.6945947,0.15587106,0.15587106
97,17,6031,0.19784842,19.790983,5.4091434,0.69461554,0.15586555,0.15586555
97,18,6032,0.19786008,19.791758,5.4089947,0.6946059,0.15586148,0.15586148
97,19,6033,0.19786832,19.792757,5.408916,0.69460875,0.15585667,0.15585667
97,20,6034,0.19788562,19.794432,5.4087577,0.6946091,0.15585141,0.15585141
97,21,6035,0.19790067,19.79573,5.4086375,0.69462,0.1558472,0.1558472
97,22,6036,0.1979215,19.797787,5.4084396,0.6946076,0.15584338,0.15584338
97,23,6037,0.19793971,19.799528,5.4082475,0.6945841,0.15583764,0.15583764
97,24,6038,0.19795316,19.800774,5.4080744,0.69455093,0.15583237,0.15583237
97,25,6039,0.19796023,19.801268,5.407984,0.6945515,0.15582806,0.15582806
97,26,6040,0.1979715,19.802582,5.4077334,0.69450647,0.15582074,0.15582074
97,27,6041,0.19798669,19.804602,5.407572,0.69446564,0.15581751,0.15581751
97,28,6042,0.19800638,19.807032,5.4074287,0.69444466,0.15581185,0.15581185
97,29,6043,0.1980186,19.808575,5.4072948,0.6944567,0.15580538,0.15580538
97,30,6044,0.19803256,19.810423,5.4071503,0.69445354,0.15580007,0.15580007
97,31,6045,0.19804345,19.811565,5.4069853,0.694462,0.15579395,0.15579395
97,32,6046,0.19805269,19.812635,5.406792,0.6944501,0.15578943,0.15578943
97,33,6047,0.19806609,19.814383,5.4066706,0.6944567,0.15578608,0.15578608
97,34,6048,0.19807874,19.816246,5.4065084,0.694462,0.15578076,0.15578076
97,35,6049,0.19809486,19.817955,5.406295,0.69443566,0.15577266,0.15577266
97,36,6050,0.19810832,19.818996,5.4061356,0.69442964,0.1557711,0.1557711
97,37,6051,0.1981392,19.820877,5.406013,0.6944396,0.15576443,0.15576443
97,38,6052,0.19815192,19.82204,5.4058557,0.6944359,0.15575743,0.15575743
97,39,6053,0.19816542,19.823706,5.4056907,0.6944163,0.15575351,0.15575351
97,40,6054,0.19817749,19.824272,5.405442,0.69437206,0.15574634,0.15574634
97,41,6055,0.19819486,19.826326,5.405234,0.6943512,0.15573932,0.15573932
97,42,6056,0.19820315,19.826265,5.405031,0.6943206,0.15573224,0.15573224
97,43,6057,0.19821852,19.828117,5.40492,0.69433063,0.15572467,0.15572467
97,44,6058,0.19823298,19.830353,5.4047723,0.694329,0.15572019,0.15572019
97,45,6059,0.19824223,19.831688,5.404703,0.6943395,0.15571661,0.15571661
97,46,6060,0.19824621,19.832266,5.404555,0.6943416,0.1557128,0.1557128
97,47,6061,0.19825575,19.833483,5.4044094,0.6943364,0.15570615,0.15570615
97,48,6062,0.1982666,19.835106,5.404241,0.6943347,0.15569931,0.15569931
97,49,6063,0.1982993,19.840658,5.403993,0.6942866,0.15569514,0.15569514
97,50,6064,0.19831392,19.84246,5.4038606,0.69427633,0.15569258,0.15569258
97,51,6065,0.19831827,19.842777,5.403711,0.6942963,0.15568723,0.15568723
97,52,6066,0.19833498,19.844563,5.4035244,0.6942502,0.15568323,0.15568323
97,53,6067,0.19834676,19.846058,5.403315,0.6942079,0.1556779,0.1556779
97,54,6068,0.19835487,19.847553,5.4030843,0.6941888,0.15567009,0.15567009
97,55,6069,0.19836116,19.848402,5.40292,0.69417053,0.15566406,0.15566406
97,56,6070,0.19836949,19.849005,5.402731,0.69417965,0.15565921,0.15565921
97,57,6071,0.19837928,19.85006,5.4026012,0.6941924,0.1556575,0.1556575
97,58,6072,0.19838867,19.851696,5.4024367,0.6942216,0.15565051,0.15565051
97,59,6073,0.19840804,19.855436,5.402328,0.6942161,0.15564285,0.15564285
97,60,6074,0.19843641,19.860691,5.4021187,0.6941989,0.15563646,0.15563646
97,61,6075,0.198458,19.864225,5.4019623,0.694196,0.15563452,0.15563452
98,0,6076,0.19846722,19.865524,5.4018097,0.694193,0.1556285,0.1556285
98,1,6077,0.19848092,19.867674,5.401573,0.69417197,0.15562184,0.15562184
98,2,6078,0.19850114,19.869576,5.4014316,0.6941656,0.15561737,0.15561737
98,3,6079,0.19851303,19.870836,5.4013314,0.6941371,0.15561257,0.15561257
98,4,6080,0.19852066,19.871927,5.4012055,0.69413185,0.15560856,0.15560856
98,5,6081,0.19852923,19.873041,5.401075,0.6941413,0.15560132,0.15560132
98,6,6082,0.1985387,19.8742,5.400959,0.6941587,0.1555961,0.1555961
98,7,6083,0.19855532,19.87574,5.400777,0.69414055,0.15559235,0.15559235
98,8,6084,0.19856897,19.876707,5.4006023,0.6941391,0.15558764,0.15558764
98,9,6085,0.19858444,19.8787,5.400374,0.69412136,0.15558164,0.15558164
98,10,6086,0.19860233,19.881237,5.40016,0.6940815,0.15557471,0.15557471
98,11,6087,0.19862567,19.884766,5.3999925,0.69406706,0.15556888,0.15556888
98,12,6088,0.19864619,19.887966,5.3998785,0.69406927,0.15556444,0.15556444
98,13,6089,0.19866335,19.889978,5.399745,0.6940587,0.15556039,0.15556039
98,14,6090,0.19867824,19.892105,5.3995466,0.69402146,0.1555566,0.1555566
98,15,6091,0.19869792,19.894777,5.3993816,0.6940122,0.15555054,0.15555054
98,16,6092,0.19871587,19.897686,5.3992367,0.6939966,0.15554169,0.15554169
98,17,6093,0.19874057,19.90121,5.399139,0.69401026,0.1555359,0.1555359
98,18,6094,0.19876117,19.904285,5.3989244,0.69398457,0.15552826,0.15552826
98,19,6095,0.19878629,19.907192,5.3987875,0.69398093,0.15552284,0.15552284
98,20,6096,0.19881542,19.909924,5.3986163,0.6939617,0.15551868,0.15551868
98,21,6097,0.19883311,19.912506,5.3984385,0.6939588,0.15551351,0.15551351
98,22,6098,0.19884685,19.91379,5.3982954,0.6939674,0.15550782,0.15550782
98,23,6099,0.1988554,19.914608,5.3981833,0.6939506,0.15550186,0.15550186
98,24,6100,0.19886321,19.91581,5.398035,0.69393957,0.15549596,0.15549596
98,25,6101,0.1988734,19.917025,5.397907,0.69392693,0.15549459,0.15549459
98,26,6102,0.19888714,19.918304,5.397742,0.69392765,0.15548879,0.15548879
98,27,6103,0.1989026,19.919792,5.397548,0.6939035,0.15548302,0.15548302
98,28,6104,0.19891456,19.92158,5.3973527,0.69389033,0.15547623,0.15547623
98,29,6105,0.19892101,19.922674,5.3971543,0.6938532,0.15547322,0.15547322
98,30,6106,0.19893762,19.924759,5.396919,0.69380224,0.15546687,0.15546687
98,31,6107,0.1989473,19.92555,5.3967466,0.69380313,0.15546235,0.15546235
98,32,6108,0.19896403,19.926483,5.3965735,0.6938055,0.1554569,0.1554569
98,33,6109,0.198984,19.929352,5.396366,0.693805,0.15545003,0.15545003
98,34,6110,0.19901302,19.9338,5.396154,0.6937908,0.15544243,0.15544243
98,35,6111,0.19903699,19.937351,5.3959208,0.69375414,0.15543707,0.15543707
98,36,6112,0.19905685,19.940054,5.3958025,0.69375396,0.15543306,0.15543306
98,37,6113,0.19906622,19.941563,5.3956404,0.6937403,0.15542912,0.15542912
98,38,6114,0.19907418,19.942528,5.3954887,0.69371724,0.15542322,0.15542322
98,39,6115,0.19908516,19.943556,5.3953824,0.6937349,0.15541707,0.15541707
98,40,6116,0.19910043,19.945467,5.3951674,0.69373953,0.15540797,0.15540797
98,41,6117,0.199127,19.94707,5.394977,0.6937386,0.15540347,0.15540347
98,42,6118,0.19915688,19.949268,5.3947854,0.69374037,0.15539727,0.15539727
98,43,6119,0.19917783,19.951708,5.394698,0.6937468,0.15539654,0.15539654
98,44,6120,0.19919038,19.953568,5.394545,0.6937275,0.1553921,0.1553921
98,45,6121,0.19920315,19.954714,5.3944197,0.69374985,0.15538734,0.15538734
98,46,6122,0.19921178,19.9554,5.3943467,0.6938083,0.15538046,0.15538046
98,47,6123,0.19922781,19.957582,5.3941483,0.693802,0.1553735,0.1553735
98,48,6124,0.19924101,19.959444,5.394011,0.69379866,0.15536736,0.15536736
98,49,6125,0.19926213,19.961342,5.393863,0.69380516,0.15535958,0.15535958
98,50,6126,0.19927698,19.962975,5.3937693,0.6938351,0.15535583,0.15535583
98,51,6127,0.19929115,19.964722,5.393537,0.693814,0.15534829,0.15534829
98,52,6128,0.19930291,19.966278,5.3933644,0.6938161,0.15534343,0.15534343
98,53,6129,0.19931222,19.967209,5.3931804,0.693796,0.15533803,0.15533803
98,54,6130,0.19932136,19.968859,5.3931136,0.6938137,0.15533738,0.15533738
98,55,6131,0.19932981,19.97031,5.3929496,0.6938215,0.15533316,0.15533316
98,56,6132,0.19934611,19.972584,5.392776,0.69379103,0.15532851,0.15532851
98,57,6133,0.19936377,19.97463,5.3926287,0.6938109,0.15532236,0.15532236
98,58,6134,0.19938785,19.978033,5.3924737,0.69378996,0.15531632,0.15531632
98,59,6135,0.19940552,19.98032,5.3921714,0.69375557,0.15530713,0.15530713
98,60,6136,0.19941878,19.98157,5.3919973,0.6937232,0.15530215,0.15530215
98,61,6137,0.19943434,19.982903,5.391831,0.69369954,0.1552957,0.1552957
99,0,6138,0.19944715,19.983894,5.3916817,0.6936794,0.15529294,0.15529294
99,1,6139,0.1994575,19.985012,5.391606,0.69370395,0.15528888,0.15528888
99,2,6140,0.19946879,19.98668,5.391387,0.69365996,0.15528242,0.15528242
99,3,6141,0.19947655,19.987156,5.391275,0.6936473,0.15528256,0.15528256
99,4,6142,0.19948563,19.988739,5.3910685,0.6936164,0.15527923,0.15527923
99,5,6143,0.19950353,19.990143,5.390888,0.69359654,0.15527727,0.15527727
99,6,6144,0.1995185,19.991531,5.3906546,0.69357324,0.15527049,0.15527049
99,7,6145,0.19952719,19.992752,5.3904047,0.6935279,0.15526292,0.15526292
99,8,6146,0.1995315,19.993374,5.3902197,0.6935574,0.15525587,0.15525587
99,9,6147,0.1995425,19.99438,5.390067,0.6935581,0.1552517,0.1552517
99,10,6148,0.19955085,19.995275,5.389927,0.6935544,0.15524566,0.15524566
99,11,6149,0.19955713,19.996283,5.3897567,0.6935675,0.15524054,0.15524054
99,12,6150,0.19956315,19.997389,5.389575,0.69356173,0.15523462,0.15523462
99,13,6151,0.19957015,19.99815,5.389399,0.6935526,0.15522836,0.15522836
99,14,6152,0.1995799,19.999405,5.3892975,0.6935684,0.1552227,0.1552227
99,15,6153,0.19959958,20.002642,5.3891125,0.6935515,0.15521589,0.15521589
99,16,6154,0.19962034,20.00416,5.3889523,0.69354236,0.15520896,0.15520896
99,17,6155,0.19963434,20.00577,5.3888392,0.6935495,0.15520546,0.15520546
99,18,6156,0.19965443,20.007181,5.388678,0.69352275,0.15520078,0.15520078
99,19,6157,0.19966647,20.008383,5.3885036,0.69349384,0.15519737,0.15519737
99,20,6158,0.1996766,20.00938,5.388393,0.6935017,0.1551912,0.1551912
99,21,6159,0.19968978,20.010492,5.388216,0.69350046,0.15518638,0.15518638
99,22,6160,0.19970201,20.01202,5.3880267,0.6934894,0.15518044,0.15518044
99,23,6161,0.19971204,20.013285,5.387874,0.69346344,0.15517698,0.15517698
99,24,6162,0.1997243,20.01456,5.3877254,0.69345206,0.15517199,0.15517199
99,25,6163,0.19974218,20.017048,5.387538,0.6934609,0.15516533,0.15516533
99,26,6164,0.19975363,20.018091,5.3873425,0.6934216,0.15515971,0.15515971
99,27,6165,0.19976409,20.01867,5.387225,0.6934381,0.15515588,0.15515588
99,28,6166,0.19977996,20.02055,5.387052,0.6934343,0.15514858,0.15514858
99,29,6167,0.19979808,20.022894,5.386869,0.69343245,0.15514562,0.15514562
99,30,6168,0.19981247,20.024473,5.386677,0.69341147,0.15513752,0.15513752
99,31,6169,0.19983396,20.026785,5.3865323,0.6933943,0.15513383,0.15513383
99,32,6170,0.19984655,20.028294,5.3863497,0.6933719,0.15513006,0.15513006
99,33,6171,0.19986352,20.029427,5.3861885,0.6933632,0.15512455,0.15512455
99,34,6172,0.1998763,20.030886,5.3860817,0.6934002,0.15511738,0.15511738
99,35,6173,0.19988608,20.032108,5.385934,0.69341296,0.15511268,0.15511268
99,36,6174,0.1998921,20.03291,5.3857856,0.6934085,0.15510634,0.15510634
99,37,6175,0.1999059,20.034918,5.3856273,0.6933937,0.15510109,0.15510109
99,38,6176,0.19992098,20.036316,5.385447,0.69336754,0.15509486,0.15509486
99,39,6177,0.19993457,20.037579,5.3853164,0.6933402,0.15508932,0.15508932
99,40,6178,0.1999434,20.038332,5.385129,0.6933226,0.15508297,0.15508297
99,41,6179,0.19995621,20.039406,5.384874,0.6932936,0.1550788,0.1550788
99,42,6180,0.19996545,20.040777,5.384688,0.69329876,0.15507224,0.15507224
99,43,6181,0.19997874,20.041937,5.3845077,0.6932493,0.15506794,0.15506794
99,44,6182,0.19999053,20.042955,5.384388,0.69325376,0.15506113,0.15506113
99,45,6183,0.20000473,20.04458,5.3842654,0.69325364,0.15505746,0.15505746
99,46,6184,0.20002306,20.047373,5.3841467,0.6932603,0.15505263,0.15505263
99,47,6185,0.20004264,20.049953,5.383992,0.6932578,0.15504745,0.15504745
99,48,6186,0.20006138,20.052416,5.3838525,0.6932538,0.15504281,0.15504281
99,49,6187,0.20008099,20.054861,5.3837547,0.6932749,0.15503655,0.15503655
99,50,6188,0.20010404,20.058308,5.3835874,0.6932736,0.15502882,0.15502882
99,51,6189,0.20012102,20.060564,5.383432,0.6932871,0.15502316,0.15502316
99,52,6190,0.2001363,20.062122,5.3832426,0.6932794,0.15501636,0.15501636
99,53,6191,0.2001561,20.064503,5.3830333,0.6932544,0.155008,0.155008
99,54,6192,0.20017478,20.066952,5.3828588,0.69327974,0.15500207,0.15500207
99,55,6193,0.20019846,20.070076,5.3826776,0.69325036,0.15499797,0.15499797
99,56,6194,0.20021656,20.072449,5.3824983,0.69325006,0.15499228,0.15499228
99,57,6195,0.20023322,20.07453,5.3823433,0.6932691,0.15498607,0.15498607
99,58,6196,0.20025524,20.077948,5.382123,0.6932577,0.1549796,0.1549796
99,59,6197,0.20026927,20.079767,5.381932,0.6932523,0.15497708,0.15497708
99,60,6198,0.20028675,20.082176,5.3817058,0.6932486,0.15496919,0.15496919
99,61,6199,0.20030168,20.084396,5.381561,0.6932526,0.1549662,0.1549662
